invoice_id,stock_code,description,quantity,invoice_date,unit_price,customer_id,country,total_amount
503546,20727,LUNCH BAG  BLACK SKULL.,10,2010-04-01 14:51:00,1.65,16351.0,United Kingdom,16.5
538508,21584,RETROSPOT SMALL TUBE MATCHES,6,2010-12-12 13:32:00,1.65,15998.0,United Kingdom,9.899999999999999
555586,22595,GINGHAM HEART DECORATION,12,2011-06-06 09:12:00,0.85,14232.0,United Kingdom,10.2
527890,22714,CARD BIRTHDAY COWBOY,12,2010-10-19 12:15:00,0.42,17365.0,United Kingdom,5.04
546005,85194L,HANGING SPRING FLOWER EGG LARGE,12,2011-03-08 15:17:00,0.85,14426.0,United Kingdom,10.2
531736,22121,NOEL WOODEN BLOCK LETTERS ,3,2010-11-09 12:29:00,5.95,14243.0,United Kingdom,17.85
546679,20974,12 PENCILS SMALL TUBE SKULL,3,2011-03-15 16:47:00,0.65,13121.0,United Kingdom,1.9500000000000002
555501,23172,REGENCY TEA PLATE PINK,3,2011-06-03 15:37:00,1.65,15508.0,United Kingdom,4.949999999999999
512889,21899,"KEY FOB , GARAGE DESIGN",5,2010-06-18 12:04:00,0.65,16797.0,United Kingdom,3.25
523195,22411,JUMBO SHOPPER VINTAGE RED PAISLEY,100,2010-09-21 08:25:00,1.65,13802.0,United Kingdom,165.0
560555,22979,PANTRY WASHING UP BRUSH,1,2011-07-19 13:01:00,1.45,14178.0,United Kingdom,1.45
534219,35957,SMALLFOLKART BAUBLE CHRISTMAS DEC,1,2010-11-21 16:13:00,0.42,13230.0,United Kingdom,0.42
550784,23184,BULL DOG BOTTLE OPENER,4,2011-04-20 13:59:00,4.95,13269.0,United Kingdom,19.8
526753,82484,WOOD BLACK BOARD ANT WHITE FINISH,3,2010-10-13 10:12:00,6.45,13267.0,United Kingdom,19.35
565853,22030,SWALLOWS GREETING CARD,12,2011-09-07 13:19:00,0.42,13756.0,United Kingdom,5.04
499284,22317,FIVE CATS HANGING DECORATION,6,2010-02-25 18:58:00,2.95,14770.0,United Kingdom,17.700000000000003
537440,22503,CABIN BAG VINTAGE PAISLEY,1,2010-12-06 17:16:00,29.95,17869.0,United Kingdom,29.95
494897,20749,ASSORTED COLOUR MINI CASES,4,2010-01-19 14:16:00,7.95,12437.0,France,31.8
497382,21537,RETRO SPOTS PUDDING BOWL,1,2010-02-09 11:50:00,4.25,14680.0,United Kingdom,4.25
512807,22583,PACK OF 6 HANDBAG GIFT BOXES,2,2010-06-18 11:21:00,2.55,14646.0,Netherlands,5.1
509410,22563,HAPPY STENCIL CRAFT,6,2010-05-23 12:07:00,1.25,17769.0,United Kingdom,7.5
512422,21829,DINOSAUR KEYRINGS ASSORTED,36,2010-06-15 14:33:00,0.21,13477.0,United Kingdom,7.56
553038,23191,BUNDLE OF 3 RETRO NOTE BOOKS,12,2011-05-13 08:11:00,1.65,12471.0,Germany,19.799999999999997
550350,22197,SMALL POPCORN HOLDER,12,2011-04-18 10:04:00,0.85,15491.0,United Kingdom,10.2
541256,22730,ALARM CLOCK BAKELIKE IVORY,2,2011-01-16 14:36:00,3.75,13048.0,United Kingdom,7.5
504631,22406,MONEY BOX KINGS CHOICE DESIGN,12,2010-04-15 12:55:00,1.25,13647.0,United Kingdom,15.0
531792,22585,PACK OF 6 BIRDY GIFT TAGS,6,2010-11-09 15:20:00,1.25,14899.0,United Kingdom,7.5
522950,22691,DOORMAT WELCOME SUNRISE,1,2010-09-19 10:33:00,7.95,13542.0,United Kingdom,7.95
549927,16156S,WRAP PINK FAIRY CAKES ,400,2011-04-13 10:19:00,0.34,16684.0,United Kingdom,136.0
565443,22341,LOVE GARLAND PAINTED ZINC ,12,2011-09-04 14:22:00,1.65,12567.0,France,19.799999999999997
571054,85032B,BLOSSOM IMAGES GIFT WRAP SET,1,2011-10-13 13:58:00,0.65,14234.0,United Kingdom,0.65
577308,22423,REGENCY CAKESTAND 3 TIER,2,2011-11-18 13:14:00,12.75,15088.0,United Kingdom,25.5
518260,48187,DOORMAT NEW ENGLAND,2,2010-08-05 18:18:00,7.49,17049.0,United Kingdom,14.98
536381,84854,GIRLY PINK TOOL SET,5,2010-12-01 09:41:00,4.95,15311.0,United Kingdom,24.75
522501,15056N,EDWARDIAN PARASOL NATURAL,60,2010-09-15 11:07:00,4.95,15039.0,United Kingdom,297.0
503933,22217,T-LIGHT HOLDER HANGING LACE,12,2010-04-08 13:54:00,1.25,18065.0,United Kingdom,15.0
542303,21843,RED RETROSPOT CAKE STAND,1,2011-01-27 11:05:00,10.95,12539.0,Spain,10.95
578791,22055,MINI CAKE STAND  HANGING STRAWBERY,1,2011-11-25 12:20:00,1.65,12841.0,United Kingdom,1.65
545023,22464,HANGING METAL HEART LANTERN,12,2011-02-25 14:25:00,1.65,12921.0,United Kingdom,19.799999999999997
526197,22905,CALENDAR IN SEASON DESIGN,2,2010-10-10 12:53:00,2.95,17757.0,United Kingdom,5.9
569630,20727,LUNCH BAG  BLACK SKULL.,10,2011-10-05 11:44:00,1.65,13458.0,United Kingdom,16.5
552108,21756,BATH BUILDING BLOCK WORD,1,2011-05-06 11:36:00,5.95,17841.0,United Kingdom,5.95
560872,21868,POTTING SHED TEA MUG,24,2011-07-21 14:41:00,1.25,14745.0,United Kingdom,30.0
546752,22501,PICNIC BASKET WICKER LARGE,6,2011-03-16 12:55:00,9.95,13299.0,United Kingdom,59.699999999999996
533759,22572,ROCKING HORSE GREEN CHRISTMAS ,24,2010-11-18 14:45:00,0.85,14911.0,EIRE,20.4
569493,22690,DOORMAT HOME SWEET HOME BLUE ,2,2011-10-04 13:35:00,8.25,13317.0,United Kingdom,16.5
578129,21264,WHITE GOOSE FEATHER TREE 60CM ,12,2011-11-23 10:39:00,1.95,13502.0,United Kingdom,23.4
526375,22157,ANGEL DECORATION WITH LACE PADDED,24,2010-10-11 12:26:00,0.85,18245.0,United Kingdom,20.4
489599,85099B,JUMBO BAG RED WHITE SPOTTY ,30,2009-12-01 14:40:00,1.95,12758.0,Portugal,58.5
508211,21713,CITRONELLA CANDLE FLOWERPOT,48,2010-05-13 14:42:00,0.85,15210.0,United Kingdom,40.8
490008,22031,BOTANICAL LAVENDER BIRTHDAY CARD,12,2009-12-03 12:10:00,0.42,15768.0,United Kingdom,5.04
524972,22637,PIGGY BANK RETROSPOT ,6,2010-10-01 14:57:00,2.55,13849.0,United Kingdom,15.299999999999999
560018,22332,SKULLS PARTY BAG + STICKER SET,3,2011-07-14 12:52:00,1.65,15987.0,United Kingdom,4.949999999999999
558100,22690,DOORMAT HOME SWEET HOME BLUE ,1,2011-06-26 13:46:00,7.95,17768.0,United Kingdom,7.95
545075,84970S,HANGING HEART ZINC T-LIGHT HOLDER,12,2011-02-28 09:33:00,0.85,14211.0,United Kingdom,10.2
519343,21278,VINTAGE KITCHEN PRINT PUDDINGS,6,2010-08-16 12:12:00,2.55,12687.0,Sweden,15.299999999999999
541883,22773,GREEN DRAWER KNOB ACRYLIC EDWARDIAN,24,2011-01-24 10:56:00,1.25,13408.0,United Kingdom,30.0
539988,22568,FELTCRAFT CUSHION OWL,1,2010-12-23 16:06:00,3.75,18116.0,United Kingdom,3.75
535875,85099F,JUMBO BAG STRAWBERRY,10,2010-11-29 10:50:00,1.95,15747.0,United Kingdom,19.5
566620,22748,POPPY'S PLAYHOUSE KITCHEN,6,2011-09-14 09:21:00,2.1,13588.0,United Kingdom,12.600000000000001
554355,22624,IVORY KITCHEN SCALES,2,2011-05-24 09:20:00,8.5,16992.0,United Kingdom,17.0
574896,23398,HANGING HEART BONHEUR,4,2011-11-07 14:51:00,0.85,17014.0,United Kingdom,3.4
570664,21463,MIRRORED DISCO BALL ,1,2011-10-11 14:21:00,5.95,16362.0,United Kingdom,5.95
497894,82578,KITCHEN METAL SIGN,4,2010-02-14 12:36:00,0.55,15425.0,United Kingdom,2.2
572306,20735,BLACK MINI TAPE MEASURE ,2,2011-10-23 15:11:00,0.85,17841.0,United Kingdom,1.7
525472,21882,SKULLS TAPE,12,2010-10-05 15:15:00,0.65,16129.0,United Kingdom,7.800000000000001
501038,72741,GRAND CHOCOLATECANDLE,9,2010-03-12 09:21:00,1.25,17448.0,United Kingdom,11.25
550312,82482,WOODEN PICTURE FRAME WHITE FINISH,24,2011-04-17 11:18:00,2.55,13089.0,United Kingdom,61.199999999999996
526873,20725,LUNCH BAG RED RETROSPOT,10,2010-10-13 14:12:00,1.65,12921.0,United Kingdom,16.5
536987,22961,JAM MAKING SET PRINTED,1,2010-12-03 14:54:00,1.45,17198.0,United Kingdom,1.45
562125,22302,COFFEE MUG PEARS  DESIGN,6,2011-08-02 17:29:00,2.55,17887.0,United Kingdom,15.299999999999999
535425,21380,WOODEN HAPPY BIRTHDAY GARLAND,1,2010-11-26 12:00:00,2.95,17796.0,United Kingdom,2.95
516485,21498,RED SPOTS  WRAP ,25,2010-07-21 09:46:00,0.42,12720.0,Germany,10.5
535268,22739,RIBBON REEL CHRISTMAS SOCK BAUBLE,5,2010-11-25 13:38:00,1.65,12841.0,United Kingdom,8.25
507379,85150,LADIES & GENTLEMEN METAL SIGN,6,2010-05-09 11:39:00,2.55,14916.0,United Kingdom,15.299999999999999
489640,84559B,3D SHEET OF CAT STICKERS,13,2009-12-01 16:17:00,0.85,17345.0,United Kingdom,11.049999999999999
559025,23203,JUMBO BAG DOILEY PATTERNS,10,2011-07-05 13:56:00,2.08,16338.0,United Kingdom,20.8
538630,22377,BOTTLE BAG RETROSPOT ,5,2010-12-13 13:25:00,2.1,14565.0,United Kingdom,10.5
497691,22021,BLUE FELT EASTER EGG BASKET,3,2010-02-11 15:29:00,1.65,14040.0,United Kingdom,4.949999999999999
581003,23302,KNEELING MAT HOUSEWORK  DESIGN,24,2011-12-07 08:38:00,0.79,14911.0,EIRE,18.96
534497,21975,PACK OF 60 DINOSAUR CAKE CASES,2,2010-11-23 11:00:00,0.55,17811.0,United Kingdom,1.1
490118,85167A,WHITE GRAND BAROQUE PHOTO FRAME,2,2009-12-03 17:46:00,4.25,17851.0,United Kingdom,8.5
565453,20725,LUNCH BAG RED RETROSPOT,10,2011-09-04 16:05:00,1.65,15136.0,United Kingdom,16.5
493759,21905,MORE BUTTER METAL SIGN ,1,2010-01-06 13:56:00,2.1,17965.0,United Kingdom,2.1
558868,21746,SMALL RED RETROSPOT WINDMILL,12,2011-07-04 12:47:00,1.25,13266.0,United Kingdom,15.0
540455,20750,RED RETROSPOT MINI CASES,4,2011-01-07 12:07:00,7.95,12583.0,France,31.8
493819,21584,RETRO SPOT SMALL TUBE MATCHES,480,2010-01-07 12:34:00,1.45,14156.0,EIRE,696.0
539761,84826,ASSTD DESIGN 3D PAPER STICKERS,60,2010-12-22 10:29:00,0.21,17593.0,United Kingdom,12.6
544161,22767,TRIPLE PHOTO FRAME CORNICE ,4,2011-02-16 12:59:00,9.95,16875.0,United Kingdom,39.8
538170,21484,CHICK GREY HOT WATER BOTTLE,5,2010-12-09 19:32:00,3.45,13969.0,United Kingdom,17.25
521839,22393,PAPERWEIGHT VINTAGE COLLAGE,6,2010-09-09 10:50:00,2.55,12635.0,Germany,15.299999999999999
534499,84997A,GREEN 3 PIECE POLKADOT CUTLERY SET,1,2010-11-23 11:12:00,3.75,17372.0,United Kingdom,3.75
536796,21981,PACK OF 12 WOODLAND TISSUES ,1,2010-12-02 15:46:00,0.29,15574.0,United Kingdom,0.29
579171,22278,OVERNIGHT BAG VINTAGE ROSE PAISLEY,6,2011-11-28 14:30:00,4.95,13030.0,United Kingdom,29.700000000000003
508103,82486,WOOD S/3 CABINET ANT WHITE FINISH,2,2010-05-13 10:15:00,7.95,14039.0,United Kingdom,15.9
556495,20828,GLITTER BUTTERFLY CLIPS,2,2011-06-12 15:14:00,2.55,18069.0,United Kingdom,5.1
537399,21931,JUMBO STORAGE BAG SUKI,1,2010-12-06 14:31:00,1.95,13030.0,United Kingdom,1.95
553183,22520,CHILDS GARDEN TROWEL BLUE ,12,2011-05-15 12:31:00,0.85,16076.0,United Kingdom,10.2
549981,21891,TRADITIONAL WOODEN SKIPPING ROPE,2,2011-04-13 15:49:00,1.45,16348.0,United Kingdom,2.9
579102,22795,SWEETHEART RECIPE BOOK STAND,2,2011-11-28 11:33:00,6.75,14911.0,EIRE,13.5
559024,23245,SET OF 3 REGENCY CAKE TINS,4,2011-07-05 13:38:00,4.95,16616.0,United Kingdom,19.8
570192,23076,ICE CREAM SUNDAE LIP GLOSS,24,2011-10-07 15:26:00,1.25,17509.0,United Kingdom,30.0
579708,23209,LUNCH BAG VINTAGE DOILY ,10,2011-11-30 14:16:00,1.65,12682.0,France,16.5
570720,21983,PACK OF 12 BLUE PAISLEY TISSUES ,24,2011-10-12 10:50:00,0.29,17934.0,United Kingdom,6.959999999999999
552852,22984,CARD GINGHAM ROSE ,12,2011-05-11 15:08:00,0.42,16712.0,United Kingdom,5.04
524311,21805,WHITE CHRISTMAS TREE DECORATION ,15,2010-09-28 14:09:00,0.42,17841.0,United Kingdom,6.3
525030,21931,JUMBO STORAGE BAG SUKI,10,2010-10-03 12:18:00,1.95,15351.0,United Kingdom,19.5
492814,21326,AGED GLASS SILVER T-LIGHT HOLDER,144,2009-12-20 13:17:00,0.55,14560.0,United Kingdom,79.2
504571,21506,"FANCY FONT BIRTHDAY CARD, ",12,2010-04-14 14:38:00,0.42,15572.0,United Kingdom,5.04
503968,22521,CHILDS GARDEN TROWEL PINK,12,2010-04-08 17:15:00,0.85,15129.0,United Kingdom,10.2
500336,72008,FROSTED BOX 9 WHITE T-LIGHT CANDLES,3,2010-03-07 13:48:00,0.42,17589.0,United Kingdom,1.26
575840,23507,MINI PLAYING CARDS BUFFALO BILL ,20,2011-11-11 11:56:00,0.42,13137.0,United Kingdom,8.4
504893,84658,WHITE STITCHED CUSHION COVER,2,2010-04-18 14:06:00,6.95,15972.0,United Kingdom,13.9
520745,22109,FULL ENGLISH BREAKFAST PLATE,16,2010-08-31 10:47:00,3.39,14032.0,United Kingdom,54.24
555005,21790,VINTAGE SNAP CARDS,144,2011-05-31 09:38:00,0.72,16656.0,United Kingdom,103.67999999999999
509417,22606,WOODEN SKITTLES GARDEN SET,1,2010-05-23 12:56:00,15.95,17081.0,United Kingdom,15.95
538182,85123A,WHITE HANGING HEART T-LIGHT HOLDER,6,2010-12-10 10:18:00,2.95,17827.0,United Kingdom,17.700000000000003
553879,21155,RED RETROSPOT PEG BAG,6,2011-05-19 15:15:00,2.55,15791.0,United Kingdom,15.299999999999999
566400,22193,RED DINER WALL CLOCK,2,2011-09-12 13:16:00,8.5,17139.0,United Kingdom,17.0
490677,22300,COFFEE MUG DOG + BALL DESIGN,12,2009-12-07 13:17:00,2.55,18219.0,United Kingdom,30.599999999999998
559108,22174,PHOTO CUBE,48,2011-07-06 11:42:00,1.48,13094.0,United Kingdom,71.03999999999999
532964,22688,DOORMAT PEACE ON EARTH BLUE,1,2010-11-15 12:43:00,7.95,15493.0,United Kingdom,7.95
580119,21931,JUMBO STORAGE BAG SUKI,1,2011-12-01 16:37:00,2.08,17920.0,United Kingdom,2.08
532382,85034A,3 GARDENIA MORRIS BOXED CANDLES,3,2010-11-11 18:24:00,4.25,16081.0,United Kingdom,12.75
537446,35646,VINTAGE BEAD PINK EVENING BAG,4,2010-12-07 09:13:00,4.25,18055.0,United Kingdom,17.0
566539,22998,TRAVEL CARD WALLET KEEP CALM,8,2011-09-13 11:34:00,0.42,17228.0,United Kingdom,3.36
530092,85123A,WHITE HANGING HEART T-LIGHT HOLDER,18,2010-11-01 13:46:00,2.95,15253.0,United Kingdom,53.1
526394,22158,3 HEARTS HANGING DECORATION RUSTIC,8,2010-10-11 13:25:00,2.95,16527.0,United Kingdom,23.6
521663,20986,BLUE CALCULATOR RULER,12,2010-09-07 14:46:00,1.25,15367.0,United Kingdom,15.0
502869,22514,CHILDS GARDEN SPADE BLUE,4,2010-03-28 16:13:00,2.1,13113.0,United Kingdom,8.4
573096,22557,PLASTERS IN TIN VINTAGE PAISLEY ,12,2011-10-27 14:40:00,1.65,14004.0,United Kingdom,19.799999999999997
543809,21467,CHERRY CROCHET FOOD COVER,2,2011-02-13 13:52:00,3.75,17095.0,United Kingdom,7.5
565649,22852,DOG BOWL VINTAGE CREAM,2,2011-09-05 16:27:00,4.25,16712.0,United Kingdom,8.5
573311,22597,MUSICAL ZINC HEART DECORATION ,3,2011-10-28 16:45:00,0.29,14071.0,United Kingdom,0.8699999999999999
538850,22621,TRADITIONAL KNITTING NANCY,12,2010-12-14 13:31:00,1.45,16499.0,United Kingdom,17.4
522650,21676,FLOWERS  STICKERS,12,2010-09-16 10:49:00,0.85,13424.0,United Kingdom,10.2
559948,21294,ETCHED GLASS COASTER,48,2011-07-14 10:41:00,0.39,12653.0,Israel,18.72
546625,21935,SUKI  SHOULDER BAG,16,2011-03-15 11:45:00,1.65,17542.0,United Kingdom,26.4
533293,22834,HAND WARMER BABUSHKA DESIGN,12,2010-11-16 15:58:00,2.1,16145.0,United Kingdom,25.200000000000003
561195,22754,SMALL RED BABUSHKA NOTEBOOK ,3,2011-07-25 13:57:00,0.85,14796.0,United Kingdom,2.55
496882,21272,SALLE DE BAIN HOOK,1,2010-02-04 14:13:00,1.25,15167.0,United Kingdom,1.25
542595,48188,DOORMAT WELCOME PUPPIES,1,2011-01-30 10:19:00,7.95,14040.0,United Kingdom,7.95
563076,23192,BUNDLE OF 3 ALPHABET EXERCISE BOOKS,48,2011-08-11 16:12:00,1.45,14646.0,Netherlands,69.6
547383,20983,12 PENCILS TALL TUBE RED RETROSPOT,12,2011-03-22 15:42:00,0.85,12613.0,Germany,10.2
543022,22508,DOORSTOP RETROSPOT HEART,2,2011-02-02 14:37:00,3.75,16771.0,United Kingdom,7.5
527767,22243,5 HOOK HANGER RED MAGIC TOADSTOOL,24,2010-10-19 09:35:00,1.65,12623.0,Germany,39.599999999999994
543166,22173,METAL 4 HOOK HANGER FRENCH CHATEAU,8,2011-02-04 08:27:00,2.95,13488.0,United Kingdom,23.6
559951,23203,JUMBO BAG DOILEY PATTERNS,10,2011-07-14 10:52:00,2.08,14847.0,United Kingdom,20.8
500663,21760,FRENCH STYLE WALL DRESSER,1,2010-03-09 12:10:00,125.0,17700.0,United Kingdom,125.0
494637,84519A,TOMATO CHARLIE+LOLA COASTER SET,2,2010-01-17 10:35:00,2.95,14451.0,United Kingdom,5.9
561047,21988,PACK OF 6 SKULL PAPER PLATES,12,2011-07-24 12:46:00,0.85,16948.0,United Kingdom,10.2
545908,48188,DOORMAT WELCOME PUPPIES,2,2011-03-08 09:26:00,7.95,14709.0,United Kingdom,15.9
533112,22139,RETROSPOT TEA SET CERAMIC 11 PC ,1,2010-11-16 12:14:00,4.95,15311.0,United Kingdom,4.95
516287,22356,CHARLOTTE BAG PINK WITH WHITE SPOTS,10,2010-07-19 12:53:00,0.85,13081.0,United Kingdom,8.5
575087,23372,SET 36 COLOUR PENCILS DOLLY GIRL,2,2011-11-08 13:57:00,1.25,16549.0,United Kingdom,2.5
505916,22415,WHITE TISSUE REAM,1,2010-04-26 14:47:00,7.95,15867.0,United Kingdom,7.95
527764,84029E,RED WOOLLY HOTTIE WHITE HEART.,4,2010-10-19 09:07:00,3.75,16859.0,United Kingdom,15.0
569923,21754,HOME BUILDING BLOCK WORD,3,2011-10-06 17:43:00,6.25,16184.0,United Kingdom,18.75
501671,16169M,WRAP DAISY CARPET ,25,2010-03-18 15:11:00,0.42,18171.0,United Kingdom,10.5
496057,84508C,BLUE CIRCLES DESIGN TEDDY,6,2010-01-28 15:04:00,2.55,16137.0,United Kingdom,15.299999999999999
513814,20728,LUNCH BAG CARS BLUE,10,2010-06-29 09:59:00,1.65,15544.0,United Kingdom,16.5
560145,22963,JAM JAR WITH GREEN LID,12,2011-07-15 11:04:00,0.85,13381.0,United Kingdom,10.2
497035,21365,MIRRORED WALL ART STARS,1,2010-02-05 14:14:00,2.95,16704.0,United Kingdom,2.95
490124,48173C,DOOR MAT BLACK FLOCK ,1,2009-12-03 18:08:00,6.75,16791.0,United Kingdom,6.75
520524,22198,LARGE POPCORN HOLDER ,12,2010-08-26 14:25:00,1.65,16375.0,United Kingdom,19.799999999999997
527512,21591,COSY HOUR CIGAR BOX MATCHES ,24,2010-10-18 12:54:00,1.25,14130.0,United Kingdom,30.0
530792,22307,GOLD MUG BONE CHINA TREE OF LIFE,36,2010-11-04 12:17:00,1.65,15332.0,Lithuania,59.4
564372,23208,LUNCH BAG VINTAGE LEAF DESIGN,10,2011-08-25 09:55:00,1.65,12714.0,France,16.5
516569,48187,DOORMAT NEW ENGLAND,10,2010-07-21 12:45:00,6.35,13093.0,United Kingdom,63.5
578035,21790,VINTAGE SNAP CARDS,24,2011-11-22 14:00:00,0.85,16422.0,United Kingdom,20.4
574292,22866,HAND WARMER SCOTTY DOG DESIGN,1,2011-11-03 15:27:00,2.1,16914.0,United Kingdom,2.1
510040,84925F,PSYCHEDELIC WALL THERMOMETER,24,2010-05-26 15:55:00,0.85,14626.0,United Kingdom,20.4
527505,72351A,SET/6 TURQUOISE BUTTERFLY T-LIGHTS,2,2010-10-18 12:25:00,2.1,17841.0,United Kingdom,4.2
500719,21844,RETRO SPOT MUG,6,2010-03-09 15:16:00,2.95,16707.0,United Kingdom,17.700000000000003
529978,22312,OFFICE MUG WARMER POLKADOT,3,2010-10-31 15:18:00,2.95,13760.0,United Kingdom,8.850000000000001
564534,85231B,CINAMMON SET OF 9 T-LIGHTS,3,2011-08-25 15:09:00,0.85,12748.0,United Kingdom,2.55
555719,23205,CHARLOTTE BAG VINTAGE ALPHABET ,10,2011-06-06 15:31:00,0.85,12609.0,Germany,8.5
508220,21165,BEWARE OF THE CAT METAL SIGN ,1,2010-05-13 15:21:00,1.69,18168.0,United Kingdom,1.69
523307,22138,BAKING SET 9 PIECE RETROSPOT ,6,2010-09-21 12:56:00,4.95,17017.0,United Kingdom,29.700000000000003
533750,20977,36 PENCILS TUBE WOODLAND,3,2010-11-18 14:17:00,1.25,15571.0,United Kingdom,3.75
542894,35961,FOLKART ZINC HEART CHRISTMAS DEC,24,2011-02-01 13:45:00,0.85,12775.0,Netherlands,20.4
564336,22271,FELTCRAFT DOLL ROSIE,1,2011-08-24 14:28:00,2.95,12748.0,United Kingdom,2.95
508251,22434,BALLOON PUMP WITH 10 BALLOONS,16,2010-05-14 10:40:00,1.95,13157.0,United Kingdom,31.2
545577,22720,SET OF 3 CAKE TINS PANTRY DESIGN ,3,2011-03-03 19:18:00,4.95,14702.0,United Kingdom,14.850000000000001
500384,72349B,SET/6 PURPLE BUTTERFLY T-LIGHTS,12,2010-03-08 10:45:00,2.1,17740.0,United Kingdom,25.200000000000003
560018,23191,BUNDLE OF 3 RETRO NOTE BOOKS,1,2011-07-14 12:52:00,1.65,15987.0,United Kingdom,1.65
575884,23480,MINI LIGHTS WOODLAND MUSHROOMS,4,2011-11-11 13:46:00,3.75,12685.0,France,15.0
496463,21164,HOME SWEET HOME METAL SIGN ,6,2010-02-01 14:52:00,2.95,15480.0,Malta,17.700000000000003
580640,22398,MAGNETS PACK OF 4 SWALLOWS,1,2011-12-05 12:51:00,0.39,16910.0,United Kingdom,0.39
572563,23209,LUNCH BAG VINTAGE DOILY ,10,2011-10-25 09:31:00,1.65,12928.0,United Kingdom,16.5
494007,21628,TRIANGULAR POUFFE VINTAGE ,1,2010-01-10 16:03:00,14.95,14606.0,United Kingdom,14.95
527043,21121,SET/10 RED POLKADOT PARTY CANDLES,1,2010-10-14 12:32:00,1.25,18090.0,United Kingdom,1.25
577485,84029G,KNITTED UNION FLAG HOT WATER BOTTLE,1,2011-11-20 11:56:00,4.25,16360.0,United Kingdom,4.25
509748,22427,ENAMEL FLOWER JUG CREAM,3,2010-05-25 13:51:00,5.95,15217.0,United Kingdom,17.85
555572,22449,SILK PURSE BABUSHKA PINK,6,2011-06-05 15:37:00,3.35,12449.0,Belgium,20.1
574936,20975,12 PENCILS SMALL TUBE RED RETROSPOT,3,2011-11-07 17:06:00,0.65,13066.0,United Kingdom,1.9500000000000002
498903,21657,MILK BOTTLE WITH GLASS STOPPER ,3,2010-02-23 14:16:00,6.95,14112.0,United Kingdom,20.85
507418,47566,PARTY BUNTING,5,2010-05-09 14:52:00,4.65,17292.0,United Kingdom,23.25
505448,21080,SET/20 RED SPOTTY PAPER NAPKINS ,12,2010-04-22 11:14:00,0.85,17646.0,United Kingdom,10.2
557782,22819,"BIRTHDAY CARD, RETRO SPOT",12,2011-06-22 15:41:00,0.42,14640.0,United Kingdom,5.04
561098,22090,PAPER BUNTING RETROSPOT,6,2011-07-25 10:56:00,2.95,14194.0,United Kingdom,17.700000000000003
544661,22520,CHILDS GARDEN TROWEL BLUE ,12,2011-02-22 13:59:00,0.85,15303.0,United Kingdom,10.2
533294,84006,MAGIC TREE -PAPER FLOWERS,24,2010-11-16 16:01:00,0.85,13081.0,United Kingdom,20.4
577699,82552,WASHROOM METAL SIGN,12,2011-11-21 12:06:00,1.45,13971.0,United Kingdom,17.4
568671,23318,BOX OF 6 MINI VINTAGE CRACKERS,12,2011-09-28 13:13:00,2.49,13139.0,United Kingdom,29.880000000000003
563432,22667,RECIPE BOX RETROSPOT ,1,2011-08-16 12:12:00,2.95,16713.0,United Kingdom,2.95
570818,20724,RED RETROSPOT CHARLOTTE BAG,2,2011-10-12 12:47:00,0.85,17841.0,United Kingdom,1.7
517906,22121,NOEL WOODEN BLOCK LETTERS ,3,2010-08-03 09:53:00,5.95,15081.0,United Kingdom,17.85
491675,16169D,WRAP WINTER FOREST,50,2009-12-13 12:04:00,0.42,16710.0,United Kingdom,21.0
578307,23275,SET OF 3 HANGING OWLS OLLIE BEAK,1,2011-11-23 15:53:00,1.25,17290.0,United Kingdom,1.25
545681,20724,RED RETROSPOT CHARLOTTE BAG,4,2011-03-06 11:28:00,0.85,16923.0,United Kingdom,3.4
555524,22698,PINK REGENCY TEACUP AND SAUCER,1,2011-06-05 11:37:00,2.95,16923.0,United Kingdom,2.95
511638,21934,SKULL SHOULDER BAG,4,2010-06-09 13:08:00,1.65,17346.0,United Kingdom,6.6
570271,21519,GIN & TONIC DIET GREETING CARD ,60,2011-10-10 10:29:00,0.42,13756.0,United Kingdom,25.2
543457,22652,TRAVEL SEWING KIT,100,2011-02-08 12:47:00,1.65,17428.0,United Kingdom,165.0
570824,23244,ROUND STORAGE TIN VINTAGE LEAF,6,2011-10-12 12:58:00,1.95,14299.0,United Kingdom,11.7
510792,16011,ANIMAL STICKERS,24,2010-06-03 16:33:00,0.21,15867.0,United Kingdom,5.04
573153,POST,POSTAGE,3,2011-10-28 07:39:00,145.0,12678.0,France,435.0
575576,23517,EMBROIDERED RIBBON REEL REBECCA ,6,2011-11-10 11:45:00,2.89,16025.0,United Kingdom,17.34
492117,48194,DOORMAT HEARTS,2,2009-12-15 14:10:00,6.75,15808.0,United Kingdom,13.5
572676,23343,JUMBO BAG VINTAGE CHRISTMAS ,10,2011-10-25 13:30:00,2.08,16258.0,United Kingdom,20.8
569651,84992,72 SWEETHEART FAIRY CAKE CASES,1,2011-10-05 12:49:00,0.55,14534.0,United Kingdom,0.55
532580,22845,VINTAGE CREAM CAT FOOD CONTAINER,1,2010-11-12 14:18:00,6.35,15311.0,United Kingdom,6.35
499682,22328,ROUND SNACK BOXES SET OF 4 FRUITS ,6,2010-03-02 09:25:00,2.95,12623.0,Germany,17.700000000000003
562558,22577,WOODEN HEART CHRISTMAS SCANDINAVIAN,21,2011-08-05 16:43:00,0.85,13451.0,United Kingdom,17.849999999999998
523612,22907,PACK OF 20 NAPKINS PANTRY DESIGN,12,2010-09-23 10:44:00,0.85,13001.0,United Kingdom,10.2
537034,21224,SET/4 SKULL BADGES,10,2010-12-03 17:20:00,1.25,13081.0,United Kingdom,12.5
567822,23232,WRAP VINTAGE LEAF DESIGN,25,2011-09-22 12:54:00,0.42,17644.0,United Kingdom,10.5
501515,85049B,LUSH GREENS RIBBONS,2,2010-03-17 11:53:00,1.25,15867.0,United Kingdom,2.5
578317,23493,VINTAGE DOILY TRAVEL SEWING KIT,10,2011-11-23 16:47:00,1.95,15398.0,United Kingdom,19.5
517742,35637C,PINK STRING CURTAIN WITH POLE,1,2010-08-01 15:41:00,5.95,15666.0,United Kingdom,5.95
492539,21635,MADRAS NOTEBOOK LARGE ,3,2009-12-17 13:35:00,3.75,16908.0,United Kingdom,11.25
517627,16206B,RED PURSE WITH PINK HEART,1,2010-07-30 12:19:00,1.25,16428.0,United Kingdom,1.25
491695,20688,BEAUTY SPEED EXPRESSO CUPS,1,2009-12-13 13:27:00,5.95,15850.0,United Kingdom,5.95
530902,21166,COOK WITH WINE METAL SIGN ,7,2010-11-04 15:13:00,1.95,14099.0,United Kingdom,13.65
540531,20971,PINK BLUE FELT CRAFT TRINKET BOX,1,2011-01-09 14:03:00,1.25,16549.0,United Kingdom,1.25
530083,22784,LANTERN CREAM GAZEBO ,3,2010-11-01 13:04:00,4.95,13148.0,United Kingdom,14.850000000000001
551250,22384,LUNCH BAG PINK POLKADOT,1,2011-04-27 12:00:00,1.65,17841.0,United Kingdom,1.65
513626,84970S,HANGING HEART ZINC T-LIGHT HOLDER,24,2010-06-27 13:11:00,0.85,17364.0,United Kingdom,20.4
568158,23515,EMBROIDERED RIBBON REEL DAISY ,6,2011-09-25 12:22:00,2.08,16133.0,United Kingdom,12.48
568894,22662,LUNCH BAG DOLLY GIRL DESIGN,1,2011-09-29 13:04:00,1.65,17528.0,United Kingdom,1.65
493719,20914,SET/5 RED SPOTTY LID GLASS BOWLS,6,2010-01-06 10:17:00,2.95,14210.0,United Kingdom,17.700000000000003
516196,21332,MOROCCAN BEATEN METAL MIRROR,1,2010-07-19 10:07:00,12.75,14758.0,United Kingdom,12.75
547649,22197,SMALL POPCORN HOLDER,10,2011-03-24 12:02:00,0.85,18118.0,United Kingdom,8.5
577480,23096,PETIT TRAY CHIC,4,2011-11-20 11:37:00,1.65,14525.0,United Kingdom,6.6
572836,23505,PLAYING CARDS I LOVE LONDON ,1,2011-10-26 11:51:00,1.25,15568.0,United Kingdom,1.25
514022,15056BL,EDWARDIAN PARASOL BLACK,5,2010-06-30 11:06:00,5.95,15039.0,United Kingdom,29.75
527751,22576,SWALLOW WOODEN CHRISTMAS DECORATION,5,2010-10-18 16:38:00,0.85,17848.0,United Kingdom,4.25
523564,22670,FRENCH WC SIGN BLUE METAL,2,2010-09-22 15:37:00,1.25,13610.0,United Kingdom,2.5
571779,21829,DINOSAUR KEYRINGS ASSORTED,36,2011-10-19 11:27:00,0.21,12748.0,United Kingdom,7.56
492252,22086,PAPER CHAIN KIT 50'S CHRISTMAS ,6,2009-12-16 10:56:00,2.95,13999.0,United Kingdom,17.700000000000003
490998,21918,SET 12 KIDS COLOUR  CHALK STICKS,24,2009-12-08 17:24:00,0.42,16253.0,United Kingdom,10.08
576689,22150,3 STRIPEY MICE FELTCRAFT,3,2011-11-16 12:18:00,1.95,16657.0,United Kingdom,5.85
561247,85049E,SCANDINAVIAN REDS RIBBONS,12,2011-07-26 11:38:00,1.25,16592.0,United Kingdom,15.0
545038,82599,FANNY'S REST STOPMETAL SIGN,1,2011-02-27 10:13:00,2.1,13684.0,United Kingdom,2.1
542238,22667,RECIPE BOX RETROSPOT ,6,2011-01-26 14:35:00,2.95,12591.0,Italy,17.700000000000003
508504,84086B,YELLOW/BLUE RETRO RADIO,1,2010-05-16 16:05:00,2.95,13451.0,United Kingdom,2.95
509159,22275,WEEKEND BAG VINTAGE ROSE PAISLEY,1,2010-05-20 13:39:00,8.5,15005.0,United Kingdom,8.5
496578,84466,TOP SECRET PEN SET,24,2010-02-02 13:42:00,1.25,12748.0,United Kingdom,30.0
522699,22120,WELCOME  WOODEN BLOCK LETTERS,3,2010-09-16 11:29:00,9.95,18219.0,United Kingdom,29.849999999999998
536993,82011C,BATHROOM SCALES FOOTPRINTS IN SAND,1,2010-12-03 15:19:00,3.75,14396.0,United Kingdom,3.75
527328,20727,LUNCH BAG  BLACK SKULL.,1,2010-10-15 15:06:00,1.65,12748.0,United Kingdom,1.65
522213,22173,METAL 4 HOOK HANGER FRENCH CHATEAU,8,2010-09-13 12:05:00,2.95,14209.0,United Kingdom,23.6
522967,22708,WRAP DOLLY GIRL,25,2010-09-19 13:02:00,0.42,18257.0,United Kingdom,10.5
559639,23089,GLASS BON BON JAR,24,2011-07-11 12:23:00,1.65,13767.0,United Kingdom,39.599999999999994
573320,22665,RECIPE BOX BLUE SKETCHBOOK DESIGN,24,2011-10-30 10:29:00,2.55,15513.0,United Kingdom,61.199999999999996
545308,22890,NOVELTY BISCUITS CAKE STAND 3 TIER,1,2011-03-01 13:19:00,9.95,14656.0,United Kingdom,9.95
490024,90214C,"LETTER ""C"" BLING KEY RING",1,2009-12-03 12:40:00,1.25,14606.0,United Kingdom,1.25
526651,22130,PARTY CONE CHRISTMAS DECORATION ,6,2010-10-12 13:54:00,0.85,16775.0,United Kingdom,5.1
575502,23207,LUNCH BAG ALPHABET DESIGN,10,2011-11-10 10:10:00,1.65,16700.0,United Kingdom,16.5
560893,23310,BUBBLEGUM RING ASSORTED,36,2011-07-21 17:08:00,0.42,13804.0,United Kingdom,15.12
568238,21500,PINK POLKADOT WRAP ,25,2011-09-26 12:00:00,0.42,13927.0,United Kingdom,10.5
557952,23321,SMALL WHITE HEART OF WICKER,5,2011-06-23 18:33:00,1.65,14584.0,United Kingdom,8.25
519252,84997D,PINK 3 PIECE MINI DOTS CUTLERY SET,1,2010-08-15 15:26:00,3.75,17841.0,United Kingdom,3.75
575937,23343,JUMBO BAG VINTAGE CHRISTMAS ,10,2011-11-13 11:24:00,2.08,12935.0,United Kingdom,20.8
574844,22476,EMPIRE UNION JACK TV DINNER TRAY,3,2011-11-07 11:57:00,4.95,12783.0,Portugal,14.850000000000001
501910,84997C,BLUE 3 PIECE MINI DOTS CUTLERY SET,6,2010-03-22 09:05:00,3.75,12639.0,Sweden,22.5
535349,22942,CHRISTMAS LIGHTS 10 SANTAS ,4,2010-11-25 16:52:00,8.5,18245.0,United Kingdom,34.0
580831,22456,NATURAL SLATE CHALKBOARD LARGE ,3,2011-12-06 11:39:00,4.95,14418.0,United Kingdom,14.850000000000001
531382,21080,SET/20 RED RETROSPOT PAPER NAPKINS ,2,2010-11-07 16:29:00,0.85,16549.0,United Kingdom,1.7
523524,22061,LARGE CAKE STAND  HANGING STRAWBERY,1,2010-09-22 13:07:00,9.95,14570.0,United Kingdom,9.95
576650,22583,PACK OF 6 HANDBAG GIFT BOXES,6,2011-11-16 10:34:00,2.55,14286.0,United Kingdom,15.299999999999999
560453,21060,PARTY INVITES BALLOON GIRL,12,2011-07-19 09:52:00,0.85,13209.0,United Kingdom,10.2
566220,23314,VINTAGE CHRISTMAS TABLECLOTH,6,2011-09-09 15:53:00,12.5,15251.0,United Kingdom,75.0
527366,22623,BOX OF VINTAGE JIGSAW BLOCKS ,3,2010-10-17 11:24:00,4.95,15571.0,United Kingdom,14.850000000000001
517130,22456,NATURAL SLATE CHALKBOARD LARGE ,2,2010-07-27 10:07:00,4.95,16059.0,United Kingdom,9.9
501049,20724,RED SPOTTY CHARLOTTE BAG,100,2010-03-12 10:41:00,0.72,14646.0,Netherlands,72.0
511637,22037,ROBOT BIRTHDAY CARD,12,2010-06-09 13:04:00,0.42,15298.0,United Kingdom,5.04
528745,22090,PAPER BUNTING RETROSPOT,2,2010-10-24 14:35:00,2.95,14551.0,United Kingdom,5.9
561881,82494L,WOODEN FRAME ANTIQUE WHITE ,6,2011-07-31 12:47:00,2.95,16477.0,United Kingdom,17.700000000000003
533423,21535,RED RETROSPOT SMALL MILK JUG,3,2010-11-17 11:19:00,2.55,16386.0,United Kingdom,7.6499999999999995
504898,37370,RETRO COFFEE MUGS ASSORTED,2,2010-04-18 14:35:00,1.25,16409.0,United Kingdom,2.5
501879,22136,LOVE HEART SOCK HANGER,1,2010-03-21 13:27:00,1.65,17472.0,United Kingdom,1.65
557746,21166,COOK WITH WINE METAL SIGN ,1,2011-06-22 12:24:00,2.08,15059.0,United Kingdom,2.08
537371,22358,KINGS CHOICE TEA CADDY ,2,2010-12-06 12:47:00,2.95,15028.0,United Kingdom,5.9
513558,84997C,BLUE 3 PIECE MINI DOTS CUTLERY SET,6,2010-06-25 13:27:00,3.75,17138.0,United Kingdom,22.5
503401,22139,RETRO SPOT TEA SET CERAMIC 11 PC ,3,2010-03-31 16:31:00,4.95,17428.0,United Kingdom,14.850000000000001
575508,22759,SET OF 3 NOTEBOOKS IN PARCEL,96,2011-11-10 10:32:00,1.45,14646.0,Netherlands,139.2
553035,22713,CARD I LOVE LONDON ,12,2011-05-12 20:13:00,0.42,17337.0,United Kingdom,5.04
564226,POST,POSTAGE,2,2011-08-24 10:13:00,18.0,12523.0,France,36.0
548911,22084,PAPER CHAIN KIT EMPIRE,6,2011-04-05 09:09:00,2.95,12951.0,United Kingdom,17.700000000000003
578667,22845,VINTAGE CREAM CAT FOOD CONTAINER,1,2011-11-24 17:10:00,6.35,15514.0,United Kingdom,6.35
537204,21014,SWISS CHALET TREE DECORATION ,5,2010-12-05 14:45:00,0.85,15555.0,United Kingdom,4.25
535661,22554,PLASTERS IN TIN WOODLAND ANIMALS,1,2010-11-28 11:33:00,1.65,13069.0,United Kingdom,1.65
550487,23184,BULL DOG BOTTLE OPENER,4,2011-04-18 14:21:00,4.95,18219.0,United Kingdom,19.8
538826,21112,"SWISS ROLL TOWEL, PINK  SPOTS",12,2010-12-14 12:58:00,2.95,12370.0,Cyprus,35.400000000000006
527133,47566,PARTY BUNTING,24,2010-10-15 09:33:00,4.65,12709.0,Germany,111.60000000000001
553390,22652,TRAVEL SEWING KIT,2,2011-05-16 16:41:00,1.65,17841.0,United Kingdom,3.3
575690,35970,ZINC FOLKART SLEIGH BELLS,12,2011-11-10 16:20:00,1.69,14189.0,United Kingdom,20.28
525234,22728,ALARM CLOCK BAKELIKE PINK,4,2010-10-04 14:15:00,3.75,15730.0,United Kingdom,15.0
529763,20971,PINK BLUE FELT CRAFT TRINKET BOX,1,2010-10-29 15:00:00,1.25,14081.0,United Kingdom,1.25
556573,22084,PAPER CHAIN KIT EMPIRE,6,2011-06-13 13:32:00,2.95,14667.0,United Kingdom,17.700000000000003
537041,22728,ALARM CLOCK BAKELIKE PINK,3,2010-12-05 10:36:00,3.75,16033.0,United Kingdom,11.25
497378,21175,GIN + TONIC DIET METAL SIGN,12,2010-02-09 11:39:00,2.1,13089.0,United Kingdom,25.200000000000003
572306,20668,DISCO BALL CHRISTMAS DECORATION,24,2011-10-23 15:11:00,0.12,17841.0,United Kingdom,2.88
553392,22844,VINTAGE CREAM DOG FOOD CONTAINER,12,2011-05-16 16:44:00,7.65,16131.0,United Kingdom,91.80000000000001
538095,21430,SET/3 RED GINGHAM ROSE STORAGE BOX,1,2010-12-09 14:55:00,3.75,17097.0,Spain,3.75
523286,22812,PACK 3 BOXES CHRISTMAS PANNETONE,3,2010-09-21 12:07:00,1.95,14716.0,United Kingdom,5.85
550994,22231,JIGSAW TREE WITH BIRDHOUSE,1,2011-04-21 19:55:00,1.45,14562.0,United Kingdom,1.45
536532,22553,PLASTERS IN TIN SKULLS,24,2010-12-01 13:24:00,1.65,12433.0,Norway,39.599999999999994
511961,21155,RED SPOTTY PEG BAG,6,2010-06-11 13:27:00,2.1,13337.0,United Kingdom,12.600000000000001
539286,20914,SET/5 RED RETROSPOT LID GLASS BOWLS,18,2010-12-16 16:05:00,2.95,14735.0,United Kingdom,53.1
537141,22865,HAND WARMER OWL DESIGN,3,2010-12-05 12:57:00,2.1,15570.0,United Kingdom,6.300000000000001
566600,85230B,CINNAMON SCENTED VOTIVE CANDLE,24,2011-09-13 15:41:00,0.29,13704.0,United Kingdom,6.959999999999999
526200,21258,VICTORIAN SEWING BOX LARGE,1,2010-10-10 13:03:00,12.75,15266.0,United Kingdom,12.75
519613,90177D,DROP DIAMANTE EARRINGS PURPLE,6,2010-08-18 17:43:00,2.95,15154.0,United Kingdom,17.700000000000003
575298,23394,POSTE FRANCE CUSHION COVER,1,2011-11-09 12:29:00,3.75,17841.0,United Kingdom,3.75
501470,21830,ASSORTED CREEPY CRAWLIES,48,2010-03-16 16:18:00,0.42,17596.0,United Kingdom,20.16
540412,22507,MEMO BOARD RETROSPOT  DESIGN,4,2011-01-07 10:27:00,4.95,13842.0,United Kingdom,19.8
575840,22728,ALARM CLOCK BAKELIKE PINK,8,2011-11-11 11:56:00,3.75,13137.0,United Kingdom,30.0
553833,23066,SMALL DECO JEWELLERY STAND,1,2011-05-19 11:41:00,8.25,17346.0,United Kingdom,8.25
492797,84970L,SINGLE HEART ZINC T-LIGHT HOLDER,24,2009-12-20 11:17:00,0.95,17412.0,United Kingdom,22.799999999999997
508470,21411,GINGHAM HEART  DOORSTOP RED,1,2010-05-16 11:24:00,4.25,16922.0,United Kingdom,4.25
535799,22813,PACK 3 BOXES BIRD PANNETONE ,1,2010-11-28 14:49:00,1.95,16720.0,United Kingdom,1.95
497518,21232,STRAWBERRY CERAMIC TRINKET BOX,12,2010-02-10 13:18:00,1.25,15312.0,United Kingdom,15.0
530344,22668,PINK BABY BUNTING,5,2010-11-02 15:39:00,2.95,16225.0,United Kingdom,14.75
527971,22086,PAPER CHAIN KIT 50'S CHRISTMAS ,18,2010-10-20 10:09:00,2.95,13373.0,United Kingdom,53.1
578305,23007, SPACEBOY BABY GIFT SET,5,2011-11-23 15:44:00,14.95,14088.0,United Kingdom,74.75
532095,84949,SILVER HANGING T-LIGHT HOLDER,6,2010-11-10 16:05:00,1.65,14651.0,United Kingdom,9.899999999999999
549555,22570,FELTCRAFT CUSHION RABBIT,1,2011-04-10 12:52:00,3.75,13606.0,United Kingdom,3.75
504854,21911,GARDEN METAL SIGN ,8,2010-04-18 10:40:00,1.65,16923.0,United Kingdom,13.2
568325,23298,SPOTTY BUNTING,3,2011-09-26 13:57:00,4.95,14667.0,United Kingdom,14.850000000000001
571290,22633,HAND WARMER UNION JACK,12,2011-10-16 15:32:00,2.1,17183.0,United Kingdom,25.200000000000003
547223,84879,ASSORTED COLOUR BIRD ORNAMENT,8,2011-03-21 15:10:00,1.69,12867.0,United Kingdom,13.52
517760,21976,PACK OF 60 MUSHROOM CAKE CASES,2,2010-08-02 10:42:00,0.55,17068.0,United Kingdom,1.1
540095,22197,SMALL POPCORN HOLDER,4,2011-01-04 15:40:00,0.85,14553.0,United Kingdom,3.4
537614,22411,JUMBO SHOPPER VINTAGE RED PAISLEY,1,2010-12-07 13:29:00,1.95,16904.0,United Kingdom,1.95
509810,22109,FULL ENGLISH BREAKFAST PLATE,1,2010-05-25 17:22:00,3.75,17862.0,United Kingdom,3.75
522122,22750,FELTCRAFT PRINCESS LOLA DOLL,4,2010-09-13 09:29:00,3.75,17416.0,United Kingdom,15.0
498418,22355,"CHARLOTTE BAG , SUKI DESIGN",10,2010-02-18 16:20:00,0.85,18257.0,United Kingdom,8.5
500176,84077,WORLD WAR 2 GLIDERS ASSTD DESIGNS,48,2010-03-05 10:35:00,0.21,12437.0,France,10.08
533358,20685,DOORMAT RED RETROSPOT,10,2010-11-17 10:07:00,6.75,13237.0,United Kingdom,67.5
572130,23231,WRAP  VINTAGE DOILY ,25,2011-10-21 09:50:00,0.42,13460.0,United Kingdom,10.5
531485,22625,RED KITCHEN SCALES,2,2010-11-08 14:51:00,8.5,15992.0,United Kingdom,17.0
524270,21506,"FANCY FONT BIRTHDAY CARD, ",12,2010-09-28 11:50:00,0.42,16269.0,United Kingdom,5.04
538040,22592,CARDHOLDER HOLLY WREATH METAL,1,2010-12-09 13:08:00,3.75,16520.0,United Kingdom,3.75
506558,17033,"BROCADE PURSE,SMALL ARCH BUTTON",36,2010-04-30 11:47:00,0.29,15013.0,United Kingdom,10.44
524270,82580,BATHROOM METAL SIGN,12,2010-09-28 11:50:00,0.55,16269.0,United Kingdom,6.6000000000000005
581425,22116,METAL SIGN HIS DINNER IS SERVED,2,2011-12-08 15:31:00,0.79,14796.0,United Kingdom,1.58
521668,22624,IVORY KITCHEN SCALES,2,2010-09-07 15:20:00,8.5,12819.0,United Kingdom,17.0
491109,22207,FRYING PAN UNION FLAG,2,2009-12-09 14:30:00,4.25,13825.0,United Kingdom,8.5
537262,22158,3 HEARTS HANGING DECORATION RUSTIC,8,2010-12-06 11:26:00,2.95,15039.0,United Kingdom,23.6
557872,C2,CARRIAGE,1,2011-06-23 12:42:00,50.0,14911.0,EIRE,50.0
530906,20971,PINK BLUE FELT CRAFT TRINKET BOX,4,2010-11-04 15:40:00,1.25,17965.0,United Kingdom,5.0
574589,23265,SET OF 3 WOODEN TREE DECORATIONS,3,2011-11-06 10:33:00,1.25,15017.0,United Kingdom,3.75
573496,85123A,WHITE HANGING HEART T-LIGHT HOLDER,4,2011-10-31 11:59:00,2.95,17841.0,United Kingdom,11.8
507368,22382,LUNCH BAG SPACEBOY DESIGN ,2,2010-05-07 17:28:00,1.65,13969.0,United Kingdom,3.3
575070,21927,BLUE/CREAM STRIPE CUSHION COVER ,1,2011-11-08 12:58:00,1.25,17841.0,United Kingdom,1.25
531875,72351B,SET/6 PINK  BUTTERFLY T-LIGHTS,12,2010-11-10 11:47:00,2.1,14725.0,United Kingdom,25.200000000000003
523194,84987,SET OF 36 TEATIME PAPER DOILIES,12,2010-09-21 08:12:00,1.45,13375.0,United Kingdom,17.4
493802,85121B,RETRO LAUNDRY TUB PINK,4,2010-01-07 11:22:00,8.5,16985.0,United Kingdom,34.0
508504,22099,CARAVAN SQUARE TISSUE BOX,3,2010-05-16 16:05:00,1.25,13451.0,United Kingdom,3.75
503972,84380,SET OF 3 BUTTERFLY COOKIE CUTTERS,2,2010-04-08 17:44:00,1.25,17180.0,United Kingdom,2.5
540523,22241,GARLAND WOODEN HAPPY EASTER,1,2011-01-09 12:51:00,1.25,13069.0,United Kingdom,1.25
550997,22327,ROUND SNACK BOXES SET OF 4 SKULLS,6,2011-04-26 09:04:00,2.95,17735.0,United Kingdom,17.700000000000003
533154,22027,TEA PARTY BIRTHDAY CARD,12,2010-11-16 14:01:00,0.42,13458.0,United Kingdom,5.04
572182,22816,CARD MOTORBIKE SANTA,12,2011-10-21 10:32:00,0.42,13588.0,United Kingdom,5.04
565456,22720,SET OF 3 CAKE TINS PANTRY DESIGN ,1,2011-09-04 16:12:00,4.95,16629.0,United Kingdom,4.95
576931,22994,TRAVEL CARD WALLET RETROSPOT,24,2011-11-17 11:10:00,0.42,13028.0,United Kingdom,10.08
512177,22607,WOODEN ROUNDERS GARDEN SET ,2,2010-06-14 12:01:00,8.5,15150.0,United Kingdom,17.0
572082,22582,PACK OF 6 SWEETIE GIFT BOXES,12,2011-10-20 14:18:00,2.55,17672.0,United Kingdom,30.599999999999998
516494,21531,RED RETROSPOT SUGAR JAM BOWL,3,2010-07-21 10:42:00,2.55,13048.0,United Kingdom,7.6499999999999995
559680,84929,ASSTD FRUIT+FLOWERS FRIDGE MAGNETS,24,2011-07-11 14:47:00,0.19,12717.0,Greece,4.5600000000000005
512250,21755,LOVE BUILDING BLOCK WORD,3,2010-06-14 12:46:00,5.95,16814.0,United Kingdom,17.85
521175,M,Manual,1,2010-09-02 15:50:00,7.95,15901.0,United Kingdom,7.95
578620,23337,EGG FRYING PAN MINT ,1,2011-11-24 15:21:00,2.08,17247.0,United Kingdom,2.08
522814,22318,FIVE HEART HANGING DECORATION,6,2010-09-16 18:24:00,2.95,12921.0,United Kingdom,17.700000000000003
562593,22948,METAL DECORATION NAUGHTY CHILDREN ,6,2011-08-07 15:43:00,0.85,16549.0,United Kingdom,5.1
537618,22544,MINI JIGSAW SPACEBOY,24,2010-12-07 13:50:00,0.36,15061.0,United Kingdom,8.64
573093,22197,POPCORN HOLDER,3,2011-10-27 14:38:00,0.85,18283.0,United Kingdom,2.55
560650,22752,SET 7 BABUSHKA NESTING BOXES,1,2011-07-20 11:38:00,8.5,15529.0,United Kingdom,8.5
496331,21390,FILIGRIS HEART WITH BUTTERFLY,24,2010-01-31 13:48:00,1.25,13897.0,United Kingdom,30.0
525014,21609,SET 12 LAVENDER  BOTANICAL T-LIGHTS,12,2010-10-03 11:17:00,2.95,14911.0,EIRE,35.400000000000006
539760,51014C,"FEATHER PEN,COAL BLACK",12,2010-12-21 17:16:00,0.85,17400.0,United Kingdom,10.2
532757,22121,NOEL WOODEN BLOCK LETTERS ,1,2010-11-14 13:42:00,5.95,17288.0,United Kingdom,5.95
545053,22244,3 HOOK HANGER MAGIC GARDEN,1,2011-02-27 12:41:00,1.95,17516.0,United Kingdom,1.95
529811,22743,MAKE YOUR OWN FLOWERPOWER CARD KIT,1,2010-10-31 11:06:00,2.95,15569.0,United Kingdom,2.95
533860,22810,SET OF 6 T-LIGHTS SNOWMEN,6,2010-11-19 11:32:00,2.95,14813.0,United Kingdom,17.700000000000003
535816,84875D,BLUE SQUARE COMPACT MIRROR,1,2010-11-28 15:25:00,3.75,14986.0,United Kingdom,3.75
518314,85131C,BEADED CRYSTAL HEART BLUE ON STICK,24,2010-08-06 12:13:00,0.38,13920.0,United Kingdom,9.120000000000001
578243,79321,CHILLI LIGHTS,4,2011-11-23 12:33:00,5.75,13448.0,United Kingdom,23.0
529934,21733,RED HANGING HEART T-LIGHT HOLDER,5,2010-10-31 14:25:00,2.95,14415.0,United Kingdom,14.75
544839,22915,ASSORTED BOTTLE TOP  MAGNETS ,12,2011-02-24 10:50:00,0.42,14841.0,United Kingdom,5.04
550179,21703,BAG 125g SWIRLY MARBLES,12,2011-04-14 17:29:00,0.42,15220.0,United Kingdom,5.04
576779,22138,BAKING SET 9 PIECE RETROSPOT ,4,2011-11-16 13:25:00,4.95,14554.0,United Kingdom,19.8
492777,79320, FLAMINGO LIGHTS,4,2009-12-18 16:06:00,4.95,13468.0,United Kingdom,19.8
552302,21947,SET OF 6 HEART CHOPSTICKS,1,2011-05-08 14:59:00,1.25,14606.0,United Kingdom,1.25
524112,22654,DELUXE SEWING KIT ,3,2010-09-27 13:24:00,5.95,15358.0,United Kingdom,17.85
537852,84997C,BLUE 3 PIECE POLKADOT CUTLERY SET,1,2010-12-08 15:56:00,3.75,17340.0,United Kingdom,3.75
510038,22215,CAKE STAND WHITE TWO TIER LACE,2,2010-05-26 15:48:00,8.5,13920.0,United Kingdom,17.0
572544,22144,CHRISTMAS CRAFT LITTLE FRIENDS,4,2011-10-24 16:34:00,2.1,16023.0,United Kingdom,8.4
523149,21967,PACK OF 12 SKULL TISSUES,1,2010-09-20 14:49:00,0.29,17585.0,United Kingdom,0.29
514714,84800L,LARGE WHITE/PINK ROSE ART FLOWER,24,2010-07-05 15:42:00,0.85,14918.0,United Kingdom,20.4
513019,22523,CHILDS GARDEN FORK PINK,3,2010-06-21 11:55:00,0.85,14593.0,United Kingdom,2.55
531750,20765,CHRYSANTHEMUM SKETCHBOOK ,1,2010-11-09 13:06:00,3.75,15325.0,United Kingdom,3.75
501033,22294,HEART FILIGREE DOVE  SMALL,1,2010-03-11 18:18:00,1.25,16918.0,United Kingdom,1.25
524094,22669,RED BABY BUNTING ,10,2010-09-27 12:06:00,2.95,17677.0,United Kingdom,29.5
498350,22172,METAL SHELF WITH RAIL ,1,2010-02-18 12:25:00,8.5,14085.0,United Kingdom,8.5
491622,72598,SET/12 TAPER CANDLES,5,2009-12-11 14:20:00,0.85,13415.0,United Kingdom,4.25
579300,23333,IVORY WICKER HEART MEDIUM,24,2011-11-29 11:30:00,1.25,14667.0,United Kingdom,30.0
491736,85014D,PINK/BROWN DOTS RUFFLED UMBRELLA,9,2009-12-14 10:34:00,5.95,13013.0,United Kingdom,53.550000000000004
499944,71053,WHITE METAL LANTERN,2,2010-03-03 12:34:00,3.75,14530.0,United Kingdom,7.5
540834,22499,WOODEN UNION JACK BUNTING,4,2011-01-11 14:50:00,5.95,14733.0,United Kingdom,23.8
515768,21929,JUMBO BAG PINK VINTAGE PAISLEY,2,2010-07-14 14:30:00,1.95,18096.0,United Kingdom,3.9
547063,21389,IVORY HANGING DECORATION  BIRD,6,2011-03-20 13:33:00,0.85,14769.0,United Kingdom,5.1
538168,22110,BIRD HOUSE HOT WATER BOTTLE,1,2010-12-09 19:23:00,2.55,14702.0,United Kingdom,2.55
566913,23307,SET OF 60 PANTRY DESIGN CAKE CASES ,3,2011-09-15 14:07:00,0.55,17602.0,United Kingdom,1.6500000000000001
580128,21918,SET 12 KIDS COLOUR  CHALK STICKS,2,2011-12-01 17:56:00,0.42,17576.0,United Kingdom,0.84
500010,22383,LUNCH BAG SUKI  DESIGN ,10,2010-03-04 10:06:00,1.65,13377.0,United Kingdom,16.5
563011,22197,POPCORN HOLDER,24,2011-08-11 12:00:00,0.85,16283.0,United Kingdom,20.4
516593,21217,RED SPOTTY ROUND CAKE TINS,4,2010-07-21 13:59:00,9.95,17469.0,United Kingdom,39.8
543010,22961,JAM MAKING SET PRINTED,12,2011-02-02 13:16:00,1.45,18250.0,United Kingdom,17.4
580977,85048,15CM CHRISTMAS GLASS BALL 20 LIGHTS,6,2011-12-06 15:32:00,7.95,16569.0,United Kingdom,47.7
514138,84520B,PACK 20 ENGLISH ROSE PAPER NAPKINS,12,2010-06-30 13:43:00,0.85,14911.0,EIRE,10.2
542608,20615,BLUE POLKADOT PASSPORT COVER,1,2011-01-30 13:51:00,2.1,16770.0,United Kingdom,2.1
566566,84660A,WHITE STITCHED WALL CLOCK,1,2011-09-13 12:32:00,7.46,14096.0,United Kingdom,7.46
569524,22170,PICTURE FRAME WOOD TRIPLE PORTRAIT,2,2011-10-04 14:42:00,6.75,14506.0,United Kingdom,13.5
490928,20829,GLITTER HANGING BUTTERFLY STRING,3,2009-12-08 13:41:00,2.1,14085.0,United Kingdom,6.300000000000001
506209,21231,SWEETHEART CERAMIC TRINKET BOX,24,2010-04-28 11:29:00,1.25,15791.0,United Kingdom,30.0
517154,21257,VICTORIAN SEWING BOX MEDIUM,6,2010-07-27 10:48:00,7.95,13722.0,United Kingdom,47.7
504148,22443,GROW YOUR OWN HERBS SET OF 3,2,2010-04-11 13:37:00,7.95,13180.0,United Kingdom,15.9
538646,84945,MULTI COLOUR SILVER T-LIGHT HOLDER,24,2010-12-13 14:55:00,0.85,17293.0,United Kingdom,20.4
534473,22891,TEA FOR ONE POLKADOT,3,2010-11-23 10:41:00,4.25,15730.0,United Kingdom,12.75
529513,22775,PURPLE DRAWERKNOB ACRYLIC EDWARDIAN,24,2010-10-28 14:51:00,1.25,14134.0,United Kingdom,30.0
531746,22804,CANDLEHOLDER PINK HANGING HEART,1,2010-11-09 13:00:00,2.95,14527.0,United Kingdom,2.95
494912,16161M,WRAP  PINK FLOCK,25,2010-01-19 17:03:00,0.42,16705.0,United Kingdom,10.5
560106,23232,WRAP VINTAGE LEAF DESIGN,150,2011-07-14 20:01:00,0.42,17554.0,United Kingdom,63.0
535945,22585,PACK OF 6 BIRDY GIFT TAGS,24,2010-11-29 11:53:00,1.25,17671.0,United Kingdom,30.0
577049,85049E,SCANDINAVIAN REDS RIBBONS,2,2011-11-17 13:58:00,1.25,17397.0,United Kingdom,2.5
490759,85034A,3 GARDENIA MORRIS BOXED CANDLES,48,2009-12-08 09:46:00,3.81,15971.0,United Kingdom,182.88
513190,85131A,BEADED PEARL HEART WHITE ON STICK,3,2010-06-22 14:21:00,1.25,16894.0,United Kingdom,3.75
569523,21786,POLKADOT RAIN HAT ,4,2011-10-04 14:41:00,0.42,16033.0,United Kingdom,1.68
558909,21390,FILIGRIS HEART WITH BUTTERFLY,48,2011-07-05 09:10:00,1.25,13408.0,United Kingdom,60.0
536796,21354,TOAST ITS - BEST MUM,1,2010-12-02 15:46:00,1.25,15574.0,United Kingdom,1.25
547897,22548,HEADS AND TAILS SPORTING FUN,12,2011-03-28 11:36:00,1.25,12792.0,Portugal,15.0
526863,20725,LUNCH BAG RED RETROSPOT,10,2010-10-13 13:08:00,1.65,15203.0,United Kingdom,16.5
518227,22557,PLASTERS IN TIN VINTAGE PAISLEY ,1,2010-08-05 14:57:00,1.65,15271.0,United Kingdom,1.65
562127,47504K,ENGLISH ROSE GARDEN SECATEURS,12,2011-08-03 08:21:00,0.79,13717.0,United Kingdom,9.48
547324,21232,STRAWBERRY CERAMIC TRINKET BOX,12,2011-03-22 11:27:00,1.25,13014.0,United Kingdom,15.0
570492,85099B,JUMBO BAG RED RETROSPOT,10,2011-10-11 08:23:00,2.08,14194.0,United Kingdom,20.8
555495,23200,JUMBO BAG PEARS,10,2011-06-03 14:42:00,2.08,17068.0,United Kingdom,20.8
513349,21621,VINTAGE UNION JACK BUNTING,1,2010-06-24 11:28:00,8.5,14606.0,United Kingdom,8.5
528625,35598B,BLACK CHRISTMAS TREE 60CM,1,2010-10-24 10:56:00,2.95,17843.0,United Kingdom,2.95
514852,22174,PHOTO CUBE,6,2010-07-06 16:36:00,1.65,16229.0,United Kingdom,9.899999999999999
571463,23154,SET OF 4 JAM JAR MAGNETS,12,2011-10-17 14:23:00,2.08,16463.0,United Kingdom,24.96
580516,51014A,"FEATHER PEN,HOT PINK",12,2011-12-04 14:15:00,0.39,17954.0,United Kingdom,4.68
511638,16051,TEATIME PENCIL W STAMP ASST,36,2010-06-09 13:08:00,0.42,17346.0,United Kingdom,15.12
569843,20984,12 PENCILS TALL TUBE POSY,6,2011-10-06 13:29:00,0.29,14449.0,United Kingdom,1.7399999999999998
573094,22727,ALARM CLOCK BAKELIKE RED ,1,2011-10-27 14:39:00,3.75,15707.0,United Kingdom,3.75
498890,20728,LUNCH BAG CARS BLUE,10,2010-02-23 13:21:00,1.65,12682.0,France,16.5
530656,85132A,CHARLIE + LOLA BISCUITS TINS,2,2010-11-04 09:59:00,9.95,15888.0,United Kingdom,19.9
533188,22968,ROSE COTTAGE KEEPSAKE BOX ,2,2010-11-16 14:46:00,9.95,17629.0,United Kingdom,19.9
509634,22482,BLUE TEA TOWEL CLASSIC DESIGN,1,2010-05-25 10:23:00,1.25,13324.0,United Kingdom,1.25
525942,22471,TV DINNER TRAY AIR HOSTESS ,6,2010-10-07 17:27:00,4.95,15498.0,United Kingdom,29.700000000000003
498610,22151,PLACE SETTING WHITE HEART,60,2010-02-22 09:17:00,0.42,13393.0,United Kingdom,25.2
577407,22086,PAPER CHAIN KIT 50'S CHRISTMAS ,40,2011-11-20 10:37:00,2.55,14739.0,United Kingdom,102.0
502489,22618,COOKING SET RETROSPOT,2,2010-03-25 10:04:00,9.95,15527.0,United Kingdom,19.9
508202,22558,CLOTHES PEGS RETROSPOT PACK 24 ,48,2010-05-13 14:18:00,1.06,17416.0,United Kingdom,50.88
526267,22902,TOTE BAG I LOVE LONDON,36,2010-10-11 10:56:00,2.1,12678.0,France,75.60000000000001
501182,22355,"CHARLOTTE BAG , SUKI DESIGN",10,2010-03-15 11:39:00,0.85,16186.0,United Kingdom,8.5
580070,22077,6 RIBBONS RUSTIC CHARM,12,2011-12-01 13:47:00,1.95,12919.0,United Kingdom,23.4
572065,22553,PLASTERS IN TIN SKULLS,3,2011-10-20 13:06:00,1.65,12556.0,Spain,4.949999999999999
513163,72008,FROSTED BOX 9 WHITE T-LIGHT CANDLES,6,2010-06-22 10:55:00,0.42,16883.0,United Kingdom,2.52
551387,22840,ROUND CAKE TIN VINTAGE RED,4,2011-04-28 11:40:00,7.95,14240.0,United Kingdom,31.8
560033,23236,DOILEY STORAGE TIN,6,2011-07-14 13:28:00,2.89,12388.0,Australia,17.34
525010,22505,MEMO BOARD COTTAGE DESIGN,4,2010-10-03 10:51:00,4.95,16923.0,United Kingdom,19.8
527093,22636,CHILDS BREAKFAST SET CIRCUS PARADE,1,2010-10-14 16:14:00,8.5,17823.0,United Kingdom,8.5
534200,84029E,RED WOOLLY HOTTIE WHITE HEART.,4,2010-11-21 15:14:00,3.75,15350.0,United Kingdom,15.0
534154,84534B,FAIRY CAKE NOTEBOOK A5 SIZE,4,2010-11-21 12:29:00,0.85,16007.0,United Kingdom,3.4
501810,21756,BATH BUILDING BLOCK WORD,3,2010-03-19 14:41:00,5.95,14911.0,EIRE,17.85
555703,20728,LUNCH BAG CARS BLUE,10,2011-06-06 15:06:00,1.65,15379.0,United Kingdom,16.5
495581,21381,MINI WOODEN HAPPY BIRTHDAY GARLAND,12,2010-01-26 10:09:00,1.69,12468.0,Germany,20.28
552269,23298,SPOTTY BUNTING,1,2011-05-08 11:52:00,4.95,16121.0,United Kingdom,4.95
571498,72349B,SET/6 PURPLE BUTTERFLY T-LIGHTS,1,2011-10-17 15:06:00,2.1,17841.0,United Kingdom,2.1
560251,23191,BUNDLE OF 3 RETRO NOTE BOOKS,1,2011-07-17 12:32:00,1.65,17774.0,United Kingdom,1.65
550178,84569D,PACK 6 HEART/ICE-CREAM PATCHES,12,2011-04-14 17:25:00,1.25,12662.0,Germany,15.0
526845,22632,HAND WARMER RED RETROSPOT,192,2010-10-13 12:18:00,1.85,17511.0,United Kingdom,355.20000000000005
566453,21179,NO JUNK MAIL METAL SIGN,25,2011-09-12 16:23:00,0.39,17811.0,United Kingdom,9.75
524628,21212,PACK OF 72 RETROSPOT CAKE CASES,2,2010-09-30 10:56:00,0.55,14796.0,United Kingdom,1.1
536607,21754,HOME BUILDING BLOCK WORD,3,2010-12-02 09:29:00,5.95,17732.0,United Kingdom,17.85
534172,22940,FELTCRAFT CHRISTMAS FAIRY,5,2010-11-21 13:30:00,4.25,14800.0,United Kingdom,21.25
538382,22554,PLASTERS IN TIN WOODLAND ANIMALS,3,2010-12-12 11:37:00,1.65,17218.0,United Kingdom,4.949999999999999
576321,23369,SET 36 COLOUR PENCILS LOVE LONDON,2,2011-11-14 14:59:00,1.25,14953.0,United Kingdom,2.5
550279,21746,SMALL RED RETROSPOT WINDMILL,2,2011-04-15 13:16:00,1.25,14700.0,United Kingdom,2.5
565218,22418,10 COLOUR SPACEBOY PEN,24,2011-09-01 17:45:00,0.85,12739.0,United Arab Emirates,20.4
559525,22626,BLACK KITCHEN SCALES,1,2011-07-10 10:30:00,8.5,16923.0,United Kingdom,8.5
570374,23169,CLASSIC GLASS COOKIE JAR,1,2011-10-10 12:34:00,4.15,14719.0,United Kingdom,4.15
537351,22215,CAKE STAND WHITE TWO TIER LACE,1,2010-12-06 12:23:00,8.5,16898.0,United Kingdom,8.5
497926,21578,WOODLAND DESIGN  COTTON TOTE BAG,6,2010-02-15 08:41:00,2.25,12426.0,Germany,13.5
499965,21774,DECORATIVE CATS BATHROOM BOTTLE,2,2010-03-03 13:57:00,1.25,16461.0,United Kingdom,2.5
517001,84992,72 SWEETHEART FAIRY CAKE CASES,120,2010-07-26 11:28:00,0.42,16422.0,United Kingdom,50.4
512685,21843,RED RETROSPOT CAKE STAND,1,2010-06-17 11:46:00,10.95,13971.0,United Kingdom,10.95
555719,23054,RECYCLED ACAPULCO MAT LAVENDER,2,2011-06-06 15:31:00,8.25,12609.0,Germany,16.5
494490,15056N,EDWARDIAN PARASOL NATURAL,6,2010-01-14 17:20:00,4.95,17850.0,United Kingdom,29.700000000000003
550515,84991,60 TEATIME FAIRY CAKE CASES,1,2011-04-18 17:29:00,0.55,14502.0,United Kingdom,0.55
556474,84991,60 TEATIME FAIRY CAKE CASES,2,2011-06-12 12:01:00,0.55,16007.0,United Kingdom,1.1
569217,23077,DOUGHNUT LIP GLOSS ,20,2011-10-02 12:45:00,1.25,15579.0,United Kingdom,25.0
565990,20724,RED RETROSPOT CHARLOTTE BAG,20,2011-09-08 11:44:00,0.85,13577.0,United Kingdom,17.0
527065,21222,SET/4 BADGES BEETLES,2,2010-10-14 13:57:00,1.25,17751.0,United Kingdom,2.5
567630,23269,SET OF 2 CERAMIC CHRISTMAS TREES,12,2011-09-21 13:24:00,1.45,15737.0,United Kingdom,17.4
518314,35957,SMALLFOLKART BAUBLE CHRISTMAS DEC,96,2010-08-06 12:13:00,0.19,13920.0,United Kingdom,18.240000000000002
551033,23207,LUNCH BAG ALPHABET DESIGN,1,2011-04-26 11:32:00,1.65,15039.0,United Kingdom,1.65
500159,22197,SMALL POPCORN HOLDER,6,2010-03-04 18:27:00,0.85,14159.0,United Kingdom,5.1
546984,21121,SET/10 RED POLKADOT PARTY CANDLES,5,2011-03-18 12:35:00,1.25,15019.0,United Kingdom,6.25
557278,82484,WOOD BLACK BOARD ANT WHITE FINISH,4,2011-06-19 12:08:00,7.95,13089.0,United Kingdom,31.8
535992,22355,CHARLOTTE BAG SUKI DESIGN,20,2010-11-29 13:35:00,0.72,14298.0,United Kingdom,14.399999999999999
538367,22492,MINI PAINT SET VINTAGE ,36,2010-12-12 10:48:00,0.65,14800.0,United Kingdom,23.400000000000002
538002,21628,TRIANGULAR POUFFE VINTAGE ,2,2010-12-09 11:48:00,14.95,14932.0,Channel Islands,29.9
537694,22937,BAKING MOULD CHOCOLATE CUPCAKES,12,2010-12-08 10:46:00,2.55,14901.0,United Kingdom,30.599999999999998
545334,85187,S/12 MINI RABBIT EASTER,2,2011-03-01 16:34:00,1.65,15750.0,United Kingdom,3.3
543382,85049G,CHOCOLATE BOX RIBBONS ,3,2011-02-07 16:21:00,1.25,14030.0,United Kingdom,3.75
520405,85014A,BLACK/BLUE DOTS RUFFLED UMBRELLA,3,2010-08-25 17:27:00,5.95,17338.0,United Kingdom,17.85
560841,22197,POPCORN HOLDER,36,2011-07-21 12:25:00,0.72,14298.0,United Kingdom,25.919999999999998
564821,22561,WOODEN SCHOOL COLOURING SET,3,2011-08-30 12:16:00,1.65,14078.0,United Kingdom,4.949999999999999
564643,82551,LAUNDRY 15C METAL SIGN,5,2011-08-26 13:25:00,1.45,15356.0,United Kingdom,7.25
505889,21907,I'M ON HOLIDAY METAL SIGN,12,2010-04-26 14:14:00,2.1,13012.0,United Kingdom,25.200000000000003
489434,21523,FANCY FONT HOME SWEET HOME DOORMAT,10,2009-12-01 07:45:00,5.95,13085.0,United Kingdom,59.5
570660,22960,JAM MAKING SET WITH JARS,72,2011-10-11 14:18:00,3.75,14866.0,United Kingdom,270.0
525017,22062,CERAMIC BOWL WITH LOVE HEART DESIGN,12,2010-10-03 11:35:00,2.95,13014.0,United Kingdom,35.400000000000006
542662,22555,PLASTERS IN TIN STRONGMAN,12,2011-01-31 12:10:00,1.65,18145.0,United Kingdom,19.799999999999997
544067,20756,GREEN FERN POCKET BOOK,3,2011-02-15 14:02:00,0.85,16431.0,United Kingdom,2.55
577690,84992,72 SWEETHEART FAIRY CAKE CASES,1,2011-11-21 11:34:00,0.55,12856.0,United Kingdom,0.55
568198,22505,MEMO BOARD COTTAGE DESIGN,2,2011-09-25 14:52:00,4.95,16771.0,United Kingdom,9.9
498055,85231B,CINAMMON SET OF 9 T-LIGHTS,4,2010-02-16 12:11:00,0.85,14669.0,United Kingdom,3.4
552975,22918,HERB MARKER PARSLEY,12,2011-05-12 13:58:00,0.65,17932.0,United Kingdom,7.800000000000001
574911,22593,CHRISTMAS GINGHAM STAR,12,2011-11-07 15:49:00,0.85,14073.0,United Kingdom,10.2
523776,85099F,JUMBO BAG STRAWBERRY,8,2010-09-24 11:25:00,1.95,15898.0,United Kingdom,15.6
503714,84509F,SET OF 4 NEW ENGLAND PLACEMATS,2,2010-04-06 14:42:00,3.75,13432.0,United Kingdom,7.5
508390,22236,CAKE STAND 3 TIER MAGIC GARDEN,1,2010-05-14 14:34:00,12.75,14296.0,United Kingdom,12.75
511300,82484,WOOD BLACK BOARD ANT WHITE FINISH,2,2010-06-07 15:31:00,6.45,16788.0,United Kingdom,12.9
527942,22776,SWEETHEART CAKESTAND 3 TIER,2,2010-10-19 14:30:00,9.95,14469.0,United Kingdom,19.9
503863,22617,BAKING SET SPACEBOY DESIGN,3,2010-04-08 11:11:00,4.95,15309.0,United Kingdom,14.850000000000001
495385,84869,CANDY BUTTON PHOTO ALBUM,12,2010-01-24 14:30:00,1.95,13209.0,United Kingdom,23.4
569555,22585,PACK OF 6 BIRDY GIFT TAGS,12,2011-10-05 08:17:00,1.25,17728.0,United Kingdom,15.0
537054,85123A,WHITE HANGING HEART T-LIGHT HOLDER,1,2010-12-05 11:40:00,2.95,16931.0,United Kingdom,2.95
557278,22088,PAPER BUNTING COLOURED LACE,12,2011-06-19 12:08:00,2.95,13089.0,United Kingdom,35.400000000000006
507000,20971,PINK BLUE FELT CRAFT TRINKET BOX,12,2010-05-05 14:09:00,1.25,16746.0,United Kingdom,15.0
535408,21916,SET 12 RETRO WHITE CHALK STICKS,24,2010-11-26 11:24:00,0.42,14934.0,Channel Islands,10.08
519910,21240,BLUE  SPOTTY CUP,8,2010-08-22 13:46:00,0.85,13157.0,United Kingdom,6.8
580505,22755,SMALL PURPLE BABUSHKA NOTEBOOK ,2,2011-12-04 13:32:00,0.21,15867.0,United Kingdom,0.42
513772,21034,REX CASH+CARRY JUMBO SHOPPER,2,2010-06-28 13:52:00,0.95,17259.0,United Kingdom,1.9
495059,21314,SMALL GLASS HEART TRINKET POT,4,2010-01-20 16:00:00,2.1,13756.0,United Kingdom,8.4
540021,47421,ASSORTED COLOUR LIZARD SUCTION HOOK,24,2011-01-04 12:51:00,0.42,17841.0,United Kingdom,10.08
542422,21121,SET/10 RED POLKADOT PARTY CANDLES,4,2011-01-27 19:33:00,1.25,14702.0,United Kingdom,5.0
525416,84849D,HOT BATHS SOAP HOLDER,12,2010-10-05 12:43:00,1.69,16525.0,United Kingdom,20.28
530998,22840,ROUND CAKE TIN VINTAGE RED,2,2010-11-05 11:17:00,7.95,15034.0,United Kingdom,15.9
548541,82580,BATHROOM METAL SIGN,1,2011-03-31 17:59:00,0.55,14957.0,United Kingdom,0.55
525869,22750,FELTCRAFT PRINCESS LOLA DOLL,2,2010-10-07 13:35:00,3.75,14963.0,United Kingdom,7.5
561877,23209,LUNCH BAG DOILEY PATTERN ,10,2011-07-31 12:16:00,1.65,16401.0,United Kingdom,16.5
527344,84732D,CUTE RABBIT CEATURE SCREEN ,1,2010-10-15 15:38:00,1.65,13069.0,United Kingdom,1.65
570488,22982,PANTRY PASTRY BRUSH,3,2011-10-10 17:12:00,2.46,14096.0,United Kingdom,7.38
572023,22441,GROW YOUR OWN BASIL IN ENAMEL MUG,16,2011-10-20 11:03:00,2.1,17764.0,United Kingdom,33.6
525017,47556B,TEA TIME TEA TOWELS ,6,2010-10-03 11:35:00,2.95,13014.0,United Kingdom,17.700000000000003
503180,22411,JUMBO SHOPPER VINTAGE RED PAISLEY,2,2010-03-30 14:14:00,1.95,12836.0,United Kingdom,3.9
514369,84380,SET OF 3 BUTTERFLY COOKIE CUTTERS,12,2010-07-02 08:26:00,1.25,12477.0,Germany,15.0
510733,47579,TEA TIME BREAKFAST BASKET,6,2010-06-03 11:12:00,2.1,15502.0,United Kingdom,12.600000000000001
520511,85036C,ROSE 1 WICK MORRIS BOXED CANDLE,18,2010-08-26 13:22:00,3.81,15497.0,United Kingdom,68.58
498345,21691,SILVER VANILLA FLOWER CANDLE POT,4,2010-02-18 11:53:00,3.75,13431.0,United Kingdom,15.0
570113,22721,SET OF 3 CAKE TINS SKETCHBOOK,8,2011-10-07 12:31:00,4.95,15874.0,United Kingdom,39.6
536527,22973,CHILDREN'S CIRCUS PARADE MUG,12,2010-12-01 13:04:00,1.65,12662.0,Germany,19.799999999999997
571653,35923,CANDY HEART HANGING DECORATION,96,2011-10-18 12:17:00,0.39,14298.0,United Kingdom,37.44
510445,84832,ZINC WILLIE WINKIE  CANDLE STICK,3,2010-05-30 15:58:00,0.85,18069.0,United Kingdom,2.55
512787,21612,SET 12 WILDFLOWER BOTANICAL T-LIGHT,6,2010-06-18 08:58:00,2.95,14492.0,United Kingdom,17.700000000000003
556685,23090,VINTAGE GLASS T-LIGHT HOLDER,12,2011-06-14 10:00:00,0.83,14503.0,United Kingdom,9.959999999999999
539089,85123A,WHITE HANGING HEART T-LIGHT HOLDER,6,2010-12-16 09:46:00,2.95,15246.0,United Kingdom,17.700000000000003
528585,22983,"CARD, BILLBOARD FONT",12,2010-10-22 13:44:00,0.42,17191.0,United Kingdom,5.04
495381,22189,CREAM HEART CARD HOLDER,8,2010-01-24 13:54:00,3.95,13327.0,United Kingdom,31.6
490166,22348,TEA BAG PLATE RED SPOTTY ,12,2009-12-04 11:32:00,0.85,14735.0,United Kingdom,10.2
574744,23343,JUMBO BAG VINTAGE CHRISTMAS ,10,2011-11-07 07:38:00,2.08,16612.0,United Kingdom,20.8
562776,22637,PIGGY BANK RETROSPOT ,4,2011-08-09 12:23:00,2.55,14180.0,United Kingdom,10.2
544160,22859,EASTER TIN BUNNY BOUQUET,6,2011-02-16 12:49:00,1.65,16494.0,United Kingdom,9.899999999999999
562963,23197,SKETCHBOOK MAGNETIC SHOPPING LIST,12,2011-08-11 10:29:00,1.45,13203.0,United Kingdom,17.4
558084,20984,12 PENCILS TALL TUBE POSY,24,2011-06-26 11:47:00,0.29,14837.0,United Kingdom,6.959999999999999
560882,15036,ASSORTED COLOURS SILK FAN,36,2011-07-21 15:47:00,0.83,17213.0,United Kingdom,29.88
563935,84992,72 SWEETHEART FAIRY CAKE CASES,2,2011-08-21 16:24:00,0.55,15547.0,United Kingdom,1.1
570717,22271,FELTCRAFT DOLL ROSIE,12,2011-10-12 10:35:00,2.95,17173.0,United Kingdom,35.400000000000006
542789,22170,PICTURE FRAME WOOD TRIPLE PORTRAIT,12,2011-02-01 10:38:00,5.95,17511.0,United Kingdom,71.4
567878,21975,PACK OF 60 DINOSAUR CAKE CASES,4,2011-09-22 14:42:00,0.55,16910.0,United Kingdom,2.2
504864,72008,FROSTED BOX 9 WHITE T-LIGHT CANDLES,6,2010-04-18 12:14:00,0.42,13262.0,United Kingdom,2.52
549546,21986,PACK OF 12 PINK POLKADOT TISSUES,12,2011-04-10 11:24:00,0.29,16889.0,United Kingdom,3.4799999999999995
514289,20692,FLORAL ELEPHANT SOFT TOY,3,2010-07-01 12:12:00,4.25,13735.0,United Kingdom,12.75
560997,21981,PACK OF 12 WOODLAND TISSUES ,24,2011-07-22 13:59:00,0.29,12627.0,Germany,6.959999999999999
539307,22834,HAND WARMER BABUSHKA DESIGN,120,2010-12-16 17:43:00,0.85,13694.0,United Kingdom,102.0
540552,22470,HEART OF WICKER LARGE,6,2011-01-10 09:44:00,2.95,16350.0,United Kingdom,17.700000000000003
505708,21905,MORE BUTTER METAL SIGN ,2,2010-04-25 12:15:00,2.1,13782.0,United Kingdom,4.2
490953,21274,EMBOSSED HEART 3 DRAWER SHELF,1,2009-12-08 14:56:00,12.75,13204.0,United Kingdom,12.75
562649,22426,ENAMEL WASH BOWL CREAM,4,2011-08-08 13:11:00,3.75,14606.0,United Kingdom,15.0
555285,84313C,ORANGE TV TRAY TABLE ,186,2011-06-02 09:38:00,1.95,14298.0,United Kingdom,362.7
576851,22153,ANGEL DECORATION STARS ON DRESS,2,2011-11-16 15:41:00,0.42,15967.0,United Kingdom,0.84
574165,21287,SCENTED VELVET LOUNGE CANDLE ,72,2011-11-03 11:36:00,0.38,14815.0,United Kingdom,27.36
490512,22139,RETRO SPOT TEA SET CERAMIC 11 PC ,2,2009-12-06 14:54:00,4.95,14606.0,United Kingdom,9.9
492813,21494,ROTATING LEAVES T-LIGHT HOLDER,19,2009-12-20 13:14:00,2.55,17920.0,United Kingdom,48.449999999999996
506715,48194,DOOR MAT HEARTS,6,2010-05-02 15:48:00,7.49,13113.0,United Kingdom,44.94
513953,21465,PINK FLOWER CROCHET FOOD COVER,6,2010-06-29 14:14:00,3.75,14426.0,United Kingdom,22.5
499692,21448,12 DAISY PEGS IN WOOD BOX,12,2010-03-02 10:49:00,1.65,16946.0,United Kingdom,19.799999999999997
569694,23320,GIANT 50'S CHRISTMAS CRACKER,36,2011-10-05 15:24:00,2.89,17735.0,United Kingdom,104.04
568989,85099C,JUMBO  BAG BAROQUE BLACK WHITE,10,2011-09-29 16:41:00,2.08,14709.0,United Kingdom,20.8
535967,22300,COFFEE MUG DOG + BALL DESIGN,18,2010-11-29 12:46:00,2.55,14510.0,United Kingdom,45.9
524877,22551,PLASTERS IN TIN SPACEBOY,1,2010-10-01 10:33:00,1.65,13069.0,United Kingdom,1.65
523012,82583,HOT BATHS METAL SIGN,12,2010-09-20 10:08:00,2.1,17163.0,United Kingdom,25.200000000000003
516137,21754,HOME BUILDING BLOCK WORD,3,2010-07-16 16:07:00,5.95,17680.0,United Kingdom,17.85
566082,23020,GLASS  SONGBIRD STORAGE JAR,1,2011-09-09 10:09:00,12.5,16293.0,United Kingdom,12.5
572066,22698,PINK REGENCY TEACUP AND SAUCER,6,2011-10-20 13:07:00,2.95,15159.0,United Kingdom,17.700000000000003
526039,20685,DOORMAT RED RETROSPOT,10,2010-10-08 11:48:00,6.75,15144.0,United Kingdom,67.5
525060,84879,ASSORTED COLOUR BIRD ORNAMENT,5,2010-10-03 14:13:00,1.69,14462.0,United Kingdom,8.45
559897,84050,PINK HEART SHAPE EGG FRYING PAN,72,2011-07-13 12:18:00,1.25,16779.0,United Kingdom,90.0
535684,22249,DECORATION WHITE CHICK MAGIC GARDEN,3,2010-11-28 12:49:00,0.85,16359.0,United Kingdom,2.55
514514,85034B,3 WHITE CHOC MORRIS BOXED CANDLES,2,2010-07-04 13:59:00,4.25,15976.0,United Kingdom,8.5
495280,21239,PINK  SPOTTY CUP,8,2010-01-22 12:24:00,0.85,12708.0,Germany,6.8
569405,22045,SPACEBOY GIFT WRAP,25,2011-10-04 09:05:00,0.42,15241.0,United Kingdom,10.5
505578,21874,GIN AND TONIC MUG,12,2010-04-23 12:12:00,1.25,15306.0,United Kingdom,15.0
546223,22088,PAPER BUNTING COLOURED LACE,6,2011-03-10 12:22:00,2.95,14854.0,United Kingdom,17.700000000000003
561507,22727,ALARM CLOCK BAKELIKE RED ,4,2011-07-27 14:21:00,3.75,12397.0,Belgium,15.0
563246,21733,RED HANGING HEART T-LIGHT HOLDER,12,2011-08-15 10:57:00,2.95,13089.0,United Kingdom,35.400000000000006
530259,22781,GUMBALL MAGAZINE RACK,2,2010-11-02 11:33:00,7.65,12476.0,Germany,15.3
513015,21562,HAWAIIAN GRASS SKIRT ,6,2010-06-21 11:38:00,2.1,15819.0,United Kingdom,12.600000000000001
531767,22758,LARGE PURPLE BABUSHKA NOTEBOOK  ,3,2010-11-09 14:04:00,1.25,17841.0,United Kingdom,3.75
551171,22698,PINK REGENCY TEACUP AND SAUCER,2,2011-04-26 16:45:00,2.95,13263.0,United Kingdom,5.9
523922,22662,LUNCH BAG DOLLY GIRL DESIGN,10,2010-09-24 16:24:00,1.65,13141.0,United Kingdom,16.5
515096,22611,VINTAGE UNION JACK SHOPPING BAG,3,2010-07-08 11:44:00,4.95,16539.0,United Kingdom,14.850000000000001
566734,23146,TRIPLE HOOK ANTIQUE IVORY ROSE,1,2011-09-14 14:09:00,3.29,16910.0,United Kingdom,3.29
516954,22651,GENTLEMAN SHIRT REPAIR KIT ,4,2010-07-25 15:40:00,0.85,13137.0,United Kingdom,3.4
561258,23173,REGENCY TEAPOT ROSES ,2,2011-07-26 12:03:00,9.95,15513.0,United Kingdom,19.9
530731,22666,RECIPE BOX PANTRY YELLOW DESIGN,6,2010-11-04 11:48:00,2.95,15270.0,United Kingdom,17.700000000000003
502759,22402,MAGNETS PACK OF 4 VINTAGE COLLAGE,108,2010-03-26 13:46:00,1.25,14646.0,Netherlands,135.0
558382,23028,DRAWER KNOB CRACKLE GLAZE BLUE,24,2011-06-28 17:28:00,1.65,17997.0,United Kingdom,39.599999999999994
521896,22383,LUNCH BAG SUKI  DESIGN ,10,2010-09-09 12:19:00,1.65,12682.0,France,16.5
490063,84497,BUTTONS AND STRIPES NOTEBOOK ,1,2009-12-03 13:49:00,3.75,17271.0,United Kingdom,3.75
546944,21623,VINTAGE UNION JACK MEMOBOARD,2,2011-03-18 11:13:00,9.95,14701.0,United Kingdom,19.9
522073,22470,HEART OF WICKER LARGE,6,2010-09-12 10:49:00,2.95,16787.0,United Kingdom,17.700000000000003
557995,21696,SMALL SILVER TRELLIS CANDLEPOT,6,2011-06-24 10:44:00,2.95,17979.0,United Kingdom,17.700000000000003
568346,21466,RED FLOWER CROCHET FOOD COVER,1,2011-09-26 15:28:00,7.46,14096.0,United Kingdom,7.46
554043,23283,DOORMAT VINTAGE LEAVES DESIGN ,2,2011-05-20 14:47:00,7.95,16832.0,United Kingdom,15.9
494359,20893,HANGING BAUBLE T-LIGHT HOLDER SMALL,1,2010-01-13 15:24:00,2.55,17962.0,United Kingdom,2.55
570841,22622,BOX OF VINTAGE ALPHABET BLOCKS,4,2011-10-12 14:18:00,11.95,12553.0,France,47.8
566822,23389,SPACEBOY MINI BACKPACK,4,2011-09-15 11:33:00,4.15,17677.0,United Kingdom,16.6
543188,84012,MAGIC SHEEP WOOL GROWING FROM PAPER,12,2011-02-04 11:45:00,2.55,12567.0,France,30.599999999999998
500353,21240,BLUE  SPOTTY CUP,8,2010-03-07 15:25:00,0.85,12668.0,Germany,6.8
530508,22457,NATURAL SLATE HEART CHALKBOARD ,6,2010-11-03 12:05:00,2.95,16623.0,United Kingdom,17.700000000000003
508074,22606,WOODEN SKITTLES GARDEN SET,1,2010-05-12 16:03:00,15.95,17897.0,United Kingdom,15.95
525862,22625,RED KITCHEN SCALES,1,2010-10-07 13:21:00,8.5,14606.0,United Kingdom,8.5
496987,21248,DOOR HANGER  MUM + DADS ROOM,24,2010-02-05 11:21:00,1.25,14607.0,United Kingdom,30.0
535677,22867,HAND WARMER BIRD DESIGN,2,2010-11-28 12:15:00,2.1,14546.0,United Kingdom,4.2
553856,22665,RECIPE BOX BLUE SKETCHBOOK DESIGN,1,2011-05-19 13:28:00,2.95,16813.0,United Kingdom,2.95
570413,22424,ENAMEL BREAD BIN CREAM,2,2011-10-10 13:13:00,12.75,17652.0,United Kingdom,25.5
545148,21181,PLEASE ONE PERSON METAL SIGN,12,2011-02-28 12:14:00,2.1,13675.0,United Kingdom,25.200000000000003
546545,22220,CAKE STAND LOVEBIRD 2 TIER WHITE,1,2011-03-14 15:48:00,9.95,16804.0,United Kingdom,9.95
522125,35004C,SET OF 3 COLOURED  FLYING DUCKS,3,2010-09-13 09:37:00,5.45,16558.0,United Kingdom,16.35
580074,21866,UNION JACK FLAG LUGGAGE TAG,12,2011-12-01 14:06:00,1.25,15028.0,United Kingdom,15.0
534870,22129,PARTY CONES CANDY TREE DECORATION,6,2010-11-24 14:29:00,0.85,17601.0,United Kingdom,5.1
526246,22669,RED BABY BUNTING ,5,2010-10-11 09:44:00,2.95,12909.0,United Kingdom,14.75
574514,23168,CLASSIC CAFE SUGAR DISPENSER,36,2011-11-04 13:34:00,1.04,15311.0,United Kingdom,37.44
508100,22115,METAL SIGN EMPIRE TEA,6,2010-05-13 09:57:00,2.95,15805.0,United Kingdom,17.700000000000003
515324,22469,HEART OF WICKER SMALL,5,2010-07-11 12:36:00,1.65,13595.0,United Kingdom,8.25
521226,22440,BALLOON WATER BOMB PACK OF 35,5,2010-09-03 10:49:00,0.42,16719.0,United Kingdom,2.1
523004,20728,LUNCH BAG CARS BLUE,1,2010-09-19 16:18:00,1.65,13451.0,United Kingdom,1.65
558194,16237,SLEEPING CAT ERASERS,5,2011-06-27 12:28:00,0.21,14583.0,United Kingdom,1.05
575041,85099C,JUMBO  BAG BAROQUE BLACK WHITE,2,2011-11-08 12:01:00,2.08,17289.0,United Kingdom,4.16
568198,21731,RED TOADSTOOL LED NIGHT LIGHT,6,2011-09-25 14:52:00,1.65,16771.0,United Kingdom,9.899999999999999
563384,90094,NECKLACE+BRACELET SET FRUIT SALAD ,1,2011-08-16 10:52:00,2.55,17315.0,United Kingdom,2.55
537822,84997A,GREEN 3 PIECE POLKADOT CUTLERY SET,6,2010-12-08 14:22:00,3.75,13523.0,United Kingdom,22.5
539395,22961,JAM MAKING SET PRINTED,48,2010-12-17 11:52:00,1.45,12471.0,Germany,69.6
545995,20751,FUNKY WASHING UP GLOVES ASSORTED,2,2011-03-08 13:54:00,2.1,15023.0,United Kingdom,4.2
574964,22549,PICTURE DOMINOES,72,2011-11-08 10:29:00,1.25,13329.0,United Kingdom,90.0
575610,22141,CHRISTMAS CRAFT TREE TOP ANGEL,6,2011-11-10 12:45:00,2.1,16628.0,United Kingdom,12.600000000000001
540247,84879,ASSORTED COLOUR BIRD ORNAMENT,8,2011-01-05 15:56:00,1.69,15464.0,United Kingdom,13.52
568984,22508,DOORSTOP RETROSPOT HEART,1,2011-09-29 15:57:00,3.75,17813.0,United Kingdom,3.75
529813,22296,HEART IVORY TRELLIS LARGE,12,2010-10-31 11:09:00,1.65,13888.0,United Kingdom,19.799999999999997
559937,48187,DOORMAT NEW ENGLAND,2,2011-07-14 10:11:00,7.95,13577.0,United Kingdom,15.9
568136,22178,VICTORIAN GLASS HANGING T-LIGHT,96,2011-09-25 10:30:00,1.65,13630.0,United Kingdom,158.39999999999998
518076,85152,HAND OVER THE CHOCOLATE   SIGN ,3,2010-08-04 13:42:00,2.1,15456.0,United Kingdom,6.300000000000001
567850,23245,SET OF 3 REGENCY CAKE TINS,4,2011-09-22 13:18:00,4.95,15067.0,United Kingdom,19.8
497929,22308,TEA COSY BLUE STRIPE,12,2010-02-15 09:20:00,2.55,14302.0,United Kingdom,30.599999999999998
568895,21907,I'M ON HOLIDAY METAL SIGN,3,2011-09-29 13:11:00,2.1,15356.0,United Kingdom,6.300000000000001
547087,22531,MAGIC DRAWING SLATE CIRCUS PARADE  ,72,2011-03-20 15:58:00,0.42,12726.0,France,30.24
538671,18098C,PORCELAIN BUTTERFLY OIL BURNER,48,2010-12-13 16:38:00,2.55,15777.0,United Kingdom,122.39999999999999
573780,22430,ENAMEL WATERING CAN CREAM,4,2011-11-01 11:12:00,4.95,17503.0,United Kingdom,19.8
577855,23234,BISCUIT TIN VINTAGE CHRISTMAS,1,2011-11-22 11:18:00,2.89,15877.0,United Kingdom,2.89
526211,20932,PINK POT PLANT CANDLE,3,2010-10-10 13:51:00,3.75,16593.0,United Kingdom,11.25
535269,22667,RECIPE BOX RETROSPOT ,8,2010-11-25 13:38:00,2.95,14597.0,United Kingdom,23.6
503790,22349,"DOG BOWL , CHASING BALL DESIGN",2,2010-04-07 12:45:00,3.75,13174.0,United Kingdom,7.5
501694,21906,PHARMACIE FIRST AID TIN,2,2010-03-18 18:25:00,6.75,16668.0,United Kingdom,13.5
576228,22150,3 STRIPEY MICE FELTCRAFT,2,2011-11-14 13:12:00,1.95,15033.0,United Kingdom,3.9
492749,22172,METAL SHELF WITH RAIL ,4,2009-12-18 13:35:00,8.5,14911.0,EIRE,34.0
519115,22478,BIRDHOUSE GARDEN MARKER ,4,2010-08-13 11:59:00,1.25,17639.0,United Kingdom,5.0
532324,84754,S/15 SILVER GLASS BAUBLES IN BAG,24,2010-11-11 15:21:00,1.25,12924.0,United Kingdom,30.0
517749,22067,CHOC TRUFFLE GOLD TRINKET POT ,12,2010-08-02 09:38:00,1.65,15200.0,United Kingdom,19.799999999999997
561325,22907,PACK OF 20 NAPKINS PANTRY DESIGN,1,2011-07-26 13:46:00,0.85,17596.0,United Kingdom,0.85
544338,22898,CHILDRENS APRON APPLES DESIGN,8,2011-02-18 08:47:00,1.95,12852.0,United Kingdom,15.6
557595,23188,VINTAGE  2 METER FOLDING RULER,5,2011-06-21 11:19:00,1.65,15507.0,United Kingdom,8.25
531922,21975,PACK OF 60 DINOSAUR CAKE CASES,1,2010-11-10 12:09:00,0.55,17974.0,United Kingdom,0.55
578335,23319,BOX OF 6 MINI 50'S CRACKERS,6,2011-11-24 09:06:00,2.49,17481.0,United Kingdom,14.940000000000001
561926,84879,ASSORTED COLOUR BIRD ORNAMENT,8,2011-08-01 12:48:00,1.69,12749.0,United Kingdom,13.52
545797,82552,WASHROOM METAL SIGN,3,2011-03-07 12:17:00,1.45,16225.0,United Kingdom,4.35
504885,84795A,PASTEL STRIPE HAMMOCK ,1,2010-04-18 13:31:00,7.95,17969.0,United Kingdom,7.95
491068,21930,JUMBO STORAGE BAG SKULLS,2,2009-12-09 12:18:00,1.95,15768.0,United Kingdom,3.9
532445,22505,MEMO BOARD COTTAGE DESIGN,1,2010-11-12 11:31:00,4.95,17772.0,United Kingdom,4.95
549690,22921,HERB MARKER CHIVES ,1,2011-04-11 13:41:00,0.65,17841.0,United Kingdom,0.65
553153,22961,JAM MAKING SET PRINTED,12,2011-05-13 14:56:00,1.45,13089.0,United Kingdom,17.4
558534,21993,FLORAL FOLK STATIONERY SET,12,2011-06-30 11:54:00,1.25,13988.0,United Kingdom,15.0
575514,22907,PACK OF 20 NAPKINS PANTRY DESIGN,12,2011-11-10 10:40:00,0.85,12541.0,Spain,10.2
537813,22837,HOT WATER BOTTLE BABUSHKA ,24,2010-12-08 13:38:00,4.65,18259.0,United Kingdom,111.60000000000001
578809,23583,LUNCH BAG PAISLEY PARK  ,20,2011-11-25 13:23:00,1.65,13048.0,United Kingdom,33.0
505877,84755,COLOUR GLASS T-LIGHT HOLDER HANGING,32,2010-04-26 13:33:00,0.65,12921.0,United Kingdom,20.8
563755,47590B,PINK HAPPY BIRTHDAY BUNTING,3,2011-08-19 10:58:00,5.45,17612.0,United Kingdom,16.35
562096,21715,GIRLS VINTAGE TIN SEASIDE BUCKET,1,2011-08-02 13:16:00,2.55,15311.0,United Kingdom,2.55
551855,22621,TRADITIONAL KNITTING NANCY,3,2011-05-04 15:08:00,1.65,12836.0,United Kingdom,4.949999999999999
531971,22849,BREAD BIN DINER STYLE MINT,1,2010-11-10 12:24:00,16.95,13464.0,United Kingdom,16.95
560888,22727,ALARM CLOCK BAKELIKE RED ,4,2011-07-21 16:33:00,3.75,15380.0,United Kingdom,15.0
574747,22623,BOX OF VINTAGE JIGSAW BLOCKS ,3,2011-11-07 08:34:00,5.95,15618.0,United Kingdom,17.85
496326,85113,POLKA DOT PISTACHIO PAIL,15,2010-01-31 13:28:00,2.1,12483.0,Sweden,31.5
577316,47591D,PINK FAIRY CAKE CHILDRENS APRON,8,2011-11-18 13:30:00,1.95,12578.0,Italy,15.6
523855,22944,CHRISTMAS METAL POSTCARD WITH BELLS,6,2010-09-24 12:18:00,1.25,15551.0,United Kingdom,7.5
526202,21985,PACK OF 12 HEARTS DESIGN TISSUES ,12,2010-10-10 13:09:00,0.29,16008.0,United Kingdom,3.4799999999999995
568066,22553,PLASTERS IN TIN SKULLS,1,2011-09-23 13:48:00,1.65,14529.0,United Kingdom,1.65
570495,47599B,BLUE PARTY BAGS ,10,2011-10-11 09:05:00,2.1,16861.0,United Kingdom,21.0
510189,71053,WHITE METAL LANTERN,24,2010-05-27 17:02:00,3.39,13101.0,United Kingdom,81.36
508593,85123A,WHITE HANGING HEART T-LIGHT HOLDER,12,2010-05-17 12:06:00,2.95,13488.0,United Kingdom,35.400000000000006
549569,17084R,ASSORTED INCENSE PACK,72,2011-04-10 15:15:00,0.21,15547.0,United Kingdom,15.12
558769,84548,CROCHET BEAR RED/BLUE  KEYRING,3,2011-07-03 14:58:00,1.65,17899.0,United Kingdom,4.949999999999999
502230,21109,"LARGE CAKE TOWEL, CHOCOLATE SPOTS",1,2010-03-23 12:13:00,6.75,14596.0,United Kingdom,6.75
570733,22910,PAPER CHAIN KIT VINTAGE CHRISTMAS,19,2011-10-12 11:33:00,2.95,17190.0,United Kingdom,56.050000000000004
537244,21791,VINTAGE HEADS AND TAILS CARD GAME ,144,2010-12-06 10:20:00,1.06,17674.0,United Kingdom,152.64000000000001
532578,22646,CERAMIC STRAWBERRY CAKE MONEY BANK,1,2010-11-12 14:13:00,1.45,17984.0,United Kingdom,1.45
576236,85071B,RED CHARLIE+LOLA PERSONAL DOORSIGN,1,2011-11-14 13:31:00,0.39,13755.0,United Kingdom,0.39
541134,21974,SET OF 36 PAISLEY FLOWER DOILIES,12,2011-01-14 10:20:00,1.45,15615.0,United Kingdom,17.4
515018,48138,DOORMAT UNION FLAG,6,2010-07-08 08:08:00,7.49,14639.0,United Kingdom,44.94
531204,21912,VINTAGE SNAKES & LADDERS,84,2010-11-05 15:25:00,3.39,17389.0,United Kingdom,284.76
548745,22646,CERAMIC STRAWBERRY CAKE MONEY BANK,12,2011-04-04 12:10:00,1.45,12471.0,Germany,17.4
579900,84879,ASSORTED COLOUR BIRD ORNAMENT,8,2011-12-01 08:34:00,1.69,15951.0,United Kingdom,13.52
538808,21504,SKULLS GREETING CARD,24,2010-12-14 12:11:00,0.42,14057.0,United Kingdom,10.08
528913,22601,CHRISTMAS RETROSPOT ANGEL WOOD,3,2010-10-25 13:43:00,0.85,17432.0,United Kingdom,2.55
526752,85123A,WHITE HANGING HEART T-LIGHT HOLDER,6,2010-10-13 10:11:00,2.95,18239.0,United Kingdom,17.700000000000003
577557,21865,PINK UNION JACK  PASSPORT COVER ,1,2011-11-20 15:36:00,2.1,15426.0,United Kingdom,2.1
513768,20719,WOODLAND CHARLOTTE BAG,10,2010-06-28 13:43:00,0.85,17667.0,United Kingdom,8.5
533114,21943,CAKES AND RABBITS DESIGN FLANNEL ,1,2010-11-16 12:22:00,0.85,14675.0,United Kingdom,0.85
546784,22931,BAKING MOULD HEART WHITE CHOCOLATE,6,2011-03-17 09:49:00,2.55,18189.0,United Kingdom,15.299999999999999
490899,21559,STRAWBERRY LUNCHBOX WITH CUTLERY,6,2009-12-08 13:04:00,2.55,16732.0,United Kingdom,15.299999999999999
563371,20725,LUNCH BAG RED RETROSPOT,10,2011-08-16 09:39:00,1.65,14006.0,United Kingdom,16.5
515605,35001W,HAND OPEN SHAPE DECO.WHITE,1,2010-07-13 14:50:00,3.49,14878.0,United Kingdom,3.49
560048,16161P,WRAP ENGLISH ROSE ,25,2011-07-14 15:02:00,0.42,13515.0,United Kingdom,10.5
564815,23172,REGENCY TEA PLATE PINK,2,2011-08-30 12:00:00,1.65,12748.0,United Kingdom,3.3
526717,21618,4 WILDFLOWER BOTANICAL CANDLES,6,2010-10-12 16:51:00,3.75,12605.0,Germany,22.5
547102,22978,PANTRY ROLLING PIN,6,2011-03-21 10:41:00,3.75,14245.0,United Kingdom,22.5
535088,48185,DOORMAT FAIRY CAKE,2,2010-11-25 10:05:00,7.95,17167.0,United Kingdom,15.9
526853,22573,STAR WOODEN CHRISTMAS DECORATION,24,2010-10-13 12:48:00,0.85,12540.0,Spain,20.4
510806,21523,DOOR MAT FANCY FONT HOME SWEET HOME,10,2010-06-03 19:05:00,6.35,17107.0,United Kingdom,63.5
520018,21645,ASSORTED TUTTI FRUTTI ROUND BOX,12,2010-08-23 11:58:00,1.65,18140.0,West Indies,19.799999999999997
577831,23344,JUMBO BAG 50'S CHRISTMAS ,10,2011-11-22 10:17:00,2.08,16748.0,United Kingdom,20.8
539083,22961,JAM MAKING SET PRINTED,12,2010-12-16 09:23:00,1.45,13317.0,United Kingdom,17.4
500998,47503K,ASSORTED FLORAL SECATEURS,12,2010-03-11 13:43:00,1.95,12957.0,United Kingdom,23.4
581006,21181,PLEASE ONE PERSON METAL SIGN,12,2011-12-07 08:45:00,2.1,14911.0,EIRE,25.200000000000003
576865,21109,LARGE CAKE TOWEL CHOCOLATE SPOTS,1,2011-11-16 16:08:00,6.75,12748.0,United Kingdom,6.75
496237,22253,6 CROCHET STRAWBERRIES,12,2010-01-29 14:37:00,1.25,17677.0,United Kingdom,15.0
557314,22949,36 DOILIES DOLLY GIRL,12,2011-06-19 15:59:00,1.45,12541.0,Spain,17.4
517645,22691,DOORMAT WELCOME SUNRISE,4,2010-07-30 13:31:00,7.49,14911.0,EIRE,29.96
564904,22564,ALPHABET STENCIL CRAFT,4,2011-08-31 12:11:00,1.25,15984.0,United Kingdom,5.0
561113,20723,STRAWBERRY CHARLOTTE BAG,1,2011-07-25 12:09:00,0.85,17841.0,United Kingdom,0.85
491701,20882,MODERN CHRISTMAS TREE CANDLE,2,2009-12-13 13:53:00,2.95,15446.0,United Kingdom,5.9
568999,23130,MISTLETOE HEART WREATH GREEN,8,2011-09-29 17:34:00,4.15,15949.0,United Kingdom,33.2
564135,21212,PACK OF 72 RETROSPOT CAKE CASES,12,2011-08-23 11:12:00,0.55,16550.0,United Kingdom,6.6000000000000005
526108,22750,FELTCRAFT PRINCESS LOLA DOLL,1,2010-10-08 12:48:00,3.75,14904.0,United Kingdom,3.75
568314,22112,CHOCOLATE HOT WATER BOTTLE,4,2011-09-26 12:58:00,4.95,14387.0,United Kingdom,19.8
510777,22532,MAGIC DRAWING SLATE LEAP FROG ,4,2010-06-03 14:57:00,0.42,13031.0,United Kingdom,1.68
513570,20724,RED SPOTTY CHARLOTTE BAG,10,2010-06-25 14:46:00,0.85,18168.0,United Kingdom,8.5
544462,22624,IVORY KITCHEN SCALES,1,2011-02-20 14:21:00,8.5,17050.0,United Kingdom,8.5
570239,85185B,PINK HORSE SOCK PUPPET KIT,6,2011-10-09 15:04:00,2.95,16518.0,United Kingdom,17.700000000000003
528621,22631,CIRCUS PARADE LUNCH BOX ,3,2010-10-24 10:41:00,1.95,14800.0,United Kingdom,5.85
549560,22410,MONEY BOX HOUSEKEEPING DESIGN,1,2011-04-10 13:26:00,1.25,15058.0,United Kingdom,1.25
558056,21390,FILIGRIS HEART WITH BUTTERFLY,24,2011-06-24 14:54:00,1.25,15186.0,United Kingdom,30.0
539826,22112,CHOCOLATE HOT WATER BOTTLE,6,2010-12-22 12:39:00,4.95,15044.0,United Kingdom,29.700000000000003
506226,48187,DOOR MAT NEW ENGLAND,2,2010-04-28 12:01:00,7.49,13047.0,United Kingdom,14.98
507383,20675,BLUE SPOTTY BOWL,8,2010-05-09 12:03:00,1.25,14839.0,United Kingdom,10.0
536017,21034,REX CASH+CARRY JUMBO SHOPPER,3,2010-11-29 15:39:00,0.95,15005.0,United Kingdom,2.8499999999999996
543281,85078,SCANDINAVIAN 3 HEARTS NAPKIN RING,8,2011-02-06 15:34:00,0.65,14606.0,United Kingdom,5.2
543777,21181,PLEASE ONE PERSON METAL SIGN,3,2011-02-11 16:20:00,2.1,15406.0,United Kingdom,6.300000000000001
545220,21259,VICTORIAN SEWING BOX SMALL ,2,2011-03-01 08:30:00,5.95,14620.0,United Kingdom,11.9
528631,20893,HANGING BAUBLE T-LIGHT HOLDER SMALL,36,2010-10-24 11:19:00,2.1,13941.0,United Kingdom,75.60000000000001
521975,22679,"FRENCH BLUE METAL DOOR SIGN, 4",6,2010-09-09 20:00:00,1.25,13969.0,United Kingdom,7.5
505788,84212,"ASSORTED FLOWER COLOUR ""LEIS""",24,2010-04-26 11:00:00,0.65,16099.0,United Kingdom,15.600000000000001
519934,21755,LOVE BUILDING BLOCK WORD,1,2010-08-22 16:08:00,5.95,16770.0,United Kingdom,5.95
519947,35810A,ENAMEL PINK COFFEE CONTAINER,12,2010-08-23 10:41:00,0.85,14156.0,EIRE,10.2
555471,84971S,SMALL HEART FLOWERS HOOK ,10,2011-06-03 11:42:00,0.85,16117.0,United Kingdom,8.5
529810,20961,STRAWBERRY BATH SPONGE ,2,2010-10-31 11:01:00,1.25,16010.0,United Kingdom,2.5
544792,22729,ALARM CLOCK BAKELIKE ORANGE,8,2011-02-23 12:37:00,3.75,18172.0,United Kingdom,30.0
569005,22048,BIRTHDAY BANQUET GIFT WRAP,25,2011-09-29 18:30:00,0.42,16268.0,United Kingdom,10.5
562609,22423,REGENCY CAKESTAND 3 TIER,16,2011-08-08 11:55:00,10.95,17331.0,United Kingdom,175.2
545188,22730,ALARM CLOCK BAKELIKE IVORY,1,2011-02-28 15:19:00,3.75,14056.0,United Kingdom,3.75
527950,22766,PHOTO FRAME CORNICE,3,2010-10-19 15:33:00,2.95,16795.0,United Kingdom,8.850000000000001
570273,20969,RED FLORAL FELTCRAFT SHOULDER BAG,4,2011-10-10 10:51:00,3.75,13373.0,United Kingdom,15.0
543371,82567,"AIRLINE LOUNGE,METAL SIGN",1,2011-02-07 14:53:00,2.1,14048.0,United Kingdom,2.1
517218,85176,SEWING SUSAN 21 NEEDLE SET,12,2010-07-27 12:22:00,0.85,13384.0,United Kingdom,10.2
509871,21390,FILIGRIS HEART WITH BUTTERFLY,48,2010-05-26 11:03:00,1.25,14025.0,United Kingdom,60.0
534210,82580,BATHROOM METAL SIGN,1,2010-11-21 15:56:00,0.55,18069.0,United Kingdom,0.55
516884,22384,LUNCH BAG PINK RETROSPOT,100,2010-07-23 14:15:00,1.45,15311.0,United Kingdom,145.0
536360,22776,SWEETHEART CAKESTAND 3 TIER,3,2010-11-30 18:21:00,9.95,13693.0,United Kingdom,29.849999999999998
513770,85123A,WHITE HANGING HEART T-LIGHT HOLDER,6,2010-06-28 13:47:00,2.95,17669.0,United Kingdom,17.700000000000003
490300,21533,RETRO SPOT LARGE MILK JUG,1,2009-12-04 14:19:00,4.95,12970.0,United Kingdom,4.95
534380,22470,HEART OF WICKER LARGE,1,2010-11-22 12:38:00,2.95,17238.0,United Kingdom,2.95
568529,22465,HANGING METAL STAR LANTERN,12,2011-09-27 13:38:00,1.65,16181.0,United Kingdom,19.799999999999997
537399,22494,EMERGENCY FIRST AID TIN ,1,2010-12-06 14:31:00,1.25,13030.0,United Kingdom,1.25
521352,72349B,SET/6 PURPLE BUTTERFLY T-LIGHTS,48,2010-09-03 14:40:00,1.69,17428.0,United Kingdom,81.12
523659,22867,HAND WARMER BIRD DESIGN,4,2010-09-23 13:54:00,2.1,18096.0,United Kingdom,8.4
504475,21232,STRAWBERRY CERAMIC TRINKET BOX,12,2010-04-14 09:43:00,1.25,13266.0,United Kingdom,15.0
540604,22915,ASSORTED BOTTLE TOP  MAGNETS ,12,2011-01-10 11:38:00,0.42,15326.0,United Kingdom,5.04
490461,20987,GEISHA GIRL CHOPSTICKS SET/5,2,2009-12-06 12:07:00,1.95,13736.0,United Kingdom,3.9
547833,22296,HEART IVORY TRELLIS LARGE,12,2011-03-25 17:34:00,1.65,16780.0,United Kingdom,19.799999999999997
542526,22296,HEART IVORY TRELLIS LARGE,12,2011-01-28 12:43:00,1.65,14659.0,United Kingdom,19.799999999999997
563234,22489,PACK OF 12 TRADITIONAL CRAYONS,24,2011-08-15 08:26:00,0.42,13621.0,United Kingdom,10.08
549949,84535A,ENGLISH ROSE NOTEBOOK A6 SIZE,4,2011-04-13 12:57:00,0.65,13208.0,United Kingdom,2.6
550997,20711,JUMBO BAG TOYS ,10,2011-04-26 09:04:00,2.08,17735.0,United Kingdom,20.8
547223,22934,BAKING MOULD EASTER EGG WHITE CHOC,2,2011-03-21 15:10:00,2.95,12867.0,United Kingdom,5.9
537842,84879,ASSORTED COLOUR BIRD ORNAMENT,8,2010-12-08 15:12:00,1.69,13140.0,United Kingdom,13.52
502091,21653,GLASS ETCHED T-LIGHT HOLDER LARGE,2,2010-03-22 16:44:00,2.1,17432.0,United Kingdom,4.2
572229,22865,HAND WARMER OWL DESIGN,12,2011-10-21 14:23:00,2.1,14329.0,United Kingdom,25.200000000000003
550311,82578,KITCHEN METAL SIGN,1,2011-04-17 11:04:00,0.55,16728.0,United Kingdom,0.55
543812,22249,DECORATION WHITE CHICK MAGIC GARDEN,2,2011-02-13 14:40:00,0.85,17472.0,United Kingdom,1.7
561219,22715,CARD WEDDING DAY,12,2011-07-26 08:51:00,0.42,18180.0,United Kingdom,5.04
580960,35095A,BLUE VICTORIAN FABRIC OVAL BOX,3,2011-12-06 14:35:00,0.42,16016.0,United Kingdom,1.26
527428,20950,SET/6  ANGEL T-LIGHTS WHITE/GOLD,2,2010-10-17 16:17:00,0.42,16283.0,United Kingdom,0.84
532131,22752,SET 7 BABUSHKA NESTING BOXES,2,2010-11-11 10:50:00,8.5,15215.0,United Kingdom,17.0
568692,23506,MINI PLAYING CARDS SPACEBOY ,20,2011-09-28 14:48:00,0.42,13901.0,United Kingdom,8.4
500998,84976,RECTANGULAR SHAPED MIRROR,6,2010-03-11 13:43:00,1.69,12957.0,United Kingdom,10.14
552247,21792,CLASSIC FRENCH STYLE BASKET GREEN ,1,2011-05-06 19:48:00,3.95,12748.0,United Kingdom,3.95
574481,23329,DECORATIVE WICKER HEART LARGE,3,2011-11-04 12:45:00,1.65,18022.0,United Kingdom,4.949999999999999
504160,85123A,WHITE HANGING HEART T-LIGHT HOLDER,2,2010-04-11 15:54:00,2.95,15555.0,United Kingdom,5.9
579470,23321,SMALL WHITE HEART OF WICKER,3,2011-11-29 15:06:00,1.65,16549.0,United Kingdom,4.949999999999999
506673,84991,60 TEATIME FAIRY CAKE CASES,3,2010-04-30 17:33:00,0.55,17602.0,United Kingdom,1.6500000000000001
537381,22618,COOKING SET RETROSPOT,3,2010-12-06 13:13:00,9.95,14667.0,United Kingdom,29.849999999999998
570442,22952,60 CAKE CASES VINTAGE CHRISTMAS,1,2011-10-10 14:37:00,0.55,16549.0,United Kingdom,0.55
556264,23172,REGENCY TEA PLATE PINK,12,2011-06-09 18:42:00,1.65,16107.0,United Kingdom,19.799999999999997
535817,20686,DOLLY MIXTURE CHILDREN'S UMBRELLA,1,2010-11-28 15:31:00,3.25,18116.0,United Kingdom,3.25
523960,21143,ANTIQUE GLASS HEART DECORATION ,4,2010-09-26 12:51:00,1.95,16340.0,United Kingdom,7.8
572294,21559,STRAWBERRY LUNCH BOX WITH CUTLERY,2,2011-10-23 13:10:00,2.55,13471.0,United Kingdom,5.1
545226,21121,SET/10 RED POLKADOT PARTY CANDLES,24,2011-03-01 09:33:00,1.25,12428.0,Finland,30.0
547895,84789,ENCHANTED BIRD PLANT CAGE,2,2011-03-28 10:52:00,3.75,18118.0,United Kingdom,7.5
569234,22475,SKULL DESIGN TV DINNER TRAY,2,2011-10-02 15:33:00,4.95,17841.0,United Kingdom,9.9
512935,82582,AREA PATROLLED METAL SIGN,1,2010-06-20 13:19:00,2.1,18128.0,United Kingdom,2.1
490711,79072,TEATIME CAKE TIN WITH HANDLE,1,2009-12-07 15:26:00,9.95,17841.0,United Kingdom,9.95
548185,22570,FELTCRAFT CUSHION RABBIT,4,2011-03-29 14:58:00,3.75,15628.0,United Kingdom,15.0
496444,15056BL,EDWARDIAN PARASOL BLACK,2,2010-02-01 13:52:00,5.95,15311.0,United Kingdom,11.9
491734,84050,PINK HEART SHAPE EGG FRYING PAN,72,2009-12-14 10:24:00,1.25,13093.0,United Kingdom,90.0
526868,21755,LOVE BUILDING BLOCK WORD,3,2010-10-13 13:32:00,5.95,15016.0,United Kingdom,17.85
537193,22571,ROCKING HORSE RED CHRISTMAS ,3,2010-12-05 13:49:00,0.85,15023.0,United Kingdom,2.55
509400,85152,HAND OVER THE CHOCOLATE   SIGN ,4,2010-05-23 11:19:00,2.1,16923.0,United Kingdom,8.4
545001,21578,WOODLAND DESIGN  COTTON TOTE BAG,6,2011-02-25 12:40:00,2.25,16841.0,United Kingdom,13.5
494506,22291,"SPRING DEC , HANGING CHICK CREAM",24,2010-01-14 19:36:00,1.25,17850.0,United Kingdom,30.0
501523,79323P,PINK CHERRY LIGHTS,4,2010-03-17 12:14:00,6.75,13612.0,United Kingdom,27.0
506566,47503A,ASS FLORAL PRINT MULTI SCREWDRIVER,1,2010-04-30 12:46:00,1.25,14648.0,United Kingdom,1.25
551739,22456,NATURAL SLATE CHALKBOARD LARGE ,1,2011-05-04 10:58:00,4.95,18118.0,United Kingdom,4.95
525903,85132A,CHARLIE + LOLA BISCUITS TINS,12,2010-10-07 15:45:00,1.95,16841.0,United Kingdom,23.4
576189,20727,LUNCH BAG  BLACK SKULL.,2,2011-11-14 11:33:00,1.65,14684.0,United Kingdom,3.3
580972,22749,FELTCRAFT PRINCESS CHARLOTTE DOLL,8,2011-12-06 15:10:00,3.75,15194.0,United Kingdom,30.0
559025,23083,SET 6 PAPER TABLE LANTERN STARS ,12,2011-07-05 13:56:00,3.75,16338.0,United Kingdom,45.0
558385,21391,FRENCH LAVENDER SCENT HEART,48,2011-06-29 09:13:00,0.75,16525.0,United Kingdom,36.0
529990,21587,COSY HOUR GIANT TUBE MATCHES,4,2010-10-31 16:16:00,2.55,14505.0,United Kingdom,10.2
571676,23355,HOT WATER BOTTLE KEEP CALM,1,2011-10-18 13:29:00,4.95,16910.0,United Kingdom,4.95
521407,21900,"KEY FOB , SHED",1,2010-09-06 11:07:00,0.65,12748.0,United Kingdom,0.65
526495,21754,HOME BUILDING BLOCK WORD,3,2010-10-12 09:47:00,5.95,13921.0,United Kingdom,17.85
492073,47502,POLKADOT CUTLERY 24 PCS IN TRAY,50,2009-12-15 13:11:00,9.95,15413.0,United Kingdom,497.49999999999994
561247,22111,SCOTTIE DOG HOT WATER BOTTLE,3,2011-07-26 11:38:00,4.95,16592.0,United Kingdom,14.850000000000001
569263,23530,WALL ART ONLY ONE PERSON ,108,2011-10-03 11:37:00,3.58,18102.0,United Kingdom,386.64
579792,20676,RED RETROSPOT BOWL,8,2011-11-30 15:43:00,1.25,12714.0,France,10.0
553709,22692,DOORMAT WELCOME TO OUR HOME,10,2011-05-18 15:29:00,6.75,13767.0,United Kingdom,67.5
534257,85064,CREAM SWEETHEART LETTER RACK,2,2010-11-22 11:09:00,5.45,14419.0,United Kingdom,10.9
573656,22720,SET OF 3 CAKE TINS PANTRY DESIGN ,3,2011-10-31 16:02:00,4.95,12417.0,Belgium,14.850000000000001
541272,22721,SET OF 3 CAKE TINS SKETCHBOOK,3,2011-01-17 11:17:00,4.95,13527.0,United Kingdom,14.850000000000001
545590,22957,SET 3 PAPER VINTAGE CHICK PAPER EGG,6,2011-03-04 10:24:00,2.95,15220.0,United Kingdom,17.700000000000003
540511,85152,HAND OVER THE CHOCOLATE   SIGN ,5,2011-01-09 11:34:00,2.1,14472.0,United Kingdom,10.5
543111,22665,RECIPE BOX BLUE SKETCHBOOK DESIGN,2,2011-02-03 12:44:00,2.95,15719.0,United Kingdom,5.9
492839,22105,MIRROR MOSAIC GOBLET CANDLE HOLDER,2,2009-12-21 11:08:00,4.25,14085.0,United Kingdom,8.5
515187,22472,TV DINNER TRAY DOLLY GIRL,192,2010-07-09 09:46:00,4.25,14156.0,EIRE,816.0
565456,47559B,TEA TIME OVEN GLOVE,1,2011-09-04 16:12:00,1.25,16629.0,United Kingdom,1.25
580375,23014,GLASS APOTHECARY BOTTLE ELIXIR,12,2011-12-02 17:13:00,3.45,14031.0,United Kingdom,41.400000000000006
499772,21507,"ELEPHANT, BIRTHDAY CARD, ",12,2010-03-02 13:36:00,0.42,16960.0,United Kingdom,5.04
575139,22595,GINGHAM HEART DECORATION,12,2011-11-08 15:26:00,0.85,16863.0,United Kingdom,10.2
507252,POST,POSTAGE,3,2010-05-07 11:35:00,18.0,12681.0,France,54.0
511411,85232B,SET/3 RUSSIAN DOLL STACKING TINS,1,2010-06-08 11:41:00,4.95,14535.0,United Kingdom,4.95
543555,22843,BISCUIT TIN VINTAGE GREEN,4,2011-02-10 10:18:00,6.75,17686.0,United Kingdom,27.0
552853,21937,STRAWBERRY   PICNIC BAG,1,2011-05-11 15:13:00,2.95,16712.0,United Kingdom,2.95
530280,22465,HANGING METAL STAR LANTERN,12,2010-11-02 12:02:00,1.65,16117.0,United Kingdom,19.799999999999997
515278,22383,LUNCH BAG SUKI  DESIGN ,3,2010-07-09 13:19:00,1.65,18036.0,United Kingdom,4.949999999999999
521129,20727,LUNCH BAG  BLACK SKULL.,10,2010-09-02 12:36:00,1.65,16746.0,United Kingdom,16.5
505974,22410,MONEY BOX HOUSEKEEPING DESIGN,2,2010-04-26 18:06:00,1.25,17449.0,United Kingdom,2.5
535195,22570,FELTCRAFT CUSHION RABBIT,4,2010-11-25 12:03:00,3.75,14907.0,United Kingdom,15.0
566721,21888,BINGO SET,4,2011-09-14 12:50:00,3.75,12921.0,United Kingdom,15.0
549718,22254,FELT TOADSTOOL LARGE,12,2011-04-11 15:03:00,1.25,13846.0,United Kingdom,15.0
520084,21080,SET/20 RED SPOTTY PAPER NAPKINS ,12,2010-08-24 10:45:00,0.85,12915.0,United Kingdom,10.2
537622,85174,S/4 CACTI CANDLES,2,2010-12-07 14:30:00,4.95,13173.0,United Kingdom,9.9
493619,22227,"DECORATION, HANGING HEART+MIRROR ",24,2010-01-05 11:34:00,0.65,18051.0,United Kingdom,15.600000000000001
559170,48187,DOORMAT NEW ENGLAND,1,2011-07-06 17:31:00,7.95,16942.0,United Kingdom,7.95
541979,22840,ROUND CAKE TIN VINTAGE RED,2,2011-01-24 14:54:00,7.95,14911.0,EIRE,15.9
519714,21122,SET/10 PINK SPOTTY PARTY CANDLES,48,2010-08-19 15:45:00,1.25,17829.0,United Arab Emirates,60.0
496876,85166B,BLACK METAL BAROQUE PHOTO FRAME,2,2010-02-04 13:46:00,3.75,16412.0,United Kingdom,7.5
580501,23373,VINTAGE CHRISTMAS PAPER GIFT BAG,4,2011-12-04 13:00:00,0.82,14546.0,United Kingdom,3.28
572921,23360,SET 8 CANDLES VINTAGE DOILY,1,2011-10-26 16:57:00,1.95,15993.0,United Kingdom,1.95
573913,84879,ASSORTED COLOUR BIRD ORNAMENT,8,2011-11-01 15:49:00,1.69,17653.0,United Kingdom,13.52
513019,22426,ENAMEL WASH BOWL CREAM,4,2010-06-21 11:55:00,3.75,14593.0,United Kingdom,15.0
557877,22427,ENAMEL FLOWER JUG CREAM,3,2011-06-23 13:13:00,5.95,15379.0,United Kingdom,17.85
534003,22680,FRENCH BLUE METAL DOOR SIGN 5,1,2010-11-19 14:27:00,1.25,17589.0,United Kingdom,1.25
511855,20682,RED SPOTTY CHILDS UMBRELLA,6,2010-06-11 08:25:00,3.25,12681.0,France,19.5
571006,22411,JUMBO SHOPPER VINTAGE RED PAISLEY,10,2011-10-13 12:06:00,2.08,17063.0,United Kingdom,20.8
548452,22646,CERAMIC STRAWBERRY CAKE MONEY BANK,12,2011-03-31 11:37:00,1.45,13060.0,United Kingdom,17.4
492635,48185,DOOR MAT FAIRY CAKE,2,2009-12-17 16:18:00,6.75,17526.0,United Kingdom,13.5
502534,84975,HEART SHAPED MIRROR,6,2010-03-25 11:32:00,1.69,15547.0,United Kingdom,10.14
535419,22199,FRYING PAN RED RETROSPOT,4,2010-11-26 11:48:00,4.25,12668.0,Germany,17.0
500718,82551,LAUNDRY 15C METAL SIGN,4,2010-03-09 15:05:00,1.25,15722.0,United Kingdom,5.0
504571,22029,SPACEBOY BIRTHDAY CARD,12,2010-04-14 14:38:00,0.42,15572.0,United Kingdom,5.04
566397,22961,JAM MAKING SET PRINTED,6,2011-09-12 12:54:00,1.45,17811.0,United Kingdom,8.7
512455,22434,BALLOON PUMP WITH 10 BALLOONS,8,2010-06-16 08:54:00,1.95,12957.0,United Kingdom,15.6
506228,84991,60 TEATIME FAIRY CAKE CASES,24,2010-04-28 12:15:00,0.55,13775.0,United Kingdom,13.200000000000001
580500,23419,HOME SWEET HOME BOTTLE ,1,2011-12-04 12:52:00,2.08,17131.0,United Kingdom,2.08
518394,21534,DAIRY MAID LARGE MILK JUG,1,2010-08-08 12:35:00,4.95,14606.0,United Kingdom,4.95
523971,85048,15CM CHRISTMAS GLASS BALL 20 LIGHTS,2,2010-09-26 13:53:00,7.95,15967.0,United Kingdom,15.9
522385,22644,CERAMIC CHERRY CAKE MONEY BANK,4,2010-09-14 11:15:00,1.45,16919.0,United Kingdom,5.8
561870,23298,SPOTTY BUNTING,3,2011-07-31 11:45:00,4.95,14911.0,EIRE,14.850000000000001
554980,22274,FELTCRAFT DOLL EMILY,1,2011-05-29 11:59:00,2.95,17613.0,United Kingdom,2.95
504878,84510B,SET OF 4 FAIRY CAKES COASTERS ,4,2010-04-18 12:46:00,1.25,15768.0,United Kingdom,5.0
519241,22556,PLASTERS IN TIN CIRCUS PARADE ,4,2010-08-15 14:01:00,1.65,14415.0,United Kingdom,6.6
560364,47566,PARTY BUNTING,50,2011-07-18 12:15:00,4.15,16705.0,United Kingdom,207.50000000000003
524419,21292,SMALL STRIPES CHOCOLATE GIFT BAG ,16,2010-09-29 10:14:00,0.85,14299.0,United Kingdom,13.6
556465,22487,WHITE WOOD GARDEN PLANT LADDER,1,2011-06-12 11:04:00,9.95,14984.0,United Kingdom,9.95
546950,22262,FELT EGG COSY CHICKEN,1,2011-03-18 11:24:00,0.85,16511.0,United Kingdom,0.85
557020,20723,STRAWBERRY CHARLOTTE BAG,10,2011-06-16 12:51:00,0.85,13246.0,United Kingdom,8.5
513053,21508,VINTAGE KID DOLLY CARD ,12,2010-06-21 13:32:00,0.42,16062.0,United Kingdom,5.04
508069,22624,IVORY KITCHEN SCALES,2,2010-05-12 14:58:00,8.5,14025.0,United Kingdom,17.0
547697,22804,CANDLEHOLDER PINK HANGING HEART,6,2011-03-24 16:23:00,2.95,14348.0,United Kingdom,17.700000000000003
505840,21181,PLEASE ONE PERSON METAL SIGN,12,2010-04-26 11:36:00,2.1,17049.0,United Kingdom,25.200000000000003
504257,21621,VINTAGE UNION JACK BUNTING,2,2010-04-12 13:50:00,8.5,12982.0,United Kingdom,17.0
569148,21890,S/6 WOODEN SKITTLES IN COTTON BAG,6,2011-09-30 15:52:00,3.25,16613.0,United Kingdom,19.5
526897,22585,PACK OF 6 BIRDY GIFT TAGS,12,2010-10-13 14:57:00,1.25,13663.0,United Kingdom,15.0
500857,20718,RED SPOTTY SHOPPER BAG,3,2010-03-10 12:23:00,1.25,15911.0,United Kingdom,3.75
506709,82580,BATHROOM METAL SIGN,3,2010-05-02 15:10:00,0.55,15426.0,United Kingdom,1.6500000000000001
546424,22960,JAM MAKING SET WITH JARS,1,2011-03-13 12:51:00,4.25,13956.0,United Kingdom,4.25
563557,22744,MAKE YOUR OWN MONSOON CARD KIT,6,2011-08-17 13:33:00,2.95,15786.0,United Kingdom,17.700000000000003
557225,22427,ENAMEL FLOWER JUG CREAM,12,2011-06-17 13:37:00,5.45,15311.0,United Kingdom,65.4
527331,35951,FOLKART BAUBLE CHRISTMAS DECORATION,21,2010-10-15 15:13:00,1.25,13140.0,United Kingdom,26.25
576180,22947,WOODEN ADVENT CALENDAR RED,42,2011-11-14 11:11:00,7.95,13694.0,United Kingdom,333.90000000000003
552448,22796,PHOTO FRAME 3 CLASSIC HANGING,2,2011-05-09 13:45:00,9.95,18120.0,United Kingdom,19.9
500385,21259,VICTORIAN SEWING BOX SMALL ,6,2010-03-08 10:49:00,5.95,14290.0,United Kingdom,35.7
499768,84927A,WAKE UP COCKEREL TILE HOOK,6,2010-03-02 13:20:00,2.1,13173.0,United Kingdom,12.600000000000001
568166,84692,BOX OF 24 COCKTAIL PARASOLS,3,2011-09-25 12:45:00,0.42,14800.0,United Kingdom,1.26
510141,21163,DO NOT TOUCH MY STUFF DOOR HANGER ,1,2010-05-27 12:30:00,1.45,14069.0,United Kingdom,1.45
496315,21866,UNION JACK FLAG LUGGAGE TAG,2,2010-01-31 12:18:00,1.25,12748.0,United Kingdom,2.5
513793,71053,WHITE METAL LANTERN,1,2010-06-28 15:31:00,3.75,17576.0,United Kingdom,3.75
540316,85054,FRENCH ENAMEL POT W LID,12,2011-01-06 13:00:00,1.25,16676.0,United Kingdom,15.0
529593,20674,GREEN POLKADOT BOWL,16,2010-10-29 08:23:00,1.25,12921.0,United Kingdom,20.0
524694,21164,HOME SWEET HOME METAL SIGN ,6,2010-09-30 12:01:00,2.95,15434.0,United Kingdom,17.700000000000003
573763,23203,JUMBO BAG VINTAGE DOILY ,10,2011-11-01 09:56:00,2.08,17139.0,United Kingdom,20.8
533133,20686,DOLLY MIXTURE CHILDREN'S UMBRELLA,1,2010-11-16 12:50:00,3.25,15850.0,United Kingdom,3.25
551885,22994,TRAVEL CARD WALLET RETROSPOT,24,2011-05-05 09:18:00,0.42,16700.0,United Kingdom,10.08
490685,85049B,LUSH GREENS RIBBONS,5,2009-12-07 13:48:00,1.25,13206.0,United Kingdom,6.25
505450,21272,SALLE DE BAIN HOOK,24,2010-04-22 11:21:00,1.25,13935.0,United Kingdom,30.0
500784,85049F,BABY BOOM RIBBONS ,12,2010-03-10 10:51:00,1.25,14286.0,United Kingdom,15.0
563100,22993,SET OF 4 PANTRY JELLY MOULDS,12,2011-08-12 09:57:00,1.25,12381.0,Norway,15.0
567508,22117,METAL SIGN HER DINNER IS SERVED ,6,2011-09-20 14:50:00,2.95,17724.0,United Kingdom,17.700000000000003
511055,22243,"HOOK, 5 HANGER ,MAGIC TOADSTOOL RED",2,2010-06-06 12:16:00,1.65,14415.0,United Kingdom,3.3
572306,22720,SET OF 3 CAKE TINS PANTRY DESIGN ,1,2011-10-23 15:11:00,4.95,17841.0,United Kingdom,4.95
522913,35594,WOODEN CHRISTMAS TREE 3 HANGING,6,2010-09-17 13:52:00,0.42,15026.0,United Kingdom,2.52
565922,22728,ALARM CLOCK BAKELIKE PINK,4,2011-09-08 09:51:00,3.75,14116.0,United Kingdom,15.0
554074,22770,MIRROR CORNICE,1,2011-05-22 11:28:00,14.95,13230.0,United Kingdom,14.95
533496,22952,60 CAKE CASES VINTAGE CHRISTMAS,24,2010-11-17 13:42:00,0.55,17768.0,United Kingdom,13.200000000000001
556255,48194,DOORMAT HEARTS,300,2011-06-09 17:27:00,4.58,18102.0,United Kingdom,1374.0
537792,21175,GIN + TONIC DIET METAL SIGN,12,2010-12-08 12:56:00,2.1,16385.0,United Kingdom,25.200000000000003
560571,22662,LUNCH BAG DOLLY GIRL DESIGN,20,2011-07-19 14:29:00,1.65,17735.0,United Kingdom,33.0
508073,48187,DOOR MAT NEW ENGLAND,2,2010-05-12 15:56:00,7.49,15405.0,United Kingdom,14.98
525803,21896,POTTING SHED TWINE,6,2010-10-07 11:36:00,2.1,14490.0,United Kingdom,12.600000000000001
553187,23199,JUMBO BAG APPLES,5,2011-05-15 12:53:00,2.08,16809.0,United Kingdom,10.4
532818,21169,YOU'RE CONFUSING ME METAL SIGN ,1,2010-11-14 16:18:00,1.69,12748.0,United Kingdom,1.69
563257,37448,CERAMIC CAKE DESIGN SPOTTED MUG,12,2011-08-15 12:07:00,1.49,13799.0,United Kingdom,17.88
512420,22411,JUMBO SHOPPER VINTAGE RED PAISLEY,3,2010-06-15 14:03:00,1.95,15898.0,United Kingdom,5.85
572889,21726,MULTI HEARTS  STICKERS,3,2011-10-26 13:56:00,0.85,12748.0,United Kingdom,2.55
508333,22056,CERAMIC PLATE LOVE HEART DESIGN,48,2010-05-14 12:00:00,1.25,13694.0,United Kingdom,60.0
505969,22051,BLUE SCANDINAVIAN PAISLEY WRAP,25,2010-04-26 16:36:00,0.42,17231.0,United Kingdom,10.5
545872,22536,MAGIC DRAWING SLATE PURDEY,5,2011-03-07 14:51:00,0.42,15752.0,United Kingdom,2.1
503616,22405,MONEY BOX POCKET MONEY DESIGN,12,2010-04-06 11:21:00,1.25,15215.0,United Kingdom,15.0
577484,22633,HAND WARMER UNION JACK,6,2011-11-20 11:52:00,2.1,13536.0,United Kingdom,12.600000000000001
578270,82484,WOOD BLACK BOARD ANT WHITE FINISH,1,2011-11-23 13:39:00,16.63,14096.0,United Kingdom,16.63
525299,71459,HANGING JAM JAR T-LIGHT HOLDER,24,2010-10-05 09:38:00,0.85,18188.0,United Kingdom,20.4
549985,21875,KINGS CHOICE MUG,6,2011-04-13 15:58:00,1.25,15640.0,United Kingdom,7.5
522024,84997D,PINK 3 PIECE MINI DOTS CUTLERY SET,2,2010-09-10 11:40:00,3.75,17228.0,United Kingdom,7.5
532665,85031A,ROMANTIC IMAGES SCRAP BOOK SET,1,2010-11-14 11:37:00,4.95,14052.0,United Kingdom,4.95
532090,21613,S/12 VANILLA  BOTANICAL T-LIGHTS,2,2010-11-10 15:39:00,2.95,17903.0,United Kingdom,5.9
495379,21908,CHOCOLATE THIS WAY METAL SIGN,1,2010-01-24 13:46:00,2.1,17611.0,United Kingdom,2.1
503614,22524,CHILDRENS GARDEN GLOVES BLUE,12,2010-04-06 11:17:00,1.25,14481.0,United Kingdom,15.0
573394,22470,HEART OF WICKER LARGE,24,2011-10-30 15:10:00,2.95,13089.0,United Kingdom,70.80000000000001
492975,20686,DOLLY MIXTURE CHILDREN'S UMBRELLA,3,2009-12-21 15:36:00,3.25,17961.0,United Kingdom,9.75
559526,23280,FOLDING BUTTERFLY MIRROR HOT PINK ,1,2011-07-10 11:19:00,0.83,15756.0,United Kingdom,0.83
524747,22725,ALARM CLOCK BAKELIKE CHOCOLATE,4,2010-09-30 14:46:00,3.75,14156.0,EIRE,15.0
531351,21804,WHITE CHRISTMAS GARLAND STARS TREES,12,2010-11-07 13:35:00,3.75,14203.0,United Kingdom,45.0
491784,22139,RETRO SPOT TEA SET CERAMIC 11 PC ,6,2009-12-14 12:48:00,4.95,12471.0,Germany,29.700000000000003
554942,22464,HANGING METAL HEART LANTERN,1,2011-05-27 14:01:00,1.65,17841.0,United Kingdom,1.65
533569,35971,ROSE FOLKART HEART DECORATIONS,4,2010-11-18 10:33:00,1.25,14796.0,United Kingdom,5.0
503538,22519,CHILDS GARDEN BRUSH PINK,3,2010-04-01 14:04:00,2.1,14692.0,United Kingdom,6.300000000000001
536346,84970L,SINGLE HEART ZINC T-LIGHT HOLDER,8,2010-11-30 16:37:00,0.95,17812.0,United Kingdom,7.6
523004,21171,BATHROOM METAL SIGN ,2,2010-09-19 16:18:00,1.45,13451.0,United Kingdom,2.9
550956,84997A,CHILDRENS CUTLERY POLKADOT GREEN ,2,2011-04-21 16:37:00,4.15,17179.0,United Kingdom,8.3
571034,22826,LOVE SEAT ANTIQUE WHITE METAL,2,2011-10-13 12:47:00,85.0,12359.0,Cyprus,170.0
574444,85036B,CHOCOLATE 1 WICK MORRIS BOX CANDLE,6,2011-11-04 11:41:00,1.25,18122.0,United Kingdom,7.5
555004,20982,12 PENCILS TALL TUBE SKULLS,12,2011-05-31 09:37:00,0.85,13549.0,United Kingdom,10.2
566258,23356,LOVE HOT WATER BOTTLE,1,2011-09-11 12:45:00,5.95,13124.0,United Kingdom,5.95
569486,23283,DOORMAT VINTAGE LEAF,1,2011-10-04 12:51:00,8.25,15339.0,United Kingdom,8.25
517299,22408,MONEY BOX CONFECTIONERY DESIGN,12,2010-07-28 10:45:00,1.25,16584.0,United Kingdom,15.0
560278,85231B,CINAMMON SET OF 9 T-LIGHTS,2,2011-07-17 15:45:00,0.85,13610.0,United Kingdom,1.7
529511,22750,FELTCRAFT PRINCESS LOLA DOLL,4,2010-10-28 14:43:00,3.75,16183.0,United Kingdom,15.0
514676,21471,STRAWBERRY RAFFIA FOOD COVER,1,2010-07-05 13:34:00,3.75,14606.0,United Kingdom,3.75
517653,21976,PACK OF 60 MUSHROOM CAKE CASES,24,2010-07-30 14:15:00,0.55,13329.0,United Kingdom,13.200000000000001
519806,85049G,CHOCOLATE BOX RIBBONS ,3,2010-08-20 12:45:00,1.25,18041.0,United Kingdom,3.75
501628,22356,"CHARLOTTE BAG , PINK/WHITE SPOTS",10,2010-03-18 11:48:00,0.85,14911.0,EIRE,8.5
580393,17191A,ROSE FLOWER CANDLE+INCENSE 16X16CM,2,2011-12-04 10:51:00,3.75,16438.0,United Kingdom,7.5
535306,20828,GLITTER BUTTERFLY CLIPS,2,2010-11-25 14:40:00,2.55,17882.0,United Kingdom,5.1
497207,21894,POTTING SHED SEED ENVELOPES,3,2010-02-07 12:15:00,1.25,14454.0,United Kingdom,3.75
539988,22176,BLUE OWL SOFT TOY,1,2010-12-23 16:06:00,2.95,18116.0,United Kingdom,2.95
569238,22417,PACK OF 60 SPACEBOY CAKE CASES,1,2011-10-02 15:52:00,0.55,17954.0,United Kingdom,0.55
550280,21389,IVORY HANGING DECORATION  BIRD,10,2011-04-15 13:31:00,0.85,13048.0,United Kingdom,8.5
528949,21527,RED RETROSPOT TRADITIONAL TEAPOT ,4,2010-10-25 16:08:00,7.95,14911.0,EIRE,31.8
562031,23147,SINGLE ANTIQUE ROSE HOOK IVORY,6,2011-08-01 17:37:00,1.45,16984.0,United Kingdom,8.7
569897,21756,BATH BUILDING BLOCK WORD,1,2011-10-06 16:01:00,6.25,17813.0,United Kingdom,6.25
496096,85099B,JUMBO BAG RED WHITE SPOTTY ,50,2010-01-29 10:25:00,1.95,18225.0,United Kingdom,97.5
551843,20749,ASSORTED COLOUR MINI CASES,2,2011-05-04 13:57:00,7.95,16094.0,United Kingdom,15.9
510625,20972,PINK CREAM FELT CRAFT TRINKET BOX ,12,2010-06-02 11:28:00,1.25,15246.0,United Kingdom,15.0
521767,21833,CAMOUFLAGE LED TORCH,6,2010-09-08 11:56:00,1.69,15752.0,United Kingdom,10.14
510445,84670,JAPANESE CROCHETED ANIMAL,24,2010-05-30 15:58:00,0.42,18069.0,United Kingdom,10.08
567095,20726,LUNCH BAG WOODLAND,10,2011-09-16 13:03:00,1.65,17049.0,United Kingdom,16.5
535775,22469,HEART OF WICKER SMALL,5,2010-11-28 13:40:00,1.65,16033.0,United Kingdom,8.25
501789,85123A,WHITE HANGING HEART T-LIGHT HOLDER,6,2010-03-19 13:01:00,2.95,15768.0,United Kingdom,17.700000000000003
578856,23542,WALL ART 70'S ALPHABET ,6,2011-11-27 11:18:00,7.45,17769.0,United Kingdom,44.7
525898,35981C,WHITE SNOW SCANDINAVIAN STOCKING ,1,2010-10-07 15:33:00,0.38,16072.0,United Kingdom,0.38
499797,84657,GREEN ROSE CUSHION COVER,24,2010-03-02 15:28:00,1.65,13473.0,United Kingdom,39.599999999999994
541241,22508,DOORSTOP RETROSPOT HEART,1,2011-01-16 11:08:00,3.75,13782.0,United Kingdom,3.75
505705,22212,FOUR HOOK  WHITE LOVEBIRDS,3,2010-04-25 11:52:00,2.1,16068.0,United Kingdom,6.300000000000001
508858,22616,PACK OF 12 LONDON TISSUES ,1,2010-05-18 15:30:00,0.29,17920.0,United Kingdom,0.29
500183,48111,DOOR MAT 3 SMILEY CATS,2,2010-03-05 10:51:00,7.49,17508.0,Greece,14.98
527277,21144,PINK POODLE HANGING DECORATION ,3,2010-10-15 13:21:00,0.38,16779.0,United Kingdom,1.1400000000000001
572911,84974,S/2 ZINC HEART DESIGN PLANTERS,1,2011-10-26 16:03:00,9.95,16345.0,United Kingdom,9.95
510441,85014A,BLACK/BLUE DOTS RUFFLED UMBRELLA,1,2010-05-30 14:50:00,5.95,17961.0,United Kingdom,5.95
561774,22383,LUNCH BAG SUKI DESIGN ,10,2011-07-29 12:41:00,1.65,16729.0,United Kingdom,16.5
543371,21864,UNION JACK FLAG PASSPORT COVER ,4,2011-02-07 14:53:00,2.1,14048.0,United Kingdom,8.4
497958,21216,"SET 3 RED SPOT TIN TEA,COFFEE,SUGAR",3,2010-02-15 13:20:00,4.95,14680.0,United Kingdom,14.850000000000001
572037,22029,SPACEBOY BIRTHDAY CARD,12,2011-10-20 12:07:00,0.42,17365.0,United Kingdom,5.04
505965,84627,CANDY STRIPE ROSE C/COVER ,2,2010-04-26 15:43:00,5.95,16242.0,United Kingdom,11.9
519924,20914,SET/5 RED SPOTTY LID GLASS BOWLS,6,2010-08-22 14:57:00,2.95,15661.0,United Kingdom,17.700000000000003
514520,15056N,EDWARDIAN PARASOL NATURAL,6,2010-07-05 09:27:00,4.95,17850.0,United Kingdom,29.700000000000003
532993,47599A,PINK PARTY BAGS,6,2010-11-15 14:26:00,2.1,14156.0,EIRE,12.600000000000001
546423,22171,3 HOOK PHOTO SHELF ANTIQUE WHITE,1,2011-03-13 12:39:00,8.5,14502.0,United Kingdom,8.5
580533,23534,WALL ART STOP FOR TEA ,18,2011-12-04 15:55:00,5.35,13098.0,United Kingdom,96.3
541489,21621,VINTAGE UNION JACK BUNTING,2,2011-01-18 13:38:00,8.5,15023.0,United Kingdom,17.0
566025,22912,YELLOW COAT RACK PARIS FASHION,1,2011-09-08 12:55:00,4.95,17634.0,United Kingdom,4.95
515018,21379,CAMPHOR WOOD PORTOBELLO MUSHROOM,6,2010-07-08 08:08:00,1.25,14639.0,United Kingdom,7.5
567156,21754,HOME BUILDING BLOCK WORD,1,2011-09-16 17:05:00,6.25,14462.0,United Kingdom,6.25
536749,20967,GREY FLORAL FELTCRAFT SHOULDER BAG,1,2010-12-02 13:49:00,3.75,17976.0,United Kingdom,3.75
526391,22117,METAL SIGN HER DINNER IS SERVED ,3,2010-10-11 13:17:00,2.95,16919.0,United Kingdom,8.850000000000001
575337,22743,MAKE YOUR OWN FLOWERPOWER CARD KIT,1,2011-11-09 14:11:00,2.95,17867.0,United Kingdom,2.95
506573,21537,RED RETROSPOT PUDDING BOWL,1,2010-04-30 13:18:00,4.25,15984.0,United Kingdom,4.25
525095,22731,3D STICKERS CHRISTMAS STAMPS,20,2010-10-04 09:31:00,1.25,15159.0,United Kingdom,25.0
571246,22186,RED STAR CARD HOLDER,3,2011-10-14 15:59:00,1.95,17750.0,United Kingdom,5.85
567183,22984,CARD GINGHAM ROSE ,12,2011-09-18 15:32:00,0.42,14769.0,United Kingdom,5.04
527889,21035,SET/2 RED SPOTTY TEA TOWELS ,12,2010-10-19 12:14:00,2.95,14911.0,EIRE,35.400000000000006
537226,20802,SMALL GLASS SUNDAE DISH CLEAR,6,2010-12-06 08:34:00,1.65,15987.0,United Kingdom,9.899999999999999
543466,22429,ENAMEL MEASURING JUG CREAM,4,2011-02-08 14:34:00,4.25,16713.0,United Kingdom,17.0
510762,22156,HEART DECORATION WITH PEARLS ,4,2010-06-03 13:06:00,0.85,14085.0,United Kingdom,3.4
570703,22197,POPCORN HOLDER,24,2011-10-12 09:50:00,0.85,14911.0,EIRE,20.4
522988,22624,IVORY KITCHEN SCALES,2,2010-09-19 14:55:00,8.5,15215.0,United Kingdom,17.0
517906,84347,ROTATING SILVER ANGELS T-LIGHT HLDR,6,2010-08-03 09:53:00,2.55,15081.0,United Kingdom,15.299999999999999
512952,48138,DOOR MAT UNION FLAG,2,2010-06-21 09:56:00,7.49,16456.0,United Kingdom,14.98
495078,79320, FLAMINGO LIGHTS,24,2010-01-21 09:33:00,4.25,14207.0,United Kingdom,102.0
549583,22715,CARD WEDDING DAY,12,2011-04-11 09:46:00,0.42,15214.0,United Kingdom,5.04
500999,22297,HEART IVORY TRELLIS SMALL,24,2010-03-11 13:46:00,1.25,16933.0,United Kingdom,30.0
532981,22776,SWEETHEART CAKESTAND 3 TIER,1,2010-11-15 13:43:00,9.95,12991.0,United Kingdom,9.95
541262,22549,PICTURE DOMINOES,1,2011-01-16 15:50:00,1.45,18069.0,United Kingdom,1.45
523636,71038,WHITE HANGING BEADS CANDLE HOLDER,4,2010-09-23 11:57:00,5.45,12916.0,United Kingdom,21.8
573492,22690,DOORMAT HOME SWEET HOME BLUE ,1,2011-10-31 11:57:00,8.25,13544.0,United Kingdom,8.25
549014,47590B,PINK HAPPY BIRTHDAY BUNTING,1,2011-04-05 15:00:00,5.45,17841.0,United Kingdom,5.45
561868,22381,TOY TIDY PINK POLKADOT,2,2011-07-31 11:26:00,2.1,16813.0,United Kingdom,4.2
547497,90036F,"FLOWER GLASS GARLD NECKL36""TURQUOIS",4,2011-03-23 12:15:00,7.95,14461.0,United Kingdom,31.8
526179,72586,SET OF 6 HALLOWEEN GHOST T-LIGHTS,6,2010-10-10 11:41:00,0.42,13736.0,United Kingdom,2.52
567183,21124,SET/10 BLUE POLKADOT PARTY CANDLES,2,2011-09-18 15:32:00,1.25,14769.0,United Kingdom,2.5
562046,20675,BLUE POLKADOT BOWL,8,2011-08-02 10:34:00,1.25,12378.0,Switzerland,10.0
573548,85150,LADIES & GENTLEMEN METAL SIGN,1,2011-10-31 13:22:00,2.55,13680.0,United Kingdom,2.55
492176,70006,LOVE HEART POCKET WARMER,1,2009-12-15 15:21:00,1.65,17841.0,United Kingdom,1.65
556912,20725,LUNCH BAG RED RETROSPOT,1,2011-06-15 13:26:00,1.65,15005.0,United Kingdom,1.65
555736,20914,SET/5 RED RETROSPOT LID GLASS BOWLS,6,2011-06-07 09:13:00,2.95,17730.0,United Kingdom,17.700000000000003
577482,23321,SMALL WHITE HEART OF WICKER,6,2011-11-20 11:43:00,1.65,16762.0,United Kingdom,9.899999999999999
504623,22521,CHILDS GARDEN TROWEL PINK,1,2010-04-15 12:10:00,0.85,14656.0,United Kingdom,0.85
533133,22751,FELTCRAFT PRINCESS OLIVIA DOLL,1,2010-11-16 12:50:00,3.75,15850.0,United Kingdom,3.75
515922,21611,SET OF 12 LILY BOTANICAL T-LIGHTS,6,2010-07-15 13:58:00,2.95,14667.0,United Kingdom,17.700000000000003
511247,21086,SET/6 RED SPOTTY PAPER CUPS,12,2010-06-07 12:35:00,0.65,14421.0,United Kingdom,7.800000000000001
491637,21822,GLITTER CHRISTMAS TREE WITH BELLS,18,2009-12-11 15:55:00,1.95,15984.0,United Kingdom,35.1
526387,22178,VICTORIAN GLASS HANGING T-LIGHT,6,2010-10-11 12:48:00,1.25,16005.0,United Kingdom,7.5
571496,23451,SQUARE MINI PORTRAIT FRAME,12,2011-10-17 15:02:00,1.95,13265.0,United Kingdom,23.4
499597,22384,LUNCH BAG PINK RETROSPOT,10,2010-03-01 12:31:00,1.65,16037.0,United Kingdom,16.5
505078,22530,MAGIC DRAWING SLATE DOLLY GIRL ,48,2010-04-20 09:40:00,0.42,12780.0,Netherlands,20.16
580048,84596B,SMALL DOLLY MIX DESIGN ORANGE BOWL,4,2011-12-01 12:53:00,0.42,12748.0,United Kingdom,1.68
538347,22841,ROUND CAKE TIN VINTAGE GREEN,2,2010-12-10 14:54:00,7.95,17220.0,United Kingdom,15.9
535946,22082,RIBBON REEL STRIPES DESIGN ,2,2010-11-29 11:54:00,1.65,17345.0,United Kingdom,3.3
549546,22607,WOODEN ROUNDERS GARDEN SET ,3,2011-04-10 11:24:00,9.95,16889.0,United Kingdom,29.849999999999998
536609,84029E,RED WOOLLY HOTTIE WHITE HEART.,6,2010-12-02 09:41:00,3.39,17850.0,United Kingdom,20.34
515330,21653,GLASS ETCHED T-LIGHT HOLDER LARGE,1,2010-07-11 13:53:00,2.1,16049.0,United Kingdom,2.1
494866,22037,ROBOT BIRTHDAY CARD,12,2010-01-19 11:20:00,0.42,16253.0,United Kingdom,5.04
489522,21495,SKULLS WRAP,25,2009-12-01 11:45:00,0.42,15998.0,United Kingdom,10.5
561204,22654,DELUXE SEWING KIT ,2,2011-07-25 15:22:00,5.95,12836.0,United Kingdom,11.9
569467,22037,ROBOT BIRTHDAY CARD,12,2011-10-04 11:44:00,0.42,14291.0,United Kingdom,5.04
489572,21069,VINTAGE BILLBOARD TEA MUG,2,2009-12-01 13:29:00,1.25,17611.0,United Kingdom,2.5
552465,48187,DOORMAT NEW ENGLAND,1,2011-05-09 15:17:00,7.95,16242.0,United Kingdom,7.95
569236,22152,PLACE SETTING WHITE STAR,2,2011-10-02 15:49:00,0.42,14432.0,United Kingdom,0.84
518230,21714,CITRONELLA CANDLE GARDEN POT,6,2010-08-05 15:14:00,1.25,14395.0,United Kingdom,7.5
558877,46138B,BLUE CHENILLE SHAGGY CUSHION COVER ,7,2011-07-04 13:50:00,0.85,17841.0,United Kingdom,5.95
578211,22438,BALLOON ART MAKE YOUR OWN FLOWERS,2,2011-11-23 11:47:00,1.95,12748.0,United Kingdom,3.9
492812,22178,VICTORIAN GLASS HANGING T-LIGHT,12,2009-12-20 13:09:00,1.25,13871.0,United Kingdom,15.0
519592,22757,LARGE RED BABUSHKA NOTEBOOK ,12,2010-08-18 14:37:00,1.25,12474.0,Germany,15.0
530965,22432,WATERING CAN PINK BUNNY,6,2010-11-05 08:21:00,1.95,15792.0,United Kingdom,11.7
560368,21446,12 RED ROSE PEG PLACE SETTINGS,5,2011-07-18 12:25:00,1.25,17841.0,United Kingdom,6.25
529168,21374,MIRRORED WALL ART SKULLS,24,2010-10-26 17:55:00,1.25,17593.0,United Kingdom,30.0
496220,22411,JUMBO SHOPPER VINTAGE RED PAISLEY,10,2010-01-29 13:52:00,1.95,15421.0,United Kingdom,19.5
523305,21324,HANGING MEDINA LANTERN SMALL,3,2010-09-21 12:49:00,2.95,12751.0,Brazil,8.850000000000001
570856,22593,CHRISTMAS GINGHAM STAR,12,2011-10-12 15:01:00,0.85,13464.0,United Kingdom,10.2
513625,22363,GLASS JAR MARMALADE ,1,2010-06-27 13:09:00,2.95,14505.0,United Kingdom,2.95
499237,82583,HOT BATHS METAL SIGN,6,2010-02-25 13:19:00,2.1,13735.0,United Kingdom,12.600000000000001
496917,22052,VINTAGE CARAVAN GIFT WRAP,25,2010-02-04 15:35:00,0.42,14151.0,United Kingdom,10.5
524563,21586,KINGS CHOICE GIANT TUBE MATCHES,12,2010-09-29 14:43:00,2.55,15985.0,United Kingdom,30.599999999999998
563345,23293,SET OF 12 FAIRY CAKE BAKING CASES,128,2011-08-15 13:22:00,0.72,12619.0,Germany,92.16
558086,82581,TOILET METAL SIGN,2,2011-06-26 11:58:00,0.55,16728.0,United Kingdom,1.1
539002,79321,CHILLI LIGHTS,1,2010-12-15 12:30:00,4.95,14527.0,United Kingdom,4.95
575895,23165,LARGE CERAMIC TOP STORAGE JAR,1,2011-11-11 14:50:00,1.65,17052.0,United Kingdom,1.65
510419,17165D,ASS COL LARGE SAND FROG P'WEIGHT,3,2010-05-30 11:37:00,1.05,16206.0,United Kingdom,3.1500000000000004
550202,23010,CIRCUS PARADE BABY GIFT SET,1,2011-04-15 10:27:00,16.95,13090.0,United Kingdom,16.95
573083,23536,WALL ART VILLAGE SHOW ,3,2011-10-27 14:22:00,5.95,13735.0,United Kingdom,17.85
573083,23523,WALL ART TREASURE AHOY ,3,2011-10-27 14:22:00,3.75,13735.0,United Kingdom,11.25
569010,22978,PANTRY ROLLING PIN,48,2011-09-30 07:36:00,3.39,14156.0,EIRE,162.72
531733,20950,SET/6  ANGEL T-LIGHTS WHITE/GOLD,12,2010-11-09 12:27:00,0.42,17428.0,United Kingdom,5.04
530561,21645,ASSORTED TUTTI FRUTTI ROUND BOX,4,2010-11-03 13:46:00,1.65,14398.0,United Kingdom,6.6
531903,21155,RED RETROSPOT PEG BAG,6,2010-11-10 12:03:00,2.1,13632.0,United Kingdom,12.600000000000001
527095,22636,CHILDS BREAKFAST SET CIRCUS PARADE,1,2010-10-14 16:24:00,8.5,17823.0,United Kingdom,8.5
565595,22754,SMALL RED BABUSHKA NOTEBOOK ,12,2011-09-05 14:13:00,0.85,13192.0,United Kingdom,10.2
535722,22219,LOVEBIRD HANGING DECORATION WHITE ,12,2010-11-28 13:11:00,0.85,17607.0,United Kingdom,10.2
548860,21755,LOVE BUILDING BLOCK WORD,1,2011-04-04 13:38:00,5.95,13263.0,United Kingdom,5.95
543173,21485,RETROSPOT HEART HOT WATER BOTTLE,3,2011-02-04 09:30:00,4.95,13871.0,United Kingdom,14.850000000000001
547088,21716,BOYS VINTAGE TIN SEASIDE BUCKET,8,2011-03-20 16:02:00,2.55,14223.0,United Kingdom,20.4
535393,22867,HAND WARMER BIRD DESIGN,12,2010-11-26 10:24:00,2.1,16812.0,United Kingdom,25.200000000000003
546103,84970S,HANGING HEART ZINC T-LIGHT HOLDER,48,2011-03-09 12:14:00,0.85,13093.0,United Kingdom,40.8
520894,22581,WOOD STOCKING CHRISTMAS SCANDISPOT,2,2010-08-31 17:31:00,0.85,16549.0,United Kingdom,1.7
568231,23445,ICE CREAM BUBBLES,20,2011-09-26 11:19:00,0.83,14808.0,United Kingdom,16.599999999999998
526246,20676,RED SPOTTY BOWL,8,2010-10-11 09:44:00,1.25,12909.0,United Kingdom,10.0
495383,84968F,S/16 VINTAGE SKY BLUE CUTLERY,1,2010-01-24 14:19:00,12.75,17141.0,United Kingdom,12.75
505162,20975,12 PENCILS SMALL TUBE RED SPOTTY,6,2010-04-20 12:13:00,0.65,14812.0,United Kingdom,3.9000000000000004
504847,21071,VINTAGE BILLBOARD DRINK ME MUG,12,2010-04-16 16:51:00,1.25,17931.0,United Kingdom,15.0
520183,20974,12 PENCILS SMALL TUBE SKULL,72,2010-08-24 14:01:00,0.65,16422.0,United Kingdom,46.800000000000004
553762,23128,DOLLCRAFT BOY JEAN-PAUL ,4,2011-05-19 10:38:00,4.95,18145.0,United Kingdom,19.8
574670,82494L,WOODEN FRAME ANTIQUE WHITE ,2,2011-11-06 12:20:00,2.95,12838.0,United Kingdom,5.9
520190,84856L,LARGE TAHITI BEACH BAG,3,2010-08-24 14:31:00,5.95,15680.0,United Kingdom,17.85
509432,22382,LUNCH BAG SPACEBOY DESIGN ,10,2010-05-23 14:26:00,1.65,15394.0,United Kingdom,16.5
514665,22089,PAPER BUNTING VINTAGE PAISLEY,1,2010-07-05 13:04:00,2.95,16110.0,United Kingdom,2.95
567183,22602,RETROSPOT WOODEN HEART DECORATION,10,2011-09-18 15:32:00,0.85,14769.0,United Kingdom,8.5
557442,23188,VINTAGE  2 METER FOLDING RULER,1,2011-06-20 12:53:00,1.65,14808.0,United Kingdom,1.65
517130,22470,HEART OF WICKER LARGE,5,2010-07-27 10:07:00,2.95,16059.0,United Kingdom,14.75
548714,21272,SALLE DE BAIN HOOK,1,2011-04-03 15:07:00,1.25,17337.0,United Kingdom,1.25
524181,21624,VINTAGE UNION JACK DOORSTOP,648,2010-09-27 16:59:00,5.96,17450.0,United Kingdom,3862.08
564141,21967,PACK OF 12 SKULL TISSUES,16,2011-08-23 11:47:00,0.29,17841.0,United Kingdom,4.64
490669,22141,CHRISTMAS CRAFT TREE TOP ANGEL,1,2009-12-07 12:42:00,2.1,15716.0,United Kingdom,2.1
500120,21495,SKULLS WRAP,25,2010-03-04 13:53:00,0.42,14135.0,United Kingdom,10.5
547910,21034,REX CASH+CARRY JUMBO SHOPPER,1,2011-03-28 12:23:00,0.95,14159.0,United Kingdom,0.95
545021,21201,TROPICAL  HONEYCOMB PAPER GARLAND ,12,2011-02-25 14:11:00,2.55,17663.0,United Kingdom,30.599999999999998
539240,22834,HAND WARMER BABUSHKA DESIGN,24,2010-12-16 13:15:00,0.85,15194.0,United Kingdom,20.4
546250,85206A,CREAM FELT EASTER EGG BASKET,6,2011-03-10 14:14:00,1.65,14350.0,United Kingdom,9.899999999999999
553158,21870,I CAN ONLY PLEASE ONE PERSON MUG,12,2011-05-13 15:24:00,1.25,14194.0,United Kingdom,15.0
567899,22560,TRADITIONAL MODELLING CLAY,24,2011-09-22 16:26:00,1.25,14911.0,EIRE,30.0
539988,15056P,EDWARDIAN PARASOL PINK,1,2010-12-23 16:06:00,5.95,18116.0,United Kingdom,5.95
535264,22386,JUMBO BAG PINK POLKADOT,2,2010-11-25 13:29:00,1.95,15020.0,United Kingdom,3.9
540943,20617,FIRST CLASS PASSPORT COVER ,1,2011-01-12 12:31:00,2.1,17841.0,United Kingdom,2.1
552957,22938,CUPCAKE LACE PAPER SET 6,144,2011-05-12 12:36:00,1.95,17404.0,Sweden,280.8
551518,21754,HOME BUILDING BLOCK WORD,6,2011-05-01 11:36:00,5.95,15708.0,United Kingdom,35.7
524284,21232,STRAWBERRY CERAMIC TRINKET BOX,12,2010-09-28 12:26:00,1.25,16779.0,United Kingdom,15.0
502528,22483,RED GINGHAM TEDDY BEAR ,6,2010-03-25 11:29:00,2.95,14947.0,United Kingdom,17.700000000000003
550619,85173,SET/6 FROG PRINCE T-LIGHT CANDLES,12,2011-04-19 13:21:00,2.55,15717.0,United Kingdom,30.599999999999998
562712,22077,6 RIBBONS RUSTIC CHARM,12,2011-08-08 15:00:00,1.65,13016.0,United Kingdom,19.799999999999997
523659,84992,72 SWEETHEART FAIRY CAKE CASES,1,2010-09-23 13:54:00,0.55,18096.0,United Kingdom,0.55
517017,22030,SWALLOWS GREETING CARD,12,2010-07-26 11:34:00,0.42,13004.0,United Kingdom,5.04
510329,84692,BOX OF 24 COCKTAIL PARASOLS,2,2010-05-28 13:23:00,0.42,17822.0,United Kingdom,0.84
532950,22127,PARTY CONES CARNIVAL ASSORTED,12,2010-11-15 12:14:00,1.25,16700.0,United Kingdom,15.0
525902,21527,RED RETROSPOT TRADITIONAL TEAPOT ,4,2010-10-07 15:44:00,7.95,16166.0,United Kingdom,31.8
503790,22282,12 EGG HOUSE PAINTED WOOD,2,2010-04-07 12:45:00,12.75,13174.0,United Kingdom,25.5
508482,48138,DOOR MAT UNION FLAG,4,2010-05-16 12:44:00,7.49,13564.0,United Kingdom,29.96
530274,21584,RETROSPOT SMALL TUBE MATCHES,20,2010-11-02 11:53:00,1.65,13983.0,United Kingdom,33.0
495681,85099C,JUMBO  BAG BAROQUE BLACK WHITE,10,2010-01-26 11:39:00,1.95,15805.0,United Kingdom,19.5
502829,82545A,COGNAC AUX OEUFS METAL 1 HOOK,1,2010-03-28 12:20:00,1.25,17827.0,United Kingdom,1.25
578678,22623,BOX OF VINTAGE JIGSAW BLOCKS ,1,2011-11-24 19:59:00,5.95,17841.0,United Kingdom,5.95
543278,21975,PACK OF 60 DINOSAUR CAKE CASES,4,2011-02-06 14:43:00,0.55,16745.0,United Kingdom,2.2
576687,22574,HEART WOODEN CHRISTMAS DECORATION,3,2011-11-16 12:13:00,0.85,13558.0,United Kingdom,2.55
573292,22584,PACK OF 6 PANNETONE GIFT BOXES,6,2011-10-28 15:10:00,2.55,14416.0,United Kingdom,15.299999999999999
563928,22372,AIRLINE BAG VINTAGE WORLD CHAMPION ,1,2011-08-21 15:17:00,4.25,17059.0,United Kingdom,4.25
551088,22487,WHITE WOOD GARDEN PLANT LADDER,1,2011-04-26 12:31:00,9.95,14640.0,United Kingdom,9.95
516785,21348,PINK SPOTS CHOCOLATE NESTING BOXES ,12,2010-07-23 09:30:00,2.95,12755.0,Japan,35.400000000000006
546993,22480,RED TEA TOWEL CLASSIC DESIGN,4,2011-03-18 13:19:00,1.25,17921.0,United Kingdom,5.0
524524,22584,PACK OF 6 PANNETONE GIFT BOXES,6,2010-09-29 13:14:00,2.55,14514.0,United Kingdom,15.299999999999999
577505,22114,HOT WATER BOTTLE TEA AND SYMPATHY,2,2011-11-20 12:37:00,4.25,13118.0,United Kingdom,8.5
545075,20685,DOORMAT RED RETROSPOT,2,2011-02-28 09:33:00,7.95,14211.0,United Kingdom,15.9
568647,23016,GLASS TWIST BON BON JAR,6,2011-09-28 11:48:00,7.85,16157.0,United Kingdom,47.099999999999994
579404,22779,WOODEN OWLS LIGHT GARLAND ,4,2011-11-29 12:21:00,4.25,14126.0,United Kingdom,17.0
518652,20699,MOUSEY LONG LEGS SOFT TOY,1,2010-08-10 13:28:00,2.55,14722.0,United Kingdom,2.55
524319,85175,CACTI T-LIGHT CANDLES,16,2010-09-28 14:25:00,0.42,14740.0,United Kingdom,6.72
535828,82580,BATHROOM METAL SIGN,12,2010-11-29 09:27:00,0.55,12996.0,United Kingdom,6.6000000000000005
556728,22667,RECIPE BOX RETROSPOT ,1,2011-06-14 11:36:00,2.95,15719.0,United Kingdom,2.95
541432,84050,PINK HEART SHAPE EGG FRYING PAN,12,2011-01-18 10:15:00,1.65,12748.0,United Kingdom,19.799999999999997
537179,21523,DOORMAT FANCY FONT HOME SWEET HOME,10,2010-12-05 13:29:00,7.95,13767.0,United Kingdom,79.5
554999,21466,RED FLOWER CROCHET FOOD COVER,1,2011-05-29 15:44:00,3.75,15547.0,United Kingdom,3.75
560052,47599A,PINK PARTY BAGS,12,2011-07-14 15:30:00,2.1,15187.0,United Kingdom,25.200000000000003
501885,20702,PINK PADDED MOBILE,3,2010-03-21 14:06:00,4.25,13092.0,United Kingdom,12.75
538902,85180A,RED HEARTS LIGHT CHAIN ,12,2010-12-15 10:04:00,1.25,14150.0,United Kingdom,15.0
562101,22949,36 DOILIES DOLLY GIRL,12,2011-08-02 14:04:00,1.45,13850.0,United Kingdom,17.4
504427,21781,MA CAMPAGNE CUTLERY BOX,1,2010-04-13 13:21:00,14.95,14030.0,United Kingdom,14.95
493672,22027,TEA PARTY BIRTHDAY CARD,12,2010-01-05 12:26:00,0.42,17861.0,United Kingdom,5.04
533962,22059,CERAMIC STRAWBERRY DESIGN MUG,12,2010-11-19 13:01:00,1.49,16535.0,United Kingdom,17.88
520063,20727,LUNCH BAG  BLACK SKULL.,100,2010-08-23 16:02:00,1.45,13798.0,United Kingdom,145.0
498584,85099B,JUMBO BAG RED WHITE SPOTTY ,2,2010-02-21 15:06:00,1.95,16200.0,United Kingdom,3.9
556629,85099B,JUMBO BAG RED RETROSPOT,10,2011-06-13 14:55:00,2.08,14841.0,United Kingdom,20.8
531372,47590B,PINK HAPPY BIRTHDAY BUNTING,3,2010-11-07 15:34:00,5.45,12476.0,Germany,16.35
521388,20711,JUMBO BAG TOYS ,20,2010-09-05 13:41:00,1.95,15887.0,United Kingdom,39.0
529326,21588,RETROSPOT GIANT TUBE MATCHES,1,2010-10-27 14:14:00,2.55,13547.0,United Kingdom,2.55
504555,22354,RETROSPOT PADDED SEAT CUSHION,2,2010-04-14 13:39:00,3.75,13561.0,United Kingdom,7.5
534797,21931,JUMBO STORAGE BAG SUKI,1,2010-11-24 11:51:00,1.95,16016.0,United Kingdom,1.95
525886,22911,PAPER CHAIN KIT LONDON,1,2010-10-07 14:48:00,2.95,12748.0,United Kingdom,2.95
532993,22059,CERAMIC STRAWBERRY DESIGN MUG,12,2010-11-15 14:26:00,1.49,14156.0,EIRE,17.88
566771,21064,BOOM BOX SPEAKER BOYS,2,2011-09-15 09:34:00,5.95,15322.0,United Kingdom,11.9
491812,20657,TROPICAL LUGGAGE TAG,200,2009-12-14 13:23:00,0.38,13694.0,United Kingdom,76.0
495591,47566B,TEA TIME PARTY BUNTING,10,2010-01-26 10:25:00,4.65,14646.0,Netherlands,46.5
545338,22212,FOUR HOOK  WHITE LOVEBIRDS,3,2011-03-01 17:32:00,2.1,17449.0,United Kingdom,6.300000000000001
540550,21530,DAIRY MAID TOASTRACK,6,2011-01-10 09:11:00,2.95,12539.0,Spain,17.700000000000003
501673,71477,COLOUR GLASS. STAR T-LIGHT HOLDER,8,2010-03-18 15:19:00,3.25,16569.0,United Kingdom,26.0
576508,22210,WOOD STAMP SET BEST WISHES,1,2011-11-15 12:02:00,0.83,17777.0,United Kingdom,0.83
498899,85099C,JUMBO  BAG BAROQUE BLACK WHITE,1,2010-02-23 13:55:00,1.95,13772.0,United Kingdom,1.95
575607,71270,PHOTO CLIP LINE,1,2011-11-10 12:37:00,2.46,14096.0,United Kingdom,2.46
515330,21212,PACK OF 72 RETRO SPOT CAKE CASES,2,2010-07-11 13:53:00,0.55,16049.0,United Kingdom,1.1
557311,84596B,SMALL DOLLY MIX DESIGN ORANGE BOWL,3,2011-06-19 15:36:00,0.42,15700.0,United Kingdom,1.26
532449,22413,METAL SIGN TAKE IT OR LEAVE IT ,12,2010-11-12 11:33:00,2.95,15476.0,United Kingdom,35.400000000000006
522725,22049,WRAP CHRISTMAS SCREEN PRINT,25,2010-09-16 12:41:00,0.42,17491.0,United Kingdom,10.5
512056,21363,HOME SMALL WOOD LETTERS,6,2010-06-13 10:35:00,4.95,13001.0,United Kingdom,29.700000000000003
503980,37343,SPOTS DESIGN MUG W PINK INSIDE,48,2010-04-09 08:05:00,1.27,13762.0,United Kingdom,60.96
577174,22695,WICKER WREATH SMALL,2,2011-11-18 10:58:00,1.45,17841.0,United Kingdom,2.9
493982,21955,  DOORMAT UNION JACK GUNS AND ROSES,3,2010-01-10 12:13:00,6.75,18231.0,United Kingdom,20.25
518769,21558,SKULL LUNCH BOX WITH CUTLERY ,1,2010-08-11 15:13:00,2.55,14736.0,United Kingdom,2.55
536569,22119,PEACE WOODEN BLOCK LETTERS,1,2010-12-01 15:35:00,6.95,16274.0,United Kingdom,6.95
578781,22600,CHRISTMAS RETROSPOT STAR WOOD,2,2011-11-25 11:54:00,0.85,15872.0,United Kingdom,1.7
534346,22866,HAND WARMER SCOTTY DOG DESIGN,12,2010-11-22 11:51:00,2.1,18287.0,United Kingdom,25.200000000000003
575066,23211,RED ROCKING HORSE HAND PAINTED,12,2011-11-08 12:42:00,1.25,13668.0,United Kingdom,15.0
501284,21393,BLUE  SPOTTY PUDDING BOWL,12,2010-03-15 14:19:00,2.1,12714.0,France,25.200000000000003
572098,21484,CHICK GREY HOT WATER BOTTLE,4,2011-10-20 15:38:00,4.25,15117.0,United Kingdom,17.0
526936,84839,SWEETHEART KEY CABINET,10,2010-10-14 10:00:00,5.55,13831.0,United Kingdom,55.5
550473,22411,JUMBO SHOPPER VINTAGE RED PAISLEY,1,2011-04-18 13:54:00,2.08,14623.0,United Kingdom,2.08
502336,21231,SWEETHEART CERAMIC TRINKET BOX,12,2010-03-24 10:45:00,1.25,13468.0,United Kingdom,15.0
506377,47505,MINATURE COLOURED GARDENING SET,3,2010-04-29 12:16:00,2.0,14527.0,United Kingdom,6.0
522582,22628,PICNIC BOXES SET OF 3 RETROSPOT ,40,2010-09-15 12:16:00,4.25,14646.0,Netherlands,170.0
505574,22561,WOODEN SCHOOL COLOURING SET,12,2010-04-23 11:44:00,1.65,13269.0,United Kingdom,19.799999999999997
549845,21403,BLUE EGG  SPOON,24,2011-04-12 14:22:00,0.12,16729.0,United Kingdom,2.88
580721,23272,TREE T-LIGHT HOLDER WILLIE WINKIE,12,2011-12-05 16:57:00,0.39,15274.0,United Kingdom,4.68
515328,22690,DOORMAT HOME SWEET HOME BLUE ,1,2010-07-11 12:59:00,7.49,14805.0,United Kingdom,7.49
509914,21238,RED SPOTTY CUP,48,2010-05-26 11:31:00,0.85,17685.0,United Kingdom,40.8
581098,22791,T-LIGHT GLASS FLUTED ANTIQUE,12,2011-12-07 11:42:00,1.25,14911.0,EIRE,15.0
505984,84997A,GREEN 3 PIECE MINI DOTS CUTLERY SET,72,2010-04-27 09:35:00,2.29,18102.0,United Kingdom,164.88
574682,47420,ASSORTED COLOUR SUCTION CUP HOOK,1,2011-11-06 12:44:00,0.19,14963.0,United Kingdom,0.19
511078,22606,WOODEN SKITTLES GARDEN SET,4,2010-06-06 13:52:00,12.75,16497.0,United Kingdom,51.0
531508,22799,SWEETHEART WIRE FRUIT BOWL,2,2010-11-08 15:42:00,8.5,14016.0,EIRE,17.0
541252,85123A,WHITE HANGING HEART T-LIGHT HOLDER,20,2011-01-16 13:41:00,2.95,13064.0,United Kingdom,59.0
495349,84612B,SET/4 BLACK  BAROQUE FLOCK COASTER,6,2010-01-24 10:50:00,2.55,15641.0,United Kingdom,15.299999999999999
500341,72715,SPHERICAL IVORY CANDLE ,4,2010-03-07 14:31:00,0.42,16466.0,United Kingdom,1.68
572552,20662,FIRST CLASS HOLIDAY PURSE ,2,2011-10-24 17:07:00,5.79,14096.0,United Kingdom,11.58
553384,22425,ENAMEL COLANDER CREAM,1,2011-05-16 15:53:00,4.95,16899.0,United Kingdom,4.95
528615,22171,3 HOOK PHOTO SHELF ANTIQUE WHITE,1,2010-10-22 16:36:00,8.5,17231.0,United Kingdom,8.5
527409,21482,MUSHROOM BLUE HOT WATER BOTTLE,1,2010-10-17 14:54:00,2.95,17141.0,United Kingdom,2.95
503985,78124,MAGAZINE RACK GEBRA ASSORTED ,6,2010-04-09 10:08:00,2.75,12468.0,Germany,16.5
564565,47503A,ASS FLORAL PRINT MULTI SCREWDRIVER,24,2011-08-26 10:50:00,0.42,14911.0,EIRE,10.08
529156,22575,METAL MERRY CHRISTMAS WREATH,1,2010-10-26 16:47:00,1.95,16549.0,United Kingdom,1.95
540953,84510A,SET OF 4 ENGLISH ROSE COASTERS,1,2011-01-12 13:16:00,1.25,14587.0,United Kingdom,1.25
528424,22944,CHRISTMAS METAL POSTCARD WITH BELLS,12,2010-10-22 09:53:00,1.25,12899.0,United Kingdom,15.0
566334,37446,MINI CAKE STAND WITH HANGING CAKES,32,2011-09-12 12:24:00,1.25,13798.0,United Kingdom,40.0
509273,22428,ENAMEL FIRE BUCKET CREAM,1,2010-05-21 11:26:00,6.95,14744.0,United Kingdom,6.95
562923,82494L,WOODEN FRAME ANTIQUE WHITE ,12,2011-08-10 14:34:00,2.95,16996.0,United Kingdom,35.400000000000006
538035,22572,ROCKING HORSE GREEN CHRISTMAS ,1,2010-12-09 13:03:00,0.85,16065.0,United Kingdom,0.85
533948,84536B,FAIRY CAKES NOTEBOOK A7 SIZE,1,2010-11-19 12:09:00,0.42,17346.0,United Kingdom,0.42
556954,21172,PARTY METAL SIGN ,12,2011-06-16 08:38:00,1.45,15585.0,United Kingdom,17.4
566317,23340,VINTAGE CHRISTMAS CAKE FRILL,12,2011-09-12 10:19:00,1.65,13375.0,United Kingdom,19.799999999999997
506830,21175,GIN + TONIC DIET METAL SIGN,2,2010-05-04 13:19:00,2.1,13542.0,United Kingdom,4.2
569638,22865,HAND WARMER OWL DESIGN,12,2011-10-05 12:15:00,2.1,16140.0,United Kingdom,25.200000000000003
544999,84947,ANTIQUE SILVER TEA GLASS ENGRAVED,360,2011-02-25 12:28:00,1.06,17388.0,United Kingdom,381.6
542284,22616,PACK OF 12 LONDON TISSUES ,72,2011-01-27 10:56:00,0.29,17311.0,United Kingdom,20.88
578702,20914,SET/5 RED RETROSPOT LID GLASS BOWLS,6,2011-11-25 10:58:00,2.95,15382.0,United Kingdom,17.700000000000003
576359,22667,RECIPE BOX RETROSPOT ,24,2011-11-14 16:59:00,2.55,14680.0,United Kingdom,61.199999999999996
544471,21232,STRAWBERRY CERAMIC TRINKET BOX,12,2011-02-21 08:50:00,1.25,18094.0,United Kingdom,15.0
517254,90145,SILVER HOOP EARRINGS WITH FLOWER,1,2010-07-27 16:22:00,5.95,15532.0,United Kingdom,5.95
578702,23583,LUNCH BAG PAISLEY PARK  ,10,2011-11-25 10:58:00,1.65,15382.0,United Kingdom,16.5
551810,22554,PLASTERS IN TIN WOODLAND ANIMALS,1,2011-05-04 11:32:00,1.65,15719.0,United Kingdom,1.65
546688,22698,PINK REGENCY TEACUP AND SAUCER,6,2011-03-16 10:17:00,2.95,16497.0,United Kingdom,17.700000000000003
531826,22594,CHRISTMAS GINGHAM TREE,12,2010-11-09 17:59:00,0.85,13721.0,United Kingdom,10.2
574835,23534,STOP FOR TEA WALL ART,3,2011-11-07 11:31:00,5.95,13139.0,United Kingdom,17.85
561195,22755,SMALL PURPLE BABUSHKA NOTEBOOK ,3,2011-07-25 13:57:00,0.85,14796.0,United Kingdom,2.55
575039,22374,AIRLINE BAG VINTAGE JET SET RED,1,2011-11-08 11:53:00,4.25,15005.0,United Kingdom,4.25
530130,22943,CHRISTMAS LIGHTS 10 VINTAGE BAUBLES,3,2010-11-01 15:28:00,4.95,14911.0,EIRE,14.850000000000001
508486,22500,SET OF 2 TINS JARDIN DE PROVENCE,1,2010-05-16 12:57:00,4.95,16456.0,United Kingdom,4.95
568344,21891,TRADITIONAL WOODEN SKIPPING ROPE,12,2011-09-26 15:23:00,1.45,16531.0,United Kingdom,17.4
573588,22982,PANTRY PASTRY BRUSH,12,2011-10-31 15:01:00,1.25,12588.0,Finland,15.0
577049,23007, SPACEBOY BABY GIFT SET,1,2011-11-17 13:58:00,16.95,17397.0,United Kingdom,16.95
503024,21589,SWALLOW GIANT TUBE MATCHES,12,2010-03-29 15:03:00,2.55,16197.0,United Kingdom,30.599999999999998
573305,23556,LANDMARK FRAME COVENT GARDEN ,1,2011-10-28 16:13:00,12.5,17837.0,United Kingdom,12.5
556256,22699,ROSES REGENCY TEACUP AND SAUCER ,6,2011-06-09 17:37:00,2.95,14309.0,United Kingdom,17.700000000000003
519514,21977,PACK OF 60 PINK PAISLEY CAKE CASES,240,2010-08-18 09:19:00,0.42,14156.0,EIRE,100.8
526645,20878,SET/9 CHRISTMAS T-LIGHTS SCENTED ,2,2010-10-12 13:33:00,1.25,17841.0,United Kingdom,2.5
577770,22384,LUNCH BAG PINK POLKADOT,10,2011-11-21 15:33:00,1.65,13282.0,United Kingdom,16.5
504204,21524,DOOR MAT SPOTTY HOME SWEET HOME,4,2010-04-12 11:22:00,7.49,14930.0,Channel Islands,29.96
543652,20726,LUNCH BAG WOODLAND,10,2011-02-11 10:15:00,1.65,15544.0,United Kingdom,16.5
573899,22585,PACK OF 6 BIRDY GIFT TAGS,12,2011-11-01 14:41:00,1.25,15847.0,United Kingdom,15.0
493817,22254,FELT TOADSTOOL LARGE,12,2010-01-07 12:22:00,1.25,16641.0,United Kingdom,15.0
578953,21533,RETROSPOT LARGE MILK JUG,2,2011-11-27 14:50:00,4.95,13546.0,United Kingdom,9.9
578270,22077,6 RIBBONS RUSTIC CHARM,5,2011-11-23 13:39:00,3.29,14096.0,United Kingdom,16.45
562150,22149,FELTCRAFT 6 FLOWER FRIENDS,6,2011-08-03 10:49:00,2.1,14132.0,United Kingdom,12.600000000000001
506781,82599,FANNY'S REST STOPMETAL SIGN,12,2010-05-04 12:16:00,2.1,14895.0,United Kingdom,25.200000000000003
570019,21523,DOORMAT FANCY FONT HOME SWEET HOME,1,2011-10-07 10:13:00,8.25,17841.0,United Kingdom,8.25
560723,22545,MINI JIGSAW BUNNIES,1,2011-07-20 13:53:00,0.42,16464.0,United Kingdom,0.42
525112,21981,PACK OF 12 WOODLAND TISSUES ,24,2010-10-04 11:16:00,0.29,12474.0,Germany,6.959999999999999
497002,84992,72 SWEETHEART FAIRY CAKE CASES,24,2010-02-05 11:57:00,0.55,12853.0,United Kingdom,13.200000000000001
577057,84692,BOX OF 24 COCKTAIL PARASOLS,1,2011-11-17 14:26:00,0.42,12748.0,United Kingdom,0.42
538367,85124B,BLUE JUICY FRUIT PHOTO FRAME,6,2010-12-12 10:48:00,2.55,14800.0,United Kingdom,15.299999999999999
490728,22179,SET 10 LIGHTS NIGHT OWL,1,2009-12-07 16:40:00,6.75,16702.0,United Kingdom,6.75
575602,23542,WALL ART 70'S ALPHABET ,1,2011-11-10 12:27:00,8.25,17059.0,United Kingdom,8.25
545417,22849,BREAD BIN DINER STYLE MINT,2,2011-03-02 13:42:00,16.95,15622.0,United Kingdom,33.9
491173,21035,SET/2 RED SPOTTY TEA TOWELS ,2,2009-12-10 11:42:00,2.95,15858.0,United Kingdom,5.9
519600,22383,LUNCH BAG SUKI  DESIGN ,1,2010-08-18 15:47:00,1.65,15353.0,United Kingdom,1.65
562368,20723,STRAWBERRY CHARLOTTE BAG,50,2011-08-04 14:06:00,0.85,16570.0,United Kingdom,42.5
524490,22327,ROUND SNACK BOXES SET OF 4 SKULLS,5,2010-09-29 12:22:00,2.95,14451.0,United Kingdom,14.75
539353,20983,12 PENCILS TALL TUBE RED RETROSPOT,24,2010-12-17 11:30:00,0.85,12782.0,Portugal,20.4
523664,22940,FELTCRAFT CHRISTMAS FAIRY,1,2010-09-23 14:15:00,4.25,15005.0,United Kingdom,4.25
533336,21731,RED TOADSTOOL LED NIGHT LIGHT,12,2010-11-16 18:10:00,1.65,12714.0,France,19.799999999999997
525055,22119,PEACE WOODEN BLOCK LETTERS,2,2010-10-03 13:56:00,6.95,16407.0,United Kingdom,13.9
555473,21080,SET/20 RED RETROSPOT PAPER NAPKINS ,2,2011-06-03 11:59:00,0.85,14700.0,United Kingdom,1.7
507819,21212,PACK OF 72 RETRO SPOT CAKE CASES,24,2010-05-11 13:06:00,0.55,14344.0,United Kingdom,13.200000000000001
527407,22271,FELTCRAFT DOLL ROSIE,1,2010-10-17 14:44:00,2.95,17141.0,United Kingdom,2.95
521178,22457,NATURAL SLATE HEART CHALKBOARD ,6,2010-09-02 15:58:00,2.95,12831.0,United Kingdom,17.700000000000003
496774,21457,2 PICTURE BOOK EGGS EASTER DUCKS,12,2010-02-03 15:52:00,1.25,13562.0,United Kingdom,15.0
538191,22659,LUNCH BOX I LOVE LONDON,128,2010-12-10 10:49:00,1.65,15061.0,United Kingdom,211.2
533112,22411,JUMBO SHOPPER VINTAGE RED PAISLEY,10,2010-11-16 12:14:00,1.95,15311.0,United Kingdom,19.5
540161,22622,BOX OF VINTAGE ALPHABET BLOCKS,1,2011-01-05 11:52:00,9.95,16719.0,United Kingdom,9.95
565515,23343,JUMBO BAG VINTAGE CHRISTMAS ,20,2011-09-05 11:51:00,2.08,17491.0,United Kingdom,41.6
501434,22423,REGENCY CAKESTAND 3 TIER,1,2010-03-16 13:15:00,12.75,14496.0,United Kingdom,12.75
553423,23182,TOILET SIGN OCCUPIED OR VACANT,2,2011-05-17 10:28:00,0.83,17811.0,United Kingdom,1.66
512739,85099F,JUMBO BAG STRAWBERRY,20,2010-06-17 14:14:00,1.95,13037.0,United Kingdom,39.0
540371,22862,LOVE HEART NAPKIN BOX ,4,2011-01-06 16:35:00,4.25,14312.0,United Kingdom,17.0
525200,21790,VINTAGE SNAP CARDS,4,2010-10-04 12:36:00,0.85,16444.0,United Kingdom,3.4
534379,22894,TABLECLOTH RED APPLES DESIGN ,2,2010-11-22 12:36:00,8.5,14646.0,Netherlands,17.0
521822,90170,DAISY HAIR BAND,12,2010-09-09 10:37:00,1.65,12714.0,France,19.799999999999997
544091,21669,BLUE STRIPE CERAMIC DRAWER KNOB,12,2011-02-16 08:37:00,1.25,14897.0,United Kingdom,15.0
571675,22865,HAND WARMER OWL DESIGN,12,2011-10-18 13:26:00,2.1,13700.0,United Kingdom,25.200000000000003
562517,21993,FLORAL FOLK STATIONERY SET,2,2011-08-05 12:27:00,1.25,15719.0,United Kingdom,2.5
555541,22895,SET OF 2 TEA TOWELS APPLE AND PEARS,2,2011-06-05 12:51:00,3.25,16883.0,United Kingdom,6.5
579015,23084,RABBIT NIGHT LIGHT,24,2011-11-28 09:54:00,1.79,12906.0,United Kingdom,42.96
581112,22111,SCOTTIE DOG HOT WATER BOTTLE,18,2011-12-07 12:17:00,4.95,16678.0,United Kingdom,89.10000000000001
544586,84987,SET OF 36 TEATIME PAPER DOILIES,4,2011-02-21 15:04:00,1.45,17338.0,United Kingdom,5.8
570784,POST,POSTAGE,1,2011-10-12 11:49:00,18.0,12569.0,Germany,18.0
523515,85099C,JUMBO  BAG BAROQUE BLACK WHITE,20,2010-09-22 12:44:00,1.95,15039.0,United Kingdom,39.0
537375,21982,PACK OF 12 SUKI TISSUES ,6,2010-12-06 12:55:00,0.29,17019.0,United Kingdom,1.7399999999999998
504887,22275,WEEKEND BAG VINTAGE ROSE PAISLEY,4,2010-04-18 13:40:00,7.65,17850.0,United Kingdom,30.6
530272,22505,MEMO BOARD COTTAGE DESIGN,8,2010-11-02 11:52:00,4.95,12389.0,Australia,39.6
563370,22841,ROUND CAKE TIN VINTAGE GREEN,2,2011-08-16 09:34:00,7.95,16153.0,United Kingdom,15.9
501550,20828,GLITTER BUTTERFLY CLIPS,6,2010-03-17 15:29:00,2.55,13371.0,United Kingdom,15.299999999999999
566558,21928,JUMBO BAG SCANDINAVIAN BLUE PAISLEY,4,2011-09-13 11:51:00,2.08,15311.0,United Kingdom,8.32
577296,23493,VINTAGE DOILY TRAVEL SEWING KIT,4,2011-11-18 12:47:00,1.95,17286.0,United Kingdom,7.8
546230,21155,RED RETROSPOT PEG BAG,6,2011-03-10 12:26:00,2.55,13871.0,United Kingdom,15.299999999999999
517393,85099B,JUMBO BAG RED RETROSPOT,40,2010-07-29 10:00:00,1.95,13340.0,United Kingdom,78.0
551412,22804,CANDLEHOLDER PINK HANGING HEART,3,2011-04-28 13:31:00,2.95,15508.0,United Kingdom,8.850000000000001
575856,23306,SET OF 36 PANTRY PAPER DOILIES,1,2011-11-11 12:28:00,1.45,16386.0,United Kingdom,1.45
574056,21212,PACK OF 72 RETROSPOT CAKE CASES,120,2011-11-02 14:09:00,0.42,14646.0,Netherlands,50.4
499382,22377,BOTTLE BAG RETROSPOT ,1,2010-02-26 12:08:00,2.1,14646.0,Netherlands,2.1
553002,22670,FRENCH WC SIGN BLUE METAL,1,2011-05-12 15:26:00,1.25,13263.0,United Kingdom,1.25
549614,21987,PACK OF 6 SKULL PAPER CUPS,12,2011-04-11 11:38:00,0.65,12720.0,Germany,7.800000000000001
573407,35961,FOLKART ZINC HEART CHRISTMAS DEC,12,2011-10-30 15:58:00,0.85,18067.0,United Kingdom,10.2
499990,21868,POTTING SHED TEA MUG,12,2010-03-03 16:33:00,1.25,13890.0,United Kingdom,15.0
535259,21930,JUMBO STORAGE BAG SKULLS,3,2010-11-25 13:18:00,1.95,17068.0,United Kingdom,5.85
525091,20801,LARGE PINK GLASS SUNDAE DISH,6,2010-10-04 09:06:00,2.55,16817.0,United Kingdom,15.299999999999999
567477,23178,JAM CLOCK MAGNET,3,2011-09-20 13:20:00,2.89,16327.0,United Kingdom,8.67
492419,22099,CARAVAN SQUARE TISSUE BOX,1,2009-12-16 17:34:00,1.25,14540.0,United Kingdom,1.25
527841,22157,ANGEL DECORATION WITH LACE PADDED,2,2010-10-19 11:29:00,0.85,17219.0,United Kingdom,1.7
557793,22425,ENAMEL COLANDER CREAM,1,2011-06-22 17:30:00,4.95,14998.0,United Kingdom,4.95
565329,21849,SILVER DIAMANTE PEN IN GIFT BOX,1,2011-09-02 13:54:00,4.95,14606.0,United Kingdom,4.95
519005,21122,SET/10 PINK SPOTTY PARTY CANDLES,1,2010-08-12 19:18:00,1.25,16549.0,United Kingdom,1.25
511314,22424,ENAMEL BREAD BIN CREAM,1,2010-06-07 16:39:00,12.75,14606.0,United Kingdom,12.75
501530,21508,VINTAGE KID DOLLY CARD ,24,2010-03-17 12:47:00,0.42,13089.0,United Kingdom,10.08
500093,22250,DECORATION  BUTTERFLY  MAGIC GARDEN,1,2010-03-04 12:13:00,0.85,15910.0,United Kingdom,0.85
527379,22581,WOOD STOCKING CHRISTMAS SCANDISPOT,20,2010-10-17 12:52:00,0.85,13527.0,United Kingdom,17.0
548327,84989A,75 GREEN FAIRY CAKE CASES,1,2011-03-30 13:05:00,0.55,16788.0,United Kingdom,0.55
573588,22423,REGENCY CAKESTAND 3 TIER,2,2011-10-31 15:01:00,12.75,12588.0,Finland,25.5
571844,23201,JUMBO BAG ALPHABET,20,2011-10-19 12:30:00,2.08,17101.0,United Kingdom,41.6
566601,22070,SMALL RED RETROSPOT MUG IN BOX ,1,2011-09-13 15:57:00,3.75,16469.0,United Kingdom,3.75
504714,20981,12 PENCILS TALL TUBE WOODLAND,12,2010-04-16 10:16:00,0.85,12395.0,Belgium,10.2
566788,22715,CARD WEDDING DAY,72,2011-09-15 10:31:00,0.36,14306.0,United Kingdom,25.919999999999998
508101,21731,RED TOADSTOOL LED NIGHT LIGHT,12,2010-05-13 10:02:00,1.65,12647.0,Germany,19.799999999999997
525431,37448,CERAMIC CAKE DESIGN SPOTTED MUG,12,2010-10-05 13:14:00,1.49,16300.0,United Kingdom,17.88
531551,21143,ANTIQUE GLASS HEART DECORATION ,12,2010-11-09 09:16:00,1.95,15602.0,United Kingdom,23.4
544945,22094,RED RETROSPOT TISSUE BOX,12,2011-02-25 10:53:00,1.25,17735.0,United Kingdom,15.0
565141,22851,SET 20 NAPKINS FAIRY CAKES DESIGN ,1,2011-09-01 13:40:00,0.85,17841.0,United Kingdom,0.85
520972,22199,FRYING PAN RED POLKADOT ,1,2010-09-01 12:38:00,4.25,12391.0,Cyprus,4.25
570244,22810,SET OF 6 T-LIGHTS SNOWMEN,6,2011-10-09 16:05:00,2.95,14514.0,United Kingdom,17.700000000000003
567183,22907,PACK OF 20 NAPKINS PANTRY DESIGN,8,2011-09-18 15:32:00,0.85,14769.0,United Kingdom,6.8
529590,22582,PACK OF 6 SWEETIE GIFT BOXES,4,2010-10-28 20:03:00,2.55,17974.0,United Kingdom,10.2
566297,21755,LOVE BUILDING BLOCK WORD,1,2011-09-11 15:50:00,6.25,16794.0,United Kingdom,6.25
529942,85152,HAND OVER THE CHOCOLATE   SIGN ,2,2010-10-31 14:59:00,2.1,15867.0,United Kingdom,4.2
553346,22427,ENAMEL FLOWER JUG CREAM,12,2011-05-16 12:57:00,5.45,17054.0,United Kingdom,65.4
552730,22502,PICNIC BASKET WICKER SMALL,4,2011-05-11 10:42:00,5.95,16837.0,United Kingdom,23.8
536945,22437,SET OF 9 BLACK SKULL BALLOONS,1,2010-12-03 12:24:00,0.85,14083.0,United Kingdom,0.85
574740,22067,CHOC TRUFFLE GOLD TRINKET POT ,12,2011-11-06 16:07:00,1.65,12357.0,Switzerland,19.799999999999997
515922,21623,VINTAGE UNION JACK MEMOBOARD,1,2010-07-15 13:58:00,9.95,14667.0,United Kingdom,9.95
497363,21485,RED SPOT HEART HOT WATER BOTTLE,3,2010-02-09 09:41:00,4.95,12370.0,Austria,14.850000000000001
500498,85041,SET/4 PINK ORCHID CANDLES IN BOWL,12,2010-03-08 13:17:00,1.65,17672.0,United Kingdom,19.799999999999997
550284,22717,CARD DOG AND BALL ,12,2011-04-15 14:10:00,0.42,12383.0,Belgium,5.04
560921,84755,COLOUR GLASS T-LIGHT HOLDER HANGING,16,2011-07-21 19:17:00,0.65,16224.0,United Kingdom,10.4
549851,22084,PAPER CHAIN KIT EMPIRE,12,2011-04-12 15:08:00,2.95,16062.0,United Kingdom,35.400000000000006
541504,21535,RED RETROSPOT SMALL MILK JUG,1,2011-01-18 15:37:00,2.55,14415.0,United Kingdom,2.55
491717,84032A,CHARLIE+LOLA PINK HOT WATER BOTTLE,1,2009-12-13 15:54:00,2.95,16725.0,United Kingdom,2.95
559987,23296,SET OF 6 TEA TIME BAKING CASES,128,2011-07-14 12:12:00,1.04,12619.0,Germany,133.12
572241,22867,HAND WARMER BIRD DESIGN,12,2011-10-21 15:20:00,2.1,12712.0,Germany,25.200000000000003
505708,20725,LUNCH BAG RED SPOTTY,1,2010-04-25 12:15:00,1.65,13782.0,United Kingdom,1.65
537855,21690,SILVER  CANDLEPOT JARDIN ,1,2010-12-08 15:59:00,3.75,15996.0,United Kingdom,3.75
524969,22025,RING OF ROSES BIRTHDAY CARD,72,2010-10-01 14:38:00,0.36,14646.0,Netherlands,25.919999999999998
531162,20749,ASSORTED COLOUR MINI CASES,1,2010-11-05 14:21:00,7.95,17841.0,United Kingdom,7.95
496216,21507,"ELEPHANT, BIRTHDAY CARD, ",12,2010-01-29 13:44:00,0.42,16802.0,United Kingdom,5.04
523023,22297,HEART IVORY TRELLIS SMALL,24,2010-09-20 11:45:00,1.25,17716.0,United Kingdom,30.0
536990,20669,RED HEART LUGGAGE TAG,12,2010-12-03 15:14:00,1.25,12793.0,Portugal,15.0
552885,84997C,BLUE 3 PIECE POLKADOT CUTLERY SET,72,2011-05-12 10:15:00,3.75,14646.0,Netherlands,270.0
580622,47559B,TEA TIME OVEN GLOVE,10,2011-12-05 12:09:00,1.25,17006.0,United Kingdom,12.5
519529,22629,SPACEBOY LUNCH BOX ,12,2010-08-18 10:29:00,1.95,13320.0,United Kingdom,23.4
500902,21508,VINTAGE KID DOLLY CARD ,12,2010-03-11 10:07:00,0.42,13093.0,United Kingdom,5.04
544795,16161U,WRAP SUKI AND FRIENDS,25,2011-02-23 13:21:00,0.42,15858.0,United Kingdom,10.5
581006,22697,GREEN REGENCY TEACUP AND SAUCER,6,2011-12-07 08:45:00,2.95,14911.0,EIRE,17.700000000000003
499219,84856S,SMALL TAHITI BEACH BAG,48,2010-02-25 11:28:00,3.81,13288.0,United Kingdom,182.88
537046,82484,WOOD BLACK BOARD ANT WHITE FINISH,2,2010-12-05 10:58:00,6.45,18109.0,United Kingdom,12.9
524708,22145,CHRISTMAS CRAFT HEART STOCKING ,6,2010-09-30 12:38:00,2.1,13394.0,United Kingdom,12.600000000000001
541987,22740,POLKADOT PEN,48,2011-01-24 16:05:00,0.85,14130.0,United Kingdom,40.8
524115,22895,SET OF 2 TEA TOWELS APPLE AND PEARS,36,2010-09-27 13:47:00,2.95,16705.0,United Kingdom,106.2
534681,22242,5 HOOK HANGER MAGIC TOADSTOOL,1,2010-11-23 14:50:00,1.65,13451.0,United Kingdom,1.65
530590,84347,ROTATING SILVER ANGELS T-LIGHT HLDR,60,2010-11-03 14:57:00,2.55,13319.0,United Kingdom,153.0
573891,21915,RED  HARMONICA IN BOX ,12,2011-11-01 13:56:00,1.25,12682.0,France,15.0
514499,21474,SWEETHEART CREAM STEEL FOLDIN BENCH,1,2010-07-04 10:55:00,19.95,14896.0,United Kingdom,19.95
506452,22607,WOODEN ROUNDERS GARDEN SET ,1,2010-04-29 18:31:00,8.5,15709.0,United Kingdom,8.5
580679,22112,CHOCOLATE HOT WATER BOTTLE,3,2011-12-05 14:49:00,4.95,18198.0,United Kingdom,14.850000000000001
553856,22645,CERAMIC HEART FAIRY CAKE MONEY BANK,2,2011-05-19 13:28:00,1.45,16813.0,United Kingdom,2.9
571158,22097,SWALLOW SQUARE TISSUE BOX,2,2011-10-14 10:25:00,0.39,14606.0,United Kingdom,0.78
536358,84879,ASSORTED COLOUR BIRD ORNAMENT,16,2010-11-30 17:58:00,1.69,17204.0,United Kingdom,27.04
493442,21524,SPOTTY  HOME SWEET HOME DOORMAT,1,2010-01-04 13:36:00,6.75,13821.0,United Kingdom,6.75
532979,22334,DINOSAUR PARTY BAG + STICKER SET,2,2010-11-15 13:39:00,1.65,17346.0,United Kingdom,3.3
506122,84755,COLOUR GLASS T-LIGHT HOLDER HANGING,16,2010-04-27 14:11:00,0.65,13048.0,United Kingdom,10.4
491736,21710,FOLDING UMBRELLA  PINK/WHITE  SPOT,8,2009-12-14 10:34:00,4.95,13013.0,United Kingdom,39.6
541678,20756,GREEN FERN POCKET BOOK,3,2011-01-20 14:13:00,0.85,17771.0,United Kingdom,2.55
530288,22418,10 COLOUR SPACEBOY PEN,12,2010-11-02 12:16:00,0.85,14593.0,United Kingdom,10.2
531210,82583,HOT BATHS METAL SIGN,1,2010-11-05 16:07:00,2.1,13263.0,United Kingdom,2.1
543306,22417,PACK OF 60 SPACEBOY CAKE CASES,2,2011-02-07 11:56:00,0.55,16686.0,United Kingdom,1.1
573035,21908,CHOCOLATE THIS WAY METAL SIGN,12,2011-10-27 13:43:00,2.1,12433.0,Norway,25.200000000000003
559653,21558,SKULL LUNCH BOX WITH CUTLERY ,1,2011-07-11 12:49:00,2.55,14552.0,United Kingdom,2.55
550162,21581,SKULLS  DESIGN  COTTON TOTE BAG,6,2011-04-14 16:23:00,2.25,12569.0,Germany,13.5
493721,21447,12 IVORY ROSE PEG PLACE SETTINGS,1,2010-01-06 10:53:00,1.25,17362.0,United Kingdom,1.25
553838,20725,LUNCH BAG RED RETROSPOT,10,2011-05-19 12:10:00,1.65,12620.0,France,16.5
521973,21865,PINK UNION JACK  PASSPORT COVER ,1,2010-09-09 19:46:00,2.1,17366.0,United Kingdom,2.1
567636,22570,FELTCRAFT CUSHION RABBIT,4,2011-09-21 13:48:00,3.75,16358.0,United Kingdom,15.0
546670,22357,KINGS CHOICE BISCUIT TIN,1,2011-03-15 15:37:00,4.25,13451.0,United Kingdom,4.25
528605,22750,FELTCRAFT PRINCESS LOLA DOLL,4,2010-10-22 15:24:00,3.75,15865.0,United Kingdom,15.0
578074,22364,GLASS JAR DIGESTIVE BISCUITS,1,2011-11-22 16:06:00,2.95,17590.0,United Kingdom,2.95
548148,84692,BOX OF 24 COCKTAIL PARASOLS,3,2011-03-29 12:31:00,0.42,17931.0,United Kingdom,1.26
554765,48187,DOORMAT NEW ENGLAND,2,2011-05-26 11:38:00,7.95,16837.0,United Kingdom,15.9
490966,21309,LOUVRE CHALKBOARD,4,2009-12-08 16:20:00,9.95,17178.0,United Kingdom,39.8
528363,21499,BLUE POLKADOT WRAP,25,2010-10-21 15:38:00,0.42,14442.0,Channel Islands,10.5
532657,84970S,HANGING HEART ZINC T-LIGHT HOLDER,12,2010-11-14 11:10:00,0.85,14562.0,United Kingdom,10.2
533381,22756,LARGE YELLOW BABUSHKA NOTEBOOK ,2,2010-11-17 10:55:00,1.25,14417.0,United Kingdom,2.5
576520,23333,IVORY WICKER HEART MEDIUM,2,2011-11-15 12:33:00,1.25,14467.0,United Kingdom,2.5
499526,20749,ASSORTED COLOUR MINI CASES,2,2010-03-01 10:36:00,7.95,17241.0,United Kingdom,15.9
565320,22908,PACK OF 20 NAPKINS RED APPLES,1,2011-09-02 13:10:00,0.85,16745.0,United Kingdom,0.85
526863,22821,GIFT BAG PSYCHEDELIC APPLES,12,2010-10-13 13:08:00,0.65,15203.0,United Kingdom,7.800000000000001
544495,21125,SET 6 FOOTBALL CELEBRATION CANDLES,12,2011-02-21 11:42:00,1.25,12766.0,Portugal,15.0
564965,23293,SET OF 12 FAIRY CAKE BAKING CASES,8,2011-08-31 15:07:00,0.83,17677.0,United Kingdom,6.64
522086,22630,DOLLY GIRL LUNCH BOX,12,2010-09-12 12:00:00,1.95,16042.0,United Kingdom,23.4
511051,22544,MINI JIGSAW SPACEBOY,6,2010-06-06 12:13:00,0.42,12911.0,United Kingdom,2.52
490471,21424,WOODLAND STORAGE BOX LARGE ,3,2009-12-06 12:28:00,2.95,15878.0,United Kingdom,8.850000000000001
519407,21059,PARTY INVITES DINOSAURS,12,2010-08-17 09:47:00,0.85,15498.0,United Kingdom,10.2
526910,21330,WOODLAND ANIMAL  WRITING SET ,6,2010-10-13 15:37:00,1.65,15351.0,United Kingdom,9.899999999999999
580059,22112,CHOCOLATE HOT WATER BOTTLE,12,2011-12-01 13:22:00,4.95,17768.0,United Kingdom,59.400000000000006
523309,20712,JUMBO BAG WOODLAND ANIMALS,10,2010-09-21 13:08:00,1.95,14156.0,EIRE,19.5
490472,21621,VINTAGE UNION JACK BUNTING,6,2009-12-06 12:28:00,8.5,16485.0,United Kingdom,51.0
566193,84970L,SINGLE HEART ZINC T-LIGHT HOLDER,12,2011-09-09 13:37:00,1.25,14961.0,United Kingdom,15.0
521038,21010,ETCHED GLASS BIRD TREE DECORATION,12,2010-09-02 09:14:00,1.25,12589.0,France,15.0
576379,23215,JINGLE BELL HEART ANTIQUE SILVER,12,2011-11-15 09:21:00,2.08,16423.0,United Kingdom,24.96
573346,22597,MUSICAL ZINC HEART DECORATION ,42,2011-10-30 12:18:00,0.29,17255.0,United Kingdom,12.18
507735,22197,SMALL POPCORN HOLDER,8,2010-05-11 12:10:00,0.85,17321.0,United Kingdom,6.8
493139,85232A,SET/3 POLKA DOT STACKING TINS,2,2009-12-22 11:32:00,4.95,15311.0,United Kingdom,9.9
537852,21294,ETCHED GLASS COASTER,48,2010-12-08 15:56:00,1.25,17340.0,United Kingdom,60.0
513775,21907,I'M ON HOLIDAY METAL SIGN,12,2010-06-28 13:58:00,1.85,17448.0,United Kingdom,22.200000000000003
501483,22185,SLATE TILE NATURAL HANGING,36,2010-03-17 10:22:00,1.45,16652.0,United Kingdom,52.199999999999996
492800,48187,DOOR MAT NEW ENGLAND,2,2009-12-20 11:50:00,6.75,13542.0,United Kingdom,13.5
530509,90214N,"LETTER ""N"" BLING KEY RING",12,2010-11-03 12:07:00,1.25,16779.0,United Kingdom,15.0
512458,22434,BALLOON PUMP WITH 10 BALLOONS,8,2010-06-16 09:48:00,1.95,14634.0,United Kingdom,15.6
568099,22430,ENAMEL WATERING CAN CREAM,4,2011-09-23 15:18:00,4.95,15916.0,United Kingdom,19.8
536946,21114,LAVENDER SCENTED FABRIC HEART,20,2010-12-03 12:28:00,1.25,13013.0,United Kingdom,25.0
546435,22090,PAPER BUNTING RETROSPOT,6,2011-03-14 09:37:00,2.95,15671.0,United Kingdom,17.700000000000003
515404,85152,HAND OVER THE CHOCOLATE   SIGN ,12,2010-07-12 11:45:00,2.1,17838.0,United Kingdom,25.200000000000003
510413,22555,PLASTERS IN TIN STRONGMAN,1,2010-05-30 11:00:00,1.65,15580.0,United Kingdom,1.65
506794,21718,RED METAL BEACH SPADE ,12,2010-05-04 12:22:00,1.25,13143.0,United Kingdom,15.0
552235,23231,WRAP DOILEY DESIGN,25,2011-05-06 16:17:00,0.42,15194.0,United Kingdom,10.5
556111,85132C,CHARLIE AND LOLA FIGURES TINS,12,2011-06-09 09:16:00,1.95,13004.0,United Kingdom,23.4
548739,22699,ROSES REGENCY TEACUP AND SAUCER ,4,2011-04-04 11:28:00,2.95,15493.0,United Kingdom,11.8
508059,22621,TRADITIONAL KNITTING NANCY,12,2010-05-12 13:29:00,1.45,13141.0,United Kingdom,17.4
528646,22414,DOORMAT NEIGHBOURHOOD WITCH ,1,2010-10-24 12:24:00,7.95,14532.0,United Kingdom,7.95
580291,22964,3 PIECE SPACEBOY COOKIE CUTTER SET,6,2011-12-02 13:36:00,2.1,15539.0,United Kingdom,12.600000000000001
543306,84997D,PINK 3 PIECE POLKADOT CUTLERY SET,2,2011-02-07 11:56:00,4.15,16686.0,United Kingdom,8.3
575960,47590B,PINK HAPPY BIRTHDAY BUNTING,3,2011-11-13 12:28:00,5.45,15429.0,United Kingdom,16.35
499921,21870,I CAN ONLY PLEASE ONE PERSON MUG,6,2010-03-03 12:21:00,1.25,14911.0,EIRE,7.5
510320,21878,PACK OF 6 SANDCASTLE FLAGS ASSORTED,2,2010-05-28 12:15:00,0.85,17822.0,United Kingdom,1.7
547965,21398,RED POLKADOT COFFEE  MUG,48,2011-03-28 15:47:00,0.39,15809.0,United Kingdom,18.72
563100,22535,MAGIC DRAWING SLATE BUNNIES ,24,2011-08-12 09:57:00,0.42,12381.0,Norway,10.08
578155,20755,BLUE PAISLEY POCKET BOOK,1,2011-11-23 11:32:00,0.85,12748.0,United Kingdom,0.85
527424,22665,RECIPE BOX BLUE SKETCHBOOK DESIGN,1,2010-10-17 16:08:00,2.95,15068.0,United Kingdom,2.95
565857,22171,3 HOOK PHOTO SHELF ANTIQUE WHITE,2,2011-09-07 14:13:00,8.5,14911.0,EIRE,17.0
561898,84077,WORLD WAR 2 GLIDERS ASSTD DESIGNS,48,2011-07-31 15:25:00,0.29,12456.0,Switzerland,13.919999999999998
514387,22531,MAGIC DRAWING SLATE CIRCUS PARADE  ,48,2010-07-02 11:44:00,0.42,12633.0,Germany,20.16
558338,23165,LARGE CERAMIC TOP STORAGE JAR,12,2011-06-28 13:36:00,1.65,16824.0,United Kingdom,19.799999999999997
506566,21217,RED SPOTTY ROUND CAKE TINS,1,2010-04-30 12:46:00,9.95,14648.0,United Kingdom,9.95
513650,21240,BLUE  SPOTTY CUP,8,2010-06-28 09:32:00,0.85,17091.0,United Kingdom,6.8
535427,22748,POPPY'S PLAYHOUSE KITCHEN,1,2010-11-26 12:05:00,2.1,15872.0,United Kingdom,2.1
553423,20727,LUNCH BAG  BLACK SKULL.,4,2011-05-17 10:28:00,1.65,17811.0,United Kingdom,6.6
537137,21260,FIRST AID TIN,4,2010-12-05 12:43:00,3.25,16327.0,United Kingdom,13.0
564199,23333,IVORY WICKER HEART MEDIUM,5,2011-08-23 17:31:00,1.25,13263.0,United Kingdom,6.25
546983,21326,AGED GLASS SILVER T-LIGHT HOLDER,12,2011-03-18 12:27:00,0.65,16626.0,United Kingdom,7.800000000000001
535250,22556,PLASTERS IN TIN CIRCUS PARADE ,1,2010-11-25 12:56:00,1.65,15987.0,United Kingdom,1.65
511637,22649,STRAWBERRY FAIRY CAKE TEAPOT,8,2010-06-09 13:04:00,4.95,15298.0,United Kingdom,39.6
560415,22720,SET OF 3 CAKE TINS PANTRY DESIGN ,3,2011-07-18 14:36:00,4.95,15152.0,United Kingdom,14.850000000000001
522082,22367,CHILDRENS APRON SPACEBOY DESIGN,4,2010-09-12 11:44:00,1.95,16608.0,United Kingdom,7.8
527887,22358,KINGS CHOICE TEA CADDY ,6,2010-10-19 12:08:00,2.95,14388.0,United Kingdom,17.700000000000003
493990,21929,JUMBO BAG PINK VINTAGE PAISLEY,10,2010-01-10 12:43:00,1.95,12951.0,United Kingdom,19.5
550627,20971,PINK BLUE FELT CRAFT TRINKET BOX,12,2011-04-19 14:36:00,1.25,16633.0,United Kingdom,15.0
564572,22993,SET OF 4 PANTRY JELLY MOULDS,12,2011-08-26 11:18:00,1.25,15078.0,United Kingdom,15.0
574271,23064,CINDERELLA CHANDELIER ,100,2011-11-03 14:32:00,10.0,14607.0,United Kingdom,1000.0
491658,20674,GREEN SPOTTY BOWL,3,2009-12-13 11:05:00,1.25,16442.0,United Kingdom,3.75
537034,22867,HAND WARMER BIRD DESIGN,96,2010-12-03 17:20:00,1.85,13081.0,United Kingdom,177.60000000000002
540642,22467,GUMBALL COAT RACK,12,2011-01-10 13:22:00,2.55,12681.0,France,30.599999999999998
547382,22408,MONEY BOX CONFECTIONERY DESIGN,2,2011-03-22 15:31:00,1.25,15457.0,United Kingdom,2.5
501297,37446,MINI CAKE STAND WITH HANGING CAKES,1,2010-03-15 16:05:00,1.45,14606.0,United Kingdom,1.45
519932,21770,OPEN CLOSED METAL SIGN,1,2010-08-22 16:05:00,4.95,17231.0,United Kingdom,4.95
504338,22423,REGENCY CAKESTAND 3 TIER,4,2010-04-12 16:42:00,12.75,16705.0,United Kingdom,51.0
555520,22919,HERB MARKER MINT,1,2011-06-05 11:14:00,0.65,15038.0,United Kingdom,0.65
559064,21035,SET/2 RED RETROSPOT TEA TOWELS ,6,2011-07-06 10:15:00,3.25,15673.0,United Kingdom,19.5
494871,85152,HAND OVER THE CHOCOLATE   SIGN ,12,2010-01-19 12:17:00,2.1,17706.0,United Kingdom,25.200000000000003
491105,22349,"DOG BOWL , CHASING BALL DESIGN",6,2009-12-09 14:25:00,3.75,16755.0,United Kingdom,22.5
554098,22551,PLASTERS IN TIN SPACEBOY,2,2011-05-22 13:01:00,1.65,14769.0,United Kingdom,3.3
580636,21284,RETROSPOT CANDLE  SMALL,12,2011-12-05 12:33:00,0.39,16746.0,United Kingdom,4.68
575117,22097,SWALLOW SQUARE TISSUE BOX,1,2011-11-08 14:22:00,0.39,12748.0,United Kingdom,0.39
514676,90214K,"LETTER ""K"" BLING KEY RING",1,2010-07-05 13:34:00,1.25,14606.0,United Kingdom,1.25
544574,22699,ROSES REGENCY TEACUP AND SAUCER ,6,2011-02-21 13:51:00,2.95,12365.0,Cyprus,17.700000000000003
577506,85071A,BLUE CHARLIE+LOLA PERSONAL DOORSIGN,1,2011-11-20 12:40:00,0.39,13212.0,United Kingdom,0.39
533423,22548,HEADS AND TAILS SPORTING FUN,4,2010-11-17 11:19:00,1.25,16386.0,United Kingdom,5.0
537646,21689,SILVER VANILLA  FLOWER CANDLE POT,1,2010-12-07 15:39:00,3.75,17591.0,United Kingdom,3.75
538637,21591,COSY HOUR CIGAR BOX MATCHES ,3,2010-12-13 13:52:00,1.25,17611.0,United Kingdom,3.75
514512,85123A,WHITE HANGING HEART T-LIGHT HOLDER,3,2010-07-04 13:33:00,2.95,14247.0,United Kingdom,8.850000000000001
497500,21136,PAINTED METAL PEARS ASSORTED,16,2010-02-10 10:39:00,1.69,13767.0,United Kingdom,27.04
572023,22585,PACK OF 6 BIRDY GIFT TAGS,18,2011-10-20 11:03:00,1.25,17764.0,United Kingdom,22.5
494913,21429,RED GINGHAM ROSE JEWELLERY BOX,1,2010-01-19 17:03:00,1.65,17576.0,United Kingdom,1.65
538849,21407,BROWN CHECK CAT DOORSTOP ,1,2010-12-14 13:31:00,4.25,14415.0,United Kingdom,4.25
507228,22521,CHILDS GARDEN TROWEL PINK,2,2010-05-06 19:57:00,0.85,16794.0,United Kingdom,1.7
557476,23108,SET OF 10 LED DOLLY LIGHTS,4,2011-06-20 13:41:00,6.25,18223.0,United Kingdom,25.0
494658,84660C,PINK STITCHED WALL CLOCK,2,2010-01-17 13:29:00,3.75,13782.0,United Kingdom,7.5
523203,22906,12 MESSAGE CARDS WITH ENVELOPES,12,2010-09-21 09:51:00,1.65,14152.0,United Kingdom,19.799999999999997
510197,85065,CREAM SWEETHEART TRAYS,1,2010-05-27 20:20:00,12.75,17231.0,United Kingdom,12.75
542617,22558,CLOTHES PEGS RETROSPOT PACK 24 ,2,2011-01-30 15:48:00,1.49,17463.0,United Kingdom,2.98
498045,85152,HAND OVER THE CHOCOLATE   SIGN ,48,2010-02-16 10:41:00,1.69,16584.0,United Kingdom,81.12
576239,22685,FRENCH BLUE METAL DOOR SIGN 0,10,2011-11-14 13:33:00,1.25,15694.0,United Kingdom,12.5
540680,84970L,SINGLE HEART ZINC T-LIGHT HOLDER,2,2011-01-10 16:24:00,0.95,15311.0,United Kingdom,1.9
543820,84826,ASSTD DESIGN 3D PAPER STICKERS,6,2011-02-13 16:05:00,0.85,16084.0,United Kingdom,5.1
541486,85152,HAND OVER THE CHOCOLATE   SIGN ,2,2011-01-18 13:15:00,2.1,18109.0,United Kingdom,4.2
513987,84997C,BLUE 3 PIECE MINI DOTS CUTLERY SET,6,2010-06-30 08:30:00,3.75,12415.0,Australia,22.5
519607,21755,LOVE BUILDING BLOCK WORD,2,2010-08-18 16:21:00,5.95,14505.0,United Kingdom,11.9
561617,22487,WHITE WOOD GARDEN PLANT LADDER,1,2011-07-28 13:05:00,9.95,18237.0,United Kingdom,9.95
535974,22185,SLATE TILE NATURAL HANGING,6,2010-11-29 12:49:00,1.65,16413.0,United Kingdom,9.899999999999999
549592,22171,3 HOOK PHOTO SHELF ANTIQUE WHITE,2,2011-04-11 10:14:00,8.5,14311.0,United Kingdom,17.0
494416,21080,SET/20 RED SPOTTY PAPER NAPKINS ,12,2010-01-14 10:56:00,0.85,17469.0,United Kingdom,10.2
496072,17165B,ASS COL LARGE SAND GECKO P'WEIGHT,9,2010-01-28 17:09:00,1.05,15615.0,United Kingdom,9.450000000000001
574345,21537,RED RETROSPOT PUDDING BOWL,8,2011-11-04 10:18:00,4.25,15845.0,United Kingdom,34.0
561195,22468,BABUSHKA LIGHTS STRING OF 10,1,2011-07-25 13:57:00,6.75,14796.0,United Kingdom,6.75
505615,21932,SCANDINAVIAN PAISLEY PICNIC BAG,1,2010-04-23 12:49:00,2.95,15288.0,United Kingdom,2.95
489594,84507C,BLUE CIRCLES DESIGN MONKEY DOLL,1,2009-12-01 14:19:00,2.55,15005.0,United Kingdom,2.55
501291,22583,PACK OF 6 HANDBAG GIFT BOXES,1,2010-03-15 15:33:00,2.55,14343.0,United Kingdom,2.55
580727,22132,RED LOVE HEART SHAPE CUP,4,2011-12-05 17:17:00,1.63,14096.0,United Kingdom,6.52
580733,23207,LUNCH BAG ALPHABET DESIGN,10,2011-12-06 08:37:00,1.65,16929.0,United Kingdom,16.5
554268,20719,WOODLAND CHARLOTTE BAG,1,2011-05-23 12:59:00,0.85,15311.0,United Kingdom,0.85
579516,22197,POPCORN HOLDER,5,2011-11-29 17:52:00,0.85,17841.0,United Kingdom,4.25
511051,22454,MEASURING TAPE RUSSIAN DOLL RED,3,2010-06-06 12:13:00,2.95,12911.0,United Kingdom,8.850000000000001
566008,22432,WATERING CAN PINK BUNNY,1,2011-09-08 12:04:00,1.95,16426.0,United Kingdom,1.95
557008,22659,LUNCH BOX I LOVE LONDON,5,2011-06-16 11:38:00,1.95,16729.0,United Kingdom,9.75
492742,21185, HOME SWEET HOME  BLACKBOARD,3,2009-12-18 12:33:00,6.35,12455.0,Cyprus,19.049999999999997
548991,20831,GOLD PHOTO FRAME,2,2011-04-05 13:48:00,2.1,16915.0,United Kingdom,4.2
496308,85206B,PINK FELT EASTER EGG BASKET,3,2010-01-31 11:54:00,1.65,17625.0,United Kingdom,4.949999999999999
504643,84945,MULTI COLOUR SILVER T-LIGHT HOLDER,12,2010-04-15 14:26:00,0.85,18151.0,United Kingdom,10.2
494889,21730,GLASS STAR FROSTED T-LIGHT HOLDER,1,2010-01-19 13:09:00,4.95,14472.0,United Kingdom,4.95
541851,22179,SET 10 LIGHTS NIGHT OWL,4,2011-01-23 14:20:00,6.75,17841.0,United Kingdom,27.0
577029,23082,SET 6 PAPER TABLE LANTERN HEARTS ,12,2011-11-17 12:59:00,3.75,15563.0,United Kingdom,45.0
503395,21218,RED SPOTTY BISCUIT TIN,6,2010-03-31 15:30:00,3.75,13039.0,United Kingdom,22.5
528725,47566B,TEA TIME PARTY BUNTING,2,2010-10-24 13:17:00,4.65,17377.0,United Kingdom,9.3
505708,21272,SALLE DE BAIN HOOK,2,2010-04-25 12:15:00,1.25,13782.0,United Kingdom,2.5
520966,22442,GROW YOUR OWN FLOWERS SET OF 3,2,2010-09-01 12:20:00,7.95,14265.0,Unspecified,15.9
559469,47566,PARTY BUNTING,4,2011-07-08 13:37:00,4.95,15182.0,United Kingdom,19.8
563522,21755,LOVE BUILDING BLOCK WORD,18,2011-08-17 10:59:00,5.45,17975.0,United Kingdom,98.10000000000001
539252,84951B,SET OF 4 BLACK LOVEBIRD COASTERS,12,2010-12-16 14:17:00,0.85,17744.0,United Kingdom,10.2
555383,22197,SMALL POPCORN HOLDER,5,2011-06-02 15:13:00,0.85,12517.0,Germany,4.25
544211,20972,PINK CREAM FELT CRAFT TRINKET BOX ,12,2011-02-17 11:05:00,1.25,13018.0,United Kingdom,15.0
566256,37495,FAIRY CAKE BIRTHDAY CANDLE SET,4,2011-09-11 12:27:00,3.75,12680.0,France,15.0
513560,20728,LUNCH BAG CARS BLUE,4,2010-06-25 13:37:00,1.65,13564.0,United Kingdom,6.6
563177,22929,SCHOOL DESK AND CHAIR ,1,2011-08-12 14:03:00,65.0,17293.0,United Kingdom,65.0
489574,21548,CERAMIC BIRDHOUSE FINCH BLUE ROOF,1,2009-12-01 13:31:00,2.95,13097.0,United Kingdom,2.95
568878,21181,PLEASE ONE PERSON METAL SIGN,12,2011-09-29 12:34:00,2.1,14524.0,United Kingdom,25.200000000000003
570458,22773,GREEN DRAWER KNOB ACRYLIC EDWARDIAN,12,2011-10-10 15:39:00,1.25,14535.0,United Kingdom,15.0
545417,22191,IVORY DINER WALL CLOCK,2,2011-03-02 13:42:00,8.5,15622.0,United Kingdom,17.0
563353,23290,SPACEBOY CHILDRENS BOWL,8,2011-08-15 14:32:00,1.25,15480.0,Malta,10.0
538093,22948,METAL DECORATION NAUGHTY CHILDREN ,24,2010-12-09 14:49:00,0.85,12682.0,France,20.4
510659,21523,DOOR MAT FANCY FONT HOME SWEET HOME,1,2010-06-02 14:24:00,7.49,16549.0,United Kingdom,7.49
573074,48184,DOORMAT ENGLISH ROSE ,2,2011-10-27 14:03:00,8.25,16265.0,United Kingdom,16.5
572613,23112,PARISIENNE CURIO CABINET,2,2011-10-25 11:28:00,7.5,15345.0,United Kingdom,15.0
522982,22411,JUMBO SHOPPER VINTAGE RED PAISLEY,2,2010-09-19 14:03:00,1.95,12867.0,United Kingdom,3.9
506710,22196,SMALL HEART MEASURING SPOONS,12,2010-05-02 15:30:00,0.85,13465.0,United Kingdom,10.2
528922,47367B,PAIR PADDED HANGERS PINK CHECK,4,2010-10-25 14:35:00,3.75,15747.0,United Kingdom,15.0
525335,35971,ROSE FOLKART HEART DECORATIONS,48,2010-10-05 11:24:00,0.42,14298.0,United Kingdom,20.16
500843,21984,PACK OF 12 PINK PAISLEY TISSUES ,1,2010-03-10 12:13:00,0.29,17348.0,United Kingdom,0.29
568549,23396,LE JARDIN BOTANIQUE CUSHION COVER,4,2011-09-27 14:52:00,3.75,13950.0,United Kingdom,15.0
498416,82597,BOMBS AWAY METAL SIGN,12,2010-02-18 16:16:00,2.1,14783.0,United Kingdom,25.200000000000003
518354,21791,VINTAGE HEADS AND TAILS CARD GAME ,12,2010-08-06 14:52:00,1.25,13199.0,United Kingdom,15.0
530550,22555,PLASTERS IN TIN STRONGMAN,1,2010-11-03 13:18:00,1.65,14988.0,United Kingdom,1.65
517766,22656,VINTAGE BLUE KITCHEN CABINET,1,2010-08-02 11:25:00,295.0,14427.0,United Kingdom,295.0
539414,22732,3D VINTAGE CHRISTMAS STICKERS ,3,2010-12-17 13:45:00,1.25,16931.0,United Kingdom,3.75
545901,22197,SMALL POPCORN HOLDER,6,2011-03-07 17:52:00,0.85,15834.0,United Kingdom,5.1
497346,90082D,DIAMANTE BOW BROOCH BLACK COLOUR,6,2010-02-08 15:48:00,6.35,16551.0,United Kingdom,38.099999999999994
551532,22792,FLUTED ANTIQUE CANDLE HOLDER,12,2011-05-01 14:17:00,0.85,16554.0,United Kingdom,10.2
496012,20727,LUNCH BAG  BLACK SKULL.,100,2010-01-28 12:59:00,1.45,16779.0,United Kingdom,145.0
536412,22271,FELTCRAFT DOLL ROSIE,2,2010-12-01 11:49:00,2.95,17920.0,United Kingdom,5.9
499508,22029,SPACEBOY BIRTHDAY CARD,12,2010-02-28 16:14:00,0.42,18069.0,United Kingdom,5.04
527366,22578,WOODEN STAR CHRISTMAS SCANDINAVIAN,3,2010-10-17 11:24:00,0.85,15571.0,United Kingdom,2.55
541479,22333,RETROSPOT PARTY BAG + STICKER SET,48,2011-01-18 11:54:00,1.45,16422.0,United Kingdom,69.6
537900,84879,ASSORTED COLOUR BIRD ORNAMENT,32,2010-12-09 10:45:00,1.69,15983.0,United Kingdom,54.08
564727,21544,SKULLS  WATER TRANSFER TATTOOS ,4,2011-08-28 12:31:00,0.85,16686.0,United Kingdom,3.4
528340,22741,FUNKY DIVA PEN,48,2010-10-21 14:05:00,0.85,17673.0,United Kingdom,40.8
563931,21231,SWEETHEART CERAMIC TRINKET BOX,12,2011-08-21 15:49:00,1.25,14895.0,United Kingdom,15.0
558746,22178,VICTORIAN GLASS HANGING T-LIGHT,6,2011-07-01 17:23:00,1.25,14415.0,United Kingdom,7.5
550631,82600,NO SINGING METAL SIGN,12,2011-04-19 14:51:00,2.1,15225.0,United Kingdom,25.200000000000003
522963,85123A,WHITE HANGING HEART T-LIGHT HOLDER,6,2010-09-19 12:40:00,2.95,16053.0,United Kingdom,17.700000000000003
544894,21175,GIN + TONIC DIET METAL SIGN,6,2011-02-24 12:09:00,2.55,15805.0,United Kingdom,15.299999999999999
518663,21257,VICTORIAN SEWING BOX MEDIUM,1,2010-08-10 14:27:00,7.95,14044.0,United Kingdom,7.95
489672,21396,RED SPOTTY EGG CUP ,12,2009-12-02 09:21:00,1.25,14831.0,United Kingdom,15.0
528985,22630,DOLLY GIRL LUNCH BOX,12,2010-10-26 11:07:00,1.95,13363.0,United Kingdom,23.4
554083,21625,VINTAGE UNION JACK APRON,1,2011-05-22 11:51:00,6.95,18125.0,United Kingdom,6.95
491479,22194,BLACK DINER WALL CLOCK,1,2009-12-11 12:11:00,8.5,14680.0,United Kingdom,8.5
553931,21912,VINTAGE SNAKES & LADDERS,4,2011-05-20 10:27:00,3.75,14911.0,EIRE,15.0
559652,22413,METAL SIGN TAKE IT OR LEAVE IT ,6,2011-07-11 12:47:00,2.95,17164.0,United Kingdom,17.700000000000003
496502,82613A,"METAL SIGN,CUPCAKE SINGLE HOOK",8,2010-02-02 09:39:00,1.25,17146.0,United Kingdom,10.0
505448,72741,GRAND CHOCOLATECANDLE,9,2010-04-22 11:14:00,1.45,17646.0,United Kingdom,13.049999999999999
567980,22691,DOORMAT WELCOME SUNRISE,1,2011-09-23 11:22:00,8.25,15311.0,United Kingdom,8.25
559814,21238,RED RETROSPOT CUP,8,2011-07-12 15:49:00,0.85,15544.0,United Kingdom,6.8
554278,22410,MONEY BOX HOUSEKEEPING DESIGN,1,2011-05-23 13:25:00,1.25,13831.0,United Kingdom,1.25
512306,16161P,WRAP ENGLISH ROSE ,50,2010-06-14 16:25:00,0.42,15093.0,United Kingdom,21.0
490515,21370,MIRRORED WALL ART FOXY,2,2009-12-06 15:08:00,6.35,15479.0,United Kingdom,12.7
562540,23076,ICE CREAM SUNDAE LIP GLOSS,24,2011-08-05 15:38:00,1.25,17400.0,United Kingdom,30.0
491951,85231B,CINAMMON SET OF 9 T-LIGHTS,15,2009-12-14 15:51:00,0.85,13206.0,United Kingdom,12.75
581407,22119,PEACE WOODEN BLOCK LETTERS,2,2011-12-08 13:59:00,1.95,13263.0,United Kingdom,3.9
528605,22733,3D STICKERS TRADITIONAL CHRISTMAS ,20,2010-10-22 15:24:00,1.25,15865.0,United Kingdom,25.0
531493,22835,HOT WATER BOTTLE I AM SO POORLY,1,2010-11-08 15:12:00,4.65,17984.0,United Kingdom,4.65
545400,22262,FELT EGG COSY CHICKEN,12,2011-03-02 12:03:00,0.85,17048.0,United Kingdom,10.2
580301,22952,60 CAKE CASES VINTAGE CHRISTMAS,24,2011-12-02 14:11:00,0.55,15271.0,United Kingdom,13.200000000000001
523319,85231B,CINAMMON SET OF 9 T-LIGHTS,1,2010-09-21 13:37:00,0.85,16511.0,United Kingdom,0.85
545399,22859,EASTER TIN BUNNY BOUQUET,6,2011-03-02 11:48:00,1.65,14934.0,Channel Islands,9.899999999999999
502606,82552,WASHROOM METAL SIGN,12,2010-03-25 13:46:00,1.25,13900.0,United Kingdom,15.0
514736,22620,4 TRADITIONAL SPINNING TOPS,12,2010-07-06 09:59:00,1.25,16746.0,United Kingdom,15.0
495415,20729,RED SPOTTY CANDY BAG,10,2010-01-25 11:32:00,1.25,18199.0,United Kingdom,12.5
559510,22963,JAM JAR WITH GREEN LID,12,2011-07-08 15:29:00,0.85,14961.0,United Kingdom,10.2
518230,20866,BLUE ROSE FABRIC MIRROR,6,2010-08-05 15:14:00,1.25,14395.0,United Kingdom,7.5
524973,22114,HOT WATER BOTTLE TEA AND SYMPATHY,4,2010-10-01 14:59:00,3.95,13320.0,United Kingdom,15.8
522437,20981,12 PENCILS TALL TUBE WOODLAND,1,2010-09-14 13:56:00,0.85,17346.0,United Kingdom,0.85
572735,23119,PACK OF 6 LARGE FRUIT STRAWS ,12,2011-10-25 15:36:00,0.62,15630.0,United Kingdom,7.4399999999999995
524310,22594,CHRISTMAS GINGHAM TREE,12,2010-09-28 14:07:00,0.85,17624.0,United Kingdom,10.2
516891,21675,BUTTERFLIES STICKERS,12,2010-07-23 15:05:00,0.85,14312.0,United Kingdom,10.2
570225,21034,REX CASH+CARRY JUMBO SHOPPER,6,2011-10-09 13:15:00,0.95,16595.0,United Kingdom,5.699999999999999
516182,21714,CITRONELLA CANDLE GARDEN POT,12,2010-07-18 15:37:00,1.25,13078.0,United Kingdom,15.0
564137,21770,OPEN CLOSED METAL SIGN,4,2011-08-23 11:30:00,4.95,15722.0,United Kingdom,19.8
533475,22665,RECIPE BOX BLUE SKETCHBOOK DESIGN,2,2010-11-17 12:50:00,2.95,18109.0,United Kingdom,5.9
534885,22759,SET OF 3 NOTEBOOKS IN PARCEL,1,2010-11-24 14:48:00,1.65,15509.0,United Kingdom,1.65
570178,22398,MAGNETS PACK OF 4 SWALLOWS,12,2011-10-07 14:23:00,0.39,16558.0,United Kingdom,4.68
576051,21231,SWEETHEART CERAMIC TRINKET BOX,12,2011-11-13 14:45:00,1.25,14911.0,EIRE,15.0
540472,22309,TEA COSY RED  STRIPE,6,2011-01-07 14:22:00,2.55,18179.0,United Kingdom,15.299999999999999
505916,48184,DOOR MAT ENGLISH ROSE ,4,2010-04-26 14:47:00,7.49,15867.0,United Kingdom,29.96
576933,23084,RABBIT NIGHT LIGHT,6,2011-11-17 11:29:00,2.08,15529.0,United Kingdom,12.48
502889,21323,HANGING MEDINA LANTERN LARGE,3,2010-03-29 11:38:00,3.75,17448.0,United Kingdom,11.25
490048,84992,72 SWEETHEART FAIRY CAKE CASES,22,2009-12-03 13:03:00,0.55,16779.0,United Kingdom,12.100000000000001
574864,22867,HAND WARMER BIRD DESIGN,2,2011-11-07 12:29:00,2.1,14387.0,United Kingdom,4.2
497948,85047,WHITE BEADED GARLAND STRING 20LIGHT,3,2010-02-15 12:05:00,6.35,13081.0,United Kingdom,19.049999999999997
526089,22539,MINI JIGSAW DOLLY GIRL,24,2010-10-08 12:14:00,0.42,15281.0,United Kingdom,10.08
527954,22730,ALARM CLOCK BAKELIKE IVORY,1,2010-10-19 16:10:00,3.75,14030.0,United Kingdom,3.75
521366,22751,FELTCRAFT PRINCESS OLIVIA DOLL,1,2010-09-05 10:54:00,3.75,16782.0,United Kingdom,3.75
506831,84576,BLUE CAT BISCUIT BARREL PINK HEART,2,2010-05-04 13:31:00,5.95,16145.0,United Kingdom,11.9
533947,85231G,ORANGE SCENTED SET/9 T-LIGHTS,1,2010-11-19 12:09:00,0.85,17862.0,United Kingdom,0.85
515330,35981C,WHITE SNOW SCANDINAVIAN STOCKING ,3,2010-07-11 13:53:00,0.38,16049.0,United Kingdom,1.1400000000000001
572103,22866,HAND WARMER SCOTTY DOG DESIGN,1,2011-10-20 15:57:00,2.1,17571.0,United Kingdom,2.1
491726,47505,MINATURE COLOURED GARDENING SET,3,2009-12-14 08:40:00,4.95,12439.0,Cyprus,14.850000000000001
511267,22515,CHILDS GARDEN SPADE PINK,1,2010-06-07 12:59:00,2.1,13623.0,United Kingdom,2.1
519202,21935,SUKI  SHOULDER BAG,1,2010-08-15 10:37:00,1.65,16782.0,United Kingdom,1.65
520084,85049E,SCANDINAVIAN REDS RIBBONS,12,2010-08-24 10:45:00,1.25,12915.0,United Kingdom,15.0
516851,22423,REGENCY CAKESTAND 3 TIER,1,2010-07-23 11:57:00,12.75,15674.0,United Kingdom,12.75
560537,84032B,CHARLIE + LOLA RED HOT WATER BOTTLE,2,2011-07-19 12:19:00,2.95,17779.0,United Kingdom,5.9
553224,22382,LUNCH BAG SPACEBOY DESIGN ,4,2011-05-16 10:40:00,1.65,17228.0,United Kingdom,6.6
563688,22908,PACK OF 20 NAPKINS RED APPLES,12,2011-08-18 12:41:00,0.85,16767.0,United Kingdom,10.2
518227,22470,HEART OF WICKER LARGE,7,2010-08-05 14:57:00,2.95,15271.0,United Kingdom,20.650000000000002
534432,22457,NATURAL SLATE HEART CHALKBOARD ,1,2010-11-22 15:01:00,2.95,18283.0,United Kingdom,2.95
551258,20712,JUMBO BAG WOODLAND ANIMALS,20,2011-04-27 12:02:00,2.08,12621.0,Germany,41.6
495919,21464,DISCO BALL ROTATOR BATTERY OPERATED,4,2010-01-27 13:29:00,4.25,16320.0,Unspecified,17.0
567077,20956,PORCELAIN T-LIGHT HOLDERS ASSORTED,4,2011-09-16 12:34:00,1.25,18122.0,United Kingdom,5.0
500663,84879,ASSORTED COLOUR BIRD ORNAMENT,8,2010-03-09 12:10:00,1.69,17700.0,United Kingdom,13.52
543470,21207,SKULL AND CROSSBONES  GARLAND ,12,2011-02-08 14:58:00,1.65,16951.0,United Kingdom,19.799999999999997
564143,22720,SET OF 3 CAKE TINS PANTRY DESIGN ,2,2011-08-23 11:51:00,4.95,16814.0,United Kingdom,9.9
532993,22636,CHILDS BREAKFAST SET CIRCUS PARADE,2,2010-11-15 14:26:00,8.5,14156.0,EIRE,17.0
493824,84991,60 TEATIME FAIRY CAKE CASES,24,2010-01-07 12:57:00,0.55,16862.0,United Kingdom,13.200000000000001
530426,21401,BLUE PUDDING SPOON,36,2010-11-03 10:20:00,0.42,14911.0,EIRE,15.12
533717,22624,IVORY KITCHEN SCALES,1,2010-11-18 13:27:00,8.5,13137.0,United Kingdom,8.5
571668,23340,VINTAGE CHRISTMAS CAKE FRILL,6,2011-10-18 13:10:00,1.65,16515.0,United Kingdom,9.899999999999999
512071,82599,FANNY'S REST STOPMETAL SIGN,3,2010-06-13 11:36:00,2.1,13736.0,United Kingdom,6.300000000000001
541371,22977,DOLLY GIRL CHILDRENS EGG CUP,6,2011-01-17 14:51:00,1.25,13983.0,United Kingdom,7.5
498526,22193,RED DINER WALL CLOCK,2,2010-02-19 13:29:00,8.5,13552.0,United Kingdom,17.0
546787,84879,ASSORTED COLOUR BIRD ORNAMENT,48,2011-03-17 10:01:00,1.69,14035.0,United Kingdom,81.12
535790,21166,COOK WITH WINE METAL SIGN ,1,2010-11-28 14:28:00,1.95,17368.0,United Kingdom,1.95
523200,84520B,PACK 20 ENGLISH ROSE PAPER NAPKINS,96,2010-09-21 09:26:00,0.64,14676.0,United Kingdom,61.44
529168,22646,CERAMIC STRAWBERRY CAKE MONEY BANK,24,2010-10-26 17:55:00,1.45,17593.0,United Kingdom,34.8
533593,21790,VINTAGE SNAP CARDS,12,2010-11-18 12:11:00,0.85,12951.0,United Kingdom,10.2
535235,22732,3D VINTAGE CHRISTMAS STICKERS ,5,2010-11-25 12:28:00,1.25,16709.0,United Kingdom,6.25
571328,22739,RIBBON REEL CHRISTMAS SOCK BAUBLE,10,2011-10-17 11:27:00,1.65,12473.0,Germany,16.5
531249,22083,PAPER CHAIN KIT RETROSPOT,10,2010-11-07 10:59:00,2.95,12841.0,United Kingdom,29.5
491924,84671B,CROCHET BEAR WITH BLUE STRIPES,1,2009-12-14 15:31:00,2.55,17364.0,United Kingdom,2.55
528757,22815,CARD PSYCHEDELIC APPLES,24,2010-10-24 15:28:00,0.42,12720.0,Germany,10.08
573543,22311,OFFICE MUG WARMER BLACK+SILVER ,3,2011-10-31 13:05:00,2.95,17777.0,United Kingdom,8.850000000000001
526286,21175,GIN + TONIC DIET METAL SIGN,1,2010-10-11 11:53:00,2.1,14704.0,United Kingdom,2.1
542114,22328,ROUND SNACK BOXES SET OF 4 FRUITS ,6,2011-01-25 14:00:00,2.95,16943.0,United Kingdom,17.700000000000003
548552,22168,ORGANISER WOOD ANTIQUE WHITE ,2,2011-04-01 09:06:00,8.5,17613.0,United Kingdom,17.0
539105,22188,BLACK HEART CARD HOLDER,4,2010-12-16 10:43:00,3.95,14825.0,United Kingdom,15.8
523864,22695,WICKER WREATH SMALL,4,2010-09-24 12:24:00,1.45,15034.0,United Kingdom,5.8
522612,22423,REGENCY CAKESTAND 3 TIER,1,2010-09-15 14:30:00,12.75,16979.0,United Kingdom,12.75
573863,20685,DOORMAT RED RETROSPOT,10,2011-11-01 11:51:00,7.08,16825.0,United Kingdom,70.8
546643,21181,PLEASE ONE PERSON METAL SIGN,12,2011-03-15 13:23:00,2.1,16214.0,United Kingdom,25.200000000000003
577557,22952,60 CAKE CASES VINTAGE CHRISTMAS,1,2011-11-20 15:36:00,0.55,15426.0,United Kingdom,0.55
531756,22619,SET OF 6 SOLDIER SKITTLES,1,2010-11-09 13:23:00,3.75,17983.0,United Kingdom,3.75
495193,22273,FELTCRAFT DOLL MOLLY,1,2010-01-21 15:02:00,2.95,14606.0,United Kingdom,2.95
507150,22508,DOORSTOP RETROSPOT HEART,4,2010-05-06 13:13:00,3.75,13175.0,United Kingdom,15.0
545978,22722,SET OF 6 SPICE TINS PANTRY DESIGN,6,2011-03-08 12:19:00,3.95,13975.0,United Kingdom,23.700000000000003
506472,21333,CLASSIC WHITE FRAME,6,2010-04-30 09:47:00,2.95,17230.0,United Kingdom,17.700000000000003
491738,21206,STRAWBERRY HONEYCOMB  GARLAND ,12,2009-12-14 10:49:00,1.65,12472.0,Germany,19.799999999999997
511968,85099B,JUMBO BAG RED RETROSPOT,100,2010-06-11 13:44:00,1.65,13093.0,United Kingdom,165.0
564725,23438, RED SPOT GIFT BAG LARGE,2,2011-08-28 12:28:00,1.25,18041.0,United Kingdom,2.5
507208,22379,RECYCLING BAG RETROSPOT ,5,2010-05-06 16:57:00,2.1,13214.0,United Kingdom,10.5
513674,21609,SET 12 LAVENDER  BOTANICAL T-LIGHTS,6,2010-06-28 11:39:00,2.95,16012.0,United Kingdom,17.700000000000003
513054,21870,I CAN ONLY PLEASE ONE PERSON MUG,12,2010-06-21 13:35:00,1.25,13993.0,United Kingdom,15.0
497518,84029E,RED WOOLLY HOTTIE WHITE HEART.,6,2010-02-10 13:18:00,3.75,15312.0,United Kingdom,22.5
491622,21615,4 LAVENDER BOTANICAL DINNER CANDLES,2,2009-12-11 14:20:00,3.75,13415.0,United Kingdom,7.5
549736,21508,VINTAGE KID DOLLY CARD ,12,2011-04-12 09:02:00,0.42,13599.0,United Kingdom,5.04
550331,22294,HEART FILIGREE DOVE  SMALL,2,2011-04-17 13:43:00,1.25,15555.0,United Kingdom,2.5
546220,21670,BLUE SPOT CERAMIC DRAWER KNOB,6,2011-03-10 12:16:00,1.25,16745.0,United Kingdom,7.5
553168,23111,PARISIENNE SEWING BOX,8,2011-05-13 16:24:00,10.4,15159.0,United Kingdom,83.2
525214,22147,FELTCRAFT BUTTERFLY HEARTS,12,2010-10-04 12:45:00,1.45,14849.0,United Kingdom,17.4
549241,85099C,JUMBO  BAG BAROQUE BLACK WHITE,2,2011-04-07 11:40:00,2.08,15719.0,United Kingdom,4.16
552264,22292,HANGING CHICK  YELLOW DECORATION,4,2011-05-08 11:38:00,1.45,14959.0,United Kingdom,5.8
518546,79315W,FLYING SAUCER TABLE LIGHT IN WHITE,63,2010-08-09 18:29:00,2.95,18102.0,United Kingdom,185.85000000000002
563937,20978,36 PENCILS TUBE SKULLS,16,2011-08-22 09:10:00,1.25,18204.0,United Kingdom,20.0
522605,84970L,SINGLE HEART ZINC T-LIGHT HOLDER,24,2010-09-15 13:46:00,0.95,15629.0,United Kingdom,22.799999999999997
510192,22195,LARGE HEART MEASURING SPOONS,1,2010-05-27 18:13:00,1.65,17841.0,United Kingdom,1.65
569523,22292,HANGING CHICK  YELLOW DECORATION,3,2011-10-04 14:41:00,1.45,16033.0,United Kingdom,4.35
506347,22470,HEART OF WICKER LARGE,2,2010-04-29 11:56:00,2.95,14512.0,United Kingdom,5.9
495405,48194,DOORMAT HEARTS,1,2010-01-25 09:53:00,6.75,16125.0,United Kingdom,6.75
581404,22513,DOORSTOP FOOTBALL DESIGN,1,2011-12-08 13:47:00,0.79,13680.0,United Kingdom,0.79
521479,21929,JUMBO BAG PINK VINTAGE PAISLEY,30,2010-09-06 13:02:00,1.95,12758.0,Portugal,58.5
489875,21155,RED SPOTTY PEG BAG,2,2009-12-02 15:41:00,2.1,17841.0,United Kingdom,4.2
522952,22739,RIBBON REEL CHRISTMAS SOCK BAUBLE,5,2010-09-19 11:25:00,1.65,14553.0,United Kingdom,8.25
522604,21068,VINTAGE BILLBOARD LOVE/HATE MUG,12,2010-09-15 13:44:00,1.25,15629.0,United Kingdom,15.0
522594,21122,SET/10 PINK SPOTTY PARTY CANDLES,1,2010-09-15 13:21:00,1.25,16005.0,United Kingdom,1.25
549193,10125,MINI FUNKY DESIGN TAPES,20,2011-04-07 10:24:00,0.85,12580.0,Germany,17.0
514321,84991,60 TEATIME FAIRY CAKE CASES,3,2010-07-01 14:11:00,0.55,15013.0,United Kingdom,1.6500000000000001
503774,21127,COLOURFUL FISHING GNOME,2,2010-04-07 11:04:00,5.95,14606.0,United Kingdom,11.9
581400,23366,SET 12 COLOURING PENCILS DOILY,4,2011-12-08 13:36:00,0.65,14056.0,United Kingdom,2.6
538379,22920,HERB MARKER BASIL,1,2010-12-12 11:26:00,0.65,17126.0,United Kingdom,0.65
537047,22577,WOODEN HEART CHRISTMAS SCANDINAVIAN,5,2010-12-05 11:02:00,0.85,13069.0,United Kingdom,4.25
580759,22500,SET OF 2 TINS JARDIN DE PROVENCE,6,2011-12-06 10:30:00,1.25,17593.0,United Kingdom,7.5
580760,22539,MINI JIGSAW DOLLY GIRL,48,2011-12-06 10:30:00,0.19,12877.0,United Kingdom,9.120000000000001
565993,21624,VINTAGE UNION JACK DOORSTOP,3,2011-09-08 11:46:00,5.95,13013.0,United Kingdom,17.85
547909,85188A,GREEN METAL SWINGING BUNNY,4,2011-03-28 12:22:00,0.85,15033.0,United Kingdom,3.4
543179,21745,GAOLERS KEYS DECORATIVE GARDEN ,1,2011-02-04 10:31:00,3.75,12754.0,Japan,3.75
535802,85231B,CINAMMON SET OF 9 T-LIGHTS,2,2010-11-28 14:57:00,0.85,14030.0,United Kingdom,1.7
560036,22429,ENAMEL MEASURING JUG CREAM,8,2011-07-14 13:51:00,4.25,14911.0,EIRE,34.0
494515,47568,ENGLISH ROSE DESIGN PEG BAG,50,2010-01-15 10:24:00,1.69,13694.0,United Kingdom,84.5
545301,22634,CHILDS BREAKFAST SET SPACEBOY ,3,2011-03-01 12:26:00,9.95,12679.0,France,29.849999999999998
564724,47559B,TEA TIME OVEN GLOVE,4,2011-08-28 12:16:00,1.25,15555.0,United Kingdom,5.0
580402,22910,PAPER CHAIN KIT VINTAGE CHRISTMAS,8,2011-12-04 11:55:00,2.95,13536.0,United Kingdom,23.6
541410,22759,SET OF 3 NOTEBOOKS IN PARCEL,12,2011-01-17 16:06:00,1.65,13089.0,United Kingdom,19.799999999999997
537772,22636,CHILDS BREAKFAST SET CIRCUS PARADE,2,2010-12-08 12:35:00,8.5,18043.0,United Kingdom,17.0
513461,21427,SKULLS STORAGE BOX SMALL,1,2010-06-24 15:50:00,2.1,15043.0,United Kingdom,2.1
544301,21067,VINTAGE RED TEATIME MUG,2,2011-02-17 12:59:00,1.25,14606.0,United Kingdom,2.5
501620,47566,PARTY BUNTING,4,2010-03-18 11:31:00,4.65,14527.0,United Kingdom,18.6
512177,22074,6 RIBBONS SHIMMERING PINKS ,12,2010-06-14 12:01:00,1.65,15150.0,United Kingdom,19.799999999999997
544293,21967,PACK OF 12 SKULL TISSUES,5,2011-02-17 12:42:00,0.29,17954.0,United Kingdom,1.45
574656,23321,SMALL WHITE HEART OF WICKER,6,2011-11-06 11:36:00,1.65,16434.0,United Kingdom,9.899999999999999
559170,20727,LUNCH BAG  BLACK SKULL.,4,2011-07-06 17:31:00,1.65,16942.0,United Kingdom,6.6
557745,23301,GARDENERS KNEELING PAD KEEP CALM ,2,2011-06-22 12:16:00,1.65,15750.0,United Kingdom,3.3
495530,20849,ZINC HEART LATTICE DOUBLE PLANTER,3,2010-01-25 15:22:00,3.75,15768.0,United Kingdom,11.25
543413,20914,SET/5 RED RETROSPOT LID GLASS BOWLS,32,2011-02-08 11:32:00,2.55,13098.0,United Kingdom,81.6
549974,22060,LARGE CAKE STAND HANGING HEARTS,8,2011-04-13 14:31:00,3.95,17746.0,United Kingdom,31.6
491738,22303,COFFEE MUG APPLES DESIGN,12,2009-12-14 10:49:00,2.55,12472.0,Germany,30.599999999999998
547663,22498,WOODEN REGATTA BUNTING,2,2011-03-24 13:16:00,5.95,16022.0,United Kingdom,11.9
533779,22738,RIBBON REEL SNOWY VILLAGE,10,2010-11-18 16:22:00,1.65,17419.0,United Kingdom,16.5
572990,23076,ICE CREAM SUNDAE LIP GLOSS,24,2011-10-27 10:54:00,1.25,18276.0,United Kingdom,30.0
547053,22241,GARLAND WOODEN HAPPY EASTER,12,2011-03-20 12:08:00,1.25,13001.0,United Kingdom,15.0
578233,23480,MINI LIGHTS WOODLAND MUSHROOMS,4,2011-11-23 12:20:00,3.75,14049.0,United Kingdom,15.0
556576,15056N,EDWARDIAN PARASOL NATURAL,1,2011-06-13 13:55:00,5.95,14606.0,United Kingdom,5.95
497894,22197,"POPCORN HOLDER , SMALL ",6,2010-02-14 12:36:00,0.85,15425.0,United Kingdom,5.1
508012,84992,72 SWEETHEART FAIRY CAKE CASES,24,2010-05-12 11:55:00,0.55,15252.0,United Kingdom,13.200000000000001
533022,22435,SET OF 9 HEART SHAPED BALLOONS,2,2010-11-15 15:54:00,1.25,12970.0,United Kingdom,2.5
525803,22866,HAND WARMER SCOTTY DOG DESIGN,12,2010-10-07 11:36:00,2.1,14490.0,United Kingdom,25.200000000000003
545084,21441,BLUE BIRDHOUSE DECORATION,12,2011-02-28 10:55:00,0.85,12458.0,Switzerland,10.2
567742,22191,IVORY DINER WALL CLOCK,2,2011-09-22 10:47:00,8.5,14261.0,United Kingdom,17.0
560584,22320,BIRDS MOBILE VINTAGE DESIGN,1,2011-07-19 15:38:00,5.95,13827.0,United Kingdom,5.95
508483,20725,LUNCH BAG RED SPOTTY,3,2010-05-16 12:51:00,1.65,17841.0,United Kingdom,4.949999999999999
535229,22740,POLKADOT PEN,48,2010-11-25 12:25:00,0.85,14625.0,United Kingdom,40.8
572464,23193,BUFFALO BILL TREASURE BOOK BOX,1,2011-10-24 13:08:00,2.25,17081.0,United Kingdom,2.25
503437,22487,WHITE WOOD GARDEN PLANT LADDER,1,2010-04-01 09:53:00,9.95,15689.0,United Kingdom,9.95
535803,22505,MEMO BOARD COTTAGE DESIGN,1,2010-11-28 14:57:00,4.95,14410.0,United Kingdom,4.95
497921,20731,POSY CANDY BAG,2,2010-02-14 15:38:00,1.25,14869.0,United Kingdom,2.5
529842,21818,GLITTER CHRISTMAS HEART ,1,2010-10-31 12:52:00,0.85,15038.0,United Kingdom,0.85
545045,22728,ALARM CLOCK BAKELIKE PINK,1,2011-02-27 11:40:00,3.75,15708.0,United Kingdom,3.75
527380,90214E,"LETTER ""E"" BLING KEY RING",1,2010-10-17 12:52:00,1.25,14953.0,United Kingdom,1.25
574710,21165,BEWARE OF THE CAT METAL SIGN ,3,2011-11-06 14:17:00,1.69,15427.0,United Kingdom,5.07
568706,23092,LARGE ANTIQUE WHITE PHOTO FRAME,2,2011-09-28 15:32:00,7.9,14911.0,EIRE,15.8
544908,21716,BOYS VINTAGE TIN SEASIDE BUCKET,8,2011-02-24 14:27:00,2.55,18056.0,United Kingdom,20.4
573339,16015,MEDIUM CHINESE STYLE SCISSOR,10,2011-10-30 11:49:00,0.5,13278.0,United Kingdom,5.0
575643,21484,CHICK GREY HOT WATER BOTTLE,8,2011-11-10 14:09:00,4.25,13267.0,United Kingdom,34.0
538171,21931,JUMBO STORAGE BAG SUKI,2,2010-12-09 20:01:00,1.95,17530.0,United Kingdom,3.9
560726,23101,SILVER STARS TABLE DECORATION,1,2011-07-20 14:16:00,0.83,17962.0,United Kingdom,0.83
505846,48138,DOOR MAT UNION FLAG,6,2010-04-26 12:02:00,7.49,16523.0,United Kingdom,44.94
558248,20685,DOORMAT RED RETROSPOT,10,2011-06-27 16:48:00,6.75,13798.0,United Kingdom,67.5
512532,20971,PINK BLUE FELT CRAFT TRINKET BOX,24,2010-06-16 12:01:00,1.25,16253.0,United Kingdom,30.0
489818,22145,CHRISTMAS CRAFT HEART STOCKING ,6,2009-12-02 13:23:00,2.1,16233.0,United Kingdom,12.600000000000001
509071,21622,VINTAGE UNION JACK CUSHION COVER,4,2010-05-20 11:41:00,4.95,16471.0,United Kingdom,19.8
546212,22555,PLASTERS IN TIN STRONGMAN,96,2011-03-10 11:33:00,1.45,14156.0,EIRE,139.2
514962,20717,STRAWBERRY SHOPPER BAG,10,2010-07-07 12:08:00,1.25,14156.0,EIRE,12.5
541485,22477,WATERING CAN GARDEN MARKER,2,2011-01-18 13:05:00,1.25,18118.0,United Kingdom,2.5
560277,21696,SMALL SILVER TRELLIS CANDLEPOT,6,2011-07-17 15:24:00,2.95,15467.0,United Kingdom,17.700000000000003
500378,20725,LUNCH BAG RED SPOTTY,40,2010-03-08 10:15:00,1.65,14404.0,United Kingdom,66.0
536248,22199,FRYING PAN RED RETROSPOT,4,2010-11-30 14:48:00,4.25,12609.0,Germany,17.0
546995,22467,GUMBALL COAT RACK,1,2011-03-18 13:25:00,2.55,14041.0,United Kingdom,2.55
537863,22580,ADVENT CALENDAR GINGHAM SACK,1,2010-12-08 16:29:00,5.95,14030.0,United Kingdom,5.95
561030,23029,DRAWER KNOB CRACKLE GLAZE GREEN,6,2011-07-24 11:25:00,1.65,16407.0,United Kingdom,9.899999999999999
549837,21535,RED RETROSPOT SMALL MILK JUG,6,2011-04-12 13:38:00,2.55,16705.0,United Kingdom,15.299999999999999
515827,22487,WHITE WOOD GARDEN PLANT LADDER,4,2010-07-15 10:20:00,8.5,16054.0,United Kingdom,34.0
574892,22385,JUMBO BAG SPACEBOY DESIGN,6,2011-11-07 14:40:00,2.08,14700.0,United Kingdom,12.48
517980,21533,RETRO SPOT LARGE MILK JUG,3,2010-08-03 14:42:00,4.95,14219.0,United Kingdom,14.850000000000001
490229,22179,SET 10 LIGHTS NIGHT OWL,8,2009-12-04 12:20:00,6.75,18223.0,United Kingdom,54.0
504386,22529,MAGIC DRAWING SLATE GO TO THE FAIR ,10,2010-04-13 11:38:00,0.42,14057.0,United Kingdom,4.2
559362,85049G,CHOCOLATE BOX RIBBONS ,12,2011-07-08 08:43:00,1.25,12635.0,Germany,15.0
505963,84664,CHERRY BLOSSOM BATHROOM CABINET,4,2010-04-26 15:20:00,4.95,14401.0,United Kingdom,19.8
569556,23202,JUMBO BAG VINTAGE LEAF,10,2011-10-05 08:50:00,2.08,14936.0,Channel Islands,20.8
523416,22580,ADVENT CALENDAR GINGHAM SACK,3,2010-09-22 09:19:00,5.95,14611.0,United Kingdom,17.85
570703,23183,MOTHER'S KITCHEN SPOON REST ,6,2011-10-12 09:50:00,3.75,14911.0,EIRE,22.5
575975,23342,MINT DINER WALL CLOCK,1,2011-11-13 13:18:00,8.5,13536.0,United Kingdom,8.5
573405,22491,PACK OF 12 COLOURED PENCILS,3,2011-10-30 15:55:00,0.85,13822.0,United Kingdom,2.55
524001,20914,SET/5 RED SPOTTY LID GLASS BOWLS,6,2010-09-26 16:00:00,2.95,13269.0,United Kingdom,17.700000000000003
564846,21136,PAINTED METAL PEARS ASSORTED,8,2011-08-30 15:16:00,1.69,14507.0,United Kingdom,13.52
513349,90214S,"LETTER ""S"" BLING KEY RING",1,2010-06-24 11:28:00,1.25,14606.0,United Kingdom,1.25
562549,22385,JUMBO BAG SPACEBOY DESIGN,6,2011-08-05 16:10:00,2.08,17092.0,United Kingdom,12.48
556685,22480,RED TEA TOWEL CLASSIC DESIGN,12,2011-06-14 10:00:00,1.25,14503.0,United Kingdom,15.0
512709,84978,HANGING HEART JAR T-LIGHT HOLDER,18,2010-06-17 12:21:00,1.25,16115.0,United Kingdom,22.5
502854,82552,WASHROOM METAL SIGN,2,2010-03-28 14:48:00,1.25,13684.0,United Kingdom,2.5
491924,20976,12 PENCILS SMALL TUBE POSY,8,2009-12-14 15:31:00,0.65,17364.0,United Kingdom,5.2
554039,22904,CALENDAR PAPER CUT DESIGN,12,2011-05-20 14:27:00,2.95,15095.0,United Kingdom,35.400000000000006
555162,22328,ROUND SNACK BOXES SET OF 4 FRUITS ,6,2011-06-01 10:15:00,2.95,12473.0,Germany,17.700000000000003
546984,22087,PAPER BUNTING WHITE LACE,1,2011-03-18 12:35:00,2.95,15019.0,United Kingdom,2.95
512725,22607,WOODEN ROUNDERS GARDEN SET ,1,2010-06-17 13:09:00,8.5,14508.0,United Kingdom,8.5
542228,22296,HEART IVORY TRELLIS LARGE,6,2011-01-26 13:37:00,1.65,13113.0,United Kingdom,9.899999999999999
572986,22024,RAINY LADIES BIRTHDAY CARD,12,2011-10-27 10:51:00,0.42,12681.0,France,5.04
532153,22379,RECYCLING BAG RETROSPOT ,5,2010-11-11 12:14:00,2.1,16945.0,United Kingdom,10.5
500176,10120,DOGGY RUBBER,30,2010-03-05 10:35:00,0.21,12437.0,France,6.3
579282,82494L,WOODEN FRAME ANTIQUE WHITE ,12,2011-11-29 10:41:00,2.95,16818.0,United Kingdom,35.400000000000006
523945,21078,SET/20 STRAWBERRY PAPER NAPKINS ,12,2010-09-26 11:22:00,0.85,16401.0,United Kingdom,10.2
565614,22694,WICKER STAR ,6,2011-09-05 15:20:00,2.1,17309.0,United Kingdom,12.600000000000001
504876,22207,FRYING PAN UNION FLAG,4,2010-04-18 12:44:00,4.25,14878.0,United Kingdom,17.0
579462,47590B,PINK HAPPY BIRTHDAY BUNTING,3,2011-11-29 14:43:00,5.45,13211.0,United Kingdom,16.35
540239,22451,SILK PURSE BABUSHKA RED,6,2011-01-05 14:48:00,3.35,12682.0,France,20.1
524508,22866,HAND WARMER SCOTTY DOG DESIGN,6,2010-09-29 12:41:00,2.1,13770.0,United Kingdom,12.600000000000001
564065,85230A,OPIUM SCENTED VOTIVE CANDLE,24,2011-08-22 15:05:00,0.29,15150.0,United Kingdom,6.959999999999999
559354,22825,DECORATIVE PLANT POT WITH FRIEZE,2,2011-07-07 18:02:00,7.95,16012.0,United Kingdom,15.9
514661,22218,CAKE STAND LACE WHITE,1,2010-07-05 12:50:00,4.25,14701.0,United Kingdom,4.25
526388,22488,NATURAL SLATE RECTANGLE CHALKBOARD,3,2010-10-11 12:52:00,1.65,17264.0,United Kingdom,4.949999999999999
533501,22812,PACK 3 BOXES CHRISTMAS PANNETONE,4,2010-11-17 13:50:00,1.95,15862.0,United Kingdom,7.8
525966,22855,FINE WICKER HEART ,12,2010-10-08 09:58:00,1.25,16499.0,United Kingdom,15.0
523613,21172,PARTY METAL SIGN ,12,2010-09-23 10:45:00,1.45,12727.0,France,17.4
507879,21190,PINK HEARTS PAPER GARLAND,3,2010-05-11 15:03:00,1.65,16805.0,United Kingdom,4.949999999999999
565430,16258A,SWIRLY CIRCULAR RUBBERS IN BAG,4,2011-09-04 13:07:00,0.42,14335.0,Germany,1.68
511038,21976,PACK OF 60 MUSHROOM CAKE CASES,24,2010-06-06 11:11:00,0.55,14766.0,United Kingdom,13.200000000000001
566518,23344,JUMBO BAG 50'S CHRISTMAS ,1,2011-09-13 11:24:00,2.08,17779.0,United Kingdom,2.08
524007,22138,BAKING SET 9 PIECE RETROSPOT ,3,2010-09-27 09:00:00,4.95,16167.0,United Kingdom,14.850000000000001
510625,22382,LUNCH BAG SPACEBOY DESIGN ,10,2010-06-02 11:28:00,1.65,15246.0,United Kingdom,16.5
507667,22538,MINI JIGSAW GO TO THE FAIR,5,2010-05-10 17:21:00,0.42,12867.0,United Kingdom,2.1
561876,22413,METAL SIGN TAKE IT OR LEAVE IT ,1,2011-07-31 12:08:00,2.95,14472.0,United Kingdom,2.95
568098,22950,36 DOILIES VINTAGE CHRISTMAS,12,2011-09-23 15:17:00,1.45,15762.0,United Kingdom,17.4
522744,21544,SKULLS  WATER TRANSFER TATTOOS ,1,2010-09-16 13:12:00,0.85,13243.0,United Kingdom,0.85
515530,22628,PICNIC BOXES SET OF 3 RETROSPOT ,4,2010-07-13 12:07:00,4.95,14680.0,United Kingdom,19.8
510192,84968B,S/16 VINTAGE IVORY CUTLERY,1,2010-05-27 18:13:00,12.75,17841.0,United Kingdom,12.75
512899,85099F,JUMBO BAG STRAWBERRY,10,2010-06-18 12:57:00,1.95,14329.0,United Kingdom,19.5
564350,21162,TOXIC AREA  DOOR HANGER ,48,2011-08-24 14:57:00,0.39,14401.0,United Kingdom,18.72
525700,22729,ALARM CLOCK BAKELIKE ORANGE,1,2010-10-06 12:42:00,3.75,16746.0,United Kingdom,3.75
566976,21931,JUMBO STORAGE BAG SUKI,20,2011-09-16 09:27:00,2.08,15382.0,United Kingdom,41.6
534786,22941,CHRISTMAS LIGHTS 10 REINDEER,1,2010-11-24 11:21:00,8.5,15854.0,United Kingdom,8.5
576574,22197,POPCORN HOLDER,100,2011-11-15 13:53:00,0.72,13078.0,United Kingdom,72.0
528575,22846,BREAD BIN DINER STYLE RED ,2,2010-10-22 13:11:00,16.95,13018.0,United Kingdom,33.9
561195,22057,CERAMIC PLATE STRAWBERRY DESIGN,4,2011-07-25 13:57:00,1.49,14796.0,United Kingdom,5.96
571289,21326,AGED GLASS SILVER T-LIGHT HOLDER,36,2011-10-16 15:27:00,0.65,15113.0,United Kingdom,23.400000000000002
547372,22776,SWEETHEART CAKESTAND 3 TIER,1,2011-03-22 13:46:00,9.95,16374.0,United Kingdom,9.95
500713,21454,PAINTED PINK RABBIT ,12,2010-03-09 14:16:00,0.85,17213.0,United Kingdom,10.2
557314,21242,RED RETROSPOT PLATE ,16,2011-06-19 15:59:00,1.69,12541.0,Spain,27.04
512309,22424,ENAMEL BREAD BIN CREAM,4,2010-06-14 16:43:00,12.75,14911.0,EIRE,51.0
510777,21440,12 MINI TOADSTOOL PEGS,1,2010-06-03 14:57:00,1.25,13031.0,United Kingdom,1.25
508217,47566,PARTY BUNTING,60,2010-05-13 14:57:00,3.75,17133.0,United Kingdom,225.0
554348,21533,RETROSPOT LARGE MILK JUG,3,2011-05-24 08:49:00,4.95,13523.0,United Kingdom,14.850000000000001
581469,21986,PACK OF 12 PINK POLKADOT TISSUES,1,2011-12-08 19:28:00,0.39,14606.0,United Kingdom,0.39
512601,21790,VINTAGE SNAP CARDS,2,2010-06-16 17:03:00,0.85,13112.0,United Kingdom,1.7
566405,23005,TRAVEL CARD WALLET I LOVE LONDON,48,2011-09-12 13:41:00,0.42,17919.0,United Kingdom,20.16
514369,22136,LOVE HEART SOCK HANGER,12,2010-07-02 08:26:00,1.65,12477.0,Germany,19.799999999999997
511474,22415,WHITE TISSUE REAM,1,2010-06-08 13:27:00,7.95,16791.0,United Kingdom,7.95
496595,22146,EASTER CRAFT IVY WREATH WITH CHICK,3,2010-02-02 15:49:00,1.95,13042.0,United Kingdom,5.85
563444,48129,DOORMAT TOPIARY,1,2011-08-16 13:50:00,7.95,16033.0,United Kingdom,7.95
569866,23208,LUNCH BAG VINTAGE LEAF DESIGN,20,2011-10-06 14:50:00,1.65,12757.0,Portugal,33.0
537026,21976,PACK OF 60 MUSHROOM CAKE CASES,48,2010-12-03 16:35:00,0.55,12395.0,Belgium,26.400000000000002
577497,21329,DINOSAURS  WRITING SET ,1,2011-11-20 12:22:00,1.65,17555.0,United Kingdom,1.65
498908,85026B,EAU DE NILE JEWELLED T-LIGHT HOLDER,10,2010-02-23 14:54:00,0.85,13287.0,United Kingdom,8.5
573899,22753,SMALL YELLOW BABUSHKA NOTEBOOK ,12,2011-11-01 14:41:00,0.85,15847.0,United Kingdom,10.2
580891,22909,SET OF 20 VINTAGE CHRISTMAS NAPKINS,12,2011-12-06 12:28:00,0.85,17481.0,United Kingdom,10.2
540545,22197,SMALL POPCORN HOLDER,9,2011-01-09 15:35:00,0.85,13451.0,United Kingdom,7.6499999999999995
568530,85152,HAND OVER THE CHOCOLATE   SIGN ,24,2011-09-27 13:42:00,2.1,17591.0,United Kingdom,50.400000000000006
504100,22064,PINK DOUGHNUT TRINKET POT ,48,2010-04-09 14:38:00,1.45,13802.0,United Kingdom,69.6
570491,22959,WRAP CHRISTMAS VILLAGE,25,2011-10-10 17:26:00,0.42,14395.0,United Kingdom,10.5
549749,23208,LUNCH BAG VINTAGE LEAF DESIGN,10,2011-04-12 10:45:00,1.65,12928.0,United Kingdom,16.5
576876,23323,WHITE WICKER STAR ,2,2011-11-16 16:42:00,2.1,16804.0,United Kingdom,4.2
537802,21055,TOOL BOX SOFT TOY ,2,2010-12-08 13:11:00,8.95,13455.0,United Kingdom,17.9
516936,84050,PINK HEART SHAPE EGG FRYING PAN,6,2010-07-25 13:34:00,1.65,13239.0,United Kingdom,9.899999999999999
571238,22457,NATURAL SLATE HEART CHALKBOARD ,12,2011-10-14 14:44:00,2.95,14290.0,United Kingdom,35.400000000000006
527130,20719,WOODLAND CHARLOTTE BAG,10,2010-10-15 09:31:00,0.85,15296.0,United Kingdom,8.5
580544,22911,PAPER CHAIN KIT LONDON,6,2011-12-05 09:15:00,2.95,15156.0,United Kingdom,17.700000000000003
529573,20728,LUNCH BAG CARS BLUE,4,2010-10-28 18:54:00,1.65,16242.0,United Kingdom,6.6
576626,23518,EMBROIDERED RIBBON REEL RACHEL ,1,2011-11-15 17:26:00,2.89,12890.0,United Kingdom,2.89
511062,84884A,ANT WHITE WIRE HEART SPIRAL,10,2010-06-06 12:41:00,3.95,16652.0,United Kingdom,39.5
573992,23344,JUMBO BAG 50'S CHRISTMAS ,10,2011-11-02 11:20:00,2.08,15275.0,United Kingdom,20.8
507235,22132,RED LOVE HEART SHAPE CUP,24,2010-05-07 09:04:00,0.72,14298.0,United Kingdom,17.28
568527,20718,RED RETROSPOT SHOPPER BAG,10,2011-09-27 13:21:00,1.25,13178.0,United Kingdom,12.5
576054,21967,PACK OF 12 SKULL TISSUES,1,2011-11-13 14:55:00,0.39,15787.0,United Kingdom,0.39
525219,21181,PLEASE ONE PERSON METAL SIGN,24,2010-10-04 12:48:00,2.1,14905.0,United Kingdom,50.400000000000006
542192,22230,JIGSAW TREE WITH WATERING CAN,4,2011-01-26 11:27:00,0.85,14049.0,United Kingdom,3.4
560360,23266,SET OF 3 WOODEN STOCKING DECORATION,48,2011-07-18 11:55:00,1.25,12744.0,Singapore,60.0
542269,85150,LADIES & GENTLEMEN METAL SIGN,6,2011-01-27 09:33:00,2.55,14442.0,Channel Islands,15.299999999999999
519177,22353,LUNCH BOX WITH CUTLERY FAIRY CAKES ,4,2010-08-13 14:40:00,2.55,17589.0,United Kingdom,10.2
500334,84970L,SINGLE HEART ZINC T-LIGHT HOLDER,12,2010-03-07 13:37:00,0.95,12872.0,United Kingdom,11.399999999999999
532671,84874B,BLUE TRAVEL FIRST AID KIT,1,2010-11-14 11:50:00,1.65,16923.0,United Kingdom,1.65
502491,22466,FAIRY TALE COTTAGE NIGHTLIGHT,12,2010-03-25 10:20:00,1.95,12471.0,Germany,23.4
557109,21137,BLACK RECORD COVER FRAME,72,2011-06-16 16:06:00,3.39,15694.0,United Kingdom,244.08
577517,23660,HENRIETTA HEN MUG ,2,2011-11-20 13:16:00,1.65,16710.0,United Kingdom,3.3
562347,23243,SET OF TEA COFFEE SUGAR TINS PANTRY,1,2011-08-04 12:22:00,4.95,13263.0,United Kingdom,4.95
523282,21586,KINGS CHOICE GIANT TUBE MATCHES,6,2010-09-21 11:50:00,2.55,17287.0,United Kingdom,15.299999999999999
555507,23093,SMALL PARISIENNE HEART PHOTO FRAME ,12,2011-06-03 16:39:00,2.49,16186.0,United Kingdom,29.880000000000003
565456,21355,TOAST ITS - I LOVE YOU ,2,2011-09-04 16:12:00,1.25,16629.0,United Kingdom,2.5
534693,21692,SILVER LATTICE VANILLA CANDLE POT,4,2010-11-23 15:24:00,3.75,14332.0,United Kingdom,15.0
565932,20796,SMALL BLUE PROVENCAL CERAMIC BALL,8,2011-09-08 10:35:00,1.65,16418.0,United Kingdom,13.2
551809,23134,LARGE ZINC HEART WALL ORGANISER,8,2011-05-04 11:32:00,7.05,17511.0,United Kingdom,56.4
551987,22994,TRAVEL CARD WALLET RETROSPOT,10,2011-05-05 14:55:00,0.42,15005.0,United Kingdom,4.2
490712,85123A,WHITE HANGING HEART T-LIGHT HOLDER,6,2009-12-07 15:26:00,2.95,13148.0,United Kingdom,17.700000000000003
506487,21563,RED HEART SHAPE LOVE BUCKET ,6,2010-04-30 10:44:00,2.95,12806.0,Netherlands,17.700000000000003
559120,23289,DOLLY GIRL CHILDRENS BOWL,12,2011-07-06 12:18:00,1.25,16393.0,United Kingdom,15.0
562365,47585A,PINK FAIRY CAKE CUSHION COVER,1,2011-08-04 13:51:00,3.75,14344.0,United Kingdom,3.75
565408,37446,MINI CAKE STAND WITH HANGING CAKES,1,2011-09-04 11:12:00,1.45,16813.0,United Kingdom,1.45
522092,21110,LARGE CAKE TOWEL PINK SPOTS,1,2010-09-12 13:03:00,6.75,15006.0,United Kingdom,6.75
537360,84946,ANTIQUE SILVER TEA GLASS ETCHED,72,2010-12-06 12:31:00,1.06,18113.0,United Kingdom,76.32000000000001
540779,21703,BAG 125g SWIRLY MARBLES,12,2011-01-11 11:18:00,0.42,15346.0,United Kingdom,5.04
493971,84375,SET OF 20 KIDS COOKIE CUTTERS,1,2010-01-10 10:26:00,1.95,13259.0,United Kingdom,1.95
505004,22199,FRYING PAN RED POLKADOT ,4,2010-04-19 12:45:00,4.25,13093.0,United Kingdom,17.0
579470,21561,DINOSAUR LUNCH BOX WITH CUTLERY,1,2011-11-29 15:06:00,2.55,16549.0,United Kingdom,2.55
512607,21171,BATHROOM METAL SIGN ,12,2010-06-17 09:48:00,1.45,16134.0,United Kingdom,17.4
