isbn,title,author,amazon_price,amazon_rating,flipkart_price,flipkart_rating
9351772624,The Wellness Sense: A Practical Guide to your Physical and Emotional Health Based...,by Om Swami,178,4.8,178,4.5
1786481324,The Digital Photography Handbook: An Illustrated Step-by-step Guide,by Doug Harman - Import,437,4.0,449, 
9387504832,Oswaal CBSE Question Bank Class 9 Science Chapterwise and Topicwise (For March...,by Oswaal Editorial Board,295,4.6,265,4.4
9350297515,A Feast of Vultures: The Hidden Business of Democracy in India,by Josy Joseph,522,4.5,599,4.5
9352770145,I Do What I Do,by Raghuram G. Rajan,363,4.3,436,4.6
8129118920,Great Stories for Children,by Ruskin Bond,182,4.4,118,4.4
9382618341,The Oath of the Vayuputras (Shiva Trilogy),by Amish Tripathi,282,4.4,282,4.4
9387516881,Xam Idea Complete Course Social Science Class 10 for 2019 Exam,by VK Global Publications,344,4.2,324,4.4
8172238975,My Story,by Kamala Das,178,4.5,178,4.3
1501124021,Principles: Life and Work,by Ray Dalio,864,4.4,733,4.8
9385152149,Ram - Scion of Ikshvaku (Book 1 - Ram Chandra Series): 2015 Edition with Updated...,by Amish Tripathi,240,4.1,240,4.4
8172344562,The Great Gatsby,F. Scott Fitzgerald,47,4.1 out of 5 stars,142,4.4
8193876717,Mothering A Muslim,by Nazia Erum,162,,162,3.7
8172343116,Mahatma Gandhi Autobiography: The Story Of My Experiments With Truth,by Mahatma Gandhi,99,4.4,166,4.5
8129118920,Great Stories for Children,by Ruskin Bond,182,4.4,118,4.4
8173711461,Wings of Fire: An Autobiography of Abdul Kalam,Not Available,194,4.6 out of 5 stars,265,4.6
9386224585,Sita: Warrior of Mithila (Ram Chandra),by Amish Tripathi,226,4.3,226,4.6
1451696191,The Perks of Being a Wallflower,by Stephen Chbosky,186,4.4,186,4.5
8170289262,Inspiring Thoughts (Inspiring Thoughts Quotation Series),by Swami Vivekanand,107,4.2,107,4.1
8183225454,Meditation and Its Practice,by Swami Rama,81,4.5,88,4
8192910903,1984,George Orwell,88,4.4 out of 5 stars,99,4.5
8183225039,How to Get From Where You Are to Where You Want to be,by Jack Canfield,255,4.4,265,4.6
9352864964,Legal Awareness and Legal Reasoning: For CLAT and Other Law Entrance Examinations...,by A. P. Bhardwaj,412,4.4,412,4.5
1583333002,"Prevent and Reverse Heart Disease: The Revolutionary, Scientifically Proven,...",by Caldwell B. Esselstyn Jr. M.D.,499,4.3,651,4.8
8184951191,The Leader Who Had No Title,by Robin Sharma,189,4.4,160,4.4
8129137704,My Gita,by Devdutt Pattanaik - Special Edition,153,4.2,170,4.5
9380349300,Life is What You Make It,Preeti Shenoy,75,4.0 out of 5 stars,86,4.1
9386850494,Poonachi: Or the Story of a Black Goat,by Perumal Murugan,114,4.5,288,4.7
9385887750,The Hunt for the Secret Papyrus (Geronimo Stilton),by Geronimo Stilton - Import,328,4.6,328,4.5
9352603869,Bharat Ki Rajvayvastha,M. Laxmikanth,381,4.5 out of 5 stars,385,4.5
9352607996,Object-Oriented Programming with C++,by E Balagurusamy,371,4.5,371,4.5
9351160092,Unbreakable,by Mary Kom,145,4.6,145,4.5
8172238452,The Hindu View Of Life,by S. Radhakrishnan,149,4.3,191,4.3
9385152149,Ram - Scion of Ikshvaku (Book 1 - Ram Chandra Series): 2015 Edition with Updated...,by Amish Tripathi,240,4.1,240,4.4
8184511523,India Map,by Dreamland Publications,91,4.6,104,4.3
9351472019,A Handbook on Electronics Engineering - Illustrated Formulae & Key Theory Concepts,by Made Easy Editorial Board,278,4.3,223,4.4
9387944891,"The 5 AM Club: Own Your Morning, Elevate Your Life",Robin Sharma,199,4.3 out of 5 stars,210,4.6
8172345135,Metamorphosis,by Franz Kafka,69,4.2,94,4.4
9388026586,24 Years UPSC IAS/ IPS Prelims Topic-wise Solved Papers 1 & 2 (1995-2018),Disha Experts,270,4.3 out of 5 stars,325,4.5
8179922324,Who Will Cry When You Die?,Robin Sharma,103,4.4 out of 5 stars,115,4.4
9386228564,A Century is not Enough: My Roller-coaster Ride to Success,by Sourav Ganguly - Illustrated,363,4.6,434,4.7
9312147501,CBSE All  In One Science Class 8 for 2018 - 19,by Arihant Experts,151,4.3,151,4.5
8185986002,Swami and Friends,by R. K. Narayan,114,4.6,112,4.4
8129135744,The Dramatic Decade: The Indira Gandhi Years,by Pranab Mukherjee,199,3.7,338,4.4
8184511213,World Map,by Dreamland Publications,91,4.5,130,4.4
9382665889,You are My Reason to Smile,by Arpit Vageria,88,4.4,101,4.3
1785040472,The Magic of thinking Big,by David J Schwartz,227,4.5,227,4.5
9350944308,Handbook of Computer Science & IT,by Surbhi Mitra,190,3.9,120,4.2
9350641003,Turning Points (Hindi),by A.P.J. Abdul Kalam,160,4.7,185,4.4
8172345666,The Power of Your Subconscious Mind: Unlock Your Master Key to Success,by Joseph Murphy,75,4.5,169,4.5
9312149687,CBSE All  In One Science CBSE Class 9 for 2018 - 19,by Arihant Experts,230,4.6,230,4.5
9387504921,Oswaal CBSE Question Bank Class 10 Social Science Chapterwise and Topicwise (...,by Oswaal Editorial Board,320,4.7,303,4.4
8173711461,Wings of Fire: An Autobiography of Abdul Kalam,Not Available,194,4.6 out of 5 stars,265,4.6
8172345666,The Power of Your Subconscious Mind: Unlock Your Master Key to Success,by Joseph Murphy,75,4.5,169,4.5
9385152149,Ram - Scion of Ikshvaku (Book 1 - Ram Chandra Series): 2015 Edition with Updated...,by Amish Tripathi,240,4.1,240,4.4
8184958455,Mossad,by Michael Bar-Zohar - Import,340,4.6,280,4.5
9351160092,Unbreakable,by Mary Kom,145,4.6,145,4.5
9387504921,Oswaal CBSE Question Bank Class 10 Social Science Chapterwise and Topicwise (...,by Oswaal Editorial Board,320,4.7,303,4.4
9352779398,"Let's Talk Money: You've Worked Hard for It, Now Make It Work for You",by Monika Halan,367,4.5,248,4.6
9384761540,General Knowledge,Not Available,156,4.4 out of 5 stars,180,4.4
1849838399,The Magic,by Rhonda Byrne,230,4.6,255,4.4
8172345135,Metamorphosis,by Franz Kafka,69,4.2,94,4.4
9386224445,The Rise of Sivagami: Book 1 of Baahubali - Before the Beginning,by Anand Neelakantan,162,4.1,162,4.4
8129134616,Not Just an Accountant: The Diary of the Nations Conscience Keeper,by Vinod Rai,378,4.5,358,4.4
9351362256,Byculla to Bangkok,by S. Hussain Zaidi,192,4.1,176,4.4
9386313774,The Ship of Secrets (Geronimo Stilton and the Kingdom of Fantasy #10),by Geronimo Stilton,374,4.8,374,4.5
9386224585,Sita: Warrior of Mithila (Ram Chandra),by Amish Tripathi,226,4.3,226,4.6
8172235011,Light on Yoga: The Classic Guide to Yoga by the World's Foremost Authority,by B.K.S. Iyengar,298,4.5,298,4.5
8184958455,Mossad,by Michael Bar-Zohar - Import,340,4.6,280,4.5
8192910997,How to Win Friends and Influence People,Dale Carnegie,79,4.5 out of 5 stars,130,4.5
9385152149,Ram - Scion of Ikshvaku (Book 1 - Ram Chandra Series): 2015 Edition with Updated...,by Amish Tripathi,240,4.1,240,4.4
9350899175,Refreshing Mandala - Colouring Book for Adults Book 3,by Dreamland Publications,175,4.4,237,4.6
9386224399,This Is Not Your Story,by Savi Sharma,100,4.5,125,4.3
8183224008,The Power of Your Subconscious Mind,by Joseph Murphy,159,4.5,187,4.5
9388240944,Banking Awareness for SBI & IBPS Bank Clerk/PO/RRB/RBI Exams,by Disha Experts,147,4.5,158,4.5
9386036754,Everyone Has A Story,by Savi Sharma,100,4.1,125,4.3
8172345666,The Power of Your Subconscious Mind: Unlock Your Master Key to Success,by Joseph Murphy,75,4.5,169,4.5
9385887750,The Hunt for the Secret Papyrus (Geronimo Stilton),by Geronimo Stilton - Import,328,4.6,328,4.5
9332551731,NTA UGC NET/SET/JRF - Paper 1: Teaching and Research Aptitude by Pearson,KVS Madaan,216,4.4 out of 5 stars,249,4.4
8175994258,3 and a Half Murders: An Inspector Saralkar Mystery,by Salil Desai,189,4.4,188,4.5
9386850575,Gurudev: On the Plateau of the Peak: The Life of Sri Sri Ravi Shankar,by Bhanumathi Narasimhan,293,4.9,327,4.7
8179922324,Who Will Cry When You Die?,Robin Sharma,103,4.4 out of 5 stars,115,4.4
9386224585,Sita: Warrior of Mithila (Ram Chandra),by Amish Tripathi,226,4.3,226,4.6
8186775056,Questions Are the Answers,by Allan Pease,83,4.4,76,4.4
9382618341,The Oath of the Vayuputras (Shiva Trilogy),by Amish Tripathi,282,4.4,282,4.4
8172234856,Nothing Lasts Forever,by Sidney Sheldon,266,4.2,280,4.5
9382618341,The Oath of the Vayuputras (Shiva Trilogy),by Amish Tripathi,282,4.4,282,4.4
9382665846,No Matter What I Do: I end up Falling for You,by Devanshi Sharma,88,4.2,100,4.2
8179922324,Who Will Cry When You Die?,Robin Sharma,103,4.4 out of 5 stars,115,4.4
8190256211,Autobiography of a Yogi (Complete Hindi Edition),by Paramahansa Yogananda,161,4.8,210,4.5
9381626340,The Secret Of The Nagas (Shiva Trilogy-2),by Amish Tripathi - Abridged,244,4.6,244,4.6
8184955561,The Essence of Law of Success (Hindi),by N Hil,143,4.4,167,4.1
9388026764,19 years GATE Computer Science & Information Technology Chapter-wise & Topic-wise...,by Disha Experts,175,3.8,189,4.2
1405206209,The Crab with Golden Claws (Tintin),by Herge,279,4.7,285,4.8
1526603330,Circe: The Sunday Times Bestseller,by Madeline Miller,364,4.3,388,4.5
9381394997,Banaras Talkies,by Satya Vyas,87,4.5,125,4.4
9352603451,Ancient and Medieval India,by Poonam Dalal Dahiya,342,4.5,380,4.6
8129141841,The Man Eating Leopard of Rudraprayag,by Jim Corbett - Import,140,4.7,155,4.6
8184958455,Mossad,by Michael Bar-Zohar - Import,340,4.6,280,4.5
9381626685,The Krishna Key: Book 3 in the Bharat Series of Historical and Mythological Thrillers,by Ashwin Sanghi,230,4.1,230,4.2
8172345666,The Power of Your Subconscious Mind: Unlock Your Master Key to Success,by Joseph Murphy,75,4.5,169,4.5
9387067548,Indian Art and Culture,by Nitin Singhania,412,4.5,390,4.6
9332551731,NTA UGC NET/SET/JRF - Paper 1: Teaching and Research Aptitude by Pearson,KVS Madaan,216,4.4 out of 5 stars,249,4.4
9312147307,General Knowledge 2019,Manohar Pandey,19,4.2 out of 5 stars,30,4.3
9385936263,Driven: The Virat Kohli Story,by Vijay Lokapally,299,4.4,320,4.6
8184007485,The Great Indian Diet,by Shilpa Shetty Kundra,161,4.0,161,4
1250006201,The Book of Children: Supporting the Freedom and Intelligence of a New Generation...,by Osho,298,4.6,280,4.5
8172235437,Veronika Decides to Die,by Paulo Coelho,186,4.4,209,4.4
8179925919,The Theory of Everything,Stephen Hawking,111,4.5 out of 5 stars,190,4.2
8189955357,Autobiography of a Yogi (Telugu),by Paramahansa Yogananda,141,4.7,171,4.5
9352774531,One-Minute Super Dad: 99 Magic Moments to Raise Amazing Children,by Dr Prashant Jindal,157,4.6,176,3.9
1904233910,Eclipse,by Stephenie Meyer,447,4.3,309,4.5
9381626812,Chanakya's Chant: Book 2 in the Bharat Series of Historical and Mythological...,by Ashwin Sanghi,244,4.1,244,4.3
8172345135,Metamorphosis,by Franz Kafka,69,4.2,94,4.4
9386850648,Keepers of the Kalachakra: Book 5 in the Bharat Series of Historical and Mythological...,by Ashwin Sanghi,100,4.0,231,4.4
8184006357,Legal Eagles: Stories of the Top Seven Indian Lawyers,by Indu Bhan,310,3.9,320,4.3
8177092324,Concept of Physics Part-2 (2018-2019 Session) by H.C Verma,by H.C. Verma,267,4.5,267,4.5
9351362639,Ace against Odds,by Sania Mirza,290,4.1,275,4.4
8120352394,Textbook of Fabric Science: Fundamentals to Finishing,by Sekhri Seema,275,4.8,265,4.5
8184951191,The Leader Who Had No Title,by Robin Sharma,189,4.4,160,4.4
8172345666,The Power of Your Subconscious Mind: Unlock Your Master Key to Success,by Joseph Murphy,75,4.5,169,4.5
8172345135,Metamorphosis,by Franz Kafka,69,4.2,94,4.4
9384030570,13 Steps to Bloody Good Luck,by Ashwin Sanghi,90,4.1,114,4.1
8179925919,The Theory of Everything,Stephen Hawking,111,4.5 out of 5 stars,190,4.2
1501124021,Principles: Life and Work,by Ray Dalio,864,4.4,733,4.8
8175994479,12 Years a Slave,by Solomon Northup,99,4.5,140,4.4
1509808361,The Jungle Book (First Stories),by Miriam Bos,224,4.4,186,4.8
8187107588,365 Pancharantra Stories,by OM Books,357,4.1,396,4.4
8175992832,War & Peace,by Leo Tolstoy,279,4.3,319,4.4
8172345666,The Power of Your Subconscious Mind: Unlock Your Master Key to Success,by Joseph Murphy,75,4.5,169,4.5
9387504921,Oswaal CBSE Question Bank Class 10 Social Science Chapterwise and Topicwise (...,by Oswaal Editorial Board,320,4.7,303,4.4
9352531299,Indian Economy,by Gaurav  Datt,499,3.6,499,4.1
9387504832,Oswaal CBSE Question Bank Class 9 Science Chapterwise and Topicwise (For March...,by Oswaal Editorial Board,295,4.6,265,4.4
1250127505,Grinding It Out: The Making of McDonald's,by Ray Kroc,280,4.5,280,4.5
8129144514,Lanka’s Princess,by Kavita Kanè - Import,272,4.1,178,4.5
8172345666,The Power of Your Subconscious Mind: Unlock Your Master Key to Success,by Joseph Murphy,75,4.5,169,4.5
9386224984,Gazing at Neighbours: Travels Along the Line That Partitioned India,by Bishwanath Ghosh,195,4.5,218,4.2
9312147307,General Knowledge 2019,Manohar Pandey,19,4.2 out of 5 stars,30,4.3
9350899175,Refreshing Mandala - Colouring Book for Adults Book 3,by Dreamland Publications,175,4.4,237,4.6
8183222374,Questions Are the Answers,by Allan Pease,84,4.0,93,4.2
8172345666,The Power of Your Subconscious Mind: Unlock Your Master Key to Success,by Joseph Murphy,75,4.5,169,4.5
8172234864,Bloodline,by Sidney Sheldon,280,4.3,280,4.5
9387944891,"The 5 AM Club: Own Your Morning, Elevate Your Life",Robin Sharma,199,4.3 out of 5 stars,210,4.6
9352641345,"Ready, Study, Go!: Smart Ways to Learn",by Khurshed Batliwala,178,4.5,178,4.4
8193237234,Indian Superfoods: Change the Way You Eat,by Rujuta Diwekar,269,4.1,225,4.3
9352015789,The Failure Project: The Story of Man's Greatest Fear,by Kochhar,231,4.1,287,4.6
8184005210,How to Memorize Anything: The Ultimate Handbook to Enlighten and Improve Your...,by Aditi Singhal,242,4.4,255,4.3
8172234996,The One Minute Manager,by Kenneth Blanchard,118,4.4,118,4.4
9353022797,The Most Important Thing: Uncommon Sense for The Thoughtful Investor,by Howard Marks - Import,238,4.7,238,4.7
8172235038,"Men are from Mars, Women are from Venus",by John Gray,209,4.4,209,4.4
1408711702,Fantastic Beasts: The Crimes of Grindelwald: The Original Screenplay (Fantastic...,by J.K. Rowling,434,4.8,434,4.8
8123923155,Design Data Handbook for Mechanical Engineering in SI and Metric Units,by K. Mahadevan - Import,316,4.3,344,4.3
8192910962,The Power of your Subconscious Mind,Joseph Murphy,65,4.5 out of 5 stars,94,4.5
9386224585,Sita: Warrior of Mithila (Ram Chandra),by Amish Tripathi,226,4.3,226,4.6
8172235038,"Men are from Mars, Women are from Venus",by John Gray,209,4.4,209,4.4
9380349246,Nothing Lasts Forever,by Vish Dhamija,105,3.9,105,4.3
9351772071,Attitude Is Everything: Change Your Attitude ... Change Your Life!,Jeff Keller,105,4.6 out of 5 stars,118,4.5
1408855666,Harry Potter and the Chamber of Secrets (Harry Potter 2),by J.K. Rowling,374,4.7,374,4.7
8184511523,India Map,by Dreamland Publications,91,4.6,104,4.3
9381626340,The Secret Of The Nagas (Shiva Trilogy-2),by Amish Tripathi - Abridged,244,4.6,244,4.6
8172345666,The Power of Your Subconscious Mind: Unlock Your Master Key to Success,by Joseph Murphy,75,4.5,169,4.5
8186775811,The Business School,by Robert T. Kiyosaki,108,4.5,154,4.5
9312149601,All In One Science - Class 10 (2018-19 Session),by Arihant Experts,298,4.4,274,4.5
1509867767,Tell Tale,by Jeffrey Archer,269,4.4,255,4.5
1607748509,"Understanding Exposure, Fourth Edition",by BRYAN PETERSON,633,4.5,633,4.6
1409323498,The Animal Book: A Visual Encyclopedia of Life on Earth (Reference),by DK,781,4.8,563,4.6
1451696191,The Perks of Being a Wallflower,by Stephen Chbosky,186,4.4,186,4.5
9381626340,The Secret Of The Nagas (Shiva Trilogy-2),by Amish Tripathi - Abridged,244,4.6,244,4.6
8129142147,One Indian Girl,Chetan Bhagat,96,3.6 out of 5 stars,112,4.2
9312144960,KVS PGT Self Preparation Guide Economics Recruitment Examination,by Arihant Experts,228,3.3,227,4.1
1538714493,Valley of Genius,by Adam Fisher,510,5.0,429,4.6
1471133443,Hero (Secret (Rhonda Byrne)),by Rhonda Byrne,639,4.4,559,4.5
9353025982,The Forest of Enchantments,Chitra Banerjee Divakaruni,373,4.6 out of 5 stars,373,4.9
8172345666,The Power of Your Subconscious Mind: Unlock Your Master Key to Success,by Joseph Murphy,75,4.5,169,4.5
1784758248,Trump: The Art of the Deal,by Donald Trump,320,4.0,320,4.4
9386228564,A Century is not Enough: My Roller-coaster Ride to Success,by Sourav Ganguly - Illustrated,363,4.6,434,4.7
9386021102,Why I Am a Hindu,by Dr. Shashi Tharoor,299,3.4,324,4.4
9351779335,The Pather Panchali Sketchbook,by Satyajit Ray,874,4.9,959,4.9
9351363783,A Taste of Well-Being: Sadhguru's Insights for Your Gastronomics,by Isha Foundation,172,4.3,172,4.5
8131252914,"Textbook of Anatomy: Head, Neck and Brain - Vol.3",by Vishram Singh,582,5.0,631,5
9352643836,Pathways to Greatness,by A.P.J. Abdul Kalam,165,4.7,156,4.6
9353025982,The Forest of Enchantments,Chitra Banerjee Divakaruni,373,4.6 out of 5 stars,373,4.9
8182744466,Copycat Marketing 101,by Burke Hedges,90,4.2,125,4.3
8172235038,"Men are from Mars, Women are from Venus",by John Gray,209,4.4,209,4.4
8192910962,The Power of your Subconscious Mind,Joseph Murphy,65,4.5 out of 5 stars,94,4.5
8179925919,The Theory of Everything,Stephen Hawking,111,4.5 out of 5 stars,190,4.2
8172345666,The Power of Your Subconscious Mind: Unlock Your Master Key to Success,by Joseph Murphy,75,4.5,169,4.5
9386850648,Keepers of the Kalachakra: Book 5 in the Bharat Series of Historical and Mythological...,by Ashwin Sanghi,100,4.0,231,4.4
9386228564,A Century is not Enough: My Roller-coaster Ride to Success,by Sourav Ganguly - Illustrated,363,4.6,434,4.7
1409323498,The Animal Book: A Visual Encyclopedia of Life on Earth (Reference),by DK,781,4.8,563,4.6
8175992980,Alice’s Adventures in Wonderland,by Lewis Carroll,89,4.0,119,4.8
8183220185,Time Management (Hindi),by Sudhir Dixit,71,4.4,99,4.2
1781257019,Ego is the Enemy,by Ryan Holiday,421,4.5,389,4.6
9351777499,"India's Wars: A Military History, 1947-1971",by Arjun Subramaniam,415,4.5,473,4.6
9385887815,Geronimo Stilton and the Kingdom of Fantasy #8 - The Hour of Magic,by Geronimo Stilton,274,4.6,360,4.5
8186775811,The Business School,by Robert T. Kiyosaki,108,4.5,154,4.5
9387944891,"The 5 AM Club: Own Your Morning, Elevate Your Life",Robin Sharma,199,4.3 out of 5 stars,210,4.6
8192910903,1984,George Orwell,88,4.4 out of 5 stars,99,4.5
9387944891,"The 5 AM Club: Own Your Morning, Elevate Your Life",Robin Sharma,199,4.3 out of 5 stars,210,4.6
8183071007,Word Power Made Easy,Norman Lewis,76,4.4 out of 5 stars,111,4.4
1509808361,The Jungle Book (First Stories),by Miriam Bos,224,4.4,186,4.8
8179925919,The Theory of Everything,Stephen Hawking,111,4.5 out of 5 stars,190,4.2
8172234937,The Other Side of Midnight,by Sidney Sheldon,209,4.3,209,4.5
1473635306,Born a Crime: Stories from a South African Childhood,by Trevor Noah,388,4.8,299,4.7
9386224399,This Is Not Your Story,by Savi Sharma,100,4.5,125,4.3
8129124912,My Journey: Transforming Dreams into Actions,by A.P.J. Abdul Kalam,180,4.7,112,4.6
9351415708,CBSE NCERT Solutions - Science for Class 9 for 2018 - 19,by Kanchan Upreti,92,4.2,92,4.5
8121906288,Mechanical Engineering: Conventional and Objective Types (2018-19 Session),by R.S. Khurmi,430,4.0,520,4.3
9385152149,Ram - Scion of Ikshvaku (Book 1 - Ram Chandra Series): 2015 Edition with Updated...,by Amish Tripathi,240,4.1,240,4.4
8170289262,Inspiring Thoughts (Inspiring Thoughts Quotation Series),by Swami Vivekanand,107,4.2,107,4.1
9386338904,Lone Fox Dancing: My Autobiography,by Ruskin Bond,315,4.8,450,4.7
1408855658,Harry Potter and the Philosopher's Stone,by J.K. Rowling,299,4.7,234,4.6
9312140221,CTET Success Master Science Social/Studies Paper-II  for Class VI-VIII,by Arihant Experts,275,4.2,286,4.3
8126564636,The Dhandho Investor: The Low-Risk Value Method to High Returns,by Mohnish Pabrai,196,4.2,268,4.3
8172345666,The Power of Your Subconscious Mind: Unlock Your Master Key to Success,by Joseph Murphy,75,4.5,169,4.5
9312147307,General Knowledge 2019,Manohar Pandey,19,4.2 out of 5 stars,30,4.3
1408855658,Harry Potter and the Philosopher's Stone,by J.K. Rowling,299,4.7,234,4.6
8175994215,Mrs. Dalloway,by Virginia Woolf,99,4.2,150,4.3
8174090479,Water Resources Engineering Vol. II Irrigation Engineering & Hydraulic Structures,by Santosh Kumar Garg,395,4.0,570,4.5
8172234902,Tell Me your Dreams,by Sidney Sheldon,209,4.4,209,4.5
8172344562,The Great Gatsby,F. Scott Fitzgerald,47,4.1 out of 5 stars,142,4.4
8173711461,Wings of Fire: An Autobiography of Abdul Kalam,Not Available,194,4.6 out of 5 stars,265,4.6
8186775811,The Business School,by Robert T. Kiyosaki,108,4.5,154,4.5
8172234988,The Alchemist,Paulo Coelho,182,4.6 out of 5 stars,209,4.6
8129135744,The Dramatic Decade: The Indira Gandhi Years,by Pranab Mukherjee,199,3.7,338,4.4
8129149567,I Tagged Her in My Heart,by Anuj Tiwari - Import,100,4.7,109,4.5
9384030538,Nagargalin Ragayasam - The Secret of the Nagas (Tamil),by Amish Tripathi,181,4.5,181,4.4
8172345666,The Power of Your Subconscious Mind: Unlock Your Master Key to Success,by Joseph Murphy,75,4.5,169,4.5
9353025982,The Forest of Enchantments,Chitra Banerjee Divakaruni,373,4.6 out of 5 stars,373,4.9
8172344562,The Great Gatsby,F. Scott Fitzgerald,47,4.1 out of 5 stars,142,4.4
8192910997,How to Win Friends and Influence People,Dale Carnegie,79,4.5 out of 5 stars,130,4.5
8192910903,1984,George Orwell,88,4.4 out of 5 stars,99,4.5
8174506136,Political Theory Textbook for Class - 11  - 11117,by NCERT,70,3.8,61,4.3
1847946240,"The Power of Habit: Why We Do What We Do, and How to Change",Charles Duhigg,286,4.4 out of 5 stars,305,4.4
9382951717,You Can Win: A step by step tool for top achievers,by Shiv Khera,232,4.6,232,4.5
9385152149,Ram - Scion of Ikshvaku (Book 1 - Ram Chandra Series): 2015 Edition with Updated...,by Amish Tripathi,240,4.1,240,4.4
9386867508,Emotion and Relationships,Sadhguru,138,4.7 out of 5 stars,159,4.6
9385152149,Ram - Scion of Ikshvaku (Book 1 - Ram Chandra Series): 2015 Edition with Updated...,by Amish Tripathi,240,4.1,240,4.4
8172235038,"Men are from Mars, Women are from Venus",by John Gray,209,4.4,209,4.4
9312147307,General Knowledge 2019,Manohar Pandey,19,4.2 out of 5 stars,30,4.3
9353025982,The Forest of Enchantments,Chitra Banerjee Divakaruni,373,4.6 out of 5 stars,373,4.9
9387944891,"The 5 AM Club: Own Your Morning, Elevate Your Life",Robin Sharma,199,4.3 out of 5 stars,210,4.6
9386228564,A Century is not Enough: My Roller-coaster Ride to Success,by Sourav Ganguly - Illustrated,363,4.6,434,4.7
9380349300,Life is What You Make It,Preeti Shenoy,75,4.0 out of 5 stars,86,4.1
9387747425,NCERT Text Book with Exemplar Problems-Solutions: Mathematics Class 10,by MTG Editorial Board,186,5.0,180,4.3
1847946240,"The Power of Habit: Why We Do What We Do, and How to Change",Charles Duhigg,286,4.4 out of 5 stars,305,4.4
8129118920,Great Stories for Children,by Ruskin Bond,182,4.4,118,4.4
8175993952,How to Stop Worrying and Start Living: Time-Tested Methods for Conquering Worry,Dale Carnegie,88,4.5 out of 5 stars,125,4.4
1848126328,How to Talk So Kids Will Listen and Listen So Kids Will Talk,by Adele Faber,255,4.7,225,4.5
8172343116,Mahatma Gandhi Autobiography: The Story Of My Experiments With Truth,by Mahatma Gandhi,99,4.4,166,4.5
9380349246,Nothing Lasts Forever,by Vish Dhamija,105,3.9,105,4.3
9384761141,Lucent's General Science (2018-2019) Session,Not Available,150,4.1 out of 5 stars,183,4.2
9352534026,Quantitative Aptitude for Competitive Examinations,R S Aggarwal,427,4.1 out of 5 stars,450,4.4
9312149547,All  in One English Communicative CBSE Class 10  (based on textbook Literature...,by Gajendra Singh,235,4.5,260,4.5
1408855658,Harry Potter and the Philosopher's Stone,by J.K. Rowling,299,4.7,234,4.6
9381431922,Mirror Work: 21 Days to Heal Your Life,by Louise L. Hay,210,4.5,280,4.2
9384225762,The Chronicles of Hanuman,by Shubha Vilas - Import,333,4.7,307,4.8
8184958455,Mossad,by Michael Bar-Zohar - Import,340,4.6,280,4.5
8185986010,The Bachelor of Arts,by R. K. Narayan,90,4.4,117,4.3
9350853736,Suppandi - 3: The Laughter Never Ends,by Rajani Thindiath,76,4.7,76,4.4
9313162539,NEET Prep Guide 2019 with free Revision Points Booklet,by Arihant Expert,685,4.5,697,4.3
9387516881,Xam Idea Complete Course Social Science Class 10 for 2019 Exam,by VK Global Publications,344,4.2,324,4.4
8182744466,Copycat Marketing 101,by Burke Hedges,90,4.2,125,4.3
8172345666,The Power of Your Subconscious Mind: Unlock Your Master Key to Success,by Joseph Murphy,75,4.5,169,4.5
9313163306,40 Years Chapterwise Topicwise Solved Papers (2018-1979) IIT JEE Chemistry,Ranjeet Shahi,225,4.4 out of 5 stars,247,4.5
9381626340,The Secret Of The Nagas (Shiva Trilogy-2),by Amish Tripathi - Abridged,244,4.6,244,4.6
9387504921,Oswaal CBSE Question Bank Class 10 Social Science Chapterwise and Topicwise (...,by Oswaal Editorial Board,320,4.7,303,4.4
1473684587,The Reckoning,by John Grisham,247,3.2,247,4
1909531618,The Book Thief (Definitions Young Adult),by Markus Zusak,379,4.5,320,4.5
1847946240,"The Power of Habit: Why We Do What We Do, and How to Change",Charles Duhigg,286,4.4 out of 5 stars,305,4.4
9387067548,Indian Art and Culture,by Nitin Singhania,412,4.5,390,4.6
8172234937,The Other Side of Midnight,by Sidney Sheldon,209,4.3,209,4.5
9351772071,Attitude Is Everything: Change Your Attitude ... Change Your Life!,Jeff Keller,105,4.6 out of 5 stars,118,4.5
8172234996,The One Minute Manager,by Kenneth Blanchard,118,4.4,118,4.4
1847370292,The Secret,Rhonda Byrne,415,4.5 out of 5 stars,498,4.5
9380349300,Life is What You Make It,Preeti Shenoy,75,4.0 out of 5 stars,86,4.1
8172234902,Tell Me your Dreams,by Sidney Sheldon,209,4.4,209,4.5
8179922324,Who Will Cry When You Die?,Robin Sharma,103,4.4 out of 5 stars,115,4.4
9387944891,"The 5 AM Club: Own Your Morning, Elevate Your Life",Robin Sharma,199,4.3 out of 5 stars,210,4.6
9384761540,General Knowledge,Not Available,156,4.4 out of 5 stars,180,4.4
8184001053,"Don't Lose Your Mind, Lose Your Weight",Rujuta Diwekar,118,4.5 out of 5 stars,143,4.3
8172235011,Light on Yoga: The Classic Guide to Yoga by the World's Foremost Authority,by B.K.S. Iyengar,298,4.5,298,4.5
9312148222,Electronics and Communication Engineering GATE 2019,by Ankit Goel,669,4.1,556,4.4
1451696191,The Perks of Being a Wallflower,by Stephen Chbosky,186,4.4,186,4.5
9387504913,Oswaal CBSE Question Bank Class 10 Science Chapterwise and Topicwise (For March 2019 Exam),Not Available,247,4.6 out of 5 stars,247,4.5
9352607996,Object-Oriented Programming with C++,by E Balagurusamy,371,4.5,371,4.5
1784703931,Homo Deus: A Brief History of Tomorrow,by Yuval Noah Harari,344,4.5,270,4.5
8175994193,Macbeth,by William Shakespeare,99,4.3,117,4.4
9387944891,"The 5 AM Club: Own Your Morning, Elevate Your Life",Robin Sharma,199,4.3 out of 5 stars,210,4.6
9350297515,A Feast of Vultures: The Hidden Business of Democracy in India,by Josy Joseph,522,4.5,599,4.5
1526603330,Circe: The Sunday Times Bestseller,by Madeline Miller,364,4.3,388,4.5
9387504921,Oswaal CBSE Question Bank Class 10 Social Science Chapterwise and Topicwise (...,by Oswaal Editorial Board,320,4.7,303,4.4
9384761168,Lucents Samanya Hindi : Pratiyogi Parikshaon Ke Leye,by .,190,4.2,150,4.2
9380340036,Sita's Ramayana,by Samhita Arni,542,3.6,550,4.1
9386320177,Computer Knowledge for SBI/IBPS Clerk/PO/RRB/RBI/SSC... Exams,by Shikha Agarwal,93,3.5,104,4.1
1847923674,When Breath Becomes Air,by Paul Kalanithi,332,4.6,332,4.6
8186685693,Alchemist,by Paulo Coelho,185,4.6,169,4.4
8179922324,Who Will Cry When You Die?,Robin Sharma,103,4.4 out of 5 stars,115,4.4
9387022080,Be My Perfect Ending,by Arpit Vageria,87,4.4,101,4.4
8172234856,Nothing Lasts Forever,by Sidney Sheldon,266,4.2,280,4.5
8184005962,"Marry Me, Stranger",by Novoneel Chakraborty,112,4.4,131,4.4
9351772624,The Wellness Sense: A Practical Guide to your Physical and Emotional Health Based...,by Om Swami,178,4.8,178,4.5
9386867508,Emotion and Relationships,Sadhguru,138,4.7 out of 5 stars,159,4.6
8184001053,"Don't Lose Your Mind, Lose Your Weight",Rujuta Diwekar,118,4.5 out of 5 stars,143,4.3
9388026330,Olympiad Champs Science Class 4 with Past Olympiad Questions,by Disha Experts,180,4.4,114,4.3
8172344562,The Great Gatsby,F. Scott Fitzgerald,47,4.1 out of 5 stars,142,4.4
8129118920,Great Stories for Children,by Ruskin Bond,182,4.4,118,4.4
9352641345,"Ready, Study, Go!: Smart Ways to Learn",by Khurshed Batliwala,178,4.5,178,4.4
8173711461,Wings of Fire: An Autobiography of Abdul Kalam,Not Available,194,4.6 out of 5 stars,265,4.6
9380571089,Ayurvediya Garbh Sanskar (Marathi),by Shree Balaji Tambe,601,4.5,640,4.3
9351776425,Ivory Throne: Chronicles of the House of Travancore,by Manu S. Pillai,433,4.3,468,4.6
8170285593,Yayati (Hindi),by Vishnu S. Khandekar,178,4.1,178,4.4
8179922324,Who Will Cry When You Die?,Robin Sharma,103,4.4 out of 5 stars,115,4.4
9350294311,"Romancing the Balance Sheet: For Anyone Who Owns, Runs or Manages a Business",by Anil Lamba,477,4.5,477,4.5
1780552491,Brain Games for Clever Kids (Buster Brain Games),by Gareth Moore,188,4.6,137,4.2
8172234937,The Other Side of Midnight,by Sidney Sheldon,209,4.3,209,4.5
8179925919,The Theory of Everything,Stephen Hawking,111,4.5 out of 5 stars,190,4.2
9386224585,Sita: Warrior of Mithila (Ram Chandra),by Amish Tripathi,226,4.3,226,4.6
1408711702,Fantastic Beasts: The Crimes of Grindelwald: The Original Screenplay (Fantastic...,by J.K. Rowling,434,4.8,434,4.8
9387067548,Indian Art and Culture,by Nitin Singhania,412,4.5,390,4.6
1509867767,Tell Tale,by Jeffrey Archer,269,4.4,255,4.5
8179925919,The Theory of Everything,Stephen Hawking,111,4.5 out of 5 stars,190,4.2
8189535196,The Holy Science,by Swami Sri Yukteswar Giri,75,4.6,104,4.6
1408711702,Fantastic Beasts: The Crimes of Grindelwald: The Original Screenplay (Fantastic...,by J.K. Rowling,434,4.8,434,4.8
9312147307,General Knowledge 2019,Manohar Pandey,19,4.2 out of 5 stars,30,4.3
1780220251,Jerusalem: The Biography,by Simon Sebag Montefiore,524,4.6,352,4.4
9386224585,Sita: Warrior of Mithila (Ram Chandra),by Amish Tripathi,226,4.3,226,4.6
9385152149,Ram - Scion of Ikshvaku (Book 1 - Ram Chandra Series): 2015 Edition with Updated...,by Amish Tripathi,240,4.1,240,4.4
1471131823,The 7 Habits of Highly Effective People,Not Available,311,4.0 out of 5 stars,373,4.4
9382618341,The Oath of the Vayuputras (Shiva Trilogy),by Amish Tripathi,282,4.4,282,4.4
1408855658,Harry Potter and the Philosopher's Stone,by J.K. Rowling,299,4.7,234,4.6
9381626340,The Secret Of The Nagas (Shiva Trilogy-2),by Amish Tripathi - Abridged,244,4.6,244,4.6
8193503309,Dharmayoddha Kalki: Avatar of Vishnu (Book 1),by Kevin Missal,179,4.2,188,4.5
8179925919,The Theory of Everything,Stephen Hawking,111,4.5 out of 5 stars,190,4.2
9386850575,Gurudev: On the Plateau of the Peak: The Life of Sri Sri Ravi Shankar,by Bhanumathi Narasimhan,293,4.9,327,4.7
9382618341,The Oath of the Vayuputras (Shiva Trilogy),by Amish Tripathi,282,4.4,282,4.4
9386036754,Everyone Has A Story,by Savi Sharma,100,4.1,125,4.3
9312147307,General Knowledge 2019,Manohar Pandey,19,4.2 out of 5 stars,30,4.3
8172234937,The Other Side of Midnight,by Sidney Sheldon,209,4.3,209,4.5
9384761540,General Knowledge,Not Available,156,4.4 out of 5 stars,180,4.4
9351770729,All you need is Love: The art of mindful parenting,by Shelja Sen,225,4.3,238,4.5
9386797143,AAP & Down: An Insider’s Story of India’s Most Controversial Party,by Mayank Gandhi,218,4.5,218,4.7
9387944891,"The 5 AM Club: Own Your Morning, Elevate Your Life",Robin Sharma,199,4.3 out of 5 stars,210,4.6
1408711702,Fantastic Beasts: The Crimes of Grindelwald: The Original Screenplay (Fantastic...,by J.K. Rowling,434,4.8,434,4.8
8175993952,How to Stop Worrying and Start Living: Time-Tested Methods for Conquering Worry,Dale Carnegie,88,4.5 out of 5 stars,125,4.4
9351160092,Unbreakable,by Mary Kom,145,4.6,145,4.5
9350292203,Without Fear,by Kuldip Nayar,170,4.7,186,4.6
9386850648,Keepers of the Kalachakra: Book 5 in the Bharat Series of Historical and Mythological...,by Ashwin Sanghi,100,4.0,231,4.4
9352641345,"Ready, Study, Go!: Smart Ways to Learn",by Khurshed Batliwala,178,4.5,178,4.4
9386224585,Sita: Warrior of Mithila (Ram Chandra),by Amish Tripathi,226,4.3,226,4.6
8172234988,The Alchemist,Paulo Coelho,182,4.6 out of 5 stars,209,4.6
8192910997,How to Win Friends and Influence People,Dale Carnegie,79,4.5 out of 5 stars,130,4.5
9386224585,Sita: Warrior of Mithila (Ram Chandra),by Amish Tripathi,226,4.3,226,4.6
8186775056,Questions Are the Answers,by Allan Pease,83,4.4,76,4.4
9352779843,Devil's Advocate: The Untold Story,by Karan Thapar,370,4.1,417,4.6
9351772624,The Wellness Sense: A Practical Guide to your Physical and Emotional Health Based...,by Om Swami,178,4.8,178,4.5
9387984532,EAD 15+1 cbse sample papers for class 12 Economics for 2019 examination,by Rachna Sagar,189,3.0,156,4.7
9350295725,Headley And I,by S. Hussain Zaidi,247,3.5,280,4.2
8179925919,The Theory of Everything,Stephen Hawking,111,4.5 out of 5 stars,190,4.2
9352645049,Two Saints: Speculations Around and About Ramakrishna Paramahamsa and Ramana...,by Arun Shourie,378,3.6,417,4.7
9386224399,This Is Not Your Story,by Savi Sharma,100,4.5,125,4.3
8172234996,The One Minute Manager,by Kenneth Blanchard,118,4.4,118,4.4
8129112558,The Ruskin Bond Horror Omnibus,by Ruskin Bond,395,4.0,238,4.2
1444776967,Love Story,by Erich Segal,103,4.3,103,4.3
9351772071,Attitude Is Everything: Change Your Attitude ... Change Your Life!,Jeff Keller,105,4.6 out of 5 stars,118,4.5
9386106256,Geronimo Stilton #64: The Magical Mission,by Geronimo Stilton,272,4.4,184,4.5
1408855658,Harry Potter and the Philosopher's Stone,by J.K. Rowling,299,4.7,234,4.6
1473635306,Born a Crime: Stories from a South African Childhood,by Trevor Noah,388,4.8,299,4.7
8193503309,Dharmayoddha Kalki: Avatar of Vishnu (Book 1),by Kevin Missal,179,4.2,188,4.5
9312147528,CBSE All  In One Social Science Class 8 for 2018 - 19,by Arihant Experts,171,4.4,186,4.4
8193284186,Rekha: The Untold Story,by Yasser Usman,256,3.7,239,4.3
9351035492,Geronimo Stilton and the Kingdom of Fantasy #7: The Enchanted Charms,by Geronimo Stilton - Illustrated,373,4.7,392,4.5
8179922324,Who Will Cry When You Die?,Robin Sharma,103,4.4 out of 5 stars,115,4.4
1421582694,"My Hero Academia, Vol. 1",by Kohei Horikoshi,499,4.9,311,4.8
8170286840,Inspiring Thoughts (Inspiring Thoughts Quotation Series),by A.P.J. Abdul Kalam,120,4.1,149,4.2
8172345666,The Power of Your Subconscious Mind: Unlock Your Master Key to Success,by Joseph Murphy,75,4.5,169,4.5
9382618341,The Oath of the Vayuputras (Shiva Trilogy),by Amish Tripathi,282,4.4,282,4.4
8192910962,The Power of your Subconscious Mind,Joseph Murphy,65,4.5 out of 5 stars,94,4.5
9312146440,UGC NET Economics,by Sunder Gopal Mishra,469,4.2,351,3.8
1451696191,The Perks of Being a Wallflower,by Stephen Chbosky,186,4.4,186,4.5
9353025982,The Forest of Enchantments,Chitra Banerjee Divakaruni,373,4.6 out of 5 stars,373,4.9
8183071007,Word Power Made Easy,Norman Lewis,76,4.4 out of 5 stars,111,4.4
9332510210,Longman School Atlas,by Longman,286,4.1,240,4.2
8126713968,Rag Darbari,by Shrilal Shukla,200,4.5,227,4.6
8175994479,12 Years a Slave,by Solomon Northup,99,4.5,140,4.4
8184959893,Little Black Book for Stunning Success + Tools for Action Mastery,by Robin Sharma,220,4.4,220,4.4
9387944891,"The 5 AM Club: Own Your Morning, Elevate Your Life",Robin Sharma,199,4.3 out of 5 stars,210,4.6
9380914229,Relativity: The Special and the General Theory (General Press),by Albert Einstein,146,4.4,175,4.5
8179925919,The Theory of Everything,Stephen Hawking,111,4.5 out of 5 stars,190,4.2
8172345666,The Power of Your Subconscious Mind: Unlock Your Master Key to Success,by Joseph Murphy,75,4.5,169,4.5
1405344377,"Strength Training: The Complete Step-by-Step Guide to a Stronger, Sculpted Body...",by DK,664,4.8,719,4.6
8183225705,Unposted Letter,by Mahatria Ra,218,4.7,218,4.6
9351362639,Ace against Odds,by Sania Mirza,290,4.1,275,4.4
9332551731,NTA UGC NET/SET/JRF - Paper 1: Teaching and Research Aptitude by Pearson,KVS Madaan,216,4.4 out of 5 stars,249,4.4
9350297515,A Feast of Vultures: The Hidden Business of Democracy in India,by Josy Joseph,522,4.5,599,4.5
8184958455,Mossad,by Michael Bar-Zohar - Import,340,4.6,280,4.5
1847923674,When Breath Becomes Air,by Paul Kalanithi,332,4.6,332,4.6
9352603451,Ancient and Medieval India,by Poonam Dalal Dahiya,342,4.5,380,4.6
8192910903,1984,George Orwell,88,4.4 out of 5 stars,99,4.5
9386643723,Murder in a Minute,by Shouvik Bhattacharya,188,4.4,162,4.4
9352606221,Geography of India,by Majid Husain,460,4.1,498,4.5
1509852794,The Hitchhiker's Guide to the Galaxy Omnibus: A Trilogy in Five Parts (Hitchhikers...,by Douglas Adams,510,4.1,532,4.5
9386041901,Tom Gates #10: Super Good Skills (Almost . . .),by NILL,213,4.4,237,4.6
9385152149,Ram - Scion of Ikshvaku (Book 1 - Ram Chandra Series): 2015 Edition with Updated...,by Amish Tripathi,240,4.1,240,4.4
9386850702,Touch the Sky: The inspiring stories of women from across India who are writing...,by Rashmi Bansal - Abridged,109,3.7,125,4.3
9386021102,Why I Am a Hindu,by Dr. Shashi Tharoor,299,3.4,324,4.4
9351192652,Comdex Hardware and Networking Course Kit: Revised & Upgraded,by Vikas Gupta,379,4.0,399,4.2
9385152149,Ram - Scion of Ikshvaku (Book 1 - Ram Chandra Series): 2015 Edition with Updated...,by Amish Tripathi,240,4.1,240,4.4
1408855682,Harry Potter and the Goblet of Fire (Harry Potter 4),by J.K. Rowling,524,4.7,524,4.7
9351777499,"India's Wars: A Military History, 1947-1971",by Arjun Subramaniam,415,4.5,473,4.6
9312147307,General Knowledge 2019,Manohar Pandey,19,4.2 out of 5 stars,30,4.3
1509867767,Tell Tale,by Jeffrey Archer,269,4.4,255,4.5
8193769716,Manorama Yearbook 2019 ( English),Not Available,228,4.5 out of 5 stars,228,4.6
8172345135,Metamorphosis,by Franz Kafka,69,4.2,94,4.4
9388026764,19 years GATE Computer Science & Information Technology Chapter-wise & Topic-wise...,by Disha Experts,175,3.8,189,4.2
8179925919,The Theory of Everything,Stephen Hawking,111,4.5 out of 5 stars,190,4.2
1408711702,Fantastic Beasts: The Crimes of Grindelwald: The Original Screenplay (Fantastic...,by J.K. Rowling,434,4.8,434,4.8
8172235631,Eleven Minutes,by Paulo Coelho,167,4.2,209,4.4
9385724223,The Secret of the Druids (Mahabharata Quest Series Book 2),by Christopher C. Doyle,179,4.1,209,4.3
9388036689,Oswaal CBSE Sample Question Paper Class 10 Mathematics (For March 2019 Exam),Oswaal Editorial Board,127,4.4 out of 5 stars,139,4.5
8184005210,How to Memorize Anything: The Ultimate Handbook to Enlighten and Improve Your...,by Aditi Singhal,242,4.4,255,4.3
9387944891,"The 5 AM Club: Own Your Morning, Elevate Your Life",Robin Sharma,199,4.3 out of 5 stars,210,4.6
8173711461,Wings of Fire: An Autobiography of Abdul Kalam,Not Available,194,4.6 out of 5 stars,265,4.6
9382618341,The Oath of the Vayuputras (Shiva Trilogy),by Amish Tripathi,282,4.4,282,4.4
9351772071,Attitude Is Everything: Change Your Attitude ... Change Your Life!,Jeff Keller,105,4.6 out of 5 stars,118,4.5
8172345666,The Power of Your Subconscious Mind: Unlock Your Master Key to Success,by Joseph Murphy,75,4.5,169,4.5
9386224399,This Is Not Your Story,by Savi Sharma,100,4.5,125,4.3
9380349300,Life is What You Make It,Preeti Shenoy,75,4.0 out of 5 stars,86,4.1
8179925919,The Theory of Everything,Stephen Hawking,111,4.5 out of 5 stars,190,4.2
9384761540,General Knowledge,Not Available,156,4.4 out of 5 stars,180,4.4
8184511213,World Map,by Dreamland Publications,91,4.5,130,4.4
8172235437,Veronika Decides to Die,by Paulo Coelho,186,4.4,209,4.4
1848547927,"Big Data: A Revolution That Will Transform How We Live, Work and Think",by Viktor Mayer-Schonberger,255,3.8,275,4.3
9386224585,Sita: Warrior of Mithila (Ram Chandra),by Amish Tripathi,226,4.3,226,4.6
8172345666,The Power of Your Subconscious Mind: Unlock Your Master Key to Success,by Joseph Murphy,75,4.5,169,4.5
8184001894,A Case of Exploding Mangoes,by Mohammed Hanif,255,3.7,279,4.4
9381626340,The Secret Of The Nagas (Shiva Trilogy-2),by Amish Tripathi - Abridged,244,4.6,244,4.6
9386036754,Everyone Has A Story,by Savi Sharma,100,4.1,125,4.3
9380914199,Student's Encyclopedia of General Knowledge (General Press),by Azeem Ahmad Khan,131,4.1,131,4.4
8129111950,An Introduction to Indian Philosophy,by Satishchandra Chatterjee,106,4.4,118,4.5
1447275403,The Man Who Mistook His Wife for a Hat: Picador Classic,by Oliver Sacks,311,4.3,388,4.6
9385152149,Ram - Scion of Ikshvaku (Book 1 - Ram Chandra Series): 2015 Edition with Updated...,by Amish Tripathi,240,4.1,240,4.4
9381626340,The Secret Of The Nagas (Shiva Trilogy-2),by Amish Tripathi - Abridged,244,4.6,244,4.6
8186775056,Questions Are the Answers,by Allan Pease,83,4.4,76,4.4
9353023238,Gene Machine: The Race to Decipher the Secrets of the Ribosome,by Venki Ramakrishnan,436,4.9,436,4.5
8192910962,The Power of your Subconscious Mind,Joseph Murphy,65,4.5 out of 5 stars,94,4.5
9332551820,Introduction to Finite Elements in Engineering,by Chandrupatla,499,3.7,543,4.4
8184007485,The Great Indian Diet,by Shilpa Shetty Kundra,161,4.0,161,4
1408855666,Harry Potter and the Chamber of Secrets (Harry Potter 2),by J.K. Rowling,374,4.7,374,4.7
9311121924,CBSE WORKBOOK SOCIAL SCIENCE CLASS 6 for 2018 - 19,by Arihant Experts,92,4.5,92,4.4
9383643242,A Handbook on Computer Science & IT - Illustrated Formulae & Key Theory Concepts,by Made Easy Editorial Board,247,4.0,191,4.3
9350944308,Handbook of Computer Science & IT,by Surbhi Mitra,190,3.9,120,4.2
8172344562,The Great Gatsby,F. Scott Fitzgerald,47,4.1 out of 5 stars,142,4.4
9382665781,A Murder in Gurgaon,by Manish Dubey,106,3.9,106,4.1
9352641345,"Ready, Study, Go!: Smart Ways to Learn",by Khurshed Batliwala,178,4.5,178,4.4
1409323498,The Animal Book: A Visual Encyclopedia of Life on Earth (Reference),by DK,781,4.8,563,4.6
8172344503,Pride & Prejudice,by Jane Austen,79,4.3,182,4.4
9384850098,I am The Mind,by Deep Trivedi,236,4.1,199,4.3
1471147533,What to Expect When You're Expecting,by Heidi Murkoff,521,4.4,510,4.7
9351776425,Ivory Throne: Chronicles of the House of Travancore,by Manu S. Pillai,433,4.3,468,4.6
1408855658,Harry Potter and the Philosopher's Stone,by J.K. Rowling,299,4.7,234,4.6
9387672417,Together with CBSE/NCERT Practice Material Chapterwise for Class 12 Chemistry...,by R. P. Manchanda,349,3.4,349,3.9
1409323498,The Animal Book: A Visual Encyclopedia of Life on Earth (Reference),by DK,781,4.8,563,4.6
8184511213,World Map,by Dreamland Publications,91,4.5,130,4.4
8175992948,One Life to Ride: A Motorcycle Journey to the High Himalayas,by Ajit Harisinghani,189,4.7,188,4.4
9386850133,The Dirty Dozen: Hitmen of the Mumbai Underworld,by Gabriel Khan,221,4.2,221,4.5
9332587337,Indian Political Thought,by Himanshu Roy,230,4.0,230,4.4
9380349300,Life is What You Make It,Preeti Shenoy,75,4.0 out of 5 stars,86,4.1
9387067556,World History,by Krishna Reddy,238,4.1,262,4.3
1473635306,Born a Crime: Stories from a South African Childhood,by Trevor Noah,388,4.8,299,4.7
1408855658,Harry Potter and the Philosopher's Stone,by J.K. Rowling,299,4.7,234,4.6
9388026586,24 Years UPSC IAS/ IPS Prelims Topic-wise Solved Papers 1 & 2 (1995-2018),Disha Experts,270,4.3 out of 5 stars,325,4.5
8129124912,My Journey: Transforming Dreams into Actions,by A.P.J. Abdul Kalam,180,4.7,112,4.6
9385887815,Geronimo Stilton and the Kingdom of Fantasy #8 - The Hour of Magic,by Geronimo Stilton,274,4.6,360,4.5
8183225101,Miracles of Your Mind,by Dr. Joseph Murphy,72,4.2,117,4.3
8175994401,Before You Start Up: How to Prepare to Make Your Startup Dream a Reality,by Pankaj Goyal,179,4.6,188,4.3
8184959893,Little Black Book for Stunning Success + Tools for Action Mastery,by Robin Sharma,220,4.4,220,4.4
9353025982,The Forest of Enchantments,Chitra Banerjee Divakaruni,373,4.6 out of 5 stars,373,4.9
9380349300,Life is What You Make It,Preeti Shenoy,75,4.0 out of 5 stars,86,4.1
9380914415,Tales from India,by Rudyard Kipling,208,4.5,221,4.5
8129142147,One Indian Girl,Chetan Bhagat,96,3.6 out of 5 stars,112,4.2
8172344503,Pride & Prejudice,by Jane Austen,79,4.3,182,4.4
9386850494,Poonachi: Or the Story of a Black Goat,by Perumal Murugan,114,4.5,288,4.7
1471172392,The Secret,by Rhonda Byrne,538,4.5,373,4.2
8129131498,Masterpieces of World Fiction: Selected Stories By  LEO TOLSTOY,by LEO TOLSTOY,140,4.4,126,4.4
9386867508,Emotion and Relationships,Sadhguru,138,4.7 out of 5 stars,159,4.6
8192910997,How to Win Friends and Influence People,Dale Carnegie,79,4.5 out of 5 stars,130,4.5
1408855682,Harry Potter and the Goblet of Fire (Harry Potter 4),by J.K. Rowling,524,4.7,524,4.7
8172344562,The Great Gatsby,F. Scott Fitzgerald,47,4.1 out of 5 stars,142,4.4
9353025982,The Forest of Enchantments,Chitra Banerjee Divakaruni,373,4.6 out of 5 stars,373,4.9
8129144972,The Perfect Murder,by Ruskin Bond - Import,195,3.8,118,4.3
1847370292,The Secret,Rhonda Byrne,415,4.5 out of 5 stars,498,4.5
8129101491,Swami Vivekananda: A Biography,by Gautam Ghosh,375,4.1,238,4.5
1408711702,Fantastic Beasts: The Crimes of Grindelwald: The Original Screenplay (Fantastic...,by J.K. Rowling,434,4.8,434,4.8
8172343116,Mahatma Gandhi Autobiography: The Story Of My Experiments With Truth,by Mahatma Gandhi,99,4.4,166,4.5
9351033015,Tom Gates Book #3: Everythings Amazing,by Tom Gates,157,4.8,221,4.6
8131252914,"Textbook of Anatomy: Head, Neck and Brain - Vol.3",by Vishram Singh,582,5.0,631,5
9313163292,40 Years' Chapterwise Topicwise Solved Papers (2018-1979) IIT JEE Physics,DC. Pandey,191,4.1 out of 5 stars,237,4.5
8184007485,The Great Indian Diet,by Shilpa Shetty Kundra,161,4.0,161,4
8129124912,My Journey: Transforming Dreams into Actions,by A.P.J. Abdul Kalam,180,4.7,112,4.6
8179922324,Who Will Cry When You Die?,Robin Sharma,103,4.4 out of 5 stars,115,4.4
9382618341,The Oath of the Vayuputras (Shiva Trilogy),by Amish Tripathi,282,4.4,282,4.4
8179922324,Who Will Cry When You Die?,Robin Sharma,103,4.4 out of 5 stars,115,4.4
9386021102,Why I Am a Hindu,by Dr. Shashi Tharoor,299,3.4,324,4.4
8173711461,Wings of Fire: An Autobiography of Abdul Kalam,Not Available,194,4.6 out of 5 stars,265,4.6
9387067548,Indian Art and Culture,by Nitin Singhania,412,4.5,390,4.6
8172344503,Pride & Prejudice,by Jane Austen,79,4.3,182,4.4
8184002807,Poor Economics: Rethinking Poverty & the Ways to End it,by Abhijit V. Banerjee,419,4.5,465,4.6
1847946240,"The Power of Habit: Why We Do What We Do, and How to Change",Charles Duhigg,286,4.4 out of 5 stars,305,4.4
8172345666,The Power of Your Subconscious Mind: Unlock Your Master Key to Success,by Joseph Murphy,75,4.5,169,4.5
9386224585,Sita: Warrior of Mithila (Ram Chandra),by Amish Tripathi,226,4.3,226,4.6
9387944891,"The 5 AM Club: Own Your Morning, Elevate Your Life",Robin Sharma,199,4.3 out of 5 stars,210,4.6
9387949222,Objective NCERT at your Fingertips - Biology,Not Available,408,4.7 out of 5 stars,570,4.4
9385152149,Ram - Scion of Ikshvaku (Book 1 - Ram Chandra Series): 2015 Edition with Updated...,by Amish Tripathi,240,4.1,240,4.4
9384761141,Lucent's General Science (2018-2019) Session,Not Available,150,4.1 out of 5 stars,183,4.2
8192910997,How to Win Friends and Influence People,Dale Carnegie,79,4.5 out of 5 stars,130,4.5
1408711702,Fantastic Beasts: The Crimes of Grindelwald: The Original Screenplay (Fantastic...,by J.K. Rowling,434,4.8,434,4.8
8172235437,Veronika Decides to Die,by Paulo Coelho,186,4.4,209,4.4
8173711461,Wings of Fire: An Autobiography of Abdul Kalam,Not Available,194,4.6 out of 5 stars,265,4.6
8179925919,The Theory of Everything,Stephen Hawking,111,4.5 out of 5 stars,190,4.2
1408855666,Harry Potter and the Chamber of Secrets (Harry Potter 2),by J.K. Rowling,374,4.7,374,4.7
8172345666,The Power of Your Subconscious Mind: Unlock Your Master Key to Success,by Joseph Murphy,75,4.5,169,4.5
9387504921,Oswaal CBSE Question Bank Class 10 Social Science Chapterwise and Topicwise (...,by Oswaal Editorial Board,320,4.7,303,4.4
9350853701,Tantri the Mantri - 4,by Rajani Thindiath,76,4.0,79,4.4
1408855658,Harry Potter and the Philosopher's Stone,by J.K. Rowling,299,4.7,234,4.6
8125026517,Prarambhik Bharat Ka Parichay,by Ram Sharan Shar,202,4.5,202,4.3
9386224585,Sita: Warrior of Mithila (Ram Chandra),by Amish Tripathi,226,4.3,226,4.6
8129118920,Great Stories for Children,by Ruskin Bond,182,4.4,118,4.4
8179925919,The Theory of Everything,Stephen Hawking,111,4.5 out of 5 stars,190,4.2
9382951717,You Can Win: A step by step tool for top achievers,by Shiv Khera,232,4.6,232,4.5
9332585601,Computer System Architecture 3e (Update) by Pearson,by Mano M Morris,446,4.3,446,4.5
8179925919,The Theory of Everything,Stephen Hawking,111,4.5 out of 5 stars,190,4.2
8179925919,The Theory of Everything,Stephen Hawking,111,4.5 out of 5 stars,190,4.2
9311121266,Objective Computer Awareness,by Arihant Experts,78,4.0,78,4.3
1526603330,Circe: The Sunday Times Bestseller,by Madeline Miller,364,4.3,388,4.5
8184958455,Mossad,by Michael Bar-Zohar - Import,340,4.6,280,4.5
9352864964,Legal Awareness and Legal Reasoning: For CLAT and Other Law Entrance Examinations...,by A. P. Bhardwaj,412,4.4,412,4.5
8120340957,Heat Treatment: Principles and Techniques,by Rajan T.V,254,4.5,344,4.4
8179925919,The Theory of Everything,Stephen Hawking,111,4.5 out of 5 stars,190,4.2
8129149052,The Coalition Years,by Pranab Mukherjee,325,3.6,331,4.6
9351776425,Ivory Throne: Chronicles of the House of Travancore,by Manu S. Pillai,433,4.3,468,4.6
9352606221,Geography of India,by Majid Husain,460,4.1,498,4.5
9388026586,24 Years UPSC IAS/ IPS Prelims Topic-wise Solved Papers 1 & 2 (1995-2018),Disha Experts,270,4.3 out of 5 stars,325,4.5
8193284186,Rekha: The Untold Story,by Yasser Usman,256,3.7,239,4.3
8172344562,The Great Gatsby,F. Scott Fitzgerald,47,4.1 out of 5 stars,142,4.4
8186775552,Sochiye Aur Amir Baniye (Think and Grow Rich),by Napoleon Hill,158,4.2,112,4.2
1784703931,Homo Deus: A Brief History of Tomorrow,by Yuval Noah Harari,344,4.5,270,4.5
8129142147,One Indian Girl,Chetan Bhagat,96,3.6 out of 5 stars,112,4.2
8184959893,Little Black Book for Stunning Success + Tools for Action Mastery,by Robin Sharma,220,4.4,220,4.4
9352779843,Devil's Advocate: The Untold Story,by Karan Thapar,370,4.1,417,4.6
8184951191,The Leader Who Had No Title,by Robin Sharma,189,4.4,160,4.4
9387944891,"The 5 AM Club: Own Your Morning, Elevate Your Life",Robin Sharma,199,4.3 out of 5 stars,210,4.6
1473635306,Born a Crime: Stories from a South African Childhood,by Trevor Noah,388,4.8,299,4.7
8172234902,Tell Me your Dreams,by Sidney Sheldon,209,4.4,209,4.5
8172345666,The Power of Your Subconscious Mind: Unlock Your Master Key to Success,by Joseph Murphy,75,4.5,169,4.5
1473635306,Born a Crime: Stories from a South African Childhood,by Trevor Noah,388,4.8,299,4.7
8184001053,"Don't Lose Your Mind, Lose Your Weight",Rujuta Diwekar,118,4.5 out of 5 stars,143,4.3
8172345666,The Power of Your Subconscious Mind: Unlock Your Master Key to Success,by Joseph Murphy,75,4.5,169,4.5
9350944308,Handbook of Computer Science & IT,by Surbhi Mitra,190,3.9,120,4.2
8173711461,Wings of Fire: An Autobiography of Abdul Kalam,Not Available,194,4.6 out of 5 stars,265,4.6
1473684587,The Reckoning,by John Grisham,247,3.2,247,4
8172343116,Mahatma Gandhi Autobiography: The Story Of My Experiments With Truth,by Mahatma Gandhi,99,4.4,166,4.5
8184958455,Mossad,by Michael Bar-Zohar - Import,340,4.6,280,4.5
1471131823,The 7 Habits of Highly Effective People,Not Available,311,4.0 out of 5 stars,373,4.4
9312149547,All  in One English Communicative CBSE Class 10  (based on textbook Literature...,by Gajendra Singh,235,4.5,260,4.5
9386224046,7 Secrets of Shiva,by Devdutt Pattanaik,244,4.3,244,4.6
8173711461,Wings of Fire: An Autobiography of Abdul Kalam,Not Available,194,4.6 out of 5 stars,265,4.6
1509867767,Tell Tale,by Jeffrey Archer,269,4.4,255,4.5
9385152149,Ram - Scion of Ikshvaku (Book 1 - Ram Chandra Series): 2015 Edition with Updated...,by Amish Tripathi,240,4.1,240,4.4
1471143953,Dork Diaries: TV Star,by Rachel Renee Russell - Import,308,4.8,203,4.6
8185986002,Swami and Friends,by R. K. Narayan,114,4.6,112,4.4
9350571099,Children's Encyclopedia - The World of Knowledge: Familiarising Children with...,by V&S Editorial Board,643,4.0,975,4.2
8175994479,12 Years a Slave,by Solomon Northup,99,4.5,140,4.4
8172345666,The Power of Your Subconscious Mind: Unlock Your Master Key to Success,by Joseph Murphy,75,4.5,169,4.5
8172234937,The Other Side of Midnight,by Sidney Sheldon,209,4.3,209,4.5
9386021102,Why I Am a Hindu,by Dr. Shashi Tharoor,299,3.4,324,4.4
1862305277,The Boy in the Striped Pyjamas (Definitions),by John Boyne,350,4.6,372,4.5
8179925919,The Theory of Everything,Stephen Hawking,111,4.5 out of 5 stars,190,4.2
9385152149,Ram - Scion of Ikshvaku (Book 1 - Ram Chandra Series): 2015 Edition with Updated...,by Amish Tripathi,240,4.1,240,4.4
9386323567,Quick General Knowledge 2018 with Current Affairs Update,by Disha Experts,37,3.4,50,4.2
1847946240,"The Power of Habit: Why We Do What We Do, and How to Change",Charles Duhigg,286,4.4 out of 5 stars,305,4.4
9352779290,Eleventh Hour,by S. Hussain Zaidi,160,4.0,169,4.5
8192910903,1984,George Orwell,88,4.4 out of 5 stars,99,4.5
9313169886,Current Affairs Yearly  2019,Not Available,124,5.0 out of 5 stars,124,4.7
8173711461,Wings of Fire: An Autobiography of Abdul Kalam,Not Available,194,4.6 out of 5 stars,265,4.6
8179925919,The Theory of Everything,Stephen Hawking,111,4.5 out of 5 stars,190,4.2
8184958455,Mossad,by Michael Bar-Zohar - Import,340,4.6,280,4.5
9313169886,Current Affairs Yearly  2019,Not Available,124,5.0 out of 5 stars,124,4.7
9388036662,Oswaal CBSE Sample Question Paper Class 10 Science (For March 2019 Exam),Oswaal Editorial Board,127,4.3 out of 5 stars,133,4.6
8172345666,The Power of Your Subconscious Mind: Unlock Your Master Key to Success,by Joseph Murphy,75,4.5,169,4.5
8186775811,The Business School,by Robert T. Kiyosaki,108,4.5,154,4.5
8187107588,365 Pancharantra Stories,by OM Books,357,4.1,396,4.4
8179925919,The Theory of Everything,Stephen Hawking,111,4.5 out of 5 stars,190,4.2
9386850648,Keepers of the Kalachakra: Book 5 in the Bharat Series of Historical and Mythological...,by Ashwin Sanghi,100,4.0,231,4.4
8184005210,How to Memorize Anything: The Ultimate Handbook to Enlighten and Improve Your...,by Aditi Singhal,242,4.4,255,4.3
8172234902,Tell Me your Dreams,by Sidney Sheldon,209,4.4,209,4.5
1408855658,Harry Potter and the Philosopher's Stone,by J.K. Rowling,299,4.7,234,4.6
8171673406,The Blue Umbrella,by Ruskin Bond,95,4.4,55,4.4
9382618341,The Oath of the Vayuputras (Shiva Trilogy),by Amish Tripathi,282,4.4,282,4.4
8172345666,The Power of Your Subconscious Mind: Unlock Your Master Key to Success,by Joseph Murphy,75,4.5,169,4.5
8172234864,Bloodline,by Sidney Sheldon,280,4.3,280,4.5
9384761540,General Knowledge,Not Available,156,4.4 out of 5 stars,180,4.4
9386228580,Sanjay Dutt: The Crazy Untold Story of Bollywood’s Bad Boy,by Yasser Usman,293,4.2,264,4.5
9313163292,40 Years' Chapterwise Topicwise Solved Papers (2018-1979) IIT JEE Physics,DC. Pandey,191,4.1 out of 5 stars,237,4.5
8173711461,Wings of Fire: An Autobiography of Abdul Kalam,Not Available,194,4.6 out of 5 stars,265,4.6
9381626812,Chanakya's Chant: Book 2 in the Bharat Series of Historical and Mythological...,by Ashwin Sanghi,244,4.1,244,4.3
9387944891,"The 5 AM Club: Own Your Morning, Elevate Your Life",Robin Sharma,199,4.3 out of 5 stars,210,4.6
9386867508,Emotion and Relationships,Sadhguru,138,4.7 out of 5 stars,159,4.6
8129124912,My Journey: Transforming Dreams into Actions,by A.P.J. Abdul Kalam,180,4.7,112,4.6
9311121924,CBSE WORKBOOK SOCIAL SCIENCE CLASS 6 for 2018 - 19,by Arihant Experts,92,4.5,92,4.4
8193237234,Indian Superfoods: Change the Way You Eat,by Rujuta Diwekar,269,4.1,225,4.3
8129118920,Great Stories for Children,by Ruskin Bond,182,4.4,118,4.4
9352641345,"Ready, Study, Go!: Smart Ways to Learn",by Khurshed Batliwala,178,4.5,178,4.4
8184001053,"Don't Lose Your Mind, Lose Your Weight",Rujuta Diwekar,118,4.5 out of 5 stars,143,4.3
8184005849,You’re the Password to My Life,by Sudeep Nagarkar,102,4.2,131,4.3
9351160092,Unbreakable,by Mary Kom,145,4.6,145,4.5
9350947900,Know Your State - Himachal Pradesh,by Arihant Experts,185,4.1,176,4.3
9312140329,CTET & TETs Previous Year' Solved papers Mathematics & Science Class VI-VIII,by Arihant Experts,122,3.5,149,4.2
9351035492,Geronimo Stilton and the Kingdom of Fantasy #7: The Enchanted Charms,by Geronimo Stilton - Illustrated,373,4.7,392,4.5
9351772624,The Wellness Sense: A Practical Guide to your Physical and Emotional Health Based...,by Om Swami,178,4.8,178,4.5
8175994479,12 Years a Slave,by Solomon Northup,99,4.5,140,4.4
9351037703,Geronimo Stilton Journey Through Time 3,by Geronimo Stilton - Import,392,4.7,392,4.5
1471158039,Dork Diaries Frenemies Forever,by Rachel Renee Russell,182,4.6,172,4.4
8129124912,My Journey: Transforming Dreams into Actions,by A.P.J. Abdul Kalam,180,4.7,112,4.6
1408711702,Fantastic Beasts: The Crimes of Grindelwald: The Original Screenplay (Fantastic...,by J.K. Rowling,434,4.8,434,4.8
9382665870,Her Last Wish,by Ajay K. Pandey,88,4.7,101,4.5
8193769716,Manorama Yearbook 2019 ( English),Not Available,228,4.5 out of 5 stars,228,4.6
9387067572,Programming and Problem Solving with Python,by Ashok Namdev Kamthane,519,4.8,416,4.4
9386348713,The Ancient Science of Mantras,by Om Swami,394,4.6,298,4.5
8173711461,Wings of Fire: An Autobiography of Abdul Kalam,Not Available,194,4.6 out of 5 stars,265,4.6
8172234791,The Stars Shine Down,by Sidney Sheldon,218,3.9,218,4.4
8172345135,Metamorphosis,by Franz Kafka,69,4.2,94,4.4
8172234937,The Other Side of Midnight,by Sidney Sheldon,209,4.3,209,4.5
8184007485,The Great Indian Diet,by Shilpa Shetty Kundra,161,4.0,161,4
1848547927,"Big Data: A Revolution That Will Transform How We Live, Work and Think",by Viktor Mayer-Schonberger,255,3.8,275,4.3
9386036452,It's All in the Planets,by Preeti Shenoy,167,4.3,196,4.3
8173711461,Wings of Fire: An Autobiography of Abdul Kalam,Not Available,194,4.6 out of 5 stars,265,4.6
9352607996,Object-Oriented Programming with C++,by E Balagurusamy,371,4.5,371,4.5
8173711461,Wings of Fire: An Autobiography of Abdul Kalam,Not Available,194,4.6 out of 5 stars,265,4.6
9387944891,"The 5 AM Club: Own Your Morning, Elevate Your Life",Robin Sharma,199,4.3 out of 5 stars,210,4.6
8129137429,Making India Awesome: New Essays and Columns,by Chetan Bhagat,100,3.8,112,4.1
1260142655,"CISSP All-in-One Exam Guide, Eighth Edition",by Shon Harris - Import,4,3.7,5201, 
1408855674,Harry Potter and the Prisoner of Azkaban (Harry Potter 3),by J.K. Rowling,374,4.4,314,4.6
8172345666,The Power of Your Subconscious Mind: Unlock Your Master Key to Success,by Joseph Murphy,75,4.5,169,4.5
8179925919,The Theory of Everything,Stephen Hawking,111,4.5 out of 5 stars,190,4.2
8184001053,"Don't Lose Your Mind, Lose Your Weight",Rujuta Diwekar,118,4.5 out of 5 stars,143,4.3
9386224399,This Is Not Your Story,by Savi Sharma,100,4.5,125,4.3
1509867767,Tell Tale,by Jeffrey Archer,269,4.4,255,4.5
8192910997,How to Win Friends and Influence People,Dale Carnegie,79,4.5 out of 5 stars,130,4.5
9350290820,Rumi A New Translation,by Farrukh Dhondy,238,4.1,238,4.5
8192910997,How to Win Friends and Influence People,Dale Carnegie,79,4.5 out of 5 stars,130,4.5
8184001053,"Don't Lose Your Mind, Lose Your Weight",Rujuta Diwekar,118,4.5 out of 5 stars,143,4.3
9387067718,Bharatiya Kala Evam Sanskriti,by Nitin Singhania,370,4.6,370,4.5
8172234988,The Alchemist,Paulo Coelho,182,4.6 out of 5 stars,209,4.6
8179925919,The Theory of Everything,Stephen Hawking,111,4.5 out of 5 stars,190,4.2
8192910903,1984,George Orwell,88,4.4 out of 5 stars,99,4.5
8172234864,Bloodline,by Sidney Sheldon,280,4.3,280,4.5
9384761141,Lucent's General Science (2018-2019) Session,Not Available,150,4.1 out of 5 stars,183,4.2
1408855658,Harry Potter and the Philosopher's Stone,by J.K. Rowling,299,4.7,234,4.6
1784703931,Homo Deus: A Brief History of Tomorrow,by Yuval Noah Harari,344,4.5,270,4.5
8123027389,India 2018: A Reference Annual,by Publication Division,333,3.8,345,4.4
9386323567,Quick General Knowledge 2018 with Current Affairs Update,by Disha Experts,37,3.4,50,4.2
8172234902,Tell Me your Dreams,by Sidney Sheldon,209,4.4,209,4.5
8172234937,The Other Side of Midnight,by Sidney Sheldon,209,4.3,209,4.5
8183225705,Unposted Letter,by Mahatria Ra,218,4.7,218,4.6
8184958455,Mossad,by Michael Bar-Zohar - Import,340,4.6,280,4.5
9352685482,Harappa - Curse of the Blood River,by Vineet Bajpai,185,4.1,132,4.4
9352607996,Object-Oriented Programming with C++,by E Balagurusamy,371,4.5,371,4.5
8184951191,The Leader Who Had No Title,by Robin Sharma,189,4.4,160,4.4
9380480016,"The Biology of Belief: Unleashing the Power of Consciousness, Matter and Miracles",by Bruce Lipton,210,4.4,210,4.3
8172343116,Mahatma Gandhi Autobiography: The Story Of My Experiments With Truth,by Mahatma Gandhi,99,4.4,166,4.5
9351500616,"Who Cheats and How?: Scams, Frauds and the Dark Side of the Corporate World:...",by Robin Banerjee,360,3.5,360,4.6
8183221785,Lakshya (Goals) (Hindi),by Brian Tracy,202,4.5,150,4.3
8179925919,The Theory of Everything,Stephen Hawking,111,4.5 out of 5 stars,190,4.2
9385152149,Ram - Scion of Ikshvaku (Book 1 - Ram Chandra Series): 2015 Edition with Updated...,by Amish Tripathi,240,4.1,240,4.4
1509867767,Tell Tale,by Jeffrey Archer,269,4.4,255,4.5
1473635306,Born a Crime: Stories from a South African Childhood,by Trevor Noah,388,4.8,299,4.7
1849838399,The Magic,by Rhonda Byrne,230,4.6,255,4.4
9386850648,Keepers of the Kalachakra: Book 5 in the Bharat Series of Historical and Mythological...,by Ashwin Sanghi,100,4.0,231,4.4
9350097605,Indian Mammals: A Field Guide,by Vivek Menon,775,4.8,777,4.6
9386867508,Emotion and Relationships,Sadhguru,138,4.7 out of 5 stars,159,4.6
9386850575,Gurudev: On the Plateau of the Peak: The Life of Sri Sri Ravi Shankar,by Bhanumathi Narasimhan,293,4.9,327,4.7
9350295725,Headley And I,by S. Hussain Zaidi,247,3.5,280,4.2
9386224585,Sita: Warrior of Mithila (Ram Chandra),by Amish Tripathi,226,4.3,226,4.6
8182744466,Copycat Marketing 101,by Burke Hedges,90,4.2,125,4.3
8173711461,Wings of Fire: An Autobiography of Abdul Kalam,Not Available,194,4.6 out of 5 stars,265,4.6
9350294311,"Romancing the Balance Sheet: For Anyone Who Owns, Runs or Manages a Business",by Anil Lamba,477,4.5,477,4.5
9382951717,You Can Win: A step by step tool for top achievers,by Shiv Khera,232,4.6,232,4.5
8172345666,The Power of Your Subconscious Mind: Unlock Your Master Key to Success,by Joseph Murphy,75,4.5,169,4.5
8172234988,The Alchemist,Paulo Coelho,182,4.6 out of 5 stars,209,4.6
1509867767,Tell Tale,by Jeffrey Archer,269,4.4,255,4.5
1408844486,Eat Pray Love: One Woman's Search for Everything,by Elizabeth Gilbert,364,4.2,388,4.4
1408855658,Harry Potter and the Philosopher's Stone,by J.K. Rowling,299,4.7,234,4.6
9388036689,Oswaal CBSE Sample Question Paper Class 10 Mathematics (For March 2019 Exam),Oswaal Editorial Board,127,4.4 out of 5 stars,139,4.5
8192910911,Think and Grow Rich,Napoleon Hill,64,4.6 out of 5 stars,94,4.5
8184958455,Mossad,by Michael Bar-Zohar - Import,340,4.6,280,4.5
9351776425,Ivory Throne: Chronicles of the House of Travancore,by Manu S. Pillai,433,4.3,468,4.6
9312148311,CBSE All  in One Chemistry CBSE Class 11 for 2018 - 19,by Preeti Gupta,307,4.4,307,4.4
9351380424,A Background to the study of English Literature: Revised Edition,by Brijadish Prasad,175,3.8,216,3.9
9385887750,The Hunt for the Secret Papyrus (Geronimo Stilton),by Geronimo Stilton - Import,328,4.6,328,4.5
9386850648,Keepers of the Kalachakra: Book 5 in the Bharat Series of Historical and Mythological...,by Ashwin Sanghi,100,4.0,231,4.4
1409151638,The Key to Living the Law of Attraction: The Secret to Creating the Life of Your...,by Jack Canfield,228,4.7,216,4.7
1408855666,Harry Potter and the Chamber of Secrets (Harry Potter 2),by J.K. Rowling,374,4.7,374,4.7
9352831802,Physics for Class 10 (2019 Exam),by Lakhmir Singh,320,4.3,320,4.5
8172345666,The Power of Your Subconscious Mind: Unlock Your Master Key to Success,by Joseph Murphy,75,4.5,169,4.5
9381626340,The Secret Of The Nagas (Shiva Trilogy-2),by Amish Tripathi - Abridged,244,4.6,244,4.6
9385152149,Ram - Scion of Ikshvaku (Book 1 - Ram Chandra Series): 2015 Edition with Updated...,by Amish Tripathi,240,4.1,240,4.4
8131252914,"Textbook of Anatomy: Head, Neck and Brain - Vol.3",by Vishram Singh,582,5.0,631,5
9351777499,"India's Wars: A Military History, 1947-1971",by Arjun Subramaniam,415,4.5,473,4.6
8173711461,Wings of Fire: An Autobiography of Abdul Kalam,Not Available,194,4.6 out of 5 stars,265,4.6
1409167178,The Three Secret Cities (Jack West Series),by Matthew Reilly,388,4.4,388,5
8172234988,The Alchemist,Paulo Coelho,182,4.6 out of 5 stars,209,4.6
9387660400,10 Last Years Solved Papers: CBSE Class 10 for 2019 Examination,Not Available,357,4.0 out of 5 stars,390,4.3
8179925919,The Theory of Everything,Stephen Hawking,111,4.5 out of 5 stars,190,4.2
8183220142,The Definitive Book of Body Language,by Allan Pease,255,4.4,299,4.4
1471158039,Dork Diaries Frenemies Forever,by Rachel Renee Russell,182,4.6,172,4.4
9312149601,All In One Science - Class 10 (2018-19 Session),by Arihant Experts,298,4.4,274,4.5
8184001053,"Don't Lose Your Mind, Lose Your Weight",Rujuta Diwekar,118,4.5 out of 5 stars,143,4.3
8129142147,One Indian Girl,Chetan Bhagat,96,3.6 out of 5 stars,112,4.2
8179925919,The Theory of Everything,Stephen Hawking,111,4.5 out of 5 stars,190,4.2
8172345666,The Power of Your Subconscious Mind: Unlock Your Master Key to Success,by Joseph Murphy,75,4.5,169,4.5
8184950888,The Art of War,by Sun Tzu,175,4.3,210,4.3
1408855666,Harry Potter and the Chamber of Secrets (Harry Potter 2),by J.K. Rowling,374,4.7,374,4.7
8120352394,Textbook of Fabric Science: Fundamentals to Finishing,by Sekhri Seema,275,4.8,265,4.5
8184005210,How to Memorize Anything: The Ultimate Handbook to Enlighten and Improve Your...,by Aditi Singhal,242,4.4,255,4.3
8175994258,3 and a Half Murders: An Inspector Saralkar Mystery,by Salil Desai,189,4.4,188,4.5
9312148389,CBSE All  In One Economics Class 11 for 2018 - 19,by Arihant Experts,264,3.6,315,4.2
9387504832,Oswaal CBSE Question Bank Class 9 Science Chapterwise and Topicwise (For March...,by Oswaal Editorial Board,295,4.6,265,4.4
8175994193,Macbeth,by William Shakespeare,99,4.3,117,4.4
9380349300,Life is What You Make It,Preeti Shenoy,75,4.0 out of 5 stars,86,4.1
9350712539,The 7 Laws of Clearing CA Final,by Nitin Soni,119,4.5,119,4.4
8172234902,Tell Me your Dreams,by Sidney Sheldon,209,4.4,209,4.5
9352606949,How to Prepare for Logical Reasoning for CAT,by Arun Sharma,398,4.0,451,4.5
9386021102,Why I Am a Hindu,by Dr. Shashi Tharoor,299,3.4,324,4.4
1509808361,The Jungle Book (First Stories),by Miriam Bos,224,4.4,186,4.8
8184959893,Little Black Book for Stunning Success + Tools for Action Mastery,by Robin Sharma,220,4.4,220,4.4
8120343891,A History of Political Thought: Plato to Marx,by Mukherjee,329,3.7,316,4.3
1408855674,Harry Potter and the Prisoner of Azkaban (Harry Potter 3),by J.K. Rowling,374,4.4,314,4.6
9351772071,Attitude Is Everything: Change Your Attitude ... Change Your Life!,Jeff Keller,105,4.6 out of 5 stars,118,4.5
9386850575,Gurudev: On the Plateau of the Peak: The Life of Sri Sri Ravi Shankar,by Bhanumathi Narasimhan,293,4.9,327,4.7
9387022080,Be My Perfect Ending,by Arpit Vageria,87,4.4,101,4.4
8173711461,Wings of Fire: An Autobiography of Abdul Kalam,Not Available,194,4.6 out of 5 stars,265,4.6
8175994258,3 and a Half Murders: An Inspector Saralkar Mystery,by Salil Desai,189,4.4,188,4.5
8175994479,12 Years a Slave,by Solomon Northup,99,4.5,140,4.4
9351343200,Programming with Java,by Balagurusamy,474,4.2,480,4.3
9387944891,"The 5 AM Club: Own Your Morning, Elevate Your Life",Robin Sharma,199,4.3 out of 5 stars,210,4.6
8192910962,The Power of your Subconscious Mind,Joseph Murphy,65,4.5 out of 5 stars,94,4.5
9386850648,Keepers of the Kalachakra: Book 5 in the Bharat Series of Historical and Mythological...,by Ashwin Sanghi,100,4.0,231,4.4
9382665870,Her Last Wish,by Ajay K. Pandey,88,4.7,101,4.5
8179922308,Family Wisdom From The Monk Who Sold His Ferrari,by Robin Sharma,214,4.3,200,4.4
9352779258,"The Spy Chronicles: RAW, ISI and the Illusion of Peace",by A.S. Dulat - Illustrated,477,3.5,477,4.5
8175994401,Before You Start Up: How to Prepare to Make Your Startup Dream a Reality,by Pankaj Goyal,179,4.6,188,4.3
9311124567,CCC (Course on Computer Concepts),by Arihant Experts,94,3.8,94,4.2
9386224445,The Rise of Sivagami: Book 1 of Baahubali - Before the Beginning,by Anand Neelakantan,162,4.1,162,4.4
9351777499,"India's Wars: A Military History, 1947-1971",by Arjun Subramaniam,415,4.5,473,4.6
9351776425,Ivory Throne: Chronicles of the House of Travancore,by Manu S. Pillai,433,4.3,468,4.6
9352779843,Devil's Advocate: The Untold Story,by Karan Thapar,370,4.1,417,4.6
8179925919,The Theory of Everything,Stephen Hawking,111,4.5 out of 5 stars,190,4.2
8192910911,Think and Grow Rich,Napoleon Hill,64,4.6 out of 5 stars,94,4.5
9312149008,CBSE All  in One Chemistry CBSE Class 12 for 2018 - 19,by Indu Gupta,260,4.4,260,4.5
1405206209,The Crab with Golden Claws (Tintin),by Herge,279,4.7,285,4.8
8184955693,SSB Interview: The Complete Guide,by Dr. N.K. Natarajan,148,4.4,148,4.3
9385152149,Ram - Scion of Ikshvaku (Book 1 - Ram Chandra Series): 2015 Edition with Updated...,by Amish Tripathi,240,4.1,240,4.4
9313169886,Current Affairs Yearly  2019,Not Available,124,5.0 out of 5 stars,124,4.7
9312149091,CBSE All  In One Computer Science CBSE Class 12 for 2018 - 19,by K. Ganesh Ayyer,232,4.2,232,4.5
9380349246,Nothing Lasts Forever,by Vish Dhamija,105,3.9,105,4.3
9387944891,"The 5 AM Club: Own Your Morning, Elevate Your Life",Robin Sharma,199,4.3 out of 5 stars,210,4.6
1849838399,The Magic,by Rhonda Byrne,230,4.6,255,4.4
8172345666,The Power of Your Subconscious Mind: Unlock Your Master Key to Success,by Joseph Murphy,75,4.5,169,4.5
8129118920,Great Stories for Children,by Ruskin Bond,182,4.4,118,4.4
8185986010,The Bachelor of Arts,by R. K. Narayan,90,4.4,117,4.3
9386021102,Why I Am a Hindu,by Dr. Shashi Tharoor,299,3.4,324,4.4
9387504921,Oswaal CBSE Question Bank Class 10 Social Science Chapterwise and Topicwise (...,by Oswaal Editorial Board,320,4.7,303,4.4
9386224399,This Is Not Your Story,by Savi Sharma,100,4.5,125,4.3
8172344562,The Great Gatsby,F. Scott Fitzgerald,47,4.1 out of 5 stars,142,4.4
8184001630,IIMA - Day to Day Economics,by Satish Y. Deodhar,173,4.4,173,4.4
9382665870,Her Last Wish,by Ajay K. Pandey,88,4.7,101,4.5
8173711461,Wings of Fire: An Autobiography of Abdul Kalam,Not Available,194,4.6 out of 5 stars,265,4.6
8175993952,How to Stop Worrying and Start Living: Time-Tested Methods for Conquering Worry,Dale Carnegie,88,4.5 out of 5 stars,125,4.4
8192910911,Think and Grow Rich,Napoleon Hill,64,4.6 out of 5 stars,94,4.5
1784758248,Trump: The Art of the Deal,by Donald Trump,320,4.0,320,4.4
8172345666,The Power of Your Subconscious Mind: Unlock Your Master Key to Success,by Joseph Murphy,75,4.5,169,4.5
9352603869,Bharat Ki Rajvayvastha,M. Laxmikanth,381,4.5 out of 5 stars,385,4.5
1879505622,In the Blink of An Eye: 2nd Edition,by Walter Murch,829,4.3,679,4.6
8172345666,The Power of Your Subconscious Mind: Unlock Your Master Key to Success,by Joseph Murphy,75,4.5,169,4.5
9382665889,You are My Reason to Smile,by Arpit Vageria,88,4.4,101,4.3
9385152149,Ram - Scion of Ikshvaku (Book 1 - Ram Chandra Series): 2015 Edition with Updated...,by Amish Tripathi,240,4.1,240,4.4
9352641345,"Ready, Study, Go!: Smart Ways to Learn",by Khurshed Batliwala,178,4.5,178,4.4
9387944891,"The 5 AM Club: Own Your Morning, Elevate Your Life",Robin Sharma,199,4.3 out of 5 stars,210,4.6
9350295725,Headley And I,by S. Hussain Zaidi,247,3.5,280,4.2
9352606221,Geography of India,by Majid Husain,460,4.1,498,4.5
9386867508,Emotion and Relationships,Sadhguru,138,4.7 out of 5 stars,159,4.6
8172235011,Light on Yoga: The Classic Guide to Yoga by the World's Foremost Authority,by B.K.S. Iyengar,298,4.5,298,4.5
9350853701,Tantri the Mantri - 4,by Rajani Thindiath,76,4.0,79,4.4
1409312135,Peppa Pig: Amazing Adventures Sticker Book,by NA,194,4.8,186,4.5
9382951717,You Can Win: A step by step tool for top achievers,by Shiv Khera,232,4.6,232,4.5
9380914229,Relativity: The Special and the General Theory (General Press),by Albert Einstein,146,4.4,175,4.5
9382665889,You are My Reason to Smile,by Arpit Vageria,88,4.4,101,4.3
8193284186,Rekha: The Untold Story,by Yasser Usman,256,3.7,239,4.3
8183223133,Think and Grow Rich 21St Cent. Edition,by Napoleon Hill,189,4.4,203,4.3
9351772071,Attitude Is Everything: Change Your Attitude ... Change Your Life!,Jeff Keller,105,4.6 out of 5 stars,118,4.5
8182744466,Copycat Marketing 101,by Burke Hedges,90,4.2,125,4.3
9380349300,Life is What You Make It,Preeti Shenoy,75,4.0 out of 5 stars,86,4.1
8129118920,Great Stories for Children,by Ruskin Bond,182,4.4,118,4.4
9381626340,The Secret Of The Nagas (Shiva Trilogy-2),by Amish Tripathi - Abridged,244,4.6,244,4.6
1408855690,Harry Potter and the Order of the Phoenix (Harry Potter 5),by J.K. Rowling,599,4.5,524,4.8
9312147307,General Knowledge 2019,Manohar Pandey,19,4.2 out of 5 stars,30,4.3
8172344880,The Origin of Species,by Charles Darwin,189,4.3,188,4.4
1542046599,I Am Watching You,by Teresa Driscoll,269,4.0,269,4.2
9350295725,Headley And I,by S. Hussain Zaidi,247,3.5,280,4.2
9382618341,The Oath of the Vayuputras (Shiva Trilogy),by Amish Tripathi,282,4.4,282,4.4
8131716775,A History of Ancient and Early Medieval India: From the Stone Age to the 12th...,by Upinder Singh,504,4.4,483,4.5
8173711461,Wings of Fire: An Autobiography of Abdul Kalam,Not Available,194,4.6 out of 5 stars,265,4.6
8129135507,One Night @ The Call Centre,by Chetan Bhagat,106,4.0,113,4.3
9350899477,Rejuvenate Yourself - Floral Patterns,by Dreamland Publications,140,4.3,186,4.4
9313161419,CBSE Chemistry Chapterwise Solved Papers Class 12th,Not Available,152,4.2 out of 5 stars,161,4.5
1473680379,Mastering the Market Cycle: Getting the Odds on Your Side,by Howard Marks,616,4.1,699,4.5
8182744466,Copycat Marketing 101,by Burke Hedges,90,4.2,125,4.3
9352530144,High School English Grammar and Composition Book (Regular Edition),Not Available,259,4.4 out of 5 stars,293,4.4
8172344430,Three Men in a Boat,by Jerome K. Jerome,99,4.3,140,4.3
1471168018,Dork Diaries,by Rachel Renee Russell,202,4.6,191,4.7
8129144514,Lanka’s Princess,by Kavita Kanè - Import,272,4.1,178,4.5
9387944891,"The 5 AM Club: Own Your Morning, Elevate Your Life",Robin Sharma,199,4.3 out of 5 stars,210,4.6
9351770257,Narendra Modi: A political Biography,by Andy Marino,253,4.4,283,4.5
8172234864,Bloodline,by Sidney Sheldon,280,4.3,280,4.5
9386021102,Why I Am a Hindu,by Dr. Shashi Tharoor,299,3.4,324,4.4
1408711702,Fantastic Beasts: The Crimes of Grindelwald: The Original Screenplay (Fantastic...,by J.K. Rowling,434,4.8,434,4.8
8175994479,12 Years a Slave,by Solomon Northup,99,4.5,140,4.4
8193503309,Dharmayoddha Kalki: Avatar of Vishnu (Book 1),by Kevin Missal,179,4.2,188,4.5
8186775218,Rich Dad Poor Dad,Robert T. Kiyosaki,135,4.5 out of 5 stars,150,4.4
1408855674,Harry Potter and the Prisoner of Azkaban (Harry Potter 3),by J.K. Rowling,374,4.4,314,4.6
9386867508,Emotion and Relationships,Sadhguru,138,4.7 out of 5 stars,159,4.6
8170286840,Inspiring Thoughts (Inspiring Thoughts Quotation Series),by A.P.J. Abdul Kalam,120,4.1,149,4.2
9351772071,Attitude Is Everything: Change Your Attitude ... Change Your Life!,Jeff Keller,105,4.6 out of 5 stars,118,4.5
9385152149,Ram - Scion of Ikshvaku (Book 1 - Ram Chandra Series): 2015 Edition with Updated...,by Amish Tripathi,240,4.1,240,4.4
8175994193,Macbeth,by William Shakespeare,99,4.3,117,4.4
8172345135,Metamorphosis,by Franz Kafka,69,4.2,94,4.4
9352774531,One-Minute Super Dad: 99 Magic Moments to Raise Amazing Children,by Dr Prashant Jindal,157,4.6,176,3.9
9351368068,If Truth Be Told: A Monk's Memoir,by Om Swami,311,4.7,311,4.5
9387504913,Oswaal CBSE Question Bank Class 10 Science Chapterwise and Topicwise (For March 2019 Exam),Not Available,247,4.6 out of 5 stars,247,4.5
9352534026,Quantitative Aptitude for Competitive Examinations,R S Aggarwal,427,4.1 out of 5 stars,450,4.4
9351500616,"Who Cheats and How?: Scams, Frauds and the Dark Side of the Corporate World:...",by Robin Banerjee,360,3.5,360,4.6
9385936263,Driven: The Virat Kohli Story,by Vijay Lokapally,299,4.4,320,4.6
8172234988,The Alchemist,Paulo Coelho,182,4.6 out of 5 stars,209,4.6
9386228343,Indira: India’s Most Powerful Prime Minister,by Sagarika Ghose,508,1.4,359,4.5
1786481324,The Digital Photography Handbook: An Illustrated Step-by-step Guide,by Doug Harman - Import,437,4.0,449, 
9312148990,CBSE All  in One PHYSICS CBSE Class 12 for 2018 - 19,by Keshav Mohan,250,3.8,298,4.5
8175994258,3 and a Half Murders: An Inspector Saralkar Mystery,by Salil Desai,189,4.4,188,4.5
8192910997,How to Win Friends and Influence People,Dale Carnegie,79,4.5 out of 5 stars,130,4.5
9386224445,The Rise of Sivagami: Book 1 of Baahubali - Before the Beginning,by Anand Neelakantan,162,4.1,162,4.4
8172343116,Mahatma Gandhi Autobiography: The Story Of My Experiments With Truth,by Mahatma Gandhi,99,4.4,166,4.5
8172345666,The Power of Your Subconscious Mind: Unlock Your Master Key to Success,by Joseph Murphy,75,4.5,169,4.5
9386224585,Sita: Warrior of Mithila (Ram Chandra),by Amish Tripathi,226,4.3,226,4.6
8172235437,Veronika Decides to Die,by Paulo Coelho,186,4.4,209,4.4
9388026586,24 Years UPSC IAS/ IPS Prelims Topic-wise Solved Papers 1 & 2 (1995-2018),Disha Experts,270,4.3 out of 5 stars,325,4.5
9351500616,"Who Cheats and How?: Scams, Frauds and the Dark Side of the Corporate World:...",by Robin Banerjee,360,3.5,360,4.6
8192910962,The Power of your Subconscious Mind,Joseph Murphy,65,4.5 out of 5 stars,94,4.5
8175992980,Alice’s Adventures in Wonderland,by Lewis Carroll,89,4.0,119,4.8
8183223656,Think and Grow Rich - the 21St-Century Edition,by Napoleon Hill,185,4.6,148,4.5
8172234856,Nothing Lasts Forever,by Sidney Sheldon,266,4.2,280,4.5
9351772071,Attitude Is Everything: Change Your Attitude ... Change Your Life!,Jeff Keller,105,4.6 out of 5 stars,118,4.5
8173711461,Wings of Fire: An Autobiography of Abdul Kalam,Not Available,194,4.6 out of 5 stars,265,4.6
9350899175,Refreshing Mandala - Colouring Book for Adults Book 3,by Dreamland Publications,175,4.4,237,4.6
8182744466,Copycat Marketing 101,by Burke Hedges,90,4.2,125,4.3
8173711461,Wings of Fire: An Autobiography of Abdul Kalam,Not Available,194,4.6 out of 5 stars,265,4.6
8129142147,One Indian Girl,Chetan Bhagat,96,3.6 out of 5 stars,112,4.2
9386021102,Why I Am a Hindu,by Dr. Shashi Tharoor,299,3.4,324,4.4
9382951717,You Can Win: A step by step tool for top achievers,by Shiv Khera,232,4.6,232,4.5
1408855666,Harry Potter and the Chamber of Secrets (Harry Potter 2),by J.K. Rowling,374,4.7,374,4.7
8179925919,The Theory of Everything,Stephen Hawking,111,4.5 out of 5 stars,190,4.2
9350853701,Tantri the Mantri - 4,by Rajani Thindiath,76,4.0,79,4.4
8172234937,The Other Side of Midnight,by Sidney Sheldon,209,4.3,209,4.5
9352685482,Harappa - Curse of the Blood River,by Vineet Bajpai,185,4.1,132,4.4
9384761540,General Knowledge,Not Available,156,4.4 out of 5 stars,180,4.4
1408711702,Fantastic Beasts: The Crimes of Grindelwald: The Original Screenplay (Fantastic...,by J.K. Rowling,434,4.8,434,4.8
1408711702,Fantastic Beasts: The Crimes of Grindelwald: The Original Screenplay (Fantastic...,by J.K. Rowling,434,4.8,434,4.8
8179924947,Sanyasi Jisne Apni Sampati Bech Di: The Monk Who Sold His Ferrari (Hindi),by Robin Sharma,142,4.6,170,4.4
9384761540,General Knowledge,Not Available,156,4.4 out of 5 stars,180,4.4
8173711461,Wings of Fire: An Autobiography of Abdul Kalam,Not Available,194,4.6 out of 5 stars,265,4.6
9350097605,Indian Mammals: A Field Guide,by Vivek Menon,775,4.8,777,4.6
9312147307,General Knowledge 2019,Manohar Pandey,19,4.2 out of 5 stars,30,4.3
9386850133,The Dirty Dozen: Hitmen of the Mumbai Underworld,by Gabriel Khan,221,4.2,221,4.5
9312148885,Indian Navy Secondary SSR Guide 2018,by Arihant Experts,138,4.0,138,4.2
9387067548,Indian Art and Culture,by Nitin Singhania,412,4.5,390,4.6
8172345666,The Power of Your Subconscious Mind: Unlock Your Master Key to Success,by Joseph Murphy,75,4.5,169,4.5
8172345135,Metamorphosis,by Franz Kafka,69,4.2,94,4.4
8179925919,The Theory of Everything,Stephen Hawking,111,4.5 out of 5 stars,190,4.2
9387944891,"The 5 AM Club: Own Your Morning, Elevate Your Life",Robin Sharma,199,4.3 out of 5 stars,210,4.6
8186775811,The Business School,by Robert T. Kiyosaki,108,4.5,154,4.5
9388026586,24 Years UPSC IAS/ IPS Prelims Topic-wise Solved Papers 1 & 2 (1995-2018),Disha Experts,270,4.3 out of 5 stars,325,4.5
9351768449,Objective General English,S.P. Bakshi,154,4.2 out of 5 stars,160,4.3
9386224445,The Rise of Sivagami: Book 1 of Baahubali - Before the Beginning,by Anand Neelakantan,162,4.1,162,4.4
8172344562,The Great Gatsby,F. Scott Fitzgerald,47,4.1 out of 5 stars,142,4.4
8172343116,Mahatma Gandhi Autobiography: The Story Of My Experiments With Truth,by Mahatma Gandhi,99,4.4,166,4.5
9353020174,The Billionaire Raj: A Journey through India's New Gilded Age,by James Crabtree,445,3.9,445,4.4
1879505622,In the Blink of An Eye: 2nd Edition,by Walter Murch,829,4.3,679,4.6
8125056866,The Orient Blackswan School Atlas with CD,by OBS,236,4.1,299,4.4
8184001053,"Don't Lose Your Mind, Lose Your Weight",Rujuta Diwekar,118,4.5 out of 5 stars,143,4.3
9351772071,Attitude Is Everything: Change Your Attitude ... Change Your Life!,Jeff Keller,105,4.6 out of 5 stars,118,4.5
9332551731,NTA UGC NET/SET/JRF - Paper 1: Teaching and Research Aptitude by Pearson,KVS Madaan,216,4.4 out of 5 stars,249,4.4
9353160235,Modern Indian History: For Civil Services Preliminary and Main Examinations,by Sonali Bansal,473,4.4,530,4.6
9386867508,Emotion and Relationships,Sadhguru,138,4.7 out of 5 stars,159,4.6
9386224399,This Is Not Your Story,by Savi Sharma,100,4.5,125,4.3
9380914199,Student's Encyclopedia of General Knowledge (General Press),by Azeem Ahmad Khan,131,4.1,131,4.4
9312147307,General Knowledge 2019,Manohar Pandey,19,4.2 out of 5 stars,30,4.3
8172234937,The Other Side of Midnight,by Sidney Sheldon,209,4.3,209,4.5
9312147307,General Knowledge 2019,Manohar Pandey,19,4.2 out of 5 stars,30,4.3
8179925919,The Theory of Everything,Stephen Hawking,111,4.5 out of 5 stars,190,4.2
9312147307,General Knowledge 2019,Manohar Pandey,19,4.2 out of 5 stars,30,4.3
1408855666,Harry Potter and the Chamber of Secrets (Harry Potter 2),by J.K. Rowling,374,4.7,374,4.7
8172235631,Eleven Minutes,by Paulo Coelho,167,4.2,209,4.4
9385887351,Geronimo Stilton #63? the Cheese Experiment,by Geronimo Stilton,161,4.3,176,4.5
8173711461,Wings of Fire: An Autobiography of Abdul Kalam,Not Available,194,4.6 out of 5 stars,265,4.6
1847370292,The Secret,Rhonda Byrne,415,4.5 out of 5 stars,498,4.5
8193387619,Jane Eyre,by Charlotte Bronte,88,4.3,99,4.5
8184005849,You’re the Password to My Life,by Sudeep Nagarkar,102,4.2,131,4.3
9384067474,Upon an Old Wall Dreaming: More of My Favourite Stories and Sketches,by Ruskin Bond,240,4.9,240,4.4
8179925919,The Theory of Everything,Stephen Hawking,111,4.5 out of 5 stars,190,4.2
9384030570,13 Steps to Bloody Good Luck,by Ashwin Sanghi,90,4.1,114,4.1
9357941495,"World Atlas: Government Approved Maps of India and the World, for Exams and Competitions...",by VS Editorial Board,94,3.5,185,4.3
9386224399,This Is Not Your Story,by Savi Sharma,100,4.5,125,4.3
9387504921,Oswaal CBSE Question Bank Class 10 Social Science Chapterwise and Topicwise (...,by Oswaal Editorial Board,320,4.7,303,4.4
9385152149,Ram - Scion of Ikshvaku (Book 1 - Ram Chandra Series): 2015 Edition with Updated...,by Amish Tripathi,240,4.1,240,4.4
8179925919,The Theory of Everything,Stephen Hawking,111,4.5 out of 5 stars,190,4.2
8192910962,The Power of your Subconscious Mind,Joseph Murphy,65,4.5 out of 5 stars,94,4.5
9353023238,Gene Machine: The Race to Decipher the Secrets of the Ribosome,by Venki Ramakrishnan,436,4.9,436,4.5
8129142147,One Indian Girl,Chetan Bhagat,96,3.6 out of 5 stars,112,4.2
8184958455,Mossad,by Michael Bar-Zohar - Import,340,4.6,280,4.5
9350297515,A Feast of Vultures: The Hidden Business of Democracy in India,by Josy Joseph,522,4.5,599,4.5
8172345666,The Power of Your Subconscious Mind: Unlock Your Master Key to Success,by Joseph Murphy,75,4.5,169,4.5
8172234988,The Alchemist,Paulo Coelho,182,4.6 out of 5 stars,209,4.6
8183220142,The Definitive Book of Body Language,by Allan Pease,255,4.4,299,4.4
1408711702,Fantastic Beasts: The Crimes of Grindelwald: The Original Screenplay (Fantastic...,by J.K. Rowling,434,4.8,434,4.8
8173711461,Wings of Fire: An Autobiography of Abdul Kalam,Not Available,194,4.6 out of 5 stars,265,4.6
9352643925,Adiyogi: The Source of Yoga,by Sadhguru,178,4.6,178,4.6
9382618341,The Oath of the Vayuputras (Shiva Trilogy),by Amish Tripathi,282,4.4,282,4.4
8184001053,"Don't Lose Your Mind, Lose Your Weight",Rujuta Diwekar,118,4.5 out of 5 stars,143,4.3
8172345666,The Power of Your Subconscious Mind: Unlock Your Master Key to Success,by Joseph Murphy,75,4.5,169,4.5
9387504921,Oswaal CBSE Question Bank Class 10 Social Science Chapterwise and Topicwise (...,by Oswaal Editorial Board,320,4.7,303,4.4
8193769716,Manorama Yearbook 2019 ( English),Not Available,228,4.5 out of 5 stars,228,4.6
9386106256,Geronimo Stilton #64: The Magical Mission,by Geronimo Stilton,272,4.4,184,4.5
8175993952,How to Stop Worrying and Start Living: Time-Tested Methods for Conquering Worry,Dale Carnegie,88,4.5 out of 5 stars,125,4.4
1250006201,The Book of Children: Supporting the Freedom and Intelligence of a New Generation...,by Osho,298,4.6,280,4.5
9386021102,Why I Am a Hindu,by Dr. Shashi Tharoor,299,3.4,324,4.4
1849838399,The Magic,by Rhonda Byrne,230,4.6,255,4.4
9332551731,NTA UGC NET/SET/JRF - Paper 1: Teaching and Research Aptitude by Pearson,KVS Madaan,216,4.4 out of 5 stars,249,4.4
8129142147,One Indian Girl,Chetan Bhagat,96,3.6 out of 5 stars,112,4.2
8179926877,The Greatest Salesman in the World,by Og Mandino,109,4.3,109,4.5
8129134616,Not Just an Accountant: The Diary of the Nations Conscience Keeper,by Vinod Rai,378,4.5,358,4.4
9382665889,You are My Reason to Smile,by Arpit Vageria,88,4.4,101,4.3
9351772071,Attitude Is Everything: Change Your Attitude ... Change Your Life!,Jeff Keller,105,4.6 out of 5 stars,118,4.5
9351777499,"India's Wars: A Military History, 1947-1971",by Arjun Subramaniam,415,4.5,473,4.6
8172234864,Bloodline,by Sidney Sheldon,280,4.3,280,4.5
9352641345,"Ready, Study, Go!: Smart Ways to Learn",by Khurshed Batliwala,178,4.5,178,4.4
9353023114,Bake with Shivesh,by Shivesh Bhatia,559,4.6,549, 
9387067556,World History,by Krishna Reddy,238,4.1,262,4.3
1847923674,When Breath Becomes Air,by Paul Kalanithi,332,4.6,332,4.6
9387944891,"The 5 AM Club: Own Your Morning, Elevate Your Life",Robin Sharma,199,4.3 out of 5 stars,210,4.6
8172234937,The Other Side of Midnight,by Sidney Sheldon,209,4.3,209,4.5
9386659964,Oswaal NCERT & CBSE Question Banks Class 8 Social Science,by Oswaal Editorial Board,189,4.4,159,4.1
9384761540,General Knowledge,Not Available,156,4.4 out of 5 stars,180,4.4
9350853736,Suppandi - 3: The Laughter Never Ends,by Rajani Thindiath,76,4.7,76,4.4
8126566930,Marketing 4.0: Moving from Traditional to Digital,by Philip Kotler,298,4.2,298,4.4
9380480016,"The Biology of Belief: Unleashing the Power of Consciousness, Matter and Miracles",by Bruce Lipton,210,4.4,210,4.3
9311121924,CBSE WORKBOOK SOCIAL SCIENCE CLASS 6 for 2018 - 19,by Arihant Experts,92,4.5,92,4.4
9382665889,You are My Reason to Smile,by Arpit Vageria,88,4.4,101,4.3
8192910997,How to Win Friends and Influence People,Dale Carnegie,79,4.5 out of 5 stars,130,4.5
1405391243,The Psychology Book (Big Ideas),by D.K.,749,4.2,930,4.8
9386850648,Keepers of the Kalachakra: Book 5 in the Bharat Series of Historical and Mythological...,by Ashwin Sanghi,100,4.0,231,4.4
8172344562,The Great Gatsby,F. Scott Fitzgerald,47,4.1 out of 5 stars,142,4.4
9381626812,Chanakya's Chant: Book 2 in the Bharat Series of Historical and Mythological...,by Ashwin Sanghi,244,4.1,244,4.3
9350853736,Suppandi - 3: The Laughter Never Ends,by Rajani Thindiath,76,4.7,76,4.4
9387067548,Indian Art and Culture,by Nitin Singhania,412,4.5,390,4.6
9350853736,Suppandi - 3: The Laughter Never Ends,by Rajani Thindiath,76,4.7,76,4.4
1408711702,Fantastic Beasts: The Crimes of Grindelwald: The Original Screenplay (Fantastic...,by J.K. Rowling,434,4.8,434,4.8
8172234902,Tell Me your Dreams,by Sidney Sheldon,209,4.4,209,4.5
9386850133,The Dirty Dozen: Hitmen of the Mumbai Underworld,by Gabriel Khan,221,4.2,221,4.5
9386224445,The Rise of Sivagami: Book 1 of Baahubali - Before the Beginning,by Anand Neelakantan,162,4.1,162,4.4
1509867767,Tell Tale,by Jeffrey Archer,269,4.4,255,4.5
9353025982,The Forest of Enchantments,Chitra Banerjee Divakaruni,373,4.6 out of 5 stars,373,4.9
1681858711,Digital Photography for Beginners: Photography Essentials Basics Lessons Course...,by Angela Pierce,349,1.0,349, 
9351772071,Attitude Is Everything: Change Your Attitude ... Change Your Life!,Jeff Keller,105,4.6 out of 5 stars,118,4.5
1471163571,Note to Self,by Connor Franta,490,4.5,436,4.6
9387504921,Oswaal CBSE Question Bank Class 10 Social Science Chapterwise and Topicwise (...,by Oswaal Editorial Board,320,4.7,303,4.4
8192910962,The Power of your Subconscious Mind,Joseph Murphy,65,4.5 out of 5 stars,94,4.5
9385152149,Ram - Scion of Ikshvaku (Book 1 - Ram Chandra Series): 2015 Edition with Updated...,by Amish Tripathi,240,4.1,240,4.4
9350944308,Handbook of Computer Science & IT,by Surbhi Mitra,190,3.9,120,4.2
9382665889,You are My Reason to Smile,by Arpit Vageria,88,4.4,101,4.3
8172234864,Bloodline,by Sidney Sheldon,280,4.3,280,4.5
8172238975,My Story,by Kamala Das,178,4.5,178,4.3
9381626340,The Secret Of The Nagas (Shiva Trilogy-2),by Amish Tripathi - Abridged,244,4.6,244,4.6
9386021102,Why I Am a Hindu,by Dr. Shashi Tharoor,299,3.4,324,4.4
8183741916,Bhoy Rohosyo 101 [Horror Story] (Bengali),by Trideb Kumar Chatterjee & Subhasish Ghosh,440,4.5,440,4.5
8172235011,Light on Yoga: The Classic Guide to Yoga by the World's Foremost Authority,by B.K.S. Iyengar,298,4.5,298,4.5
9385152149,Ram - Scion of Ikshvaku (Book 1 - Ram Chandra Series): 2015 Edition with Updated...,by Amish Tripathi,240,4.1,240,4.4
1408711702,Fantastic Beasts: The Crimes of Grindelwald: The Original Screenplay (Fantastic...,by J.K. Rowling,434,4.8,434,4.8
9387944891,"The 5 AM Club: Own Your Morning, Elevate Your Life",Robin Sharma,199,4.3 out of 5 stars,210,4.6
9387944891,"The 5 AM Club: Own Your Morning, Elevate Your Life",Robin Sharma,199,4.3 out of 5 stars,210,4.6
8179925919,The Theory of Everything,Stephen Hawking,111,4.5 out of 5 stars,190,4.2
1408855658,Harry Potter and the Philosopher's Stone,by J.K. Rowling,299,4.7,234,4.6
9386643723,Murder in a Minute,by Shouvik Bhattacharya,188,4.4,162,4.4
9386850575,Gurudev: On the Plateau of the Peak: The Life of Sri Sri Ravi Shankar,by Bhanumathi Narasimhan,293,4.9,327,4.7
9352606221,Geography of India,by Majid Husain,460,4.1,498,4.5
8184511213,World Map,by Dreamland Publications,91,4.5,130,4.4
9350097605,Indian Mammals: A Field Guide,by Vivek Menon,775,4.8,777,4.6
9350853701,Tantri the Mantri - 4,by Rajani Thindiath,76,4.0,79,4.4
8189535196,The Holy Science,by Swami Sri Yukteswar Giri,75,4.6,104,4.6
9386224399,This Is Not Your Story,by Savi Sharma,100,4.5,125,4.3
8190565583,You Can Heal Your Life,by Louise L. Hay,252,4.6,252,4.4
8173711461,Wings of Fire: An Autobiography of Abdul Kalam,Not Available,194,4.6 out of 5 stars,265,4.6
8172234864,Bloodline,by Sidney Sheldon,280,4.3,280,4.5
8184511523,India Map,by Dreamland Publications,91,4.6,104,4.3
8172343116,Mahatma Gandhi Autobiography: The Story Of My Experiments With Truth,by Mahatma Gandhi,99,4.4,166,4.5
9386021102,Why I Am a Hindu,by Dr. Shashi Tharoor,299,3.4,324,4.4
1879505622,In the Blink of An Eye: 2nd Edition,by Walter Murch,829,4.3,679,4.6
9380349246,Nothing Lasts Forever,by Vish Dhamija,105,3.9,105,4.3
9382618341,The Oath of the Vayuputras (Shiva Trilogy),by Amish Tripathi,282,4.4,282,4.4
1473635306,Born a Crime: Stories from a South African Childhood,by Trevor Noah,388,4.8,299,4.7
9382618341,The Oath of the Vayuputras (Shiva Trilogy),by Amish Tripathi,282,4.4,282,4.4
9386850648,Keepers of the Kalachakra: Book 5 in the Bharat Series of Historical and Mythological...,by Ashwin Sanghi,100,4.0,231,4.4
9388026764,19 years GATE Computer Science & Information Technology Chapter-wise & Topic-wise...,by Disha Experts,175,3.8,189,4.2
8184511213,World Map,by Dreamland Publications,91,4.5,130,4.4
8192910962,The Power of your Subconscious Mind,Joseph Murphy,65,4.5 out of 5 stars,94,4.5
9385152149,Ram - Scion of Ikshvaku (Book 1 - Ram Chandra Series): 2015 Edition with Updated...,by Amish Tripathi,240,4.1,240,4.4
8172345666,The Power of Your Subconscious Mind: Unlock Your Master Key to Success,by Joseph Murphy,75,4.5,169,4.5
8184001053,"Don't Lose Your Mind, Lose Your Weight",Rujuta Diwekar,118,4.5 out of 5 stars,143,4.3
9313169886,Current Affairs Yearly  2019,Not Available,124,5.0 out of 5 stars,124,4.7
9386224763,13 Steps to Bloody Good Marks,by Ashwin Sanghi,90,4.6,100,4.3
9386021102,Why I Am a Hindu,by Dr. Shashi Tharoor,299,3.4,324,4.4
8190256211,Autobiography of a Yogi (Complete Hindi Edition),by Paramahansa Yogananda,161,4.8,210,4.5
1471131823,The 7 Habits of Highly Effective People,Not Available,311,4.0 out of 5 stars,373,4.4
9387516644,Business Studies Class 12 - CBSE 2018,by Gandhi. Poonam,375,4.4,381,4.1
1408855658,Harry Potter and the Philosopher's Stone,by J.K. Rowling,299,4.7,234,4.6
9352641345,"Ready, Study, Go!: Smart Ways to Learn",by Khurshed Batliwala,178,4.5,178,4.4
8173711461,Wings of Fire: An Autobiography of Abdul Kalam,Not Available,194,4.6 out of 5 stars,265,4.6
9387022080,Be My Perfect Ending,by Arpit Vageria,87,4.4,101,4.4
8192910911,Think and Grow Rich,Napoleon Hill,64,4.6 out of 5 stars,94,4.5
8172344880,The Origin of Species,by Charles Darwin,189,4.3,188,4.4
8186775609,Harry Potter Aur Paras Patthar,by J.K. Rowling,102,4.7,102,4.5
9352641345,"Ready, Study, Go!: Smart Ways to Learn",by Khurshed Batliwala,178,4.5,178,4.4
8126566930,Marketing 4.0: Moving from Traditional to Digital,by Philip Kotler,298,4.2,298,4.4
8172235437,Veronika Decides to Die,by Paulo Coelho,186,4.4,209,4.4
9351776425,Ivory Throne: Chronicles of the House of Travancore,by Manu S. Pillai,433,4.3,468,4.6
8193237234,Indian Superfoods: Change the Way You Eat,by Rujuta Diwekar,269,4.1,225,4.3
1848549563,What If?,by Randall Munroe - Kindle eBook,291,4.4,299,4.5
9350571099,Children's Encyclopedia - The World of Knowledge: Familiarising Children with...,by V&S Editorial Board,643,4.0,975,4.2
9351772071,Attitude Is Everything: Change Your Attitude ... Change Your Life!,Jeff Keller,105,4.6 out of 5 stars,118,4.5
8183225101,Miracles of Your Mind,by Dr. Joseph Murphy,72,4.2,117,4.3
8186775811,The Business School,by Robert T. Kiyosaki,108,4.5,154,4.5
8179925919,The Theory of Everything,Stephen Hawking,111,4.5 out of 5 stars,190,4.2
9351772624,The Wellness Sense: A Practical Guide to your Physical and Emotional Health Based...,by Om Swami,178,4.8,178,4.5
9385152149,Ram - Scion of Ikshvaku (Book 1 - Ram Chandra Series): 2015 Edition with Updated...,by Amish Tripathi,240,4.1,240,4.4
8173711461,Wings of Fire: An Autobiography of Abdul Kalam,Not Available,194,4.6 out of 5 stars,265,4.6
1408711702,Fantastic Beasts: The Crimes of Grindelwald: The Original Screenplay (Fantastic...,by J.K. Rowling,434,4.8,434,4.8
9386224399,This Is Not Your Story,by Savi Sharma,100,4.5,125,4.3
8129118920,Great Stories for Children,by Ruskin Bond,182,4.4,118,4.4
8172234988,The Alchemist,Paulo Coelho,182,4.6 out of 5 stars,209,4.6
8184001053,"Don't Lose Your Mind, Lose Your Weight",Rujuta Diwekar,118,4.5 out of 5 stars,143,4.3
9381626812,Chanakya's Chant: Book 2 in the Bharat Series of Historical and Mythological...,by Ashwin Sanghi,244,4.1,244,4.3
9386224585,Sita: Warrior of Mithila (Ram Chandra),by Amish Tripathi,226,4.3,226,4.6
9380480016,"The Biology of Belief: Unleashing the Power of Consciousness, Matter and Miracles",by Bruce Lipton,210,4.4,210,4.3
8189975749,Simply South : Traditional Vegetarian Cooking,by Chandra Padmanabhan,237,4.4,315,4.5
8173711461,Wings of Fire: An Autobiography of Abdul Kalam,Not Available,194,4.6 out of 5 stars,265,4.6
9385724835,The Zoya Factor,by Anuja Chauhan,227,4.1,227,4.4
9351776425,Ivory Throne: Chronicles of the House of Travancore,by Manu S. Pillai,433,4.3,468,4.6
9382665870,Her Last Wish,by Ajay K. Pandey,88,4.7,101,4.5
9388036670,Oswaal CBSE Sample Question Paper Class 10 Social Science (For March 2019 Exam),Oswaal Editorial Board,126,4.6 out of 5 stars,140,4.5
8172344775,Dracula,by Bram Stoker,99,4.2,143,4.3
1509867767,Tell Tale,by Jeffrey Archer,269,4.4,255,4.5
9350297515,A Feast of Vultures: The Hidden Business of Democracy in India,by Josy Joseph,522,4.5,599,4.5
9386224445,The Rise of Sivagami: Book 1 of Baahubali - Before the Beginning,by Anand Neelakantan,162,4.1,162,4.4
9387504921,Oswaal CBSE Question Bank Class 10 Social Science Chapterwise and Topicwise (...,by Oswaal Editorial Board,320,4.7,303,4.4
8190565583,You Can Heal Your Life,by Louise L. Hay,252,4.6,252,4.4
8173711461,Wings of Fire: An Autobiography of Abdul Kalam,Not Available,194,4.6 out of 5 stars,265,4.6
9387504913,Oswaal CBSE Question Bank Class 10 Science Chapterwise and Topicwise (For March 2019 Exam),Not Available,247,4.6 out of 5 stars,247,4.5
9386224445,The Rise of Sivagami: Book 1 of Baahubali - Before the Beginning,by Anand Neelakantan,162,4.1,162,4.4
1847946240,"The Power of Habit: Why We Do What We Do, and How to Change",Charles Duhigg,286,4.4 out of 5 stars,305,4.4
9352779843,Devil's Advocate: The Untold Story,by Karan Thapar,370,4.1,417,4.6
8179922324,Who Will Cry When You Die?,Robin Sharma,103,4.4 out of 5 stars,115,4.4
1847923674,When Breath Becomes Air,by Paul Kalanithi,332,4.6,332,4.6
1509808361,The Jungle Book (First Stories),by Miriam Bos,224,4.4,186,4.8
1509867767,Tell Tale,by Jeffrey Archer,269,4.4,255,4.5
8172234988,The Alchemist,Paulo Coelho,182,4.6 out of 5 stars,209,4.6
8175994479,12 Years a Slave,by Solomon Northup,99,4.5,140,4.4
1409346455,Photography: The Definitive Visual History,by Tom Ang,1,5.0,1581,4.5
1471144771,Dork Diaries: Holiday Heartbreak,by Rachel Renee Russell - Import,254,4.8,245,4.5
9352603451,Ancient and Medieval India,by Poonam Dalal Dahiya,342,4.5,380,4.6
9350292203,Without Fear,by Kuldip Nayar,170,4.7,186,4.6
1509829466,Goodnight Moon,by Margaret Wise Brown,107,3.9,139,4
8172234996,The One Minute Manager,by Kenneth Blanchard,118,4.4,118,4.4
8186775811,The Business School,by Robert T. Kiyosaki,108,4.5,154,4.5
8173711461,Wings of Fire: An Autobiography of Abdul Kalam,Not Available,194,4.6 out of 5 stars,265,4.6
8172234988,The Alchemist,Paulo Coelho,182,4.6 out of 5 stars,209,4.6
1862305277,The Boy in the Striped Pyjamas (Definitions),by John Boyne,350,4.6,372,4.5
8129118920,Great Stories for Children,by Ruskin Bond,182,4.4,118,4.4
1847946240,"The Power of Habit: Why We Do What We Do, and How to Change",Charles Duhigg,286,4.4 out of 5 stars,305,4.4
9387067548,Indian Art and Culture,by Nitin Singhania,412,4.5,390,4.6
9385724223,The Secret of the Druids (Mahabharata Quest Series Book 2),by Christopher C. Doyle,179,4.1,209,4.3
8121924960,Principles of Power System,by V.K Mehta,439,4.1,439,4.4
9382665889,You are My Reason to Smile,by Arpit Vageria,88,4.4,101,4.3
8173711461,Wings of Fire: An Autobiography of Abdul Kalam,Not Available,194,4.6 out of 5 stars,265,4.6
9384761540,General Knowledge,Not Available,156,4.4 out of 5 stars,180,4.4
8174827986,Objective Civil Engineering,by P.K. Mishra,103,3.5,123,3.8
8183225101,Miracles of Your Mind,by Dr. Joseph Murphy,72,4.2,117,4.3
9350294311,"Romancing the Balance Sheet: For Anyone Who Owns, Runs or Manages a Business",by Anil Lamba,477,4.5,477,4.5
1408711702,Fantastic Beasts: The Crimes of Grindelwald: The Original Screenplay (Fantastic...,by J.K. Rowling,434,4.8,434,4.8
1408711702,Fantastic Beasts: The Crimes of Grindelwald: The Original Screenplay (Fantastic...,by J.K. Rowling,434,4.8,434,4.8
9386850648,Keepers of the Kalachakra: Book 5 in the Bharat Series of Historical and Mythological...,by Ashwin Sanghi,100,4.0,231,4.4
8129135744,The Dramatic Decade: The Indira Gandhi Years,by Pranab Mukherjee,199,3.7,338,4.4
9382618341,The Oath of the Vayuputras (Shiva Trilogy),by Amish Tripathi,282,4.4,282,4.4
8172345666,The Power of Your Subconscious Mind: Unlock Your Master Key to Success,by Joseph Murphy,75,4.5,169,4.5
8172345666,The Power of Your Subconscious Mind: Unlock Your Master Key to Success,by Joseph Murphy,75,4.5,169,4.5
8172764766,Mahabharata,by C.Rajagopalachari,181,4.4,233,4.4
9385724223,The Secret of the Druids (Mahabharata Quest Series Book 2),by Christopher C. Doyle,179,4.1,209,4.3
9385152459,Stretch Your Technology Email,by Ankit Fadia,77,4.1,81,3.9
9352779843,Devil's Advocate: The Untold Story,by Karan Thapar,370,4.1,417,4.6
8172235011,Light on Yoga: The Classic Guide to Yoga by the World's Foremost Authority,by B.K.S. Iyengar,298,4.5,298,4.5
8179925919,The Theory of Everything,Stephen Hawking,111,4.5 out of 5 stars,190,4.2
8172344562,The Great Gatsby,F. Scott Fitzgerald,47,4.1 out of 5 stars,142,4.4
8172345666,The Power of Your Subconscious Mind: Unlock Your Master Key to Success,by Joseph Murphy,75,4.5,169,4.5
1408711702,Fantastic Beasts: The Crimes of Grindelwald: The Original Screenplay (Fantastic...,by J.K. Rowling,434,4.8,434,4.8
1408711702,Fantastic Beasts: The Crimes of Grindelwald: The Original Screenplay (Fantastic...,by J.K. Rowling,434,4.8,434,4.8
9387944891,"The 5 AM Club: Own Your Morning, Elevate Your Life",Robin Sharma,199,4.3 out of 5 stars,210,4.6
9387944891,"The 5 AM Club: Own Your Morning, Elevate Your Life",Robin Sharma,199,4.3 out of 5 stars,210,4.6
8172344562,The Great Gatsby,F. Scott Fitzgerald,47,4.1 out of 5 stars,142,4.4
9387504832,Oswaal CBSE Question Bank Class 9 Science Chapterwise and Topicwise (For March...,by Oswaal Editorial Board,295,4.6,265,4.4
9387944891,"The 5 AM Club: Own Your Morning, Elevate Your Life",Robin Sharma,199,4.3 out of 5 stars,210,4.6
9385990004,She Friend - Zoned My Love,by Sudeep Nagarkar,112,4.6,112,4.6
1471172392,The Secret,by Rhonda Byrne,538,4.5,373,4.2
8179922324,Who Will Cry When You Die?,Robin Sharma,103,4.4 out of 5 stars,115,4.4
9353023238,Gene Machine: The Race to Decipher the Secrets of the Ribosome,by Venki Ramakrishnan,436,4.9,436,4.5
9382665870,Her Last Wish,by Ajay K. Pandey,88,4.7,101,4.5
8175994142,Capital (Das Kapital),by Karl Marx,299,4.5,378,4.3
9386867508,Emotion and Relationships,Sadhguru,138,4.7 out of 5 stars,159,4.6
9352641345,"Ready, Study, Go!: Smart Ways to Learn",by Khurshed Batliwala,178,4.5,178,4.4
8172235038,"Men are from Mars, Women are from Venus",by John Gray,209,4.4,209,4.4
1409300498,Baby touch: Peekaboo,by Lemon Ribbon Studio,230,4.3,319,4.4
9352533321,Advanced Economic Theory,by H L Ahuja,655,3.3,699,4.5
8172234988,The Alchemist,Paulo Coelho,182,4.6 out of 5 stars,209,4.6
9387504921,Oswaal CBSE Question Bank Class 10 Social Science Chapterwise and Topicwise (...,by Oswaal Editorial Board,320,4.7,303,4.4
9312149431,CBSE All  In One English Language and Literature CBSE Class 9 (based on Books...,by Gajendra Singh,234,4.3,209,4.5
9351772624,The Wellness Sense: A Practical Guide to your Physical and Emotional Health Based...,by Om Swami,178,4.8,178,4.5
8179925919,The Theory of Everything,Stephen Hawking,111,4.5 out of 5 stars,190,4.2
8179922324,Who Will Cry When You Die?,Robin Sharma,103,4.4 out of 5 stars,115,4.4
8193503309,Dharmayoddha Kalki: Avatar of Vishnu (Book 1),by Kevin Missal,179,4.2,188,4.5
8175994193,Macbeth,by William Shakespeare,99,4.3,117,4.4
9352685482,Harappa - Curse of the Blood River,by Vineet Bajpai,185,4.1,132,4.4
9381626812,Chanakya's Chant: Book 2 in the Bharat Series of Historical and Mythological...,by Ashwin Sanghi,244,4.1,244,4.3
8184007485,The Great Indian Diet,by Shilpa Shetty Kundra,161,4.0,161,4
8193284186,Rekha: The Untold Story,by Yasser Usman,256,3.7,239,4.3
8186775056,Questions Are the Answers,by Allan Pease,83,4.4,76,4.4
9332551731,NTA UGC NET/SET/JRF - Paper 1: Teaching and Research Aptitude by Pearson,KVS Madaan,216,4.4 out of 5 stars,249,4.4
9332587353,Internal Security for Civil Services Main (GS paper III) by Pearson,by M. Karthikeyan,148,4.5,148,4.3
9351777499,"India's Wars: A Military History, 1947-1971",by Arjun Subramaniam,415,4.5,473,4.6
8183225101,Miracles of Your Mind,by Dr. Joseph Murphy,72,4.2,117,4.3
8184958455,Mossad,by Michael Bar-Zohar - Import,340,4.6,280,4.5
8186775056,Questions Are the Answers,by Allan Pease,83,4.4,76,4.4
8172345666,The Power of Your Subconscious Mind: Unlock Your Master Key to Success,by Joseph Murphy,75,4.5,169,4.5
9381626812,Chanakya's Chant: Book 2 in the Bharat Series of Historical and Mythological...,by Ashwin Sanghi,244,4.1,244,4.3
8173711461,Wings of Fire: An Autobiography of Abdul Kalam,Not Available,194,4.6 out of 5 stars,265,4.6
9351772624,The Wellness Sense: A Practical Guide to your Physical and Emotional Health Based...,by Om Swami,178,4.8,178,4.5
8123027389,India 2018: A Reference Annual,by Publication Division,333,3.8,345,4.4
9312147307,General Knowledge 2019,Manohar Pandey,19,4.2 out of 5 stars,30,4.3
1405206195,The adventures of Tintin: King Ottokar's Sceptre,by Herge,379,4.6,399,4.7
9351772624,The Wellness Sense: A Practical Guide to your Physical and Emotional Health Based...,by Om Swami,178,4.8,178,4.5
8129149567,I Tagged Her in My Heart,by Anuj Tiwari - Import,100,4.7,109,4.5
8179925919,The Theory of Everything,Stephen Hawking,111,4.5 out of 5 stars,190,4.2
9352643925,Adiyogi: The Source of Yoga,by Sadhguru,178,4.6,178,4.6
1847923674,When Breath Becomes Air,by Paul Kalanithi,332,4.6,332,4.6
9382665889,You are My Reason to Smile,by Arpit Vageria,88,4.4,101,4.3
9387504921,Oswaal CBSE Question Bank Class 10 Social Science Chapterwise and Topicwise (...,by Oswaal Editorial Board,320,4.7,303,4.4
1847946240,"The Power of Habit: Why We Do What We Do, and How to Change",Charles Duhigg,286,4.4 out of 5 stars,305,4.4
1904233910,Eclipse,by Stephenie Meyer,447,4.3,309,4.5
9313163802,Prep Guide To BITSAT 2019,by Arihant Expert,497,4.1,490,4.6
8179925919,The Theory of Everything,Stephen Hawking,111,4.5 out of 5 stars,190,4.2
9350598485,Accounting and Finance for Bankers,by Med,352,4.5,330,4.5
8179925919,The Theory of Everything,Stephen Hawking,111,4.5 out of 5 stars,190,4.2
8179925919,The Theory of Everything,Stephen Hawking,111,4.5 out of 5 stars,190,4.2
8172344503,Pride & Prejudice,by Jane Austen,79,4.3,182,4.4
8184958455,Mossad,by Michael Bar-Zohar - Import,340,4.6,280,4.5
8179922324,Who Will Cry When You Die?,Robin Sharma,103,4.4 out of 5 stars,115,4.4
9387504921,Oswaal CBSE Question Bank Class 10 Social Science Chapterwise and Topicwise (...,by Oswaal Editorial Board,320,4.7,303,4.4
9386224445,The Rise of Sivagami: Book 1 of Baahubali - Before the Beginning,by Anand Neelakantan,162,4.1,162,4.4
1471131823,The 7 Habits of Highly Effective People,Not Available,311,4.0 out of 5 stars,373,4.4
9381626340,The Secret Of The Nagas (Shiva Trilogy-2),by Amish Tripathi - Abridged,244,4.6,244,4.6
8186775056,Questions Are the Answers,by Allan Pease,83,4.4,76,4.4
9386228564,A Century is not Enough: My Roller-coaster Ride to Success,by Sourav Ganguly - Illustrated,363,4.6,434,4.7
9387944891,"The 5 AM Club: Own Your Morning, Elevate Your Life",Robin Sharma,199,4.3 out of 5 stars,210,4.6
9352643925,Adiyogi: The Source of Yoga,by Sadhguru,178,4.6,178,4.6
9352770145,I Do What I Do,by Raghuram G. Rajan,363,4.3,436,4.6
9386867508,Emotion and Relationships,Sadhguru,138,4.7 out of 5 stars,159,4.6
9384030740,It Happens for a Reason,by Preeti Shenoy,189,4.2,184,4.3
9351039684,The Maze Runner #02 Scorch Trials Movie Tie-in,by James Dashner,247,3.9,234,4.6
8129142147,One Indian Girl,Chetan Bhagat,96,3.6 out of 5 stars,112,4.2
8172345666,The Power of Your Subconscious Mind: Unlock Your Master Key to Success,by Joseph Murphy,75,4.5,169,4.5
1471131823,The 7 Habits of Highly Effective People,Not Available,311,4.0 out of 5 stars,373,4.4
9351033007,Tom Gates Book #2: Excellent Excuses Cand Other Good Stuff,by Tom Gates,157,4.8,176,4.5
9387660451,10 Last Years Solved Papers (HSC) - Science: Maharashtra Board Class 12 for 2019...,by Oswal Publishers,565,4.7,695,4.2
8126713968,Rag Darbari,by Shrilal Shukla,200,4.5,227,4.6
9386850648,Keepers of the Kalachakra: Book 5 in the Bharat Series of Historical and Mythological...,by Ashwin Sanghi,100,4.0,231,4.4
8172345666,The Power of Your Subconscious Mind: Unlock Your Master Key to Success,by Joseph Murphy,75,4.5,169,4.5
9386867508,Emotion and Relationships,Sadhguru,138,4.7 out of 5 stars,159,4.6
8186775811,The Business School,by Robert T. Kiyosaki,108,4.5,154,4.5
9387067548,Indian Art and Culture,by Nitin Singhania,412,4.5,390,4.6
1509867767,Tell Tale,by Jeffrey Archer,269,4.4,255,4.5
9351770257,Narendra Modi: A political Biography,by Andy Marino,253,4.4,283,4.5
1542046599,I Am Watching You,by Teresa Driscoll,269,4.0,269,4.2
9351762238,The Elements of COORDINATE GEOMETRY Part-1 Cartesian Coordinates,by S L Loney,76,4.3,76,4.5
9351772071,Attitude Is Everything: Change Your Attitude ... Change Your Life!,Jeff Keller,105,4.6 out of 5 stars,118,4.5
8189535196,The Holy Science,by Swami Sri Yukteswar Giri,75,4.6,104,4.6
9384030570,13 Steps to Bloody Good Luck,by Ashwin Sanghi,90,4.1,114,4.1
9386224585,Sita: Warrior of Mithila (Ram Chandra),by Amish Tripathi,226,4.3,226,4.6
1780220251,Jerusalem: The Biography,by Simon Sebag Montefiore,524,4.6,352,4.4
9381626340,The Secret Of The Nagas (Shiva Trilogy-2),by Amish Tripathi - Abridged,244,4.6,244,4.6
8182744466,Copycat Marketing 101,by Burke Hedges,90,4.2,125,4.3
9385936549,The Age of Kali: Indian Travels and Encounters,by William Dalrymple,375,4.4,349,4.8
1408711702,Fantastic Beasts: The Crimes of Grindelwald: The Original Screenplay (Fantastic...,by J.K. Rowling,434,4.8,434,4.8
9351368068,If Truth Be Told: A Monk's Memoir,by Om Swami,311,4.7,311,4.5
8185986002,Swami and Friends,by R. K. Narayan,114,4.6,112,4.4
9387504921,Oswaal CBSE Question Bank Class 10 Social Science Chapterwise and Topicwise (...,by Oswaal Editorial Board,320,4.7,303,4.4
8187107588,365 Pancharantra Stories,by OM Books,357,4.1,396,4.4
9351772624,The Wellness Sense: A Practical Guide to your Physical and Emotional Health Based...,by Om Swami,178,4.8,178,4.5
9386850427,A Hundred Little Flames,by Preeti Shenoy,299,4.7,214,4.4
8193284186,Rekha: The Untold Story,by Yasser Usman,256,3.7,239,4.3
1409323498,The Animal Book: A Visual Encyclopedia of Life on Earth (Reference),by DK,781,4.8,563,4.6
8175994479,12 Years a Slave,by Solomon Northup,99,4.5,140,4.4
8172234988,The Alchemist,Paulo Coelho,182,4.6 out of 5 stars,209,4.6
9352641345,"Ready, Study, Go!: Smart Ways to Learn",by Khurshed Batliwala,178,4.5,178,4.4
8172343116,Mahatma Gandhi Autobiography: The Story Of My Experiments With Truth,by Mahatma Gandhi,99,4.4,166,4.5
9351033287,Geronimo Stilton #58: The Super Chef Contest,by Geronimo Stilton,186,4.2,186,4.5
8183225101,Miracles of Your Mind,by Dr. Joseph Murphy,72,4.2,117,4.3
9388026586,24 Years UPSC IAS/ IPS Prelims Topic-wise Solved Papers 1 & 2 (1995-2018),Disha Experts,270,4.3 out of 5 stars,325,4.5
8192910997,How to Win Friends and Influence People,Dale Carnegie,79,4.5 out of 5 stars,130,4.5
9380349300,Life is What You Make It,Preeti Shenoy,75,4.0 out of 5 stars,86,4.1
8172345666,The Power of Your Subconscious Mind: Unlock Your Master Key to Success,by Joseph Murphy,75,4.5,169,4.5
9387504913,Oswaal CBSE Question Bank Class 10 Science Chapterwise and Topicwise (For March 2019 Exam),Not Available,247,4.6 out of 5 stars,247,4.5
9385152149,Ram - Scion of Ikshvaku (Book 1 - Ram Chandra Series): 2015 Edition with Updated...,by Amish Tripathi,240,4.1,240,4.4
9351772071,Attitude Is Everything: Change Your Attitude ... Change Your Life!,Jeff Keller,105,4.6 out of 5 stars,118,4.5
8172344562,The Great Gatsby,F. Scott Fitzgerald,47,4.1 out of 5 stars,142,4.4
9387067718,Bharatiya Kala Evam Sanskriti,by Nitin Singhania,370,4.6,370,4.5
9387504921,Oswaal CBSE Question Bank Class 10 Social Science Chapterwise and Topicwise (...,by Oswaal Editorial Board,320,4.7,303,4.4
9387022080,Be My Perfect Ending,by Arpit Vageria,87,4.4,101,4.4
8175993952,How to Stop Worrying and Start Living: Time-Tested Methods for Conquering Worry,Dale Carnegie,88,4.5 out of 5 stars,125,4.4
9380349246,Nothing Lasts Forever,by Vish Dhamija,105,3.9,105,4.3
1408711702,Fantastic Beasts: The Crimes of Grindelwald: The Original Screenplay (Fantastic...,by J.K. Rowling,434,4.8,434,4.8
8129124912,My Journey: Transforming Dreams into Actions,by A.P.J. Abdul Kalam,180,4.7,112,4.6
8131252914,"Textbook of Anatomy: Head, Neck and Brain - Vol.3",by Vishram Singh,582,5.0,631,5
9386224445,The Rise of Sivagami: Book 1 of Baahubali - Before the Beginning,by Anand Neelakantan,162,4.1,162,4.4
9387504921,Oswaal CBSE Question Bank Class 10 Social Science Chapterwise and Topicwise (...,by Oswaal Editorial Board,320,4.7,303,4.4
8129134616,Not Just an Accountant: The Diary of the Nations Conscience Keeper,by Vinod Rai,378,4.5,358,4.4
1509867767,Tell Tale,by Jeffrey Archer,269,4.4,255,4.5
9352641345,"Ready, Study, Go!: Smart Ways to Learn",by Khurshed Batliwala,178,4.5,178,4.4
8129142147,One Indian Girl,Chetan Bhagat,96,3.6 out of 5 stars,112,4.2
9311121924,CBSE WORKBOOK SOCIAL SCIENCE CLASS 6 for 2018 - 19,by Arihant Experts,92,4.5,92,4.4
9353023114,Bake with Shivesh,by Shivesh Bhatia,559,4.6,549, 
9382665870,Her Last Wish,by Ajay K. Pandey,88,4.7,101,4.5
1451696191,The Perks of Being a Wallflower,by Stephen Chbosky,186,4.4,186,4.5
9387022080,Be My Perfect Ending,by Arpit Vageria,87,4.4,101,4.4
9385724223,The Secret of the Druids (Mahabharata Quest Series Book 2),by Christopher C. Doyle,179,4.1,209,4.3
9386850575,Gurudev: On the Plateau of the Peak: The Life of Sri Sri Ravi Shankar,by Bhanumathi Narasimhan,293,4.9,327,4.7
9381626340,The Secret Of The Nagas (Shiva Trilogy-2),by Amish Tripathi - Abridged,244,4.6,244,4.6
8172345666,The Power of Your Subconscious Mind: Unlock Your Master Key to Success,by Joseph Murphy,75,4.5,169,4.5
8172344880,The Origin of Species,by Charles Darwin,189,4.3,188,4.4
8172235631,Eleven Minutes,by Paulo Coelho,167,4.2,209,4.4
8172345666,The Power of Your Subconscious Mind: Unlock Your Master Key to Success,by Joseph Murphy,75,4.5,169,4.5
9350097605,Indian Mammals: A Field Guide,by Vivek Menon,775,4.8,777,4.6
9382665889,You are My Reason to Smile,by Arpit Vageria,88,4.4,101,4.3
8179922324,Who Will Cry When You Die?,Robin Sharma,103,4.4 out of 5 stars,115,4.4
9387504921,Oswaal CBSE Question Bank Class 10 Social Science Chapterwise and Topicwise (...,by Oswaal Editorial Board,320,4.7,303,4.4
8131716775,A History of Ancient and Early Medieval India: From the Stone Age to the 12th...,by Upinder Singh,504,4.4,483,4.5
9353025982,The Forest of Enchantments,Chitra Banerjee Divakaruni,373,4.6 out of 5 stars,373,4.9
9385152149,Ram - Scion of Ikshvaku (Book 1 - Ram Chandra Series): 2015 Edition with Updated...,by Amish Tripathi,240,4.1,240,4.4
9312149091,CBSE All  In One Computer Science CBSE Class 12 for 2018 - 19,by K. Ganesh Ayyer,232,4.2,232,4.5
1847370292,The Secret,Rhonda Byrne,415,4.5 out of 5 stars,498,4.5
9387067548,Indian Art and Culture,by Nitin Singhania,412,4.5,390,4.6
8172235038,"Men are from Mars, Women are from Venus",by John Gray,209,4.4,209,4.4
8172234864,Bloodline,by Sidney Sheldon,280,4.3,280,4.5
8182744466,Copycat Marketing 101,by Burke Hedges,90,4.2,125,4.3
9386036754,Everyone Has A Story,by Savi Sharma,100,4.1,125,4.3
8129149567,I Tagged Her in My Heart,by Anuj Tiwari - Import,100,4.7,109,4.5
8129144972,The Perfect Murder,by Ruskin Bond - Import,195,3.8,118,4.3
8184958455,Mossad,by Michael Bar-Zohar - Import,340,4.6,280,4.5
8173711461,Wings of Fire: An Autobiography of Abdul Kalam,Not Available,194,4.6 out of 5 stars,265,4.6
8192910903,1984,George Orwell,88,4.4 out of 5 stars,99,4.5
9960899551,The Sealed Nectar: Biography of the Noble Prophet,by Safi-ur-Rahman al-Mubarkpuri,485,4.7,290,4.6
8172234996,The One Minute Manager,by Kenneth Blanchard,118,4.4,118,4.4
8172344562,The Great Gatsby,F. Scott Fitzgerald,47,4.1 out of 5 stars,142,4.4
8173711461,Wings of Fire: An Autobiography of Abdul Kalam,Not Available,194,4.6 out of 5 stars,265,4.6
9386338904,Lone Fox Dancing: My Autobiography,by Ruskin Bond,315,4.8,450,4.7
8170289262,Inspiring Thoughts (Inspiring Thoughts Quotation Series),by Swami Vivekanand,107,4.2,107,4.1
8121910366,Sociology: Principles of Sociology with an Introduction to Social Thoughts,by Rao C.N. Shankar,430,4.0,430,4.2
8129142147,One Indian Girl,Chetan Bhagat,96,3.6 out of 5 stars,112,4.2
9386338904,Lone Fox Dancing: My Autobiography,by Ruskin Bond,315,4.8,450,4.7
9388036670,Oswaal CBSE Sample Question Paper Class 10 Social Science (For March 2019 Exam),Oswaal Editorial Board,126,4.6 out of 5 stars,140,4.5
9384761540,General Knowledge,Not Available,156,4.4 out of 5 stars,180,4.4
1473635306,Born a Crime: Stories from a South African Childhood,by Trevor Noah,388,4.8,299,4.7
9350944308,Handbook of Computer Science & IT,by Surbhi Mitra,190,3.9,120,4.2
8192910962,The Power of your Subconscious Mind,Joseph Murphy,65,4.5 out of 5 stars,94,4.5
8129142147,One Indian Girl,Chetan Bhagat,96,3.6 out of 5 stars,112,4.2
8172235631,Eleven Minutes,by Paulo Coelho,167,4.2,209,4.4
9350297515,A Feast of Vultures: The Hidden Business of Democracy in India,by Josy Joseph,522,4.5,599,4.5
8129124912,My Journey: Transforming Dreams into Actions,by A.P.J. Abdul Kalam,180,4.7,112,4.6
8184958455,Mossad,by Michael Bar-Zohar - Import,340,4.6,280,4.5
8179926877,The Greatest Salesman in the World,by Og Mandino,109,4.3,109,4.5
9387504913,Oswaal CBSE Question Bank Class 10 Science Chapterwise and Topicwise (For March 2019 Exam),Not Available,247,4.6 out of 5 stars,247,4.5
9351032167,Geronimo Stilton - The Hunt for the Golden Book,by Geronimo Stilton - Large Print,319,4.4,357,4.6
8184001053,"Don't Lose Your Mind, Lose Your Weight",Rujuta Diwekar,118,4.5 out of 5 stars,143,4.3
1473680379,Mastering the Market Cycle: Getting the Odds on Your Side,by Howard Marks,616,4.1,699,4.5
1408855682,Harry Potter and the Goblet of Fire (Harry Potter 4),by J.K. Rowling,524,4.7,524,4.7
9386850648,Keepers of the Kalachakra: Book 5 in the Bharat Series of Historical and Mythological...,by Ashwin Sanghi,100,4.0,231,4.4
9351776425,Ivory Throne: Chronicles of the House of Travancore,by Manu S. Pillai,433,4.3,468,4.6
8172235631,Eleven Minutes,by Paulo Coelho,167,4.2,209,4.4
1847370292,The Secret,Rhonda Byrne,415,4.5 out of 5 stars,498,4.5
8179925919,The Theory of Everything,Stephen Hawking,111,4.5 out of 5 stars,190,4.2
8192910911,Think and Grow Rich,Napoleon Hill,64,4.6 out of 5 stars,94,4.5
8187107588,365 Pancharantra Stories,by OM Books,357,4.1,396,4.4
1408855674,Harry Potter and the Prisoner of Azkaban (Harry Potter 3),by J.K. Rowling,374,4.4,314,4.6
8179925919,The Theory of Everything,Stephen Hawking,111,4.5 out of 5 stars,190,4.2
9387504921,Oswaal CBSE Question Bank Class 10 Social Science Chapterwise and Topicwise (...,by Oswaal Editorial Board,320,4.7,303,4.4
8172234902,Tell Me your Dreams,by Sidney Sheldon,209,4.4,209,4.5
8184511523,India Map,by Dreamland Publications,91,4.6,104,4.3
8183225101,Miracles of Your Mind,by Dr. Joseph Murphy,72,4.2,117,4.3
9312147528,CBSE All  In One Social Science Class 8 for 2018 - 19,by Arihant Experts,171,4.4,186,4.4
8192910962,The Power of your Subconscious Mind,Joseph Murphy,65,4.5 out of 5 stars,94,4.5
9350097605,Indian Mammals: A Field Guide,by Vivek Menon,775,4.8,777,4.6
8182744466,Copycat Marketing 101,by Burke Hedges,90,4.2,125,4.3
8172234902,Tell Me your Dreams,by Sidney Sheldon,209,4.4,209,4.5
8184005849,You’re the Password to My Life,by Sudeep Nagarkar,102,4.2,131,4.3
8129145715,"Behold, I Shine: Narratives of Kashmir's Women and Children",by Freny Manecksha - Import,106,4.3,112,4.5
9385724223,The Secret of the Druids (Mahabharata Quest Series Book 2),by Christopher C. Doyle,179,4.1,209,4.3
8183225705,Unposted Letter,by Mahatria Ra,218,4.7,218,4.6
8129134853,Never Kiss your Best Friend,by Sumrit Shahi - Import,101,4.4,113,4.2
9352641345,"Ready, Study, Go!: Smart Ways to Learn",by Khurshed Batliwala,178,4.5,178,4.4
8172345135,Metamorphosis,by Franz Kafka,69,4.2,94,4.4
9352779843,Devil's Advocate: The Untold Story,by Karan Thapar,370,4.1,417,4.6
8172234988,The Alchemist,Paulo Coelho,182,4.6 out of 5 stars,209,4.6
8172234937,The Other Side of Midnight,by Sidney Sheldon,209,4.3,209,4.5
9351777499,"India's Wars: A Military History, 1947-1971",by Arjun Subramaniam,415,4.5,473,4.6
9386036754,Everyone Has A Story,by Savi Sharma,100,4.1,125,4.3
1471172392,The Secret,by Rhonda Byrne,538,4.5,373,4.2
9386224585,Sita: Warrior of Mithila (Ram Chandra),by Amish Tripathi,226,4.3,226,4.6
8192910997,How to Win Friends and Influence People,Dale Carnegie,79,4.5 out of 5 stars,130,4.5
8172345666,The Power of Your Subconscious Mind: Unlock Your Master Key to Success,by Joseph Murphy,75,4.5,169,4.5
9352606221,Geography of India,by Majid Husain,460,4.1,498,4.5
1408711702,Fantastic Beasts: The Crimes of Grindelwald: The Original Screenplay (Fantastic...,by J.K. Rowling,434,4.8,434,4.8
9353025982,The Forest of Enchantments,Chitra Banerjee Divakaruni,373,4.6 out of 5 stars,373,4.9
8175994479,12 Years a Slave,by Solomon Northup,99,4.5,140,4.4
1451696191,The Perks of Being a Wallflower,by Stephen Chbosky,186,4.4,186,4.5
8129142147,One Indian Girl,Chetan Bhagat,96,3.6 out of 5 stars,112,4.2
9352607996,Object-Oriented Programming with C++,by E Balagurusamy,371,4.5,371,4.5
1409323498,The Animal Book: A Visual Encyclopedia of Life on Earth (Reference),by DK,781,4.8,563,4.6
8172234864,Bloodline,by Sidney Sheldon,280,4.3,280,4.5
8173711461,Wings of Fire: An Autobiography of Abdul Kalam,Not Available,194,4.6 out of 5 stars,265,4.6
1408711702,Fantastic Beasts: The Crimes of Grindelwald: The Original Screenplay (Fantastic...,by J.K. Rowling,434,4.8,434,4.8
1501124021,Principles: Life and Work,by Ray Dalio,864,4.4,733,4.8
9352643925,Adiyogi: The Source of Yoga,by Sadhguru,178,4.6,178,4.6
8172234864,Bloodline,by Sidney Sheldon,280,4.3,280,4.5
9386850648,Keepers of the Kalachakra: Book 5 in the Bharat Series of Historical and Mythological...,by Ashwin Sanghi,100,4.0,231,4.4
9351033023,Tom Gates Book #4: Genius Ideas,by Tom Gates,257,4.4,221,4.5
9352751183,The Dragon of Fortune (Geronimo Stilton and the Kingdom of Fantasy: Special Edition...,by Geronimo Stilton,510,4.6,510,4.6
8129124912,My Journey: Transforming Dreams into Actions,by A.P.J. Abdul Kalam,180,4.7,112,4.6
8193387619,Jane Eyre,by Charlotte Bronte,88,4.3,99,4.5
9351035492,Geronimo Stilton and the Kingdom of Fantasy #7: The Enchanted Charms,by Geronimo Stilton - Illustrated,373,4.7,392,4.5
8129118920,Great Stories for Children,by Ruskin Bond,182,4.4,118,4.4
1473635306,Born a Crime: Stories from a South African Childhood,by Trevor Noah,388,4.8,299,4.7
8172343116,Mahatma Gandhi Autobiography: The Story Of My Experiments With Truth,by Mahatma Gandhi,99,4.4,166,4.5
8184959893,Little Black Book for Stunning Success + Tools for Action Mastery,by Robin Sharma,220,4.4,220,4.4
9350947900,Know Your State - Himachal Pradesh,by Arihant Experts,185,4.1,176,4.3
8192910911,Think and Grow Rich,Napoleon Hill,64,4.6 out of 5 stars,94,4.5
9350571099,Children's Encyclopedia - The World of Knowledge: Familiarising Children with...,by V&S Editorial Board,643,4.0,975,4.2
1473635306,Born a Crime: Stories from a South African Childhood,by Trevor Noah,388,4.8,299,4.7
8192910997,How to Win Friends and Influence People,Dale Carnegie,79,4.5 out of 5 stars,130,4.5
9381626340,The Secret Of The Nagas (Shiva Trilogy-2),by Amish Tripathi - Abridged,244,4.6,244,4.6
8192910997,How to Win Friends and Influence People,Dale Carnegie,79,4.5 out of 5 stars,130,4.5
9386224585,Sita: Warrior of Mithila (Ram Chandra),by Amish Tripathi,226,4.3,226,4.6
9312147307,General Knowledge 2019,Manohar Pandey,19,4.2 out of 5 stars,30,4.3
8175993952,How to Stop Worrying and Start Living: Time-Tested Methods for Conquering Worry,Dale Carnegie,88,4.5 out of 5 stars,125,4.4
8129118920,Great Stories for Children,by Ruskin Bond,182,4.4,118,4.4
9385152149,Ram - Scion of Ikshvaku (Book 1 - Ram Chandra Series): 2015 Edition with Updated...,by Amish Tripathi,240,4.1,240,4.4
1471172392,The Secret,by Rhonda Byrne,538,4.5,373,4.2
8172234902,Tell Me your Dreams,by Sidney Sheldon,209,4.4,209,4.5
9352641345,"Ready, Study, Go!: Smart Ways to Learn",by Khurshed Batliwala,178,4.5,178,4.4
1784704229,A Horse Walks into a Bar (Winner of the International Man Booker Prize 2017),by David Grossman,263,4.0,266,4.4
8183220908,Hum Apko Ameer Kyon Banana Chahte Hain ( Why We Want You to Be Rich  in Hindi),by Robert T. Kiyosaki,333,3.9,419,4.2
9352704177,Review of Pharmacology (PGMEE),by Gobind Rai Garg,640,4.4,720,4.7
1786481324,The Digital Photography Handbook: An Illustrated Step-by-step Guide,by Doug Harman - Import,437,4.0,449, 
9386643723,Murder in a Minute,by Shouvik Bhattacharya,188,4.4,162,4.4
8173711461,Wings of Fire: An Autobiography of Abdul Kalam,Not Available,194,4.6 out of 5 stars,265,4.6
1473635306,Born a Crime: Stories from a South African Childhood,by Trevor Noah,388,4.8,299,4.7
8184958455,Mossad,by Michael Bar-Zohar - Import,340,4.6,280,4.5
9385936948,The 30 Seconds Thrillers,by K V Sridhar,262,4.1,293,4.5
8172345135,Metamorphosis,by Franz Kafka,69,4.2,94,4.4
9332551731,NTA UGC NET/SET/JRF - Paper 1: Teaching and Research Aptitude by Pearson,KVS Madaan,216,4.4 out of 5 stars,249,4.4
8173711461,Wings of Fire: An Autobiography of Abdul Kalam,Not Available,194,4.6 out of 5 stars,265,4.6
9312147307,General Knowledge 2019,Manohar Pandey,19,4.2 out of 5 stars,30,4.3
8175993286,The Autobiography of Benjamin Franklin,by Benjamin Franklin,99,4.1,140,4.5
9387944891,"The 5 AM Club: Own Your Morning, Elevate Your Life",Robin Sharma,199,4.3 out of 5 stars,210,4.6
9350097605,Indian Mammals: A Field Guide,by Vivek Menon,775,4.8,777,4.6
9380349246,Nothing Lasts Forever,by Vish Dhamija,105,3.9,105,4.3
1408711702,Fantastic Beasts: The Crimes of Grindelwald: The Original Screenplay (Fantastic...,by J.K. Rowling,434,4.8,434,4.8
9386021102,Why I Am a Hindu,by Dr. Shashi Tharoor,299,3.4,324,4.4
9352606221,Geography of India,by Majid Husain,460,4.1,498,4.5
8128824287,Corporate Guru Dhirubhai Ambani,by Prateeksha M. Tiwari,101,3.3,101,4.6
8170289262,Inspiring Thoughts (Inspiring Thoughts Quotation Series),by Swami Vivekanand,107,4.2,107,4.1
9350853736,Suppandi - 3: The Laughter Never Ends,by Rajani Thindiath,76,4.7,76,4.4
8172235437,Veronika Decides to Die,by Paulo Coelho,186,4.4,209,4.4
8172345666,The Power of Your Subconscious Mind: Unlock Your Master Key to Success,by Joseph Murphy,75,4.5,169,4.5
1526602067,Norse Mythology,by Neil Gaiman,299,4.4,319,4.7
9387504921,Oswaal CBSE Question Bank Class 10 Social Science Chapterwise and Topicwise (...,by Oswaal Editorial Board,320,4.7,303,4.4
9385152149,Ram - Scion of Ikshvaku (Book 1 - Ram Chandra Series): 2015 Edition with Updated...,by Amish Tripathi,240,4.1,240,4.4
1408855674,Harry Potter and the Prisoner of Azkaban (Harry Potter 3),by J.K. Rowling,374,4.4,314,4.6
9386323567,Quick General Knowledge 2018 with Current Affairs Update,by Disha Experts,37,3.4,50,4.2
1408711702,Fantastic Beasts: The Crimes of Grindelwald: The Original Screenplay (Fantastic...,by J.K. Rowling,434,4.8,434,4.8
9386036452,It's All in the Planets,by Preeti Shenoy,167,4.3,196,4.3
8179925919,The Theory of Everything,Stephen Hawking,111,4.5 out of 5 stars,190,4.2
8186775811,The Business School,by Robert T. Kiyosaki,108,4.5,154,4.5
9385285637,India Now and in Transition,by Atul K. Thakur,369,5.0,575, 
9351776425,Ivory Throne: Chronicles of the House of Travancore,by Manu S. Pillai,433,4.3,468,4.6
8189988158,The Law of Attraction,by Jerry Hicks,261,4.4,221,4.3
8172235038,"Men are from Mars, Women are from Venus",by John Gray,209,4.4,209,4.4
8179925919,The Theory of Everything,Stephen Hawking,111,4.5 out of 5 stars,190,4.2
9388036689,Oswaal CBSE Sample Question Paper Class 10 Mathematics (For March 2019 Exam),Oswaal Editorial Board,127,4.4 out of 5 stars,139,4.5
9387504921,Oswaal CBSE Question Bank Class 10 Social Science Chapterwise and Topicwise (...,by Oswaal Editorial Board,320,4.7,303,4.4
8193503309,Dharmayoddha Kalki: Avatar of Vishnu (Book 1),by Kevin Missal,179,4.2,188,4.5
9387421007,Disha Children's Yearbook 2018 - General Knowledge Fundamentals and Current Affairs,by Disha Experts,203,4.7,147,4.3
9382618341,The Oath of the Vayuputras (Shiva Trilogy),by Amish Tripathi,282,4.4,282,4.4
8172345666,The Power of Your Subconscious Mind: Unlock Your Master Key to Success,by Joseph Murphy,75,4.5,169,4.5
8131252914,"Textbook of Anatomy: Head, Neck and Brain - Vol.3",by Vishram Singh,582,5.0,631,5
8129144972,The Perfect Murder,by Ruskin Bond - Import,195,3.8,118,4.3
9387504913,Oswaal CBSE Question Bank Class 10 Science Chapterwise and Topicwise (For March 2019 Exam),Not Available,247,4.6 out of 5 stars,247,4.5
8131716775,A History of Ancient and Early Medieval India: From the Stone Age to the 12th...,by Upinder Singh,504,4.4,483,4.5
8172235038,"Men are from Mars, Women are from Venus",by John Gray,209,4.4,209,4.4
9352779843,Devil's Advocate: The Untold Story,by Karan Thapar,370,4.1,417,4.6
9313169886,Current Affairs Yearly  2019,Not Available,124,5.0 out of 5 stars,124,4.7
1862305277,The Boy in the Striped Pyjamas (Definitions),by John Boyne,350,4.6,372,4.5
8172235038,"Men are from Mars, Women are from Venus",by John Gray,209,4.4,209,4.4
8179925919,The Theory of Everything,Stephen Hawking,111,4.5 out of 5 stars,190,4.2
8172235631,Eleven Minutes,by Paulo Coelho,167,4.2,209,4.4
9351772624,The Wellness Sense: A Practical Guide to your Physical and Emotional Health Based...,by Om Swami,178,4.8,178,4.5
9384850098,I am The Mind,by Deep Trivedi,236,4.1,199,4.3
1542046599,I Am Watching You,by Teresa Driscoll,269,4.0,269,4.2
9380349300,Life is What You Make It,Preeti Shenoy,75,4.0 out of 5 stars,86,4.1
8172343116,Mahatma Gandhi Autobiography: The Story Of My Experiments With Truth,by Mahatma Gandhi,99,4.4,166,4.5
8179925919,The Theory of Everything,Stephen Hawking,111,4.5 out of 5 stars,190,4.2
1542046599,I Am Watching You,by Teresa Driscoll,269,4.0,269,4.2
1408855690,Harry Potter and the Order of the Phoenix (Harry Potter 5),by J.K. Rowling,599,4.5,524,4.8
8172345666,The Power of Your Subconscious Mind: Unlock Your Master Key to Success,by Joseph Murphy,75,4.5,169,4.5
9386224984,Gazing at Neighbours: Travels Along the Line That Partitioned India,by Bishwanath Ghosh,195,4.5,218,4.2
8179925919,The Theory of Everything,Stephen Hawking,111,4.5 out of 5 stars,190,4.2
8182744466,Copycat Marketing 101,by Burke Hedges,90,4.2,125,4.3
9386224399,This Is Not Your Story,by Savi Sharma,100,4.5,125,4.3
1471131823,The 7 Habits of Highly Effective People,Not Available,311,4.0 out of 5 stars,373,4.4
9380349300,Life is What You Make It,Preeti Shenoy,75,4.0 out of 5 stars,86,4.1
9312149008,CBSE All  in One Chemistry CBSE Class 12 for 2018 - 19,by Indu Gupta,260,4.4,260,4.5
9386850567,The Heartfulness Way: Heart-Based Meditations for Spiritual Transformation,by Kamlesh D. Patel,189,4.9,189,4.7
8179925919,The Theory of Everything,Stephen Hawking,111,4.5 out of 5 stars,190,4.2
9352603869,Bharat Ki Rajvayvastha,M. Laxmikanth,381,4.5 out of 5 stars,385,4.5
8172234864,Bloodline,by Sidney Sheldon,280,4.3,280,4.5
8172344562,The Great Gatsby,F. Scott Fitzgerald,47,4.1 out of 5 stars,142,4.4
9332551731,NTA UGC NET/SET/JRF - Paper 1: Teaching and Research Aptitude by Pearson,KVS Madaan,216,4.4 out of 5 stars,249,4.4
9386228580,Sanjay Dutt: The Crazy Untold Story of Bollywood’s Bad Boy,by Yasser Usman,293,4.2,264,4.5
9381626340,The Secret Of The Nagas (Shiva Trilogy-2),by Amish Tripathi - Abridged,244,4.6,244,4.6
8172234988,The Alchemist,Paulo Coelho,182,4.6 out of 5 stars,209,4.6
9352641345,"Ready, Study, Go!: Smart Ways to Learn",by Khurshed Batliwala,178,4.5,178,4.4
1250127556,50 Successful Harvard Application Essays: What Worked for Them Can Help You Get...,by Harvard Crimson,319,5.0,299,4
8172235631,Eleven Minutes,by Paulo Coelho,167,4.2,209,4.4
8129123932,Entrepreneur 5 P.M. to 9 A.M.: Launching a Profitable Start-Up without Quitting...,by Kanth Miriyala,195,4.0,118,4.1
9386643723,Murder in a Minute,by Shouvik Bhattacharya,188,4.4,162,4.4
8179925919,The Theory of Everything,Stephen Hawking,111,4.5 out of 5 stars,190,4.2
9382618341,The Oath of the Vayuputras (Shiva Trilogy),by Amish Tripathi,282,4.4,282,4.4
8184005210,How to Memorize Anything: The Ultimate Handbook to Enlighten and Improve Your...,by Aditi Singhal,242,4.4,255,4.3
8129149567,I Tagged Her in My Heart,by Anuj Tiwari - Import,100,4.7,109,4.5
1526603330,Circe: The Sunday Times Bestseller,by Madeline Miller,364,4.3,388,4.5
9350295725,Headley And I,by S. Hussain Zaidi,247,3.5,280,4.2
8126566930,Marketing 4.0: Moving from Traditional to Digital,by Philip Kotler,298,4.2,298,4.4
8172345666,The Power of Your Subconscious Mind: Unlock Your Master Key to Success,by Joseph Murphy,75,4.5,169,4.5
1408855674,Harry Potter and the Prisoner of Azkaban (Harry Potter 3),by J.K. Rowling,374,4.4,314,4.6
9352643836,Pathways to Greatness,by A.P.J. Abdul Kalam,165,4.7,156,4.6
9386850702,Touch the Sky: The inspiring stories of women from across India who are writing...,by Rashmi Bansal - Abridged,109,3.7,125,4.3
8129142147,One Indian Girl,Chetan Bhagat,96,3.6 out of 5 stars,112,4.2
9351772071,Attitude Is Everything: Change Your Attitude ... Change Your Life!,Jeff Keller,105,4.6 out of 5 stars,118,4.5
9353160235,Modern Indian History: For Civil Services Preliminary and Main Examinations,by Sonali Bansal,473,4.4,530,4.6
9353025982,The Forest of Enchantments,Chitra Banerjee Divakaruni,373,4.6 out of 5 stars,373,4.9
1623367581,The Code of the Extraordinary Mind: 10 Unconventional Laws to Redefine Your Life...,by Vishen Lakhiani,431,4.5,420,4.5
9387944891,"The 5 AM Club: Own Your Morning, Elevate Your Life",Robin Sharma,199,4.3 out of 5 stars,210,4.6
9386850648,Keepers of the Kalachakra: Book 5 in the Bharat Series of Historical and Mythological...,by Ashwin Sanghi,100,4.0,231,4.4
9386850648,Keepers of the Kalachakra: Book 5 in the Bharat Series of Historical and Mythological...,by Ashwin Sanghi,100,4.0,231,4.4
8172234856,Nothing Lasts Forever,by Sidney Sheldon,266,4.2,280,4.5
8172234864,Bloodline,by Sidney Sheldon,280,4.3,280,4.5
1408711702,Fantastic Beasts: The Crimes of Grindelwald: The Original Screenplay (Fantastic...,by J.K. Rowling,434,4.8,434,4.8
8172234864,Bloodline,by Sidney Sheldon,280,4.3,280,4.5
9312149547,All  in One English Communicative CBSE Class 10  (based on textbook Literature...,by Gajendra Singh,235,4.5,260,4.5
1784703931,Homo Deus: A Brief History of Tomorrow,by Yuval Noah Harari,344,4.5,270,4.5
8192910962,The Power of your Subconscious Mind,Joseph Murphy,65,4.5 out of 5 stars,94,4.5
8191067374,Breaking India: Western Interventions in Dravidian and Dalit Faultlines,by Rajiv Malhotra,791,4.7,718,4.7
9387022080,Be My Perfect Ending,by Arpit Vageria,87,4.4,101,4.4
9380914199,Student's Encyclopedia of General Knowledge (General Press),by Azeem Ahmad Khan,131,4.1,131,4.4
8179925919,The Theory of Everything,Stephen Hawking,111,4.5 out of 5 stars,190,4.2
1509808361,The Jungle Book (First Stories),by Miriam Bos,224,4.4,186,4.8
8172344562,The Great Gatsby,F. Scott Fitzgerald,47,4.1 out of 5 stars,142,4.4
1408855666,Harry Potter and the Chamber of Secrets (Harry Potter 2),by J.K. Rowling,374,4.7,374,4.7
8172344562,The Great Gatsby,F. Scott Fitzgerald,47,4.1 out of 5 stars,142,4.4
8173711461,Wings of Fire: An Autobiography of Abdul Kalam,Not Available,194,4.6 out of 5 stars,265,4.6
1408855674,Harry Potter and the Prisoner of Azkaban (Harry Potter 3),by J.K. Rowling,374,4.4,314,4.6
9386850702,Touch the Sky: The inspiring stories of women from across India who are writing...,by Rashmi Bansal - Abridged,109,3.7,125,4.3
9386228564,A Century is not Enough: My Roller-coaster Ride to Success,by Sourav Ganguly - Illustrated,363,4.6,434,4.7
8192910962,The Power of your Subconscious Mind,Joseph Murphy,65,4.5 out of 5 stars,94,4.5
9381626812,Chanakya's Chant: Book 2 in the Bharat Series of Historical and Mythological...,by Ashwin Sanghi,244,4.1,244,4.3
8172238975,My Story,by Kamala Das,178,4.5,178,4.3
9352607996,Object-Oriented Programming with C++,by E Balagurusamy,371,4.5,371,4.5
9388026764,19 years GATE Computer Science & Information Technology Chapter-wise & Topic-wise...,by Disha Experts,175,3.8,189,4.2
8172345666,The Power of Your Subconscious Mind: Unlock Your Master Key to Success,by Joseph Murphy,75,4.5,169,4.5
9312149547,All  in One English Communicative CBSE Class 10  (based on textbook Literature...,by Gajendra Singh,235,4.5,260,4.5
8184005210,How to Memorize Anything: The Ultimate Handbook to Enlighten and Improve Your...,by Aditi Singhal,242,4.4,255,4.3
9385152149,Ram - Scion of Ikshvaku (Book 1 - Ram Chandra Series): 2015 Edition with Updated...,by Amish Tripathi,240,4.1,240,4.4
8192910997,How to Win Friends and Influence People,Dale Carnegie,79,4.5 out of 5 stars,130,4.5
1847370292,The Secret,Rhonda Byrne,415,4.5 out of 5 stars,498,4.5
9386224399,This Is Not Your Story,by Savi Sharma,100,4.5,125,4.3
8179925919,The Theory of Everything,Stephen Hawking,111,4.5 out of 5 stars,190,4.2
8179926877,The Greatest Salesman in the World,by Og Mandino,109,4.3,109,4.5
8184001053,"Don't Lose Your Mind, Lose Your Weight",Rujuta Diwekar,118,4.5 out of 5 stars,143,4.3
9339220838,Objective Indian Polity: General Studies - Paper I,by M. Laxmikanth,276,4.1,276,4.3
8132117387,Mid-Wicket Tales: From Trumper to Tendulkar,by S Giridhar,440,4.6,379,4.4
8172234856,Nothing Lasts Forever,by Sidney Sheldon,266,4.2,280,4.5
8175994258,3 and a Half Murders: An Inspector Saralkar Mystery,by Salil Desai,189,4.4,188,4.5
9352779398,"Let's Talk Money: You've Worked Hard for It, Now Make It Work for You",by Monika Halan,367,4.5,248,4.6
8129142147,One Indian Girl,Chetan Bhagat,96,3.6 out of 5 stars,112,4.2
1784703931,Homo Deus: A Brief History of Tomorrow,by Yuval Noah Harari,344,4.5,270,4.5
9386338904,Lone Fox Dancing: My Autobiography,by Ruskin Bond,315,4.8,450,4.7
1408855658,Harry Potter and the Philosopher's Stone,by J.K. Rowling,299,4.7,234,4.6
9352641345,"Ready, Study, Go!: Smart Ways to Learn",by Khurshed Batliwala,178,4.5,178,4.4
9385152149,Ram - Scion of Ikshvaku (Book 1 - Ram Chandra Series): 2015 Edition with Updated...,by Amish Tripathi,240,4.1,240,4.4
8172344880,The Origin of Species,by Charles Darwin,189,4.3,188,4.4
1408711702,Fantastic Beasts: The Crimes of Grindelwald: The Original Screenplay (Fantastic...,by J.K. Rowling,434,4.8,434,4.8
9385880160,Indian Polity (Telugu Version),by M. Laxmikanth,599,4.2,497,4.3
9352643925,Adiyogi: The Source of Yoga,by Sadhguru,178,4.6,178,4.6
8183225101,Miracles of Your Mind,by Dr. Joseph Murphy,72,4.2,117,4.3
8186775811,The Business School,by Robert T. Kiyosaki,108,4.5,154,4.5
8131716775,A History of Ancient and Early Medieval India: From the Stone Age to the 12th...,by Upinder Singh,504,4.4,483,4.5
9352751183,The Dragon of Fortune (Geronimo Stilton and the Kingdom of Fantasy: Special Edition...,by Geronimo Stilton,510,4.6,510,4.6
9387504921,Oswaal CBSE Question Bank Class 10 Social Science Chapterwise and Topicwise (...,by Oswaal Editorial Board,320,4.7,303,4.4
8184958455,Mossad,by Michael Bar-Zohar - Import,340,4.6,280,4.5
8173711461,Wings of Fire: An Autobiography of Abdul Kalam,Not Available,194,4.6 out of 5 stars,265,4.6
1408711702,Fantastic Beasts: The Crimes of Grindelwald: The Original Screenplay (Fantastic...,by J.K. Rowling,434,4.8,434,4.8
8184005849,You’re the Password to My Life,by Sudeep Nagarkar,102,4.2,131,4.3
9387944891,"The 5 AM Club: Own Your Morning, Elevate Your Life",Robin Sharma,199,4.3 out of 5 stars,210,4.6
9386867168,Commando,by Michael Bar-Zohar,333,3.7,298,4.4
8125057234,From Plassey To Partition and After,by Sekhar Bandyopadhyay,260,4.3,265,4.5
9387944891,"The 5 AM Club: Own Your Morning, Elevate Your Life",Robin Sharma,199,4.3 out of 5 stars,210,4.6
8192910962,The Power of your Subconscious Mind,Joseph Murphy,65,4.5 out of 5 stars,94,4.5
9386338904,Lone Fox Dancing: My Autobiography,by Ruskin Bond,315,4.8,450,4.7
8192910911,Think and Grow Rich,Napoleon Hill,64,4.6 out of 5 stars,94,4.5
8175994479,12 Years a Slave,by Solomon Northup,99,4.5,140,4.4
9386224445,The Rise of Sivagami: Book 1 of Baahubali - Before the Beginning,by Anand Neelakantan,162,4.1,162,4.4
9387516806,Business Studies Class- 11 - CBSE-2018,by Poonam Gandhi,350,4.9,342,4.5
8172344449,Don'T Kill Him!: The Story Of My Life With Bhagwan Rajneesh,by Ma Anand Sheela,189,3.6,188,3.6
8184511523,India Map,by Dreamland Publications,91,4.6,104,4.3
8184958455,Mossad,by Michael Bar-Zohar - Import,340,4.6,280,4.5
1405206195,The adventures of Tintin: King Ottokar's Sceptre,by Herge,379,4.6,399,4.7
9351194736,Introduction to Information Security and Cyber Laws,by Surya Prakash Tripathi,332,1.0,341,4
8172234937,The Other Side of Midnight,by Sidney Sheldon,209,4.3,209,4.5
9385152149,Ram - Scion of Ikshvaku (Book 1 - Ram Chandra Series): 2015 Edition with Updated...,by Amish Tripathi,240,4.1,240,4.4
8131716775,A History of Ancient and Early Medieval India: From the Stone Age to the 12th...,by Upinder Singh,504,4.4,483,4.5
9351776425,Ivory Throne: Chronicles of the House of Travancore,by Manu S. Pillai,433,4.3,468,4.6
8180320235,"Know Your Worth: Stop Thinking, Start Doing (General Press)",by N K Sondhi,221,4.4,251,4.3
9351035492,Geronimo Stilton and the Kingdom of Fantasy #7: The Enchanted Charms,by Geronimo Stilton - Illustrated,373,4.7,392,4.5
8184953070,Corporate Chanakya on Leadership (With CD),by Radhakrishnan Pillai,284,4.4,232,4.3
8189535196,The Holy Science,by Swami Sri Yukteswar Giri,75,4.6,104,4.6
8129124912,My Journey: Transforming Dreams into Actions,by A.P.J. Abdul Kalam,180,4.7,112,4.6
9332551731,NTA UGC NET/SET/JRF - Paper 1: Teaching and Research Aptitude by Pearson,KVS Madaan,216,4.4 out of 5 stars,249,4.4
9386036754,Everyone Has A Story,by Savi Sharma,100,4.1,125,4.3
8172235011,Light on Yoga: The Classic Guide to Yoga by the World's Foremost Authority,by B.K.S. Iyengar,298,4.5,298,4.5
8172345666,The Power of Your Subconscious Mind: Unlock Your Master Key to Success,by Joseph Murphy,75,4.5,169,4.5
8172234902,Tell Me your Dreams,by Sidney Sheldon,209,4.4,209,4.5
9387504921,Oswaal CBSE Question Bank Class 10 Social Science Chapterwise and Topicwise (...,by Oswaal Editorial Board,320,4.7,303,4.4
8172234988,The Alchemist,Paulo Coelho,182,4.6 out of 5 stars,209,4.6
8170289262,Inspiring Thoughts (Inspiring Thoughts Quotation Series),by Swami Vivekanand,107,4.2,107,4.1
1408855658,Harry Potter and the Philosopher's Stone,by J.K. Rowling,299,4.7,234,4.6
8131716775,A History of Ancient and Early Medieval India: From the Stone Age to the 12th...,by Upinder Singh,504,4.4,483,4.5
8192910962,The Power of your Subconscious Mind,Joseph Murphy,65,4.5 out of 5 stars,94,4.5
8129118920,Great Stories for Children,by Ruskin Bond,182,4.4,118,4.4
8173711461,Wings of Fire: An Autobiography of Abdul Kalam,Not Available,194,4.6 out of 5 stars,265,4.6
9351772624,The Wellness Sense: A Practical Guide to your Physical and Emotional Health Based...,by Om Swami,178,4.8,178,4.5
8192910903,1984,George Orwell,88,4.4 out of 5 stars,99,4.5
9386228343,Indira: India’s Most Powerful Prime Minister,by Sagarika Ghose,508,1.4,359,4.5
9382665889,You are My Reason to Smile,by Arpit Vageria,88,4.4,101,4.3
8172238975,My Story,by Kamala Das,178,4.5,178,4.3
9350944308,Handbook of Computer Science & IT,by Surbhi Mitra,190,3.9,120,4.2
8173711461,Wings of Fire: An Autobiography of Abdul Kalam,Not Available,194,4.6 out of 5 stars,265,4.6
1408711702,Fantastic Beasts: The Crimes of Grindelwald: The Original Screenplay (Fantastic...,by J.K. Rowling,434,4.8,434,4.8
9350944308,Handbook of Computer Science & IT,by Surbhi Mitra,190,3.9,120,4.2
1909531618,The Book Thief (Definitions Young Adult),by Markus Zusak,379,4.5,320,4.5
9385152149,Ram - Scion of Ikshvaku (Book 1 - Ram Chandra Series): 2015 Edition with Updated...,by Amish Tripathi,240,4.1,240,4.4
8193876784,Ageless: A Yogi's Secrets To A Long And Healthy Life,by Sharath Jois,193,5.0,193,5
1422157970,HBR's 10 Must Reads: On Leadership (Harvard Business Review Must Reads),by HBR,600,4.8,563,4.7
8183222714,Living With the Himalayan Masters,by Swami Rama,232,4.9,232,4.2
8129124912,My Journey: Transforming Dreams into Actions,by A.P.J. Abdul Kalam,180,4.7,112,4.6
8184005210,How to Memorize Anything: The Ultimate Handbook to Enlighten and Improve Your...,by Aditi Singhal,242,4.4,255,4.3
8183071007,Word Power Made Easy,Norman Lewis,76,4.4 out of 5 stars,111,4.4
8190565583,You Can Heal Your Life,by Louise L. Hay,252,4.6,252,4.4
8129144972,The Perfect Murder,by Ruskin Bond - Import,195,3.8,118,4.3
8172344562,The Great Gatsby,F. Scott Fitzgerald,47,4.1 out of 5 stars,142,4.4
9387504832,Oswaal CBSE Question Bank Class 9 Science Chapterwise and Topicwise (For March...,by Oswaal Editorial Board,295,4.6,265,4.4
8189530917,Law of Torts With Consumer Protection Act,by RK Bangia,434,4.2,438,4.4
8184005210,How to Memorize Anything: The Ultimate Handbook to Enlighten and Improve Your...,by Aditi Singhal,242,4.4,255,4.3
9350294311,"Romancing the Balance Sheet: For Anyone Who Owns, Runs or Manages a Business",by Anil Lamba,477,4.5,477,4.5
8129135507,One Night @ The Call Centre,by Chetan Bhagat,106,4.0,113,4.3
9312149008,CBSE All  in One Chemistry CBSE Class 12 for 2018 - 19,by Indu Gupta,260,4.4,260,4.5
8192910911,Think and Grow Rich,Napoleon Hill,64,4.6 out of 5 stars,94,4.5
9386036754,Everyone Has A Story,by Savi Sharma,100,4.1,125,4.3
8179925919,The Theory of Everything,Stephen Hawking,111,4.5 out of 5 stars,190,4.2
9380349246,Nothing Lasts Forever,by Vish Dhamija,105,3.9,105,4.3
8129144972,The Perfect Murder,by Ruskin Bond - Import,195,3.8,118,4.3
9387421627,"CDS 12 Years Topic-wise Solved Papers Mathematics, English & General Knowledge...",by Disha Experts,363,3.8,403,4
8172235151,Devil and Miss Prym,by Paulo Coelho,218,4.1,218,4.3
9386224585,Sita: Warrior of Mithila (Ram Chandra),by Amish Tripathi,226,4.3,226,4.6
9387944891,"The 5 AM Club: Own Your Morning, Elevate Your Life",Robin Sharma,199,4.3 out of 5 stars,210,4.6
8131733092,"Computer Fundamentals, 1e",by Goel,349,4.2,455,4.3
8183225101,Miracles of Your Mind,by Dr. Joseph Murphy,72,4.2,117,4.3
9351777499,"India's Wars: A Military History, 1947-1971",by Arjun Subramaniam,415,4.5,473,4.6
9351777499,"India's Wars: A Military History, 1947-1971",by Arjun Subramaniam,415,4.5,473,4.6
8172234856,Nothing Lasts Forever,by Sidney Sheldon,266,4.2,280,4.5
9385724223,The Secret of the Druids (Mahabharata Quest Series Book 2),by Christopher C. Doyle,179,4.1,209,4.3
9386850648,Keepers of the Kalachakra: Book 5 in the Bharat Series of Historical and Mythological...,by Ashwin Sanghi,100,4.0,231,4.4
8192910903,1984,George Orwell,88,4.4 out of 5 stars,99,4.5
8172234988,The Alchemist,Paulo Coelho,182,4.6 out of 5 stars,209,4.6
9351776425,Ivory Throne: Chronicles of the House of Travancore,by Manu S. Pillai,433,4.3,468,4.6
8184511213,World Map,by Dreamland Publications,91,4.5,130,4.4
8184951191,The Leader Who Had No Title,by Robin Sharma,189,4.4,160,4.4
1471133443,Hero (Secret (Rhonda Byrne)),by Rhonda Byrne,639,4.4,559,4.5
9387944891,"The 5 AM Club: Own Your Morning, Elevate Your Life",Robin Sharma,199,4.3 out of 5 stars,210,4.6
8170289262,Inspiring Thoughts (Inspiring Thoughts Quotation Series),by Swami Vivekanand,107,4.2,107,4.1
8175994258,3 and a Half Murders: An Inspector Saralkar Mystery,by Salil Desai,189,4.4,188,4.5
9352779398,"Let's Talk Money: You've Worked Hard for It, Now Make It Work for You",by Monika Halan,367,4.5,248,4.6
8184511213,World Map,by Dreamland Publications,91,4.5,130,4.4
9388026586,24 Years UPSC IAS/ IPS Prelims Topic-wise Solved Papers 1 & 2 (1995-2018),Disha Experts,270,4.3 out of 5 stars,325,4.5
8179925919,The Theory of Everything,Stephen Hawking,111,4.5 out of 5 stars,190,4.2
1408855674,Harry Potter and the Prisoner of Azkaban (Harry Potter 3),by J.K. Rowling,374,4.4,314,4.6
8180320928,The Law of Success: In Sixteen Lessons (General Press),by Napoleon Hill,371,4.4,421,3
8175994258,3 and a Half Murders: An Inspector Saralkar Mystery,by Salil Desai,189,4.4,188,4.5
9332551731,NTA UGC NET/SET/JRF - Paper 1: Teaching and Research Aptitude by Pearson,KVS Madaan,216,4.4 out of 5 stars,249,4.4
9387944891,"The 5 AM Club: Own Your Morning, Elevate Your Life",Robin Sharma,199,4.3 out of 5 stars,210,4.6
8128824287,Corporate Guru Dhirubhai Ambani,by Prateeksha M. Tiwari,101,3.3,101,4.6
8186775811,The Business School,by Robert T. Kiyosaki,108,4.5,154,4.5
8184950314,The Greatest Short Stories of Leo Tolstoy,by Leo Tolstoy,189,4.5,184,4.6
1408855658,Harry Potter and the Philosopher's Stone,by J.K. Rowling,299,4.7,234,4.6
9386850648,Keepers of the Kalachakra: Book 5 in the Bharat Series of Historical and Mythological...,by Ashwin Sanghi,100,4.0,231,4.4
1408711702,Fantastic Beasts: The Crimes of Grindelwald: The Original Screenplay (Fantastic...,by J.K. Rowling,434,4.8,434,4.8
8172234864,Bloodline,by Sidney Sheldon,280,4.3,280,4.5
9350291606,Kiss That Frog : 12 Great Ways To Turn Negatives Into Positives In Your Life...,by Brian Tracy,101,4.5,119,4.4
8193503309,Dharmayoddha Kalki: Avatar of Vishnu (Book 1),by Kevin Missal,179,4.2,188,4.5
9386850648,Keepers of the Kalachakra: Book 5 in the Bharat Series of Historical and Mythological...,by Ashwin Sanghi,100,4.0,231,4.4
8129144514,Lanka’s Princess,by Kavita Kanè - Import,272,4.1,178,4.5
1780220251,Jerusalem: The Biography,by Simon Sebag Montefiore,524,4.6,352,4.4
9386224399,This Is Not Your Story,by Savi Sharma,100,4.5,125,4.3
9312147307,General Knowledge 2019,Manohar Pandey,19,4.2 out of 5 stars,30,4.3
8192910997,How to Win Friends and Influence People,Dale Carnegie,79,4.5 out of 5 stars,130,4.5
8121903645,History of Medieval India,by V D Mahajan,364,3.9,394,4.1
1451696191,The Perks of Being a Wallflower,by Stephen Chbosky,186,4.4,186,4.5
9352770145,I Do What I Do,by Raghuram G. Rajan,363,4.3,436,4.6
9380349300,Life is What You Make It,Preeti Shenoy,75,4.0 out of 5 stars,86,4.1
9312149431,CBSE All  In One English Language and Literature CBSE Class 9 (based on Books...,by Gajendra Singh,234,4.3,209,4.5
8184958455,Mossad,by Michael Bar-Zohar - Import,340,4.6,280,4.5
8172345666,The Power of Your Subconscious Mind: Unlock Your Master Key to Success,by Joseph Murphy,75,4.5,169,4.5
8172345666,The Power of Your Subconscious Mind: Unlock Your Master Key to Success,by Joseph Murphy,75,4.5,169,4.5
8172234902,Tell Me your Dreams,by Sidney Sheldon,209,4.4,209,4.5
8172344880,The Origin of Species,by Charles Darwin,189,4.3,188,4.4
8192910997,How to Win Friends and Influence People,Dale Carnegie,79,4.5 out of 5 stars,130,4.5
1509867767,Tell Tale,by Jeffrey Archer,269,4.4,255,4.5
8186775056,Questions Are the Answers,by Allan Pease,83,4.4,76,4.4
9386338904,Lone Fox Dancing: My Autobiography,by Ruskin Bond,315,4.8,450,4.7
9351368068,If Truth Be Told: A Monk's Memoir,by Om Swami,311,4.7,311,4.5
8172343116,Mahatma Gandhi Autobiography: The Story Of My Experiments With Truth,by Mahatma Gandhi,99,4.4,166,4.5
9386224445,The Rise of Sivagami: Book 1 of Baahubali - Before the Beginning,by Anand Neelakantan,162,4.1,162,4.4
1408711702,Fantastic Beasts: The Crimes of Grindelwald: The Original Screenplay (Fantastic...,by J.K. Rowling,434,4.8,434,4.8
8172345666,The Power of Your Subconscious Mind: Unlock Your Master Key to Success,by Joseph Murphy,75,4.5,169,4.5
9382618341,The Oath of the Vayuputras (Shiva Trilogy),by Amish Tripathi,282,4.4,282,4.4
1408711702,Fantastic Beasts: The Crimes of Grindelwald: The Original Screenplay (Fantastic...,by J.K. Rowling,434,4.8,434,4.8
8170286840,Inspiring Thoughts (Inspiring Thoughts Quotation Series),by A.P.J. Abdul Kalam,120,4.1,149,4.2
1847923674,When Breath Becomes Air,by Paul Kalanithi,332,4.6,332,4.6
8125054510,integration of the Indian States,by V.P. Menon,720,4.6,822,4.8
8129144514,Lanka’s Princess,by Kavita Kanè - Import,272,4.1,178,4.5
8179922324,Who Will Cry When You Die?,Robin Sharma,103,4.4 out of 5 stars,115,4.4
9383643242,A Handbook on Computer Science & IT - Illustrated Formulae & Key Theory Concepts,by Made Easy Editorial Board,247,4.0,191,4.3
9386224585,Sita: Warrior of Mithila (Ram Chandra),by Amish Tripathi,226,4.3,226,4.6
9387067548,Indian Art and Culture,by Nitin Singhania,412,4.5,390,4.6
9382665781,A Murder in Gurgaon,by Manish Dubey,106,3.9,106,4.1
8179925919,The Theory of Everything,Stephen Hawking,111,4.5 out of 5 stars,190,4.2
9387944891,"The 5 AM Club: Own Your Morning, Elevate Your Life",Robin Sharma,199,4.3 out of 5 stars,210,4.6
9385152149,Ram - Scion of Ikshvaku (Book 1 - Ram Chandra Series): 2015 Edition with Updated...,by Amish Tripathi,240,4.1,240,4.4
8172345135,Metamorphosis,by Franz Kafka,69,4.2,94,4.4
9382665307,That Frequent Visitor: Every Face has a darker side,by K. Hari Kumar,93,3.7,90,4
8179925919,The Theory of Everything,Stephen Hawking,111,4.5 out of 5 stars,190,4.2
8193769716,Manorama Yearbook 2019 ( English),Not Available,228,4.5 out of 5 stars,228,4.6
8172234937,The Other Side of Midnight,by Sidney Sheldon,209,4.3,209,4.5
9388036573,Oswaal CBSE Sample Question Paper Class 9 Science (For March 2019 Exam),by Oswaal Editorial Board,151,4.8,150,4.4
9350097605,Indian Mammals: A Field Guide,by Vivek Menon,775,4.8,777,4.6
9312148907,Indian Coast Guard Navik General Duty Guide 2018,by Arihant Experts,202,4.8,215,4
8170286840,Inspiring Thoughts (Inspiring Thoughts Quotation Series),by A.P.J. Abdul Kalam,120,4.1,149,4.2
9351777499,"India's Wars: A Military History, 1947-1971",by Arjun Subramaniam,415,4.5,473,4.6
8184007485,The Great Indian Diet,by Shilpa Shetty Kundra,161,4.0,161,4
8129149567,I Tagged Her in My Heart,by Anuj Tiwari - Import,100,4.7,109,4.5
8175994193,Macbeth,by William Shakespeare,99,4.3,117,4.4
9386224399,This Is Not Your Story,by Savi Sharma,100,4.5,125,4.3
9311124559,CCC (Course on Computer Concepts) Study Guide,by Arihant Experts,147,4.3,125,4.2
9386850648,Keepers of the Kalachakra: Book 5 in the Bharat Series of Historical and Mythological...,by Ashwin Sanghi,100,4.0,231,4.4
9351777499,"India's Wars: A Military History, 1947-1971",by Arjun Subramaniam,415,4.5,473,4.6
8175994479,12 Years a Slave,by Solomon Northup,99,4.5,140,4.4
9384761540,General Knowledge,Not Available,156,4.4 out of 5 stars,180,4.4
8172344503,Pride & Prejudice,by Jane Austen,79,4.3,182,4.4
8184950888,The Art of War,by Sun Tzu,175,4.3,210,4.3
8179925919,The Theory of Everything,Stephen Hawking,111,4.5 out of 5 stars,190,4.2
8129118920,Great Stories for Children,by Ruskin Bond,182,4.4,118,4.4
9385152149,Ram - Scion of Ikshvaku (Book 1 - Ram Chandra Series): 2015 Edition with Updated...,by Amish Tripathi,240,4.1,240,4.4
8192910903,1984,George Orwell,88,4.4 out of 5 stars,99,4.5
8172345666,The Power of Your Subconscious Mind: Unlock Your Master Key to Success,by Joseph Murphy,75,4.5,169,4.5
9385152149,Ram - Scion of Ikshvaku (Book 1 - Ram Chandra Series): 2015 Edition with Updated...,by Amish Tripathi,240,4.1,240,4.4
8184955235,M S Dhoni: Captain Cool,by Ayaz Memon - Import,110,4.3,150,4.3
8172345666,The Power of Your Subconscious Mind: Unlock Your Master Key to Success,by Joseph Murphy,75,4.5,169,4.5
8175994479,12 Years a Slave,by Solomon Northup,99,4.5,140,4.4
9387067718,Bharatiya Kala Evam Sanskriti,by Nitin Singhania,370,4.6,370,4.5
8175993952,How to Stop Worrying and Start Living: Time-Tested Methods for Conquering Worry,Dale Carnegie,88,4.5 out of 5 stars,125,4.4
8184511523,India Map,by Dreamland Publications,91,4.6,104,4.3
8172235410,Light on Pranayama,by B.K.S. Iyengar,248,4.3,248,4.5
9382618341,The Oath of the Vayuputras (Shiva Trilogy),by Amish Tripathi,282,4.4,282,4.4
8190565583,You Can Heal Your Life,by Louise L. Hay,252,4.6,252,4.4
8172234988,The Alchemist,Paulo Coelho,182,4.6 out of 5 stars,209,4.6
8182742757,Kya Apka Doctor Poshak Tatvon Ke Bare Mein Jantaa Hai,by Ray D. Strand,185,4.2,198,4.5
9352644875,Eat Delete Junior: Child Nutrition for Zero to Fifteen Years,by Pooja Makhija,239,3.8,176,4.1
8172234856,Nothing Lasts Forever,by Sidney Sheldon,266,4.2,280,4.5
9380349300,Life is What You Make It,Preeti Shenoy,75,4.0 out of 5 stars,86,4.1
9384761540,General Knowledge,Not Available,156,4.4 out of 5 stars,180,4.4
8179922324,Who Will Cry When You Die?,Robin Sharma,103,4.4 out of 5 stars,115,4.4
9351415708,CBSE NCERT Solutions - Science for Class 9 for 2018 - 19,by Kanchan Upreti,92,4.2,92,4.5
9387504913,Oswaal CBSE Question Bank Class 10 Science Chapterwise and Topicwise (For March 2019 Exam),Not Available,247,4.6 out of 5 stars,247,4.5
8179925919,The Theory of Everything,Stephen Hawking,111,4.5 out of 5 stars,190,4.2
9382618341,The Oath of the Vayuputras (Shiva Trilogy),by Amish Tripathi,282,4.4,282,4.4
8173711461,Wings of Fire: An Autobiography of Abdul Kalam,Not Available,194,4.6 out of 5 stars,265,4.6
9352685482,Harappa - Curse of the Blood River,by Vineet Bajpai,185,4.1,132,4.4
8172234864,Bloodline,by Sidney Sheldon,280,4.3,280,4.5
9382665870,Her Last Wish,by Ajay K. Pandey,88,4.7,101,4.5
8172345666,The Power of Your Subconscious Mind: Unlock Your Master Key to Success,by Joseph Murphy,75,4.5,169,4.5
8192910903,1984,George Orwell,88,4.4 out of 5 stars,99,4.5
8184005849,You’re the Password to My Life,by Sudeep Nagarkar,102,4.2,131,4.3
1408855674,Harry Potter and the Prisoner of Azkaban (Harry Potter 3),by J.K. Rowling,374,4.4,314,4.6
9352607996,Object-Oriented Programming with C++,by E Balagurusamy,371,4.5,371,4.5
9385152149,Ram - Scion of Ikshvaku (Book 1 - Ram Chandra Series): 2015 Edition with Updated...,by Amish Tripathi,240,4.1,240,4.4
8170286840,Inspiring Thoughts (Inspiring Thoughts Quotation Series),by A.P.J. Abdul Kalam,120,4.1,149,4.2
9352607996,Object-Oriented Programming with C++,by E Balagurusamy,371,4.5,371,4.5
9353025982,The Forest of Enchantments,Chitra Banerjee Divakaruni,373,4.6 out of 5 stars,373,4.9
8179918564,Right Parenting: New Age Parenting and Child-Health Handbook,by Mandar V. Bichu,370,5.0,395,4.7
8172343116,Mahatma Gandhi Autobiography: The Story Of My Experiments With Truth,by Mahatma Gandhi,99,4.4,166,4.5
9387944891,"The 5 AM Club: Own Your Morning, Elevate Your Life",Robin Sharma,199,4.3 out of 5 stars,210,4.6
9387504832,Oswaal CBSE Question Bank Class 9 Science Chapterwise and Topicwise (For March...,by Oswaal Editorial Board,295,4.6,265,4.4
9312149601,All In One Science - Class 10 (2018-19 Session),by Arihant Experts,298,4.4,274,4.5
8172344562,The Great Gatsby,F. Scott Fitzgerald,47,4.1 out of 5 stars,142,4.4
9352607996,Object-Oriented Programming with C++,by E Balagurusamy,371,4.5,371,4.5
9352704339,Self-Assessment & Review Medicine (Part A & B) (PGMEE),by Mudit Khanna,1,3.3,1235,4.5
9386224585,Sita: Warrior of Mithila (Ram Chandra),by Amish Tripathi,226,4.3,226,4.6
9387504921,Oswaal CBSE Question Bank Class 10 Social Science Chapterwise and Topicwise (...,by Oswaal Editorial Board,320,4.7,303,4.4
8172235631,Eleven Minutes,by Paulo Coelho,167,4.2,209,4.4
9386850567,The Heartfulness Way: Heart-Based Meditations for Spiritual Transformation,by Kamlesh D. Patel,189,4.9,189,4.7
1409323498,The Animal Book: A Visual Encyclopedia of Life on Earth (Reference),by DK,781,4.8,563,4.6
9380349246,Nothing Lasts Forever,by Vish Dhamija,105,3.9,105,4.3
9352641345,"Ready, Study, Go!: Smart Ways to Learn",by Khurshed Batliwala,178,4.5,178,4.4
1405911662,"The Husband's Secret: From the bestselling author of Big Little Lies, now an...",by Liane Moriarty,221,3.6,340,4.4
8172345666,The Power of Your Subconscious Mind: Unlock Your Master Key to Success,by Joseph Murphy,75,4.5,169,4.5
9312149008,CBSE All  in One Chemistry CBSE Class 12 for 2018 - 19,by Indu Gupta,260,4.4,260,4.5
9312149601,All In One Science - Class 10 (2018-19 Session),by Arihant Experts,298,4.4,274,4.5
9350293471,Turning Points : A Journey Through Challanges: A Journey Through Challenges,by A.P.J. Abdul Kalam - Abridged,135,4.7,150,4.5
8182744466,Copycat Marketing 101,by Burke Hedges,90,4.2,125,4.3
9312140221,CTET Success Master Science Social/Studies Paper-II  for Class VI-VIII,by Arihant Experts,275,4.2,286,4.3
9351772071,Attitude Is Everything: Change Your Attitude ... Change Your Life!,Jeff Keller,105,4.6 out of 5 stars,118,4.5
8179925919,The Theory of Everything,Stephen Hawking,111,4.5 out of 5 stars,190,4.2
1408855666,Harry Potter and the Chamber of Secrets (Harry Potter 2),by J.K. Rowling,374,4.7,374,4.7
9386021102,Why I Am a Hindu,by Dr. Shashi Tharoor,299,3.4,324,4.4
8193237234,Indian Superfoods: Change the Way You Eat,by Rujuta Diwekar,269,4.1,225,4.3
8129118920,Great Stories for Children,by Ruskin Bond,182,4.4,118,4.4
9384850098,I am The Mind,by Deep Trivedi,236,4.1,199,4.3
9352643925,Adiyogi: The Source of Yoga,by Sadhguru,178,4.6,178,4.6
9382618341,The Oath of the Vayuputras (Shiva Trilogy),by Amish Tripathi,282,4.4,282,4.4
9313163292,40 Years' Chapterwise Topicwise Solved Papers (2018-1979) IIT JEE Physics,DC. Pandey,191,4.1 out of 5 stars,237,4.5
9351772071,Attitude Is Everything: Change Your Attitude ... Change Your Life!,Jeff Keller,105,4.6 out of 5 stars,118,4.5
8192910903,1984,George Orwell,88,4.4 out of 5 stars,99,4.5
9313163292,40 Years' Chapterwise Topicwise Solved Papers (2018-1979) IIT JEE Physics,DC. Pandey,191,4.1 out of 5 stars,237,4.5
8172234988,The Alchemist,Paulo Coelho,182,4.6 out of 5 stars,209,4.6
8172234902,Tell Me your Dreams,by Sidney Sheldon,209,4.4,209,4.5
9352770102,Note by Note: The India Story 1947-2017,by A. Bhardwaj - Import,269,4.8,295,4
8172345135,Metamorphosis,by Franz Kafka,69,4.2,94,4.4
8129118920,Great Stories for Children,by Ruskin Bond,182,4.4,118,4.4
8172345666,The Power of Your Subconscious Mind: Unlock Your Master Key to Success,by Joseph Murphy,75,4.5,169,4.5
8184001053,"Don't Lose Your Mind, Lose Your Weight",Rujuta Diwekar,118,4.5 out of 5 stars,143,4.3
8193387619,Jane Eyre,by Charlotte Bronte,88,4.3,99,4.5
1408711702,Fantastic Beasts: The Crimes of Grindelwald: The Original Screenplay (Fantastic...,by J.K. Rowling,434,4.8,434,4.8
8173711461,Wings of Fire: An Autobiography of Abdul Kalam,Not Available,194,4.6 out of 5 stars,265,4.6
8172344562,The Great Gatsby,F. Scott Fitzgerald,47,4.1 out of 5 stars,142,4.4
8129135744,The Dramatic Decade: The Indira Gandhi Years,by Pranab Mukherjee,199,3.7,338,4.4
9386228580,Sanjay Dutt: The Crazy Untold Story of Bollywood’s Bad Boy,by Yasser Usman,293,4.2,264,4.5
9387504921,Oswaal CBSE Question Bank Class 10 Social Science Chapterwise and Topicwise (...,by Oswaal Editorial Board,320,4.7,303,4.4
8183221629,What Your Doctor Doesn'T Know About Nutritional Medicine May beKilling You,by Ray D. Strand. M.D.,150,4.1,150,4.2
8173711461,Wings of Fire: An Autobiography of Abdul Kalam,Not Available,194,4.6 out of 5 stars,265,4.6
9386224585,Sita: Warrior of Mithila (Ram Chandra),by Amish Tripathi,226,4.3,226,4.6
8182744466,Copycat Marketing 101,by Burke Hedges,90,4.2,125,4.3
9382665870,Her Last Wish,by Ajay K. Pandey,88,4.7,101,4.5
8179925919,The Theory of Everything,Stephen Hawking,111,4.5 out of 5 stars,190,4.2
9386867508,Emotion and Relationships,Sadhguru,138,4.7 out of 5 stars,159,4.6
8172345666,The Power of Your Subconscious Mind: Unlock Your Master Key to Success,by Joseph Murphy,75,4.5,169,4.5
9388026586,24 Years UPSC IAS/ IPS Prelims Topic-wise Solved Papers 1 & 2 (1995-2018),Disha Experts,270,4.3 out of 5 stars,325,4.5
9382618341,The Oath of the Vayuputras (Shiva Trilogy),by Amish Tripathi,282,4.4,282,4.4
8179922324,Who Will Cry When You Die?,Robin Sharma,103,4.4 out of 5 stars,115,4.4
9386224585,Sita: Warrior of Mithila (Ram Chandra),by Amish Tripathi,226,4.3,226,4.6
8190256211,Autobiography of a Yogi (Complete Hindi Edition),by Paramahansa Yogananda,161,4.8,210,4.5
9311130796,Social Science & Pedagogy for CTET & TETs Class VI-VIII,by Arihant Experts,136,4.3,138,4.2
9352685482,Harappa - Curse of the Blood River,by Vineet Bajpai,185,4.1,132,4.4
1847946240,"The Power of Habit: Why We Do What We Do, and How to Change",Charles Duhigg,286,4.4 out of 5 stars,305,4.4
9380349300,Life is What You Make It,Preeti Shenoy,75,4.0 out of 5 stars,86,4.1
9382618341,The Oath of the Vayuputras (Shiva Trilogy),by Amish Tripathi,282,4.4,282,4.4
8184005210,How to Memorize Anything: The Ultimate Handbook to Enlighten and Improve Your...,by Aditi Singhal,242,4.4,255,4.3
9385887815,Geronimo Stilton and the Kingdom of Fantasy #8 - The Hour of Magic,by Geronimo Stilton,274,4.6,360,4.5
9312149601,All In One Science - Class 10 (2018-19 Session),by Arihant Experts,298,4.4,274,4.5
8184511523,India Map,by Dreamland Publications,91,4.6,104,4.3
8172344562,The Great Gatsby,F. Scott Fitzgerald,47,4.1 out of 5 stars,142,4.4
8173711461,Wings of Fire: An Autobiography of Abdul Kalam,Not Available,194,4.6 out of 5 stars,265,4.6
8172343116,Mahatma Gandhi Autobiography: The Story Of My Experiments With Truth,by Mahatma Gandhi,99,4.4,166,4.5
1861974043,The Concise 48 Laws Of Power (The Robert Greene Collection),by Robert Greene,283,4.2,279,4.3
8129135744,The Dramatic Decade: The Indira Gandhi Years,by Pranab Mukherjee,199,3.7,338,4.4
8193237234,Indian Superfoods: Change the Way You Eat,by Rujuta Diwekar,269,4.1,225,4.3
8179925919,The Theory of Everything,Stephen Hawking,111,4.5 out of 5 stars,190,4.2
9384761141,Lucent's General Science (2018-2019) Session,Not Available,150,4.1 out of 5 stars,183,4.2
8179925919,The Theory of Everything,Stephen Hawking,111,4.5 out of 5 stars,190,4.2
9313166755,How to Crack Test Of Reasoning,by Jaikishan,142,5.0,232,4.3
9351777499,"India's Wars: A Military History, 1947-1971",by Arjun Subramaniam,415,4.5,473,4.6
8184959893,Little Black Book for Stunning Success + Tools for Action Mastery,by Robin Sharma,220,4.4,220,4.4
9352607996,Object-Oriented Programming with C++,by E Balagurusamy,371,4.5,371,4.5
8172344562,The Great Gatsby,F. Scott Fitzgerald,47,4.1 out of 5 stars,142,4.4
8192910911,Think and Grow Rich,Napoleon Hill,64,4.6 out of 5 stars,94,4.5
9312147188,Understanding Physics for JEE Main & Advanced Electricity & Magnetism,by DC Pandey,277,4.3,327,4.6
9386643723,Murder in a Minute,by Shouvik Bhattacharya,188,4.4,162,4.4
9387944891,"The 5 AM Club: Own Your Morning, Elevate Your Life",Robin Sharma,199,4.3 out of 5 stars,210,4.6
9386643723,Murder in a Minute,by Shouvik Bhattacharya,188,4.4,162,4.4
8179926877,The Greatest Salesman in the World,by Og Mandino,109,4.3,109,4.5
1846042135,Freedom from the Known,by J Krishnamurti,213,4.6,195,4.6
9386224585,Sita: Warrior of Mithila (Ram Chandra),by Amish Tripathi,226,4.3,226,4.6
9352641345,"Ready, Study, Go!: Smart Ways to Learn",by Khurshed Batliwala,178,4.5,178,4.4
8184001053,"Don't Lose Your Mind, Lose Your Weight",Rujuta Diwekar,118,4.5 out of 5 stars,143,4.3
8172234864,Bloodline,by Sidney Sheldon,280,4.3,280,4.5
9313163306,40 Years Chapterwise Topicwise Solved Papers (2018-1979) IIT JEE Chemistry,Ranjeet Shahi,225,4.4 out of 5 stars,247,4.5
8184950314,The Greatest Short Stories of Leo Tolstoy,by Leo Tolstoy,189,4.5,184,4.6
8192910911,Think and Grow Rich,Napoleon Hill,64,4.6 out of 5 stars,94,4.5
8172345135,Metamorphosis,by Franz Kafka,69,4.2,94,4.4
9382665870,Her Last Wish,by Ajay K. Pandey,88,4.7,101,4.5
1501124021,Principles: Life and Work,by Ray Dalio,864,4.4,733,4.8
9350571099,Children's Encyclopedia - The World of Knowledge: Familiarising Children with...,by V&S Editorial Board,643,4.0,975,4.2
9351952967,The Vedas and Upanishads for Children,by Roopa Pai,238,3.0,238,4.9
9386224585,Sita: Warrior of Mithila (Ram Chandra),by Amish Tripathi,226,4.3,226,4.6
9385152149,Ram - Scion of Ikshvaku (Book 1 - Ram Chandra Series): 2015 Edition with Updated...,by Amish Tripathi,240,4.1,240,4.4
8193769716,Manorama Yearbook 2019 ( English),Not Available,228,4.5 out of 5 stars,228,4.6
8126713968,Rag Darbari,by Shrilal Shukla,200,4.5,227,4.6
9381626812,Chanakya's Chant: Book 2 in the Bharat Series of Historical and Mythological...,by Ashwin Sanghi,244,4.1,244,4.3
9386850648,Keepers of the Kalachakra: Book 5 in the Bharat Series of Historical and Mythological...,by Ashwin Sanghi,100,4.0,231,4.4
9387944891,"The 5 AM Club: Own Your Morning, Elevate Your Life",Robin Sharma,199,4.3 out of 5 stars,210,4.6
8184001053,"Don't Lose Your Mind, Lose Your Weight",Rujuta Diwekar,118,4.5 out of 5 stars,143,4.3
8184001053,"Don't Lose Your Mind, Lose Your Weight",Rujuta Diwekar,118,4.5 out of 5 stars,143,4.3
9380349300,Life is What You Make It,Preeti Shenoy,75,4.0 out of 5 stars,86,4.1
8184001053,"Don't Lose Your Mind, Lose Your Weight",Rujuta Diwekar,118,4.5 out of 5 stars,143,4.3
1542046599,I Am Watching You,by Teresa Driscoll,269,4.0,269,4.2
8179925919,The Theory of Everything,Stephen Hawking,111,4.5 out of 5 stars,190,4.2
9382665889,You are My Reason to Smile,by Arpit Vageria,88,4.4,101,4.3
1847946240,"The Power of Habit: Why We Do What We Do, and How to Change",Charles Duhigg,286,4.4 out of 5 stars,305,4.4
9386850427,A Hundred Little Flames,by Preeti Shenoy,299,4.7,214,4.4
9387504921,Oswaal CBSE Question Bank Class 10 Social Science Chapterwise and Topicwise (...,by Oswaal Editorial Board,320,4.7,303,4.4
1408855674,Harry Potter and the Prisoner of Azkaban (Harry Potter 3),by J.K. Rowling,374,4.4,314,4.6
8193237234,Indian Superfoods: Change the Way You Eat,by Rujuta Diwekar,269,4.1,225,4.3
8183225101,Miracles of Your Mind,by Dr. Joseph Murphy,72,4.2,117,4.3
9353024064,"Horoscope 2019: Your Complete Forecast, Pisces",by Bejan Daruwalla,61,,61, 
8172345666,The Power of Your Subconscious Mind: Unlock Your Master Key to Success,by Joseph Murphy,75,4.5,169,4.5
8172344562,The Great Gatsby,F. Scott Fitzgerald,47,4.1 out of 5 stars,142,4.4
9381626812,Chanakya's Chant: Book 2 in the Bharat Series of Historical and Mythological...,by Ashwin Sanghi,244,4.1,244,4.3
9350293471,Turning Points : A Journey Through Challanges: A Journey Through Challenges,by A.P.J. Abdul Kalam - Abridged,135,4.7,150,4.5
8129142147,One Indian Girl,Chetan Bhagat,96,3.6 out of 5 stars,112,4.2
8172345666,The Power of Your Subconscious Mind: Unlock Your Master Key to Success,by Joseph Murphy,75,4.5,169,4.5
9387504921,Oswaal CBSE Question Bank Class 10 Social Science Chapterwise and Topicwise (...,by Oswaal Editorial Board,320,4.7,303,4.4
8172344775,Dracula,by Bram Stoker,99,4.2,143,4.3
9313163292,40 Years' Chapterwise Topicwise Solved Papers (2018-1979) IIT JEE Physics,DC. Pandey,191,4.1 out of 5 stars,237,4.5
1408711702,Fantastic Beasts: The Crimes of Grindelwald: The Original Screenplay (Fantastic...,by J.K. Rowling,434,4.8,434,4.8
9382616977,India After Gandhi: The History of the World's Largest Democracy,by Ramachandra Guha,477,4.5,477,4.6
9353025982,The Forest of Enchantments,Chitra Banerjee Divakaruni,373,4.6 out of 5 stars,373,4.9
8129142147,One Indian Girl,Chetan Bhagat,96,3.6 out of 5 stars,112,4.2
9352779843,Devil's Advocate: The Untold Story,by Karan Thapar,370,4.1,417,4.6
9387421007,Disha Children's Yearbook 2018 - General Knowledge Fundamentals and Current Affairs,by Disha Experts,203,4.7,147,4.3
9352831802,Physics for Class 10 (2019 Exam),by Lakhmir Singh,320,4.3,320,4.5
9351772624,The Wellness Sense: A Practical Guide to your Physical and Emotional Health Based...,by Om Swami,178,4.8,178,4.5
8179922324,Who Will Cry When You Die?,Robin Sharma,103,4.4 out of 5 stars,115,4.4
9387504921,Oswaal CBSE Question Bank Class 10 Social Science Chapterwise and Topicwise (...,by Oswaal Editorial Board,320,4.7,303,4.4
8172235437,Veronika Decides to Die,by Paulo Coelho,186,4.4,209,4.4
8192910903,1984,George Orwell,88,4.4 out of 5 stars,99,4.5
9382665781,A Murder in Gurgaon,by Manish Dubey,106,3.9,106,4.1
8129118920,Great Stories for Children,by Ruskin Bond,182,4.4,118,4.4
8129142147,One Indian Girl,Chetan Bhagat,96,3.6 out of 5 stars,112,4.2
9385152149,Ram - Scion of Ikshvaku (Book 1 - Ram Chandra Series): 2015 Edition with Updated...,by Amish Tripathi,240,4.1,240,4.4
9312149601,All In One Science - Class 10 (2018-19 Session),by Arihant Experts,298,4.4,274,4.5
1408855666,Harry Potter and the Chamber of Secrets (Harry Potter 2),by J.K. Rowling,374,4.7,374,4.7
8179925919,The Theory of Everything,Stephen Hawking,111,4.5 out of 5 stars,190,4.2
8186775811,The Business School,by Robert T. Kiyosaki,108,4.5,154,4.5
9386850702,Touch the Sky: The inspiring stories of women from across India who are writing...,by Rashmi Bansal - Abridged,109,3.7,125,4.3
9386021102,Why I Am a Hindu,by Dr. Shashi Tharoor,299,3.4,324,4.4
1570628122,How to Be an Adult in Relationships: The Five Keys to Mindful Loving,by David Richo,689,5.0,765, 
8129144441,Chanakya in Daily Life,by Radhakrishnan Pillai - Import,148,4.1,178,4.4
8192910997,How to Win Friends and Influence People,Dale Carnegie,79,4.5 out of 5 stars,130,4.5
8172344562,The Great Gatsby,F. Scott Fitzgerald,47,4.1 out of 5 stars,142,4.4
8185986010,The Bachelor of Arts,by R. K. Narayan,90,4.4,117,4.3
1408855712,Harry Potter and the Deathly Hallows (Harry Potter 7),by J.K. Rowling,666,4.6,452,4.7
9352770145,I Do What I Do,by Raghuram G. Rajan,363,4.3,436,4.6
9351772071,Attitude Is Everything: Change Your Attitude ... Change Your Life!,Jeff Keller,105,4.6 out of 5 stars,118,4.5
9386850567,The Heartfulness Way: Heart-Based Meditations for Spiritual Transformation,by Kamlesh D. Patel,189,4.9,189,4.7
9352641345,"Ready, Study, Go!: Smart Ways to Learn",by Khurshed Batliwala,178,4.5,178,4.4
1590300866,"Coloring Mandalas 2: For Balance, Harmony, and Spiritual Well-Being (An Adult...",by Susanne F. Fincher,610,3.9,820, 
1408711702,Fantastic Beasts: The Crimes of Grindelwald: The Original Screenplay (Fantastic...,by J.K. Rowling,434,4.8,434,4.8
1408711702,Fantastic Beasts: The Crimes of Grindelwald: The Original Screenplay (Fantastic...,by J.K. Rowling,434,4.8,434,4.8
9387504921,Oswaal CBSE Question Bank Class 10 Social Science Chapterwise and Topicwise (...,by Oswaal Editorial Board,320,4.7,303,4.4
1785782312,Ronaldo - 2018 Updated Edition: The Obsession For Perfection (Luca Caioli),by Luca Caioli,359,5.0,200,4.3
8129124912,My Journey: Transforming Dreams into Actions,by A.P.J. Abdul Kalam,180,4.7,112,4.6
9385724223,The Secret of the Druids (Mahabharata Quest Series Book 2),by Christopher C. Doyle,179,4.1,209,4.3
9382665870,Her Last Wish,by Ajay K. Pandey,88,4.7,101,4.5
9380349300,Life is What You Make It,Preeti Shenoy,75,4.0 out of 5 stars,86,4.1
9388036689,Oswaal CBSE Sample Question Paper Class 10 Mathematics (For March 2019 Exam),Oswaal Editorial Board,127,4.4 out of 5 stars,139,4.5
9387067718,Bharatiya Kala Evam Sanskriti,by Nitin Singhania,370,4.6,370,4.5
8172235143,The Fifth Mountain,by Paulo Coelho,224,4.4,218,4.5
9352606221,Geography of India,by Majid Husain,460,4.1,498,4.5
9383643242,A Handbook on Computer Science & IT - Illustrated Formulae & Key Theory Concepts,by Made Easy Editorial Board,247,4.0,191,4.3
8126564636,The Dhandho Investor: The Low-Risk Value Method to High Returns,by Mohnish Pabrai,196,4.2,268,4.3
9350097605,Indian Mammals: A Field Guide,by Vivek Menon,775,4.8,777,4.6
9386224585,Sita: Warrior of Mithila (Ram Chandra),by Amish Tripathi,226,4.3,226,4.6
8131252914,"Textbook of Anatomy: Head, Neck and Brain - Vol.3",by Vishram Singh,582,5.0,631,5
9387944891,"The 5 AM Club: Own Your Morning, Elevate Your Life",Robin Sharma,199,4.3 out of 5 stars,210,4.6
9386850133,The Dirty Dozen: Hitmen of the Mumbai Underworld,by Gabriel Khan,221,4.2,221,4.5
9388036670,Oswaal CBSE Sample Question Paper Class 10 Social Science (For March 2019 Exam),Oswaal Editorial Board,126,4.6 out of 5 stars,140,4.5
9388036662,Oswaal CBSE Sample Question Paper Class 10 Science (For March 2019 Exam),Oswaal Editorial Board,127,4.3 out of 5 stars,133,4.6
8172345666,The Power of Your Subconscious Mind: Unlock Your Master Key to Success,by Joseph Murphy,75,4.5,169,4.5
9385152149,Ram - Scion of Ikshvaku (Book 1 - Ram Chandra Series): 2015 Edition with Updated...,by Amish Tripathi,240,4.1,240,4.4
9382618341,The Oath of the Vayuputras (Shiva Trilogy),by Amish Tripathi,282,4.4,282,4.4
8172345666,The Power of Your Subconscious Mind: Unlock Your Master Key to Success,by Joseph Murphy,75,4.5,169,4.5
9313166607,Magbook General Science 2019,by Arihant Expert,112,3.6,136,4.3
8172235631,Eleven Minutes,by Paulo Coelho,167,4.2,209,4.4
8180320928,The Law of Success: In Sixteen Lessons (General Press),by Napoleon Hill,371,4.4,421,3
9382665889,You are My Reason to Smile,by Arpit Vageria,88,4.4,101,4.3
9386228564,A Century is not Enough: My Roller-coaster Ride to Success,by Sourav Ganguly - Illustrated,363,4.6,434,4.7
1847923674,When Breath Becomes Air,by Paul Kalanithi,332,4.6,332,4.6
8129118920,Great Stories for Children,by Ruskin Bond,182,4.4,118,4.4
9312147307,General Knowledge 2019,Manohar Pandey,19,4.2 out of 5 stars,30,4.3
9385152149,Ram - Scion of Ikshvaku (Book 1 - Ram Chandra Series): 2015 Edition with Updated...,by Amish Tripathi,240,4.1,240,4.4
1471133443,Hero (Secret (Rhonda Byrne)),by Rhonda Byrne,639,4.4,559,4.5
8184007485,The Great Indian Diet,by Shilpa Shetty Kundra,161,4.0,161,4
8172345666,The Power of Your Subconscious Mind: Unlock Your Master Key to Success,by Joseph Murphy,75,4.5,169,4.5
8175993952,How to Stop Worrying and Start Living: Time-Tested Methods for Conquering Worry,Dale Carnegie,88,4.5 out of 5 stars,125,4.4
9352641345,"Ready, Study, Go!: Smart Ways to Learn",by Khurshed Batliwala,178,4.5,178,4.4
8179922324,Who Will Cry When You Die?,Robin Sharma,103,4.4 out of 5 stars,115,4.4
9312148222,Electronics and Communication Engineering GATE 2019,by Ankit Goel,669,4.1,556,4.4
8193503309,Dharmayoddha Kalki: Avatar of Vishnu (Book 1),by Kevin Missal,179,4.2,188,4.5
8175994258,3 and a Half Murders: An Inspector Saralkar Mystery,by Salil Desai,189,4.4,188,4.5
8172234856,Nothing Lasts Forever,by Sidney Sheldon,266,4.2,280,4.5
8183223133,Think and Grow Rich 21St Cent. Edition,by Napoleon Hill,189,4.4,203,4.3
8172234902,Tell Me your Dreams,by Sidney Sheldon,209,4.4,209,4.5
9311121266,Objective Computer Awareness,by Arihant Experts,78,4.0,78,4.3
1408844443,A Thousand Splendid Suns,by Khaled Hosseini,374,4.5,309,4.5
8172235038,"Men are from Mars, Women are from Venus",by John Gray,209,4.4,209,4.4
8192910997,How to Win Friends and Influence People,Dale Carnegie,79,4.5 out of 5 stars,130,4.5
1509867767,Tell Tale,by Jeffrey Archer,269,4.4,255,4.5
9386338904,Lone Fox Dancing: My Autobiography,by Ruskin Bond,315,4.8,450,4.7
9352641345,"Ready, Study, Go!: Smart Ways to Learn",by Khurshed Batliwala,178,4.5,178,4.4
8175994193,Macbeth,by William Shakespeare,99,4.3,117,4.4
9352603869,Bharat Ki Rajvayvastha,M. Laxmikanth,381,4.5 out of 5 stars,385,4.5
8172343116,Mahatma Gandhi Autobiography: The Story Of My Experiments With Truth,by Mahatma Gandhi,99,4.4,166,4.5
9387516881,Xam Idea Complete Course Social Science Class 10 for 2019 Exam,by VK Global Publications,344,4.2,324,4.4
9387672662,Together with CBSE/NCERT Practice Material Chapterwise for Class 10 Social Science...,by Namrata Singh,329,3.8,359,4.2
1405206209,The Crab with Golden Claws (Tintin),by Herge,279,4.7,285,4.8
9351362639,Ace against Odds,by Sania Mirza,290,4.1,275,4.4
9387944891,"The 5 AM Club: Own Your Morning, Elevate Your Life",Robin Sharma,199,4.3 out of 5 stars,210,4.6
8186775056,Questions Are the Answers,by Allan Pease,83,4.4,76,4.4
9350335603,KPS Gill the Paramount Cop,by Rahul Chandan,265,4.0,207,4.5
9386850648,Keepers of the Kalachakra: Book 5 in the Bharat Series of Historical and Mythological...,by Ashwin Sanghi,100,4.0,231,4.4
9350944308,Handbook of Computer Science & IT,by Surbhi Mitra,190,3.9,120,4.2
8129134616,Not Just an Accountant: The Diary of the Nations Conscience Keeper,by Vinod Rai,378,4.5,358,4.4
8186775064,Sawal Hi Jawab Hai,by Allan Pease,64,4.3,114,4.3
9386224445,The Rise of Sivagami: Book 1 of Baahubali - Before the Beginning,by Anand Neelakantan,162,4.1,162,4.4
9350641003,Turning Points (Hindi),by A.P.J. Abdul Kalam,160,4.7,185,4.4
8193237234,Indian Superfoods: Change the Way You Eat,by Rujuta Diwekar,269,4.1,225,4.3
8131252914,"Textbook of Anatomy: Head, Neck and Brain - Vol.3",by Vishram Singh,582,5.0,631,5
8175994258,3 and a Half Murders: An Inspector Saralkar Mystery,by Salil Desai,189,4.4,188,4.5
9351772071,Attitude Is Everything: Change Your Attitude ... Change Your Life!,Jeff Keller,105,4.6 out of 5 stars,118,4.5
8184950314,The Greatest Short Stories of Leo Tolstoy,by Leo Tolstoy,189,4.5,184,4.6
8192910903,1984,George Orwell,88,4.4 out of 5 stars,99,4.5
9352641345,"Ready, Study, Go!: Smart Ways to Learn",by Khurshed Batliwala,178,4.5,178,4.4
9386850648,Keepers of the Kalachakra: Book 5 in the Bharat Series of Historical and Mythological...,by Ashwin Sanghi,100,4.0,231,4.4
9312147307,General Knowledge 2019,Manohar Pandey,19,4.2 out of 5 stars,30,4.3
1409300498,Baby touch: Peekaboo,by Lemon Ribbon Studio,230,4.3,319,4.4
9380349300,Life is What You Make It,Preeti Shenoy,75,4.0 out of 5 stars,86,4.1
9388026586,24 Years UPSC IAS/ IPS Prelims Topic-wise Solved Papers 1 & 2 (1995-2018),Disha Experts,270,4.3 out of 5 stars,325,4.5
1471131823,The 7 Habits of Highly Effective People,Not Available,311,4.0 out of 5 stars,373,4.4
8131733661,"Hughes Electrical and Electronic Technology, 10e",by Hughes,328,4.2,695,4.4
