Track,Album Name,Artist,Release Date,ISRC,All Time Rank,Track Score,Spotify Streams,Spotify Playlist Count,Spotify Playlist Reach,Spotify Popularity,YouTube Views,YouTube Likes,TikTok Posts,TikTok Likes,TikTok Views,YouTube Playlist Reach,Apple Music Playlist Count,AirPlay Spins,SiriusXM Spins,Deezer Playlist Count,Deezer Playlist Reach,Amazon Playlist Count,Pandora Streams,Pandora Track Stations,Soundcloud Streams,Shazam Counts,TIDAL Popularity,Explicit Track
Aynen,Hermano,Heijan,4/28/2023,QZMZ92307983,"3,663",22.4,"66,701,855","12,381","2,302,824",57.0,"132,663,199","408,097","59,853","1,885,010","52,142,540","289,637,676",7.0,"2,069",,,,,,,,"241,463",,0
Pistoleta,Pistoleta,Olexesh,4/11/2024,DEVY22400014,"4,397",20.0,"24,652,626","3,598","10,031,289",59.0,"6,100,333","56,016",,,,,7.0,"1,040",,9.0,"9,120,968",22.0,,,,"106,947",,1
Words (feat. Zara Larsson),Words (feat. Zara Larsson),Alesso,4/22/2022,USUG12202336,"2,563",27.9,"383,945,607","58,627","45,560,940",72.0,"51,670,623","427,016","20,633","9,518,866","159,467,861","2,170,376,776",83.0,"109,284",409,31.0,"987,836",41.0,"5,618,643",886,,"1,125,402",,0
Babba,Black Book ID's: Chapter 5 - EP,Guy Mac,3/3/2023,QZA742305720,70,176.2,"46,567",252,"21,930",6.0,"2,038,459,981","6,076,902",,,,,2.0,29,,,,,"1,456",,,903,,0
Diamonds,Diamonds,Sam Smith,9/17/2020,GBUM72002531,"1,835",33.9,"411,109,963","53,928","10,287,976",58.0,"205,575,225","1,908,534","142,900","23,431,333","254,269,639","48,735,190",133.0,"403,730",53,158.0,"831,207",35.0,"77,375,004","11,904",,"5,268,930",,0
Strangers,Strangers,Kenya Grace,9/1/2023,USWB12305048,34,233.5,"750,154,960","139,141","103,879,363",79.0,"118,208,096","1,495,758","1,031,447","196,985,853","2,231,749,390","1,745,168,821",163.0,"378,114",856,113.0,"16,295,286",112.0,"20,228,317","5,331","10,938,075","7,477,917",,0
Enough,Enough,charlieonnafriday,8/5/2022,USUG12205553,"3,062",25.0,"127,772,228","46,233","6,238,494",64.0,"45,629,160","599,488","65,621","6,902,949","79,443,024","4,764,125",14.0,"29,914",329,4.0,"5,584",5.0,"50,463,891","13,246",,"1,276,761",,0
thanK you aIMee,THE TORTURED POETS DEPARTMENT: THE ANTHOLOGY,Taylor Swift,4/19/2024,USUG12402546,"4,018",21.3,"65,809,859","1,728","11,038,428",,"6,877,351","113,555",,,,,5.0,147,,1.0,"110,574",19.0,"1,318,153","2,436",,"20,504",,1
Big Gangsta,Big Gangsta,Kevin Gates,5/17/2019,USAT21902781,"4,454",19.8,"199,248,929","60,481","4,931,520",56.0,"261,079,023","2,146,409","609,586","85,181,373","713,540,521","791,982",8.0,2,,6.0,"6,125",1.0,"106,702,648","61,855",,"1,423,575",,1
Freezing,Freezing - EP,purpl,2/2/2023,FR10S2303559,"4,550",19.5,,8,565,1.0,"235,195,644","194,030",,,,,,9,,,,,,,,,,0
Sial,fï¿½ï¿½,Mahalini,1/23/2023,FR10S2380774,"3,525",23.0,"324,327,622","13,022","4,228,094",75.0,"97,061,421","500,989","449,308","131,329,737","1,614,389,086","45,212,529",8.0,"5,387",,,,,,,,"97,349",,0
Hola Seï¿½ï¿½o,Ceinture noire (Transcendance),GIMS,4/25/2019,FR8FB1901430,"3,695",22.3,"208,249,257","42,423","5,969,962",58.0,"639,243,342","3,905,330","146,449","5,679,661","111,981,041","254,002,569",78.0,"15,911",,19.0,"684,768",8.0,,,"126,720","3,459,196",,0
Off The Grid,Donda,Kanye West,8/29/2021,USUM72116304,"3,118",24.7,"266,927,787","105,664","14,849,590",62.0,"39,769,157","574,676","13,989","11,319,222","93,786,735","33,398,158",27.0,"8,377",74,11.0,"45,143",10.0,"1,751,851","2,673",,"627,751",,0
Gogo Dance,SABIDURIA,El Alfa,4/7/2022,QM4TX2261587,"1,385",39.8,"122,568,157","29,662","6,577,251",64.0,"208,114,605","1,550,438","2,465,021","817,858,920","9,097,455,103","505,317",7.0,"4,532",551,3.0,"11,224",18.0,"10,444,115","5,832",,"1,211,590",,1
Igualito a Mi Apï¿,Pa Que Hablen,Fuerza Regida,12/30/2022,QZ9QQ2200167,"1,585",36.8,"316,447,060","27,766","12,168,890",72.0,"254,781,747","1,096,192",,,,"1,170,727",27.0,54,,5.0,"199,071",7.0,"24,965,083","4,579",,"425,924",,1
MotorSport,MotorSport,Migos,10/27/2017,USUM71712002,"2,262",30.1,"590,983,645","89,159","24,300,466",62.0,"744,579,257","4,504,144","266,811","63,415,889","417,482,479","187,758,140",109.0,"19,462",27,23.0,"169,108",23.0,"243,221,290","135,099",,"3,894,893",,1
Corazï¿½ï¿½n Roto - R,Corazï¿½ï¿½n Roto (Re,Brray,4/7/2023,USUM72305202,931,49.9,"203,212,015","36,459","13,719,365",67.0,"178,302,256","677,453","827,700","24,190,123","359,964,365","362,205,003",27.0,"12,434",,12.0,"1,842,000",3.0,"127,732",684,,"836,117",,1
Si No Estï¿½,Si No Estï¿½ï¿½s - Si,iï¿½ï¿½igo quin,9/22/2022,TCAGM2208561,241,100.1,"665,716,137","97,057","33,252,792",80.0,"358,206,246","2,896,698","2,900,087","216,927,444","2,653,383,273","862,779,648",33.0,"77,764",119,51.0,"27,583,086",60.0,"202,795","1,067","1,432,443","5,502,998",,0
LEATHER,LEATHER,MAKAELA,1/27/2023,QZJG52355895,"1,000",47.9,"1,696",,,,"604,258,394","1,611,760",,,,,,6,,,,,,,,,,1
Hall of Fame (feat. will.i.am),NRJ Hits 17,The Script,1/1/2012,GBARL1201055,"2,465",28.7,"1,438,795,892","180,669","67,730,386",78.0,"1,122,719,476","8,456,502","2,359,429","309,258,236","2,876,399,321","287,622,166",71.0,"110,229",25,46.0,"287,678",9.0,,,,"12,730,727",,0
Slow Dancing,Layover - EP,V,9/8/2023,USA2P2339031,"3,148",24.6,"371,463,000","9,688","17,934,921",77.0,"55,364,757","2,775,274","2,388","846,113","4,288,273","166,972,687",9.0,"2,630",14,10.0,"283,130",1.0,"2,178,688",414,,"299,318",,0
TEXAS HOLD 'EM,TEXAS HOLD 'EM,Beyoncï¿,2/10/2024,USSM12401302,24,278.9,"426,700,979","34,044","152,928,632",86.0,"35,724,356","437,980","1,470,500","485,200,392","6,518,604,175","1,213,175,656",159.0,"309,497",257,194.0,"40,725,482",177.0,"13,860,535","36,282",,"2,100,708",,1
STAY (with Justin Bieber),STAY (with Justin Bieber),The Kid LAROI,7/9/2021,USSM12103949,27,266.3,"3,107,100,349","451,732","134,793,519",78.0,"1,256,973,582","14,661,425","7,485,966","2,246,991,336","23,712,377,029","4,327,058,646",513.0,"1,510,151","4,096",166.0,"5,783,693",128.0,"196,783,487","124,922","36,341,585",,,1
Deixa,Deixa,Maria Marï¿½ï,3/21/2023,BRMKP2300072,"2,467",28.7,"64,736,609","4,611","7,326,714",67.0,"254,836,186","1,434,198","65,367","3,439,863","67,989,343","232,438,870",7.0,16,,25.0,"1,000,880",4.0,,,,,,0
Anabella,Anabella,Khaid,7/14/2023,US23A1566792,536,66.3,"14,645,123","2,424","586,834",52.0,"28,065,515","194,782","3,325,481","18,297,800","222,489,625","55,637,507",6.0,"1,101",,,,,"57,777",,,"982,458",,1
God of Music,SEVENTEEN 11th Mini Album 'SEVENTEENTH HEAVEN',SEVENTEEN,10/23/2023,USA2P2345251,"4,417",19.9,"64,530,857","5,436","6,224,831",,"68,842,793","1,133,609","7,921","35,053,106","148,059,935","563,214,967",9.0,"1,597",7,7.0,"248,186",24.0,"146,890",105,,"136,977",,0
Savage (feat. Beyoncï¿½ï¿½) - R,Savage (feat. Beyoncï¿½ï¿½) [Re,Megan Thee Stallion,4/29/2020,QMCE32000145,528,66.8,"428,986,855","49,403","19,102,863",57.0,"179,237,329","1,934,526","11,268,723","807,114,884","7,823,796,917","15,380,362",151.0,"162,045",82,60.0,"136,408",8.0,"86,651,635","74,696",,"2,104,217",,1
quï¿½ï¿½ le pasa conm,quï¿½ï¿½ le pasa conm,Nicki Nicole,4/19/2023,UYB282300006,"4,516",19.6,"162,085,685","20,886","8,177,728",71.0,"56,665,071","360,527",,,,"1,025,505",16.0,"10,487",104,15.0,"67,649",21.0,"269,501",,,"175,082",,0
Stay,Unapologetic (Edited Version),Rihanna,1/1/2012,USUM71214754,"1,607",36.6,"1,313,274,600","140,970","62,521,370",69.0,"1,350,480,491","6,778,043",,"79,123","721,480","1,295,585,023",149.0,"13,812",,61.0,"1,002,488",49.0,"932,950,848","813,511",,,,0
Super Shy,NewJeans 'Super Shy',NewJeans,7/7/2023,USA2P2330068,298,88.4,"547,471,596","48,103","22,977,059",77.0,"202,977,396","2,705,714","1,201,620","210,186,679","1,998,080,214","776,229,988",56.0,"23,381",258,22.0,"671,053",58.0,"1,428,951","6,871","2,172,977","528,849",,0
Shooting Star,Kep1going On,Kep1er,6/3/2024,KRA492400678,253,97.3,"1,534,062",193,"3,187,862",,"28,023,956","185,464",,,,,5.0,45,,,,18.0,669,2,,"8,916",,0
La Bicicleta,La Bicicleta,Carlos Vives,5/27/2016,USSD11600112,"1,802",34.3,"697,574,595","60,309","20,351,309",69.0,"1,691,997,312","4,789,339","417,978","54,674,912","945,038,658","343,201,999",86.0,"18,701",44,63.0,"407,197",65.0,"57,536,813","92,844",,"4,026,835",,0
Un Ratito,Un Verano Sin Ti,Bad Bunny,5/6/2022,QM6MZ2214879,"1,990",32.3,"500,671,737","57,541","10,245,525",70.0,"204,437,602","1,398,859","17,700","8,267,001","66,367,676","20,223,201",12.0,"2,271",,1.0,"171,943",1.0,"29,494,305","3,482",,"796,992",,0
WUSYANAME,CALL ME IF YOU GET LOST,"Tyler, The Creator",6/25/2021,USQX92102132,"3,146",24.6,"331,749,982","109,121","14,228,243",68.0,"38,053,954","997,774",48,"7,903","93,000","11,685,109",47.0,"15,960",,12.0,"134,768",15.0,"2,618,696","3,789",,"448,025",,1
Love Story,Love Story,Disco Lines,9/22/2020,USUG12003755,"4,224",20.5,"18,566,967","7,400","851,076",40.0,"1,349,513","12,007","4,189,200","555,006,842","4,579,547,361",144,3.0,"1,230",,1.0,"1,331",,"695,957",653,,"86,559",,0
I Wanna Be Yours,AM,Arctic Monkeys,1/1/2013,GBCEL1300373,"3,597",22.6,"2,185,240,293","277,753","129,062,801",86.0,"109,538,379","1,268,458","2,636","16,502,076","105,020,737",,39.0,"2,746",,36.0,"2,608,421",35.0,"38,918,532","20,659",,"4,280,207",,0
Close,Close - Single,Kush & TJ,9/14/2023,QZTAX2379776,543,65.9,,,,,,,,,,,,,,,,,,,,"33,097,904",,0
Dame Tu Cosita,Dame Tu Cosita,El Chombo,4/23/2018,TCADP1859309,291,90.1,,273,"54,198",,"5,004,189,392","20,218,394",,,,"229,315,984",,,,,,,,,,,,0
Mi Niï¿½,Mi Niï¿½,Wisin,9/23/2020,QMBZ92014731,"4,234",20.5,"400,985,699","62,355","13,993,469",60.0,"251,851,094","1,816,301",,,,"12,732,039",58.0,"24,906",46,18.0,"148,048",16.0,"12,216,631","2,063",,"985,993",,0
Paradise (feat. Dermot Kennedy),Paradise,MEDUZA,10/30/2020,GBUM72005075,"1,679",35.6,"726,266,033","118,990","41,567,899",64.0,"133,061,832","962,971","34,842","6,649,392","68,206,557","54,524,699",209.0,"244,063",40,73.0,"1,460,488",11.0,"29,623,365","3,167",,"3,651,154",,0
SkeeYee,Hood Hottest Princess,Sexyy Red,6/9/2023,QZQAY2395569,"1,510",37.8,"96,289,114","24,566","8,733,511",67.0,"33,861,736","296,191","522,400","159,504,238","1,094,402,576","102,011,912",21.0,"6,030",884,2.0,"11,894",34.0,"5,800,021","21,418","5,779,008","614,711",,1
El Paso del Gigante,Los Reyes de los Sonidos,Grupo Soï¿½ï¿½,11/24/2023,QZW9L2351948,"2,444",28.8,"25,684",1,1,,,,,,,,,,,,,,"73,951,432","83,085",,,,0
UK Rap,Split Decision,Dave,6/4/2023,GBUM72305710,"2,882",26.0,"107,742,416","42,998","15,708,278",67.0,"11,323,598","134,265",,68,921,"15,202",32.0,"1,310",39,10.0,"367,040",6.0,"167,290",634,,"186,901",,1
Entre las de 20,Entre las de 20,Bizarrap,4/2/2024,UYB282401008,"1,968",32.5,"100,182,006","4,826","49,679,476",78.0,"16,163,441","136,282",,,,,15.0,23,,6.0,"1,265,160",10.0,"48,832",88,,"164,219",,1
Save Your Tears,After Hours,The Weeknd,3/20/2020,USUG12000658,371,79.9,"1,995,511,952","304,456","63,126,296",80.0,"365,257,705","2,699,016","415,050","137,726,738","1,154,403,769",327,285.0,"3,607",321,46.0,"105,227",27.0,"283,725,931","79,728","22,025,427","15,776,388",,1
Without Me,Without Me,Halsey,10/4/2018,USUM71813499,200,107.4,"2,042,792,456","198,888","69,311,277",75.0,"2,018,089,906","20,528,541","3,897,257","208,270,183","2,216,715,741","2,352,917,415",180.0,"320,792",300,69.0,"646,681",89.0,"562,568,504","360,183","24,711,739","14,816,076",,1
LA FALDA,LA FALDA - Single,Myke Towers,11/22/2023,USWL12302952,416,75.3,"367,399,860","29,235","106,808,249",82.0,"104,584,293","726,526",,"1,146","14,800","1,109,634,551",57.0,"42,471",593,54.0,"6,789,731",30.0,"2,176,876","1,851","1,095,337","1,040,348",,1
Tourniquet,Zach Bryan,Zach Bryan,8/25/2023,USWB12304904,"3,084",24.9,"159,880,836","20,120","7,919,073",74.0,"4,864,924","23,934","82,613","6,973,184","53,019,644",,15.0,40,,1.0,"2,842",22.0,"14,614,123","5,082","1,745,565","100,217",,1
Relax My Eyes,Relax My Eyes,ANOTR,11/4/2022,GBKQU2296427,"1,671",35.7,"149,095,636","85,011","24,383,123",73.0,"21,554,535","197,879","21,611","8,785,047","120,828,235","2,887,284",33.0,"8,153",7,22.0,"100,603",11.0,"255,427",880,"4,210,059",,,0
Cake By The Ocean - Cover,Tik Toker Party Hits,MUSIC LAB JPN,10/5/2023,TCJPX2358241,"1,753",34.8,"1,619,109,147",,,,,,,,,,,,,,,,,,,,,1
ETA,NewJeans 2nd EP 'Get Up',NewJeans,7/21/2023,USA2P2330071,"1,038",47.1,"234,215,735","20,419","7,910,753",74.0,"189,170,317","1,734,442","98,128","38,199,952","297,802,502","537,474,239",24.0,"2,619",21,2.0,"18,940",4.0,"696,801",973,"1,352,255","248,138",,0
The Real Slim Shady,The Source Hip-Hop Hits Vol. 4,Eminem,1/1/2000,USIR10000448,"2,796",26.5,"1,798,020,679","352,947","75,283,550",81.0,"961,666,231","7,927,293","74,682","86,740,640","771,015,965","568,968,886",93.0,"70,311",82,68.0,"2,765,272",46.0,"508,575,450","1,263,577","1,131,521","6,637,985",,1
Maniac,Maniac,Conan Gray,10/25/2019,USUM71920712,"3,653",22.4,"845,222,205","109,624","33,327,204",71.0,"108,306,968","2,342,473","196,948","49,175,319","316,355,255","21,240,769",58.0,"30,836",125,17.0,"25,809",8.0,"22,570,411","35,458",,"1,531,126",,0
Let Me Know (I Wonder Why Freestyle),Sucker,Juice WRLD,7/1/2019,USUG11903494,"1,231",42.7,"503,584,339","126,610","15,066,503",72.0,"125,086,953","1,299,743","204,105","22,035,785","126,546,185","5,351,849",14.0,9,,5.0,"64,314",2.0,"15,467,818","30,501","94,025,613","1,953,038",,1
God Damn,Ek Tha Raja,Badshah,3/18/2024,INUM72400156,"3,651",22.4,"34,233,316","1,547","5,202,586",70.0,"32,452,229","499,855",,,,"19,904,542",9.0,216,,2.0,796,13.0,"7,187",13,,"66,159",,0
2002,Speak Your Mind,Anne-Marie,1/1/2015,GBAHS1800094,"3,160",24.5,"1,531,490,541","115,663","31,287,443",73.0,"391,667,255","3,102,373","3,435,149","75,681,966","892,595,513",,93.0,"64,453",104,43.0,"424,600",39.0,"47,969,112","52,873",,"5,500,764",,0
Te Ire A Buscar,Te Ire a Buscar,Santa Fe Klan,6/18/2019,USHM21919246,"4,106",21.0,"305,231,016","27,465","4,259,174",66.0,"647,042,101","3,851,962","63,528","12,891,074","130,611,371","2,652,958",10.0,20,,8.0,"160,804",7.0,"13,218,062","4,082",,"667,427",,0
La Playa,La Playa,Myke Towers,4/9/2019,QM6MZ1924281,"3,290",23.9,"322,757,243","60,278","9,152,097",62.0,"640,816,810","3,577,858","191,433","28,268,064","215,995,105","4,594,525",26.0,"1,370",27,5.0,"23,543",16.0,"18,991,444","10,517",,"833,830",,1
What He'll Never Have,Livin' My Best Life (Still),Dylan Scott,3/29/2024,USCRB2400015,"3,108",24.8,"33,733,960","3,360","11,594,667",,"3,422,164","40,432",,,,,6.0,112,82,,,10.0,"14,820,861",828,"461,802","87,319",,0
Jumbotron Shit Poppin,Her Loss,Drake,11/4/2022,USUG12208610,"2,635",27.4,"126,296,463","44,782","4,407,877",62.0,"37,702,345","528,716","23,780","8,679,451","70,817,893","146,398,901",22.0,841,,1.0,891,,"5,094,223","3,119","9,731,011","588,261",,1
Toosie Slide,Toosie Slide,Drake,4/3/2020,USUG12001281,505,68.7,"1,059,262,917","200,623","36,388,485",64.0,"507,137,305","5,604,031","3,039,186","404,119,328","3,734,881,670","352,518,335",146.0,"185,567",31,79.0,"1,163,129",30.0,"122,896,641","156,657",,"5,308,249",,1
Malas Decisiones,K23,Kenia OS,10/27/2022,MXF012200331,"2,246",30.2,"249,199,925","15,573","11,736,236",68.0,"141,829,637","1,346,158","1,093,900","310,175,951","3,326,289,021","35,896,326",21.0,"7,079",479,15.0,"100,850",4.0,"167,084",654,,"576,456",,0
Wishing Well,Legends Never Die,Juice WRLD,7/10/2020,USUG12001905,583,63.1,"901,486,450","157,381","25,837,638",71.0,"419,337,114","4,349,040","491,431","53,221,207","482,804,184","19,920,776",30.0,"22,361",23,36.0,"101,369",15.0,"58,369,856","96,691","64,831,833","1,303,125",,1
Natural,Natural,Imagine Dragons,7/17/2018,USUM71806694,674,58.8,"1,228,556,153","154,255","36,941,962",75.0,"1,220,581,919","10,953,316","1,207,638","29,172,920","396,994,100","186,180,888",72.0,"157,544",175,45.0,"494,642",67.0,"269,729,654","148,539","1,145,378","10,463,981",,0
Holanda,Holanda,Jhayco,7/28/2023,USUM72310520,651,59.5,"320,174,752","51,073","31,619,869",73.0,"104,188,558","465,006","278,104","136,034,375","1,510,621,389","30,755,464",48.0,"29,430",9,22.0,"534,709",30.0,"697,732",897,,"597,203",,1
Handle On You,Handle On You,Parker McCollum,8/5/2022,USUM72211050,"3,439",23.3,"103,858,433","17,543","4,890,850",63.0,"23,571,548","127,913","5,710","2,180,810","32,959,012","349,600",18.0,"203,279",31,2.0,"87,391",16.0,"35,876,540","3,647",,"481,957",,0
Never Gonna Give You Up (2022 - Remaster),Whenever You Need Somebody (Deluxe Edition - 2022 Remaster),Rick Astley,5/20/2022,GB5KW2103369,"3,199",24.4,"839,345,554",295,"20,447",23.0,,,,,,,13.0,,,1.0,2,,"51,964,993","284,214",,,,0
Ya No Tiene Novio,Ya No Tiene Novio,Sebastian Yatra,8/10/2018,USUM71809940,"2,834",26.3,"431,529,832","32,115","14,298,721",63.0,"1,077,954,732","4,083,486","73,016","6,785,915","43,241,693","126,637,973",31.0,"7,839",85,34.0,"69,942",14.0,"10,867,630","2,835",,"945,157",,0
Memory Reboot,Memory Reboot,Vï¿½,1/13/2023,QM4TW2307105,679,58.6,"168,087,455","33,442","16,618,553",71.0,"139,656,144","2,054,412","2,629,100","156,998,611","1,559,678,788","45,767,047",,6,,7.0,"278,942",,,,,"1,425,007",,0
HIND'S HALL,HIND'S HALL,Macklemore,5/10/2024,ZZOPM2445925,"3,589",22.7,"22,463,244","2,291","2,406,268",73.0,"2,237,688","147,286",,"111,800","272,100",,6.0,985,,3.0,"1,686,021",1.0,"98,723",229,,"86,524",,1
Cold Heart (Claptone Remix),Cold Heart (Claptone Remix),Elton John,10/8/2021,GBUM72105701,"4,473",19.7,"39,941,762","16,015","4,618,819",52.0,"347,059,146","2,044,052",,,,"383,593",17.0,"12,216","1,510",7.0,"115,833",,"591,617","1,996",,"613,098",,0
Satellite,Harry's House,Harry Styles,5/20/2022,USSM12200619,"2,373",29.3,"455,718,141","51,605","21,294,785",70.0,"75,741,997","1,437,701","159,300","64,041,346","440,110,491","22,853,340",40.0,"85,417",29,33.0,"1,564,725",3.0,"14,752,886","3,113",,"1,138,012",,0
22,22,JayO,2/22/2023,US39N2300484,"4,079",21.1,"87,001,628","30,898","12,034,538",62.0,"20,680,259","263,409","269,738","68,378,856","566,961,428","506,356",25.0,"4,472",,8.0,"201,337",41.0,"43,448",383,,"845,534",,1
Montagem Rave Eterno,Montagem Rave Eterno,Dj Samir,5/2/2024,GXD7G2413058,101,152.3,"5,157,486",470,"2,924,720",,"1,278,618","27,849","1,100,000","261,000","3,900,000",,3.0,,,2.0,"39,366",,,,,"47,658",,0
Una Foto Remix (feat. Emilia),Una Foto Remix (feat. Emilia),Mesita,1/5/2024,UYS642300003,"1,181",43.7,"206,001,461","15,932","35,397,476",78.0,"45,907,269","307,741",,"998,400","13,500,000",,14.0,"11,512",,26.0,"552,100",21.0,"148,059",331,,"394,118",,0
HP,HP,Maluma,3/1/2019,USSD11900034,"1,997",32.3,"614,313,540","55,782","18,750,996",64.0,"978,997,170","4,042,367","55,400","6,033,109","48,469,382","214,374,413",59.0,"10,446",125,42.0,"318,901",31.0,"97,555,044","19,082",,"1,887,065",,1
Pulsar Bike,Dhamaka (Original Motion Picture Soundtrack) - EP,Bheems Ceciroleo,1/7/2023,IND292208377,"3,844",21.8,"39,057,770","1,308","893,063",27.0,"252,467,125","974,051",,,,,,,,,,7.0,,,,"16,986",,0
Chillax,Visionary,Farruko,10/23/2015,USSD11500378,"4,148",20.8,"366,268,077","40,643","11,704,627",63.0,"1,013,772,791","3,053,038","416,000","66,374,357","600,274,227","150,946,913",28.0,"4,484",28,20.0,"180,869",12.0,"115,556,623","30,706",,"2,925,079",,0
Get A Guitar,Get A Guitar,RIIZE,9/4/2023,KRA302300278,"3,485",23.1,"67,887,030","5,721","6,337,730",,"106,807,094","1,208,052","32,698","61,647,208","430,468,374","617,159,135",7.0,"1,289",,3.0,"229,974",10.0,"49,008",152,,"170,700",,0
BILLIE EILISH.,BILLIE EILISH.,Armani White,5/19/2022,SGB502248062,350,82.0,"359,416,593","91,114","29,730,236",64.0,"116,400,996","2,127,918","4,530,098","885,538,360","10,488,403,602","74,794,888",40.0,"169,548","7,064",18.0,"137,293",52.0,"29,260,633","18,576","24,428","3,310,069",,1
Tucson Too Late,Bluebird Days,Jordan Davis,2/17/2023,USUM72222730,"4,288",20.3,"60,355,607","4,814","13,753,161",68.0,"4,562,833","30,406",174,"27,038","458,426","1,708",9.0,"148,522",125,7.0,"1,599,490",20.0,"18,526,781","1,310",,"206,940",,0
Last Night Lonely,Last Night Lonely,Jon Pardi,2/17/2022,USUM72200664,"4,269",20.4,"134,725,621","19,072","2,970,003",65.0,"22,650,713","114,566","3,344","1,325,349","14,258,097","255,579,464",8.0,"193,502",171,4.0,"132,683",18.0,"70,178,744","2,712",,"369,402",,0
Opp Stoppa (feat. 21 Savage),Opp Stoppa (feat. 21 Savage),YBN Nahmir,1/22/2021,USAT22100132,"2,603",27.7,"246,949,197","80,591","7,682,255",64.0,"62,144,315","935,278","5,645","715,700","4,922,539","101,060,286",19.0,"4,210",,22.0,419,,"4,954,305","6,168","32,395,833","209,692",,1
Kill Em With Kindness,Revival (Deluxe),Selena Gomez,10/9/2015,USUM71513588,"2,290",29.9,"550,049,388","48,598","14,497,820",56.0,"592,341,655","4,553,103","8,126,848","61,193,582","489,745,782","193,313,797",53.0,"14,501",4,24.0,"81,398",11.0,"90,462,900","31,645",,"2,766,042",,0
Close Friends (Lil Baby & Gunna),Drip Harder,Lil Baby,10/4/2018,USUG11801853,"2,267",30.0,"428,009,373","99,524","11,666,867",65.0,"503,301,861","3,383,825","47,897","7,172,209","46,571,795","76,955,731",27.0,"47,467",86,4.0,"26,549",7.0,"193,294,414","159,045",,"2,437,123",,1
I'm the One,EPIC AF,DJ Khaled,1/1/2017,USSM11703300,"2,704",27.1,"1,257,029,279","122,763","29,582,588",67.0,"77,475,141","982,093","475,433","16,501,624","134,170,742","1,488,303",143.0,"42,076",28,72.0,"445,792",44.0,"409,246,415","356,341","6,332,764",,,1
Yo Perreo Sola,YHLQMDLG,Bad Bunny,2/29/2020,QM4TX2030934,"1,036",47.1,"745,086,450","95,154","29,388,631",67.0,"818,482,247","8,068,018","1,515,908","126,702,212","1,133,216,780","291,194,930",128.0,"24,957",38,35.0,"372,403",53.0,"81,678,830","65,483",,"1,822,325",,0
Danza Kuduro - Cover,ýýýýýýýýýýýýýýýýýýýýý - ýýýýýýýýýýýýýýýýýý -,MUSIC LAB JPN,6/9/2024,TCJPA2463708,9,355.7,"1,653,018,119",1,15,,,,,,,,,,,,,,,,,,,1
ULTRA SOLO REMIX,ULTRA SOLO Remix,Polimï¿½ï¿½ Westc,6/16/2022,CLPP22200027,"1,641",36.1,"340,527,913","50,714","21,161,966",67.0,"317,404,552","2,187,888",149,"1,809","24,715","272,065,605",30.0,"14,281",172,12.0,"1,828,696",37.0,"991,063",650,,"636,074",,0
Funny Song,Funny Song,Bruno Portinho Trilhas para filmes,3/7/2023,SGB502330766,"2,310",29.8,,3,10,2.0,,,"2,200,000","62,055,632","1,572,668,280",,,,,,,,,,,,,0
Feel It,Feel It (From The Original Series ï¿½ï¿½ï¿½Invincib,d4vd,3/28/2024,USUM72401132,"1,140",44.5,"110,377,644","8,980","78,939,536",,"10,803,398","190,363",,"554,400","4,211,900","21,866,966",41.0,"6,146",44,54.0,"6,402,152",55.0,"658,798",745,,"363,083",,0
Copines,Copines,Aya Nakamura,8/24/2018,FRZ041800793,867,52.1,"381,322,519","70,125","7,759,068",67.0,"793,025,740","7,300,331","9,295,551","769,130,337","8,503,116,899","11,289,899",45.0,"16,672",,29.0,"258,833",7.0,"549,774","2,745",,"5,305,717",,0
Who's Laughing Now,Who's Laughing Now,Ava Max,7/30/2020,USAT22001106,"4,522",19.6,"218,674,366","34,897","3,519,653",57.0,"242,536,989","2,020,435","48,606","6,100,208","72,001,415","16,182,813",37.0,"142,362",,28.0,"861,322",6.0,"12,733,716","5,842",,"2,245,711",,0
The Feels,The Feels,TWICE,10/1/2021,US5TA2100080,"1,346",40.5,"431,638,330","43,727","10,543,105",66.0,"564,641,494","7,674,539","641,703","351,794,036","2,323,894,242","91,545,454",33.0,"10,156",174,7.0,"164,797",37.0,"2,078,193","4,119",,"910,474",,0
Hot N Cold,NOW 29,Katy Perry,1/1/2008,USCA20802544,"2,998",25.4,"886,077,008","154,757","77,671,100",69.0,"1,332,106,664","6,819,005","1,577,918","214,177,361","2,238,389,974","1,586,859,597",80.0,"221,043",248,55.0,"533,088",17.0,"323,997,472","217,322",,"6,740,918",,0
MANIAC,The 4th Mini Album 'VERSUS',VIVIZ,11/2/2023,KRA382321414,"2,718",27.0,"77,590,300","6,575","6,127,218",,"94,172,195","738,147","3,247","22,942,690","170,046,435","572,720,093",7.0,,,1.0,"151,363",,,,,"168,452",,0
Solo Conmigo,"Fï¿½ï¿½rmula, Vo",Romeo Santos,9/1/2022,USSD12200782,"1,526",37.6,"99,640,817","9,262","7,078,618",65.0,"242,164,034","1,185,939","1,600,000","24,620,675","381,807,302","20,716,343",8.0,"23,342",2,1.0,"68,866",21.0,"10,389,069","2,764",,"838,701",,0
Benjamins Deli,Benjamins Deli - Single,JRitt,10/24/2023,QZTBA2358000,"2,389",29.2,"996,881",446,"255,703",,"637,836","17,513","1,100,000","368,388,871","3,461,361,475",,,45,,,,,,,,,,0
Hawï¿½,Hawï¿½,Maluma,7/29/2020,USSD12000190,415,75.3,"1,289,186,767","123,303","48,973,048",73.0,"1,464,055,196","7,754,280","729,784","9,309,533","131,926,571","371,508,169",201.0,"80,055",98,86.0,"5,370,315",99.0,"105,490,212","45,106",,"2,387,272",,0
Up,Up (Instrumental),Cardi B,2/4/2021,USAT22100061,664,59.1,"646,916,214","97,970","34,102,798",65.0,"496,850,951","6,266,644","2,776,485","885,852,462","6,912,025,468","66,038,736",173.0,"15,142",869,60.0,"214,629",40.0,"147,844,649","104,705",,"3,173,352",,1
Numero Uno,Numero Uno,Dan-E-MC,6/15/2022,ITC152220010,"4,007",21.3,"1,224",3,695,,"389,845,206","2,639,618",,,,"1,641,197",,3,,,,,,,,,,0
Nunca Es Suficiente,Nunca Es Suficiente,Los ï¿½ï¿½ngeles Az,4/20/2018,MX1721600892,863,52.2,"478,494,818","53,736","20,478,756",67.0,"2,148,970,473","6,055,824","43,294","16,884,958","145,723,405","43,699,996",37.0,"10,958",24,8.0,"55,460",10.0,"239,441,848","95,937",,"3,116,053",,0
Lucky Girl Syndrome,SUPER REAL ME,ILLIT,3/25/2024,USA2P2413261,"2,408",29.0,"29,089,538","1,933","2,045,965",72.0,"39,607,373","513,074","2,906","2,701,200","28,210,200","3,169,280",6.0,156,,,,,"57,995",100,,"43,383",,0
Otro Trago,Sueï¿½ï,Sech,4/18/2019,QM9WM1900120,"1,172",43.8,"693,061,510","73,605","21,529,712",63.0,"1,315,371,330","9,042,596","263,379","6,844,512","81,046,643","278,722,746",56.0,"11,331",30,9.0,"344,693",38.0,"80,895,090","47,467",,"3,179,632",,1
PHONK BRASILEIRO FRESCO (Slowed + Reverb),PHONK BRASILEIRO FRESCO,DJ MOIGUS,6/22/2023,QZMEQ2306756,136,129.4,"1,378,494",351,"43,395",34.0,"1,022,331","22,739","7,702,832","90,289,248","1,272,592,848",,,,,,,,,,,"50,550",,0
Takeaway,World Wide Joy...Takeaway,The Chainsmokers,7/24/2019,USQX91901353,"4,305",20.3,"630,875,899","83,848","18,713,760",64.0,"245,967,184","2,535,205","81,557","9,566,647","45,789,592","251,834,799",68.0,"4,056",,33.0,"1,063,865",27.0,"22,424,470","8,924","2,384,030","2,215,820",,0
Lottery (feat. LU KALA),Lottery (feat. LU KALA),Latto,2/17/2023,USRC12203634,"3,351",23.7,"64,851,689","10,684","6,385,271",57.0,"26,844,412","215,475","56,800","9,759,230","127,114,832","5,768,557",52.0,"125,036","1,319",14.0,"226,409",26.0,"27,917,367","3,645",,"1,254,913",,1
Callaita,Callaita,Bad Bunny,5/31/2019,QM6N21919851,638,60.0,"1,448,173,030","156,477","70,813,159",70.0,"1,341,625,876","6,392,667","625,362","38,376,453","354,361,373","319,055,884",145.0,"21,249",58,58.0,"3,650,942",26.0,"177,618,696","48,208",,"3,026,321",,1
Bones,Bones,Imagine Dragons,3/11/2022,USUM72201759,180,112.0,"1,227,475,431","180,053","70,861,210",78.0,"584,854,654","6,691,488","341,199","191,133,207","2,255,843,288","3,064,084,870",94.0,"305,868","1,789",47.0,"1,718,874",67.0,"124,506,820","66,190",,"7,031,981",,0
Let You Down,Let You Down,NF,9/15/2017,USUM71708226,"1,034",47.2,"1,472,430,869","187,536","40,032,849",73.0,"668,707,222","7,011,620","754,672","35,519,027","270,757,450","128,349,191",68.0,"67,662",137,30.0,"104,624",11.0,"484,243,114","237,879",,"8,887,316",,0
Adore You,Adore You,Harry Styles,12/6/2019,USSM11912588,442,73.2,"1,670,164,200","171,120","93,127,826",78.0,"721,445,001","8,290,855","381,926","125,662,413","805,399,161","1,840,306,341",254.0,"811,625",408,131.0,"1,195,898",59.0,"137,719,148","80,750",,"6,307,292",,0
Miï¿½ï¿½n,Miï¿½ï¿½n,TINI,4/29/2021,USHR12141512,742,56.3,"723,722,454","79,670","35,967,048",73.0,"869,498,397","4,948,905","916,770","122,604,577","1,607,695,575","166,684,466",80.0,"28,464",170,29.0,"394,359",64.0,"6,768,367","3,258",,"1,358,270",,0
Monkeys Spinning Monkeys,SteamFun - Single,Kevin MacLeod,5/16/2011,USUAN1400011,"1,018",47.6,"11,477,477","7,679","1,490,705",36.0,"11,457,166","123,604","31,963,934","23,474,223,833","233,232,311,463","1,418,397",4.0,"2,557",,1.0,"43,207",1.0,,,,"1,177,639",,0
I Gotta Feeling,The E.N.D. (The Energy Never Dies),Black Eyed Peas,1/1/2009,USUM70965169,"2,817",26.4,"1,423,655,688","306,620","108,479,481",76.0,"190,741,649","1,734,831","498,488","96,154,828","680,999,560",,281.0,"1,708",434,150.0,"2,704,374",86.0,"348,819,350","770,388",,"11,916,814",,0
El Efecto,El Efecto,Rauw Alejandro,3/15/2019,QM4TX1940916,"1,766",34.7,"580,054,244","72,991","32,213,511",72.0,"994,008,600","4,660,138","224,269","39,436,962","404,797,553","153,838,066",26.0,"7,887",20,11.0,"252,415",22.0,"23,201,439","5,578",,"2,734,291",,0
get him back!,GUTS,Olivia Rodrigo,9/8/2023,USUG12304099,971,49.0,"287,724,574","25,460","15,517,447",,"54,771,296","818,500","485,830","47,532,963","469,327,093","1,298,782,751",47.0,56,34,29.0,"1,998,239",43.0,"6,371,213","20,559","910,103","770,996",,1
Memories (feat. Kid Cudi),VIVA Club Rotation (Vol. 46),Kid Cudi,12/5/2008,FRZID0900480,"3,778",22.0,"923,932,404","261,469","53,941,189",63.0,"589,202,937","3,297,320","818,905","254,252,068","1,972,131,587","146,327,127",64.0,"23,424",20,62.0,"1,176,459",24.0,"215,592,925","162,928",,"8,619,668",,0
Piï¿½ï¿½o de Vida L,Piï¿½ï¿½o de Vida L,Japï¿½ï¿½,4/27/2023,BCSUV2303160,"4,244",20.5,"36,593,527","4,601","3,863,720",55.0,"94,498,808","630,206","472,200","64,661,196","1,517,249,875","18,850,454",1.0,2,,,,2.0,,,,"334,171",,0
Yeah Glo!,Yeah Glo! (Alternate Versions),GloRilla,2/8/2024,USUM72400408,"1,955",32.6,"89,513,100",132,"63,750",,,,,,,,30.0,"78,325",,,,,,,,,,0
Por Dentro,Por Dentro,Rels B,11/23/2023,UYB282376016,"3,709",22.2,"105,759,424","7,383","10,819,131",,"52,609,155","629,604",,,,"276,735,397",10.0,"1,812",44,21.0,"12,178,185",14.0,"114,291",,,"114,185",,1
Meant to Be (feat. Florida Georgia Line),All Your Fault: Pt. 2,Bebe Rexha,8/11/2017,USWB11701181,805,54.0,"1,382,191,196","119,969","51,471,665",66.0,"1,318,325,154","6,888,667","624,291","24,379,364","260,253,261","1,408,688,467",5.0,"201,437",652,39.0,"220,305",64.0,"611,963,837","298,341",,,,0
Por Clave el 13,Seguimos Irremediables,Betillo Guerrero,2/7/2022,QZDQH2160812,"4,440",19.8,"92,981,184","12,775","1,505,898",54.0,"104,515,384","562,370","1,348,200","62,716,990","848,741,537",,,3,,,,1.0,"4,488,013","4,004",,"572,854",,1
Tell Ur Girlfriend,Tell Ur Girlfriend,Lay Bankz,2/7/2024,QZZ4J2400019,730,56.7,"167,431,139","10,335","116,287,670",90.0,"28,987,197","443,524",,"16,577,348","235,871,001","148,521,798",26.0,"14,654",416,26.0,"8,022,044",52.0,"579,514","5,469","2,893,625","932,674",,1
Out Of My Hands,WE STILL DON'T TRUST YOU,Future,4/12/2024,USSM12403103,"4,062",21.1,"19,420,471","5,261","2,177,045",,"2,121,380","35,442",,,,,1.0,27,,,,,"149,594",198,,"91,683",,1
Goodbyes (feat. Young Thug),Goodbyes (Feat. Young Thug),Post Malone,7/5/2019,USUM71912330,761,55.6,"1,263,989,128","156,671","25,905,453",72.0,"795,828,166","8,115,938","35,383","8,434,416","78,005,488","508,823,655",128.0,"117,516",394,166.0,"396,114",25.0,"230,614,636","107,631","18,209,981","5,216,769",,1
Ruin,Ruin,USHER,2/2/2024,QZS7J2388470,"3,296",23.9,"19,485,870","2,963","10,829,291",,"8,261,042","139,661",,,,"85,979,923",38.0,"37,311",155,4.0,"98,287",32.0,"3,504,611",728,"306,630","330,495",,0
When I Was Your Man,Unorthodox Jukebox,Bruno Mars,12/7/2012,USAT21206701,"4,187",20.7,"2,106,040,891","231,184","111,114,931",81.0,"275,768,987","2,172,034","237,576","72,740,220","624,816,222","27,825,601",104.0,"152,868",228,184.0,"1,054,128",39.0,,,,,,0
Boyfriend,Believe,Justin Bieber,1/1/2012,USUM71202650,"3,614",22.6,"538,918,222","73,149","29,404,069",70.0,"992,302,781","6,629,367","260,418","26,028,741","149,188,520","184,669,606",43.0,"5,481",66,20.0,"206,290",17.0,"196,398,467","707,576","313,957","3,052,967",,0
What Lovers Do (feat. SZA),What Lovers Do (feat. SZA),Maroon 5,8/30/2017,USUM71709292,"1,763",34.7,"1,206,495,254","92,624","27,086,243",68.0,"729,438,090","3,360,678","2,283","8,158,792","50,038,733","631,907,969",131.0,"99,290",130,67.0,"471,585",42.0,"357,633,540","82,582",,"11,431,801",,0
Hasta la Raï¿½,Hasta la Raï¿½,Natalia Lafourcade,1/6/2015,MXF011400582,"3,310",23.9,"657,268,053","85,246","30,225,538",74.0,"1,022,323,850","6,592,447","1,278,026","307,053,317","2,833,651,298","13,674,137",62.0,"7,945",63,39.0,"1,228,654",62.0,"24,982,305","20,136",,,,0
Something About You,Something About You,Eyedress,6/3/2021,GBMYF2000174,"2,162",30.9,"438,511,316","96,233","22,697,396",77.0,"27,188,286","573,905","150,543","73,826,869","434,155,492","1,722,430",4.0,422,37,3.0,"18,857",8.0,"1,559,941","3,275","18,538,652","1,611,142",,0
Voz Emplumada del Monte,Voz Emplumada - EP,Biomigrant,3/3/2023,QZ5FN2369288,239,100.3,"42,761",80,"1,636",16.0,"1,138,846,819","2,113,492",,,,,,5,,,,,,,,449,,0
Numb / Encore,Papercuts,JAY-Z,4/12/2024,USWB12400678,30,256.0,"1,003,215,671",128,"485,454",,,,,,,,,,,,,,"179,867,721","87,209",,"4,474,248",,1
Esta Vida,Esta Vida - Single,Marshmello,4/13/2023,USSD12300013,"2,719",27.0,"94,359,848","23,027","26,530,704",61.0,"66,093,104","558,819","52,600","645,712","13,515,544","112,544,154",37.0,"53,605",,51.0,"759,785",17.0,"5,455,072","1,197",,"1,195,281",,0
Spokojnie,Ninja,HOT DONUTS,2/26/2023,GBMJG2302966,"1,807",34.2,,1,17,,"407,197,875","1,302,211",,,,,,1,,,,,,,,,,0
20 Tragos,20 Tragos,Yiï¿½,11/25/2022,USL4Q2255557,"2,568",27.9,"477,396",29,"18,081",,"388,682,045","2,199,489",20,"3,983","52,662","2,285,487",,7,,,,,,,,315,,1
Beautiful Crazy,Beautiful Crazy,Luke Combs,5/4/2018,US6XF1700259,"1,511",37.8,"828,103,564","83,834","17,064,586",77.0,"594,679,967","2,844,786","276,496","13,757,610","122,040,522","547,486,841",54.0,32,33,12.0,"8,375",14.0,"494,840,019","316,862","1,653,812","1,837,804",,0
Enemy - Radio Edit,"NOW That's What I Call Music!, Vol. 82",Imagine Dragons,5/6/2022,USUM72019717,"1,886",33.4,"820,953",204,"16,612",22.0,"38,888,242","500,894",,,,,,"576,584",,,,,,,,,,0
TQG,TQG,KAROL G,2/23/2023,USUM72222541,80,167.8,"1,024,381,758","78,554","69,319,589",78.0,"1,102,289,596","8,953,293","457,111","15,048,444","248,168,852","1,174,053,183",138.0,"149,584",38,84.0,"8,850,320",131.0,"68,022,934","16,511","164,895","3,488,226",,1
Earned It (Fifty Shades Of Grey),Fifty Shades Of Grey (Original Motion Picture Soundtrack),The Weeknd,2/10/2015,USUG11500923,"1,195",43.4,"1,667,089,416","97,707","24,754,802",69.0,"955,666,073","8,354,260","331,766","121,101,434","1,048,617,583","203,635,578",26.0,,91,11.0,"278,161",20.0,"1,063,784,773","693,592","13,875,776",,,1
B.O.T.A. (Baddest Of Them All) - Edit,B.O.T.A. (Baddest Of Them All) / Move To The,Eliza Rose,6/15/2022,QZAKB2166405,"1,389",39.7,"325,902,688","119,047","39,606,593",70.0,"1,958,012","26,829","72,700","15,284,294","127,015,419","9,060",90.0,"84,205",,45.0,"328,312",62.0,"150,099","1,128",,,,0
Volando (Remix),Volando (Remix),Mora,7/8/2021,QMFME2105596,"1,052",46.8,"701,919,939","105,247","22,304,375",68.0,"560,364,244","2,647,485","26,200","9,024,221","74,137,126","45,891,350",85.0,"14,824",15,21.0,"301,957",22.0,"14,229,625","2,125",,"1,404,755",,1
Leave Me Alone,Leave Me Alone,Flipp Dinero,3/14/2018,QMKSC1800039,"2,782",26.6,"651,863,663","122,266","17,925,064",62.0,"364,860,562","3,465,425","137,815","50,621,671","318,020,837","133,910,430",38.0,"34,933",223,10.0,"12,666",1.0,"163,918,855","129,261",,"3,263,766",,1
ýýýýýý,ýýýýýý - Single,YOASOBI,10/1/2022,JPP302200613,"4,265",20.4,"140,194,014","16,841","3,520,046",58.0,"180,515,322","910,440","32,900","3,919,101","80,078,422","80,802,280",12.0,877,,2.0,"7,643",2.0,"406,213",115,,"196,568",,0
Body Like A Back Road,Body Like A Back Road,Sam Hunt,2/1/2017,USUM71700575,"1,520",37.7,"874,864,898","78,015","21,590,960",66.0,"340,287,969","1,528,388","252,414","1,148,124","12,493,072","384,943,254",103.0,"183,258",444,14.0,"13,156",42.0,"637,093,831","511,767","20,463,147","3,691,205",,0
Tï¿½ï¿½ ,Dolido Pero No Arrepentido - EP,Fuerza Regida,2/9/2024,QZ9QQ2400125,531,66.7,"188,154,454","6,068","47,264,152",82.0,"124,152,999","632,963",,"2,121,100","27,500,000","528,622,354",32.0,18,,13.0,"1,810,337",6.0,"6,288,446","4,696",,"445,052",,0
ýýýýýýýýýý ýýýý ýýýýýýýýýýýý ýýýýýýýýýýýýýý,ýýýýýýýýýý ýýýý ýýýýýýýýýýýý ýýýýýýýýýýýýýý,Eslam Kabonga,6/16/2023,EGA262306597,"4,407",19.9,"13,608,243",23,178,,,,,,,,,,,,,,,,"15,667,505",,,0
"Salamin, Salamin",Talaarawan - EP,BINI,3/8/2024,PHS032402600,"4,156",20.8,"58,823,260","1,070","13,784,216",78.0,"30,355,534","290,040",,"2,121,743","25,814,718","36,077,293",5.0,190,,2.0,"74,524",,,,,"13,910",,0
MIDDLE OF THE NIGHT,MIDDLE OF THE NIGHT,Elley Duhï¿,1/10/2020,USRC11903813,"1,054",46.8,"1,104,008,150","173,612","51,608,714",72.0,"431,904,675","4,882,117","612,500","304,312,367","2,922,804,533","42,354,537",72.0,"88,909",,35.0,"997,273",3.0,"19,854,772","17,812",,"10,511,473",,0
Volvï¿,La mï¿½ï¿½sica de @Gina Yei: #ConTodoElCorazï¿½ï¿½nYMï¿½ï¿½s (Banda Sono,Didi Romero,1/11/2023,QZTJ32100010,"1,192",43.4,"47,586",60,"2,805",,"543,509,003","3,372,617",,,,"560,891,372",,,,,,,,,,136,,0
"Gali Gali (From ""Kgf Chapter 1"")","Gali Gali (From ""Kgf Chapter 1"")",Neha Kakkar,12/13/2018,INS181802942,"3,515",23.0,"74,027,513","5,648","3,808,001",59.0,"1,014,261,335","4,638,798",,,,"105,077,396",1.0,"1,310",,,,2.0,,,,"168,398",,0
We Still Don't Trust You,WE STILL DON'T TRUST YOU,Future,4/12/2024,USSM12403111,823,53.4,"64,193,671","9,077","15,569,468",,"10,688,644","234,397",,,,"65,527,813",31.0,"2,523",,28.0,"1,345,845",,"695,510",733,"992,266","349,821",,1
Jericho,Jericho - Single,Iniko,4/15/2023,USQX92302565,"1,673",35.7,"138,403,252","46,111","11,577,648",65.0,"64,556,961","972,951","1,574","174,247","1,386,456","956,293,267",14.0,"3,434",,15.0,"65,584",1.0,"3,879,769","8,587",,"3,154,736",,0
Cover Me In Sunshine,Cover Me In Sunshine,P!nk,2/12/2021,USRC12100138,"1,715",35.3,"439,034,558","90,145","20,519,485",64.0,"115,408,379","1,213,873","269,475","31,650,070","296,160,904","48,805,502",130.0,"263,933",105,63.0,"1,248,937",40.0,"42,849,405","28,351",,"3,598,273",,0
"Praise (feat. Brandon Lake, Chris Brown & Chandler Moore)",CAN YOU IMAGINE?,Elevation Worship,5/19/2023,USPJT2300015,"2,284",30.0,"79,621,215","31,102","3,889,566",70.0,"87,320,948","873,405",,,,"191,016,370",20.0,673,2,11.0,"246,651",18.0,"4,474,215","10,838",,"567,381",,0
Locked Out Of Heaven,NRJ 200% Hits 2013,Bruno Mars,1/1/2012,USAT21203287,"1,602",36.6,"2,004,657,631","277,766","134,689,771",83.0,"1,400,581,749","9,714,447","49,296","11,894,522","91,255,671","1,689,353,351",150.0,"378,433",291,214.0,"1,260,461",51.0,,,"29,413,705","715,420",,0
Dreaming,Dreaming,Marshmello,10/20/2023,USRC12302211,"1,716",35.3,"42,151,775","8,420","9,908,087",,"2,897,871","28,056","1,995","235,368","4,725,722","13,532,423",28.0,"133,206",81,31.0,"6,416,946",36.0,"2,632,016",315,,"1,043,257",,0
FINA,nadie sabe lo que va a pasar maï¿½ï¿,Bad Bunny,10/13/2023,QMFME2364183,"1,398",39.6,"226,576,178","32,219","19,829,075",78.0,"37,510,571","455,214","4,562","10,845,422","92,737,977","29,122",31.0,"3,898",67,13.0,"661,964",11.0,"5,226,528","1,565",,"335,905",,1
Through Da Storm,Die A Legend,Polo G,6/7/2019,USQX91901170,"1,800",34.3,"351,007,818","105,025","7,074,555",64.0,"186,297,690","1,709,390","16,973","8,083,973","55,106,493","6,427,525",2.0,283,,11.0,"8,973",,"51,567,061","32,915","66,792,003","713,131",,1
MTG MALDIï¿½ï¿½ï¿½ï¿½O ET,MTG MALDIï¿½ï¿½ï¿½ï¿½O ET,DJ GLK,8/5/2022,BXIV82279381,"2,689",27.2,,"6,258","1,213,114",,,,"2,809,514","97,960,938","1,396,251,598",,,,,,,,,,,,,1
Ch y la Pizza,Ch y la Pizza,Fuerza Regida,12/1/2022,QZ9QQ2200104,"1,230",42.7,"511,421,362","37,923","17,851,037",75.0,"265,678,775","844,731","68,003","17,455,943","204,148,897",57,24.0,227,5,9.0,"1,456,328",8.0,"27,745,557","3,997",,"739,587",,1
Adicto (with Anuel AA & Ozuna),Adicto (with Anuel AA & Ozuna),Tainy,8/22/2019,USUM71912751,871,51.7,"711,861,577","84,611","28,656,289",69.0,"1,359,220,447","4,586,141","611,826","17,295,595","185,706,534","136,934,639",133.0,"12,356",18,25.0,"360,047",28.0,"111,865,989","16,392","5,576,102","1,522,049",,0
Whoopty,Whoopty,CJ,8/20/2020,USA2P2031043,297,88.6,"775,664,145","213,464","28,998,615",61.0,"810,607,861","8,889,460","2,403,279","506,491,179","4,864,435,271","144,018,344",158.0,"1,644",533,31.0,"74,337",15.0,"60,410,875","41,096","59,294,063","6,422,051",,1
Beautiful As You,Beautiful As You,Thomas Rhett,5/10/2024,QZRD92405047,"3,316",23.8,"9,327,924",878,"21,394,629",72.0,"875,363","15,615",,,,,14.0,"8,050",23,,,30.0,"4,571,242",391,,"41,301",,0
LUNCH,HIT ME HARD AND SOFT,Billie Eilish,5/17/2024,USUM72401991,13,316.3,"221,636,195","13,800","197,280,692",92.0,"40,022,524","1,307,290","195,300","45,889,000","360,017,000","342,107,131",244.0,"41,344",45,138.0,"38,243,636",163.0,"1,354,692","1,219","1,313,357","450,344",,0
Si Te La Encuentras Por Ahï¿,Si Te La Encuentras Por Ahï¿,Feid,8/5/2022,USUM72214628,"3,254",24.1,"245,582,383","50,023","10,033,886",65.0,"100,812,283","754,232","28,407","6,489,257","97,281,914","319,953,187",19.0,"5,593",75,6.0,"272,667",3.0,"2,377,785",259,,"313,095",,0
Desire (with Sam Smith),Desire (with Sam Smith),Calvin Harris,7/28/2023,GBARL2300798,561,64.2,"226,519,256","43,558","87,204,848",75.0,"51,312,470","504,978","1,946","80,070","2,439,093","524,372,800",89.0,"133,567",35,98.0,"1,777,050",31.0,"3,204,383",408,"4,424,240","2,178,835",,0
Blueberry Faygo,Certified Hitmaker,Lil Mosey,11/8/2019,USUM72001714,889,51.2,"1,295,251,940","197,036","39,104,125",67.0,"380,793,694","4,733,751","1,099,556","147,484,414","1,065,757,953","142,871,159",121.0,"133,128",135,40.0,"79,824",15.0,"97,563,481","165,056",,"2,786,545",,1
Rude,Rude,MAGIC!,7/23/2013,TCABP1349192,"2,650",27.4,,"1,472","287,308",,"2,541,095,833","12,472,238",,,,"1,743,156,344",,,,,,,,,,,,0
BAND4BAND,BAND4BAND (Official Video),Central Cee,6/6/2024,USSM22401074,874,51.6,"86,144,467",1,24,,,,,,,,,,,,,,,,,,,1
Embarrassed (feat. Travis Scott),Embarrassed (feat. Travis Scott),Don Toliver,2/23/2023,USAT22302147,"4,418",19.9,"96,288,883","37,394","7,850,736",63.0,"8,545,326","113,402","1,928","593,460","2,917,500","184,211,408",10.0,278,4,6.0,"31,909",,"527,188",363,"2,021,849","190,951",,1
10 Freaky Girls (with 21 Savage),NOT ALL HEROES WEAR CAPES,Metro Boomin,11/2/2018,USUG11802481,"3,894",21.6,"630,863,087","164,540","26,346,726",71.0,"93,297,998","924,489","2,782","830,969","9,867,664","8,322,108",34.0,"1,753",62,8.0,"45,047",20.0,"8,811,139","20,609",,"1,411,636",,1
Locked Away (feat. Adam Levine),Locked Away,R. City,6/29/2015,USRC11501369,"1,355",40.3,"990,518,773","143,056","48,490,958",75.0,"1,273,135,552","7,854,653","222,164","48,742,043","348,767,238","1,667,819,767",101.0,"65,547",30,34.0,"99,938",6.0,"555,577,156","100,262",,"17,627,794",,0
"Tu Juliet Jatt Di ( From ""Jatt & Juliet 3"")","Tu Juliet Jatt Di ( From ""Jatt & Juliet 3"")",Diljit Dosanjh,5/24/2024,INM432400129,"4,547",19.5,"1,633,647",160,"2,592,948",,"9,700,826","164,575",,,,"19,904,542",8.0,29,,,,4.0,,,,"5,598",,0
Niagara Falls (Foot or 2) [with Travis Scott & 21 Savage],HEROES & VILLAINS,Metro Boomin,12/2/2022,USUG12208792,"1,191",43.4,"325,654,069","108,296","18,764,224",71.0,"21,886,334","217,873",,3,19,"7,326,120",15.0,311,,4.0,"73,801",6.0,"2,079,133","1,461",,"660,445",,1
Mockingbird,Mockingbird,Tiï¿½ï¿,5/3/2024,NLZ542400299,"4,489",19.7,"14,349,985","2,714","28,814,412",75.0,"880,904","20,629",,,,"126,807,656",10.0,"1,050",80,20.0,"881,852",15.0,"250,357",65,"96,009","86,982",,0
Moonlight,?,XXXTENTACION,3/16/2018,USUG11800209,375,79.5,"1,885,431,727","241,112","41,330,643",77.0,"1,607,650,475","24,201,486","275,009","36,219,008","300,772,720","160,456,727",66.0,"16,859",2,41.0,"344,324",15.0,"138,948,996","311,466","80,552,486","3,644,968",,1
Daddy Issues,Wiped Out!,The Neighbourhood,10/30/2015,USSM11506747,"2,627",27.5,"1,435,372,572","239,555","84,147,867",80.0,"450,121,249","5,511,534","252,108","196,480,803","1,122,697,302","8,013,039",47.0,81,,24.0,"84,882",3.0,"32,313,966","41,491",,"3,422,693",,0
Bad boy,Bad boy,Marwa Loud,1/1/2018,FR7IX1800130,"3,639",22.5,"228,588,822","55,077","5,070,531",63.0,"526,305,086","5,736,409","2,331,929","348,414,974","3,551,204,518","231,380",12.0,"8,461",,9.0,"15,135",4.0,"197,001","1,063",,"4,386,468",,0
If the World Was Ending - feat. Julia Michaels,If the World Was Ending (feat. Julia Michaels),JP Saxe,10/17/2019,USQX91902708,"1,483",38.1,"1,145,402,792","134,427","81,562,006",69.0,"96,493,850","756,954","775,324","147,160,931","947,802,755","68,389",179.0,"131,938",290,72.0,"482,672",35.0,"92,421,060","57,696","20,375,650","3,815,615",,0
Clout (feat. Cardi B),FATHER OF 4,Offset,2/22/2019,USUG11802308,"2,231",30.3,"306,221,125","61,432","15,468,892",58.0,"635,706,453","4,888,312","126,257","15,711,039","90,607,937","272,146,133",50.0,"15,637",102,24.0,"194,800",12.0,"76,691,389","37,017","25,647,174","2,066,390",,1
Mï¿½ï¿½,Mï¿½ï¿½,Nio Garcia,2/22/2019,QM4TW1972660,"4,015",21.3,"76,516,847","14,310","2,814,938",48.0,"865,812,768","3,458,107","7,543","422,844","4,319,903","14,012,477",3.0,107,10,1.0,619,5.0,"21,806,073","4,406",,"198,643",,1
Psikopat,Psikopat,Butrint Imeri,5/16/2024,QZNFJ2402312,"2,426",28.9,"2,112,678",387,"318,456",,"18,494,570","108,824",,,,,1.0,1,,,,,,,,"13,123",,0
Me Acostumbre (feat. Bad Bunny),Me Acostumbre (feat. Bad Bunny),Arcï¿½ï¿½,4/11/2017,USB271700107,"4,593",19.4,"255,740,653","32,138","14,066,526",64.0,"866,300,755","3,826,829","78,000","10,055,461","70,196,388","175,831,376",11.0,"2,083",,4.0,"127,479",4.0,"69,006,739","11,320",,"767,006",,1
Back On 74,Back On 74,Jungle,7/28/2023,QM4TX2336316,702,57.8,"212,122,034","61,462","73,347,896",80.0,"49,794,673","997,193","117,000","60,212,881","555,529,368","19,357,105",78.0,"19,909",183,52.0,"1,421,707",108.0,"1,369,652","5,027",,"1,510,651",,0
MONTERO (Call Me By Your Name),MONTERO (Call Me By Your Name),Lil Nas X,3/24/2021,USSM12100532,"2,067",31.7,"1,902,241,314","7,736","1,546,777",44.0,"577,007,299","11,124,112",,,,"2,455,399,379",94.0,"16,421",,6.0,"3,447",1.0,,,,,,0
Cï¿½ï¿½,VICE VERSA,Rauw Alejandro,6/25/2021,USSD12100296,"2,215",30.4,"596,905,923","83,179","20,128,974",76.0,"132,634,826","1,011,336","803,336","177,757,652","1,408,309,850","12,050,206",72.0,"17,091",181,18.0,"238,540",25.0,"18,530,463","2,252",,"1,086,469",,1
Queen of Kings,Queen of Kings,Alessandra,1/8/2023,NOW7B2301090,"2,069",31.7,"162,396,159","44,113","11,475,897",66.0,"120,017,704","1,180,096","66,925","20,374,918","276,521,416","10,071,948",24.0,"18,103",,12.0,"144,199",,"691,648","1,562",,"670,703",,0
Sunday Service,Sunday Service,Latto,2/9/2024,USRC12400151,"2,505",28.3,"12,270,831","1,736","2,704,404",,"22,668,627","309,518",,"729,900","3,400,000","361,916,750",18.0,"19,404",112,12.0,"132,145",16.0,"5,371,441","3,307","1,903,428","172,799",,1
Space Song,Depression Cherry,Beach House,8/21/2015,USSUB1512203,"2,646",27.4,"1,099,069,598","261,122","71,073,470",73.0,"127,534,602","1,660,824","496,525","338,753,643","2,588,157,478","3,593,056",88.0,"4,491",9,14.0,"264,505",38.0,"24,447,183","25,737","16,000,671","7,887,047",,0
Yoksun,Yoksun - Single,Ebru Yaï¿½ï,2/2/2024,FR2X42424385,"1,048",46.9,"33,174,286","1,658","1,193,973",,"119,795,906","342,242",,,,"1,145,002,460",9.0,"5,456",,2.0,"1,581,911",,,,,"499,594",,0
"Sher Khul Gaye (From ""Fighter"")","Sher Khul Gaye (From ""Fighter"")",Vishal-Shekhar,12/15/2023,INS182303636,"3,528",22.9,"22,277,518","1,494","2,272,746",,"86,835,991","726,713",,,,"1,418,486,214",9.0,572,,,,11.0,,,,"53,230",,0
WAP (feat. Megan Thee Stallion),WAP (feat. Megan Thee Stallion),Cardi B,8/7/2020,USAT22005111,152,123.4,"1,325,725,696","171,255","53,040,559",72.0,"1,329,826,741","15,965,491","8,470,921","1,183,499,351","9,539,547,626","181,452,145",222.0,"91,249",306,94.0,"249,116",50.0,"184,950,173","397,731",,"4,618,794",,1
Teresa & Maria,Teresa & Maria,alyona alyona,1/11/2024,UAEO12300107,"3,916",21.6,"31,380,070","2,862","2,254,638",73.0,"48,986,579","533,216",,,,"57,002,839",19.0,"2,869",,13.0,"250,087",10.0,,,,"287,707",,0
The Kind of Love We Make,The Kind of Love We Make,Luke Combs,6/17/2022,US6XF2200076,628,60.6,"470,340,261","68,177","14,091,711",75.0,"123,212,252","623,104","72,219","39,713,127","395,041,727","513,736,581",45.0,"321,811",106,7.0,"141,841",25.0,"175,596,345","25,175","697,439","1,452,588",,0
UNA NOCHE EN MEDELLï¿½ï¿½N - R,MAï¿½ï¿½ANA SERï¿½ï¿½ BONITO (BICHOTA,KAROL G,8/10/2023,USUG12305258,"2,959",25.6,"192,439,879","16,960","28,438,488",73.0,"53,961,405","347,263","84,218","8,041,478","134,541,936",,14.0,,,13.0,"2,464,704",12.0,"9,220,102","1,150",,"213,623",,1
Mood - Remix,Mood (Remix),Zero Two,6/9/2021,VNA0R1989249,"3,899",21.6,"10,265,841","3,742","374,428",,,,"3,700,000","133,726,615","1,593,175,441",,,,,,,,,,,,,0
Mount Everest,Mount Everest,Labrinth,6/21/2019,GBHMU1800032,"2,734",26.9,"612,159,812","128,472","33,056,872",72.0,"218,832,200","3,089,060","911,853","458,425,066","3,490,816,416","3,238,676",32.0,34,301,23.0,"112,133",14.0,,,,"4,948,372",,1
ýýlle de Sen,ýýlle de Sen - Single,Muti,11/17/2023,TRCGH2300006,"2,132",31.2,"49,630,584","7,644","1,077,118",,"102,074,133","305,216","38,600","70,954","6,598,274","304,330,982",3.0,"1,611",,1.0,716,,,,,"182,499",,0
Pï¿½ï¿½i,Pï¿½ï¿½i naa - Si,Babasha,6/1/2024,ROGRA2400380,"3,522",23.0,"881,858",75,"194,541",53.0,"7,429,733","106,911",,,,,1.0,,,1.0,"128,640",,,,,"11,206",,0
Already Rich,Already Rich,Yeat,5/3/2023,USUM72306884,"3,592",22.7,"156,047,755","31,578","4,170,271",70.0,"13,251,602","156,992","195,434","26,190,022","273,007,809","83,289",1.0,12,507,,,,"637,800","1,448",,"252,675",,1
AUTOMï¿½ï¿½,AUTOMï¿½ï¿½,Maria Becerra,9/8/2022,USAT22213513,"3,036",25.2,"204,236,514","25,243","8,322,243",58.0,"179,427,174","968,498","171,636","73,100,787","793,805,115","20,772,372",13.0,"24,832",,14.0,"70,291",27.0,"784,095",174,"16,502","386,958",,0
Padam Padam,Padam Padam,Kylie Minogue,5/18/2023,GB5KW2301017,"1,826",34.0,"142,783,595","27,586","18,160,338",43.0,"39,579,610","426,906","49,769","16,387,200","266,934,347","317,063,172",117.0,"97,932","1,135",34.0,"786,028",87.0,"2,872,697","3,783",,"1,166,124",,0
Mi Tesoro (feat. Nicky Jam),Motivan2,Zion & Lennox,9/30/2016,USWL11600243,"3,631",22.5,"162,240,700","16,013","5,249,592",54.0,"168,005,056","764,995","6,895,858","72,549,539","1,426,765,550","150,952",10.0,"1,586",5,13.0,"69,938",10.0,"33,136,221","7,883",,"829,090",,0
Cry No More (feat. Tay Keith),Cry No More (feat. Tay Keith),Headie One,4/19/2024,GBARL2400420,"3,804",21.9,"13,712,090","3,148","14,042,635",,"3,889,395","76,350",,,,"26,701,987",14.0,"2,005",,18.0,"1,746,831",37.0,"27,546",8,"356,418","158,997",,1
Normal,Normal,Feid,7/8/2022,USUM72211935,804,54.1,"724,772,954","76,821","31,039,211",76.0,"395,704,504","1,556,356","86,775","25,803,660","237,386,912","472,550,280",59.0,"28,567",239,22.0,"4,507,712",32.0,"9,638,456","2,516",,"956,990",,1
The American Dream Is Killing Me,The American Dream Is Killing Me,Green Day,10/24/2023,USRE12300349,"4,181",20.7,"15,336,055","4,793","2,283,611",1.0,"3,725,312","104,259",142,"187,968","13,261,497","17,026,658",18.0,"81,755",192,7.0,"90,570",23.0,"844,692",298,,"181,059",,1
Clara Bow,THE TORTURED POETS DEPARTMENT,Taylor Swift,4/18/2024,USUG12401043,"3,863",21.7,"83,518,075","2,267","5,904,252",,"3,279,453","42,516",,"116,300","981,800",,8.0,260,,,,32.0,"1,025,521","2,345",,"19,572",,0
Kaikai Kitan,ýýýýýýýýýýýý,Eve,10/3/2020,JPTF02017001,"2,596",27.7,"404,765,225","64,972","8,591,521",68.0,"470,390,576","3,380,515","119,922","70,942,249","561,999,669","100,993,171",36.0,714,,2.0,"19,827",10.0,"1,050,151","1,537",,"812,814",,0
Cari Mama Muda (Senorita Joven) - Original Mix,Cari Mama Muda (Senorita Joven),Carella,2/13/2021,ITH642025474,532,66.6,"149,072",53,"14,039",7.0,,,"13,600,432","29,203,710","339,961,056",,,,,,,,,,,857,,0
Pretty Savage,THE ALBUM,BLACKPINK,10/2/2020,KRA402000133,"4,421",19.9,"435,823,355","34,658","14,268,149",64.0,"284,536,285","3,411,827","565,243","137,186,669","1,021,702,238",28,27.0,"1,664",,7.0,"116,569",8.0,"4,427,847","6,097",,"733,704",,0
rockstar (feat. 21 Savage),rockstar,Post Malone,9/15/2017,USUM71710087,231,101.8,"2,960,046,642","352,745","82,442,565",77.0,"2,391,850,868","23,334,015","196,242","40,652,322","456,931,528","370,252,952",235.0,"149,051",393,122.0,"715,708",47.0,"608,645,169","632,152",,"19,166,675",,1
Bus 11 - John Falke Remix,Uyku EP (Remixes),Colouour,1/27/2023,DEEC33500883,"4,314",20.3,"9,897",38,"1,473",1.0,"256,358,241","559,022",,,,,,1,,,,,,,,199,,0
I LOVE YOU HOE (w/ 9lives),3x3,Odetari,7/12/2023,QZVFR2301453,"2,028",32.0,"160,320,384","29,292","5,268,261",64.0,"27,712,131","449,186",,"182,400","2,200,000",,1.0,4,26,3.0,"18,512",5.0,"439,911","1,823","6,353,499","394,365",,1
Easy,The Plan,DaniLeigh,11/30/2018,USUM71816809,"4,403",19.9,"41,808,541","7,802","1,222,888",46.0,"491,827,513","3,638,561","28,899","4,564,091","39,966,761","26,034,042",4.0,5,,2.0,"2,532",5.0,"172,241,744","37,508","15,875,196","1,458,244",,0
Doin' Time,Norman Fucking Rockwell!,Lana Del Rey,8/30/2019,GBUM71903894,"4,496",19.6,"680,707,791","87,833","27,581,024",74.0,"48,297,331","611,115","43,653","21,000,926","184,535,006",,43.0,"49,001",8,26.0,"90,526",5.0,"74,241,424","20,646",,"4,213,597",,1
Feel This Moment,Greatest Hits,Pitbull,1/1/2009,USRC11201328,"4,243",20.5,"687,212,492","158,127","52,673,092",74.0,"830,074,389","3,735,861","112,554","51,638,369","388,454,078","264,030,016",49.0,"1,411",199,31.0,"46,407",11.0,"323,641,777","173,661","15,618,720","10,452,280",,0
Blicky,Blicky,Fresh X Reckless,1/11/2023,TCAGT2316203,"2,292",29.9,"19,617,254","6,378","749,928",40.0,"5,983,105","119,013","2,272,645","310,986,195","2,956,553,569","2,662,671",1.0,95,969,,,,"286,822","1,533",,,,1
Another Love (Tiï¿½ï¿½sto Re,Another Love (Tiï¿½ï¿½sto Re,Tom Odell,5/13/2022,GBARL2201039,"2,620",27.5,"141,141,890","32,658","32,977,028",67.0,"26,048,435","224,730","1,662,320","900,971,288","8,556,410,580",,20.0,"37,145",,23.0,"557,055",,"172,209",366,,"770,960",,0
I'll Be There,I'll Be There,Robin Schulz,10/13/2023,DEA622302401,"2,789",26.6,"21,067,560","4,684","9,704,010",,"8,446,909","70,328",,"253,568","3,385,213","33,125,935",21.0,"108,458",19,17.0,"5,754,915",12.0,"35,204",22,,"633,019",,0
Bohemian Rhapsody,Absolute Greatest,Queen,11/16/2009,GBCEE0900148,"4,147",20.8,"2,486,908,570",264,"18,456",,"2,036,268,766","14,592,615",,,,"1,516,220,978",,,,,,,,,,,,0
The Color Violet,Alone At Prom,Tory Lanez,12/10/2021,QZTGW2100275,833,53.1,"806,918,358","152,298","19,863,721",79.0,"105,278,538","1,053,733","40,106","22,514,603","251,896,836","3,583,107",22.0,"2,409",,2.0,"22,675",3.0,"893,116","8,036","16,338,259","2,322,363",,0
Softly,Making Memories,Karan Aujla,8/18/2023,CAW112300244,941,49.6,"150,073,848","12,340","8,409,772",71.0,"232,389,376","1,637,844","70,200","8,387,797","169,068,391","185,360,520",17.0,455,4,1.0,"9,696",20.0,"46,920",240,"2,691,081","270,472",,0
Belong Together,Belong Together - Single,Mark Ambor,2/16/2024,QM24S2400638,592,62.4,"233,969,547","19,001","153,692,182",87.0,"15,918,146","259,139",,"569,975","7,383,118","71,148,977",84.0,,292,59.0,"30,602,918",76.0,"2,985,129","2,037","977,217","1,139,490",,0
Fall Back,Fall Back / Selfish Game - Single,Lithe,3/21/2024,AUMEV2435468,485,70.1,"78,227,549","10,811","34,967,691",81.0,"18,048,583","346,316","1,827","366,700","5,400,000","10,740,206",59.0,604,,7.0,"10,139,201",36.0,"350,778","1,442","2,612,424","1,712,744",,0
When I'm Gone,When Iï¿½ï¿½ï¿½m Gone (with Katy ,Alesso,12/29/2021,USUG12106230,"2,658",27.3,"279,996,207","36,648","30,173,875",64.0,"42,705,657","691,402","1,943","977,042","19,367,991","1,087,314,726",71.0,"251,715",901,43.0,"750,115",44.0,"50,039,519","3,089",,"1,785,826",,0
Madonna,Madonna - Single,Natanael Cano,3/8/2024,QZ9QQ2400185,354,81.3,"272,838,329","7,265","54,631,978",85.0,"105,675,950","806,116",,"150,848","2,099,500","126,527,485",23.0,572,,10.0,"2,210,844",8.0,"1,544,866",966,,"572,478",,1
No Love,Still Over It,Summer Walker,11/5/2021,USUM72118238,"4,063",21.1,"265,040,914","45,783","18,436,392",69.0,"103,282,847","1,061,969","30,239","17,949,240","131,770,714","88,164,139",47.0,"27,632",393,16.0,"1,044,791",11.0,"54,318,284","11,524",,"986,619",,1
Playing Games,Playing Games,Summer Walker,8/23/2019,USUM71917221,"3,737",22.2,"177,369,022","26,786","5,711,358",58.0,"200,783,046","1,614,839","76,025","12,315,439","75,387,907","85,920,589",35.0,"100,358",472,8.0,"558,639",29.0,"26,303,941","44,361","35,561,645","1,548,061",,1
fast,Fast,Sueco,5/10/2019,USAT21903003,"3,072",25.0,"184,246,401","42,246","4,235,755",53.0,"26,642,994","675,965","3,552,840","348,757,454","3,451,442,440","169,374",5.0,53,,4.0,"63,667",,"26,754,440","28,574","26,176,848","1,449,210",,1
"Hua Main (From ""ANIMAL"")","Hua Main (From ""ANIMAL"")",Raghav Chaitanya,10/11/2023,INS182302918,"4,004",21.3,"97,393,603","4,072","7,100,504",,"89,293,152","804,501",,,,"156,370,261",11.0,,,,,8.0,,,,"80,167",,0
Solo,Solo,Myles Smith,11/15/2023,UKXN22382205,"2,647",27.4,"95,747,052","18,521","23,770,824",,"13,990,236","198,993","1,907","604,177","9,054,387","45,935,756",29.0,"8,090",,44.0,"696,335",3.0,"176,881",306,"588,902","313,239",,0
Saturno,Prometo,Pablo Alborï¿½,6/1/2017,ES5151701359,"4,283",20.3,"495,063,827","39,662","20,764,682",71.0,"802,589,099","5,029,647","233,846","114,459,132","1,106,585,781","83,950,692",5.0,"6,789",2,25.0,"109,263",26.0,"5,465,835","7,421",,,,0
The Man He Sees in Me,The Man He Sees in Me,Luke Combs,6/6/2024,US6XF2400108,"2,569",27.9,"5,942,861",766,"17,968,556",71.0,"417,205","14,380",,,,156,24.0,50,,6.0,"22,284",32.0,"1,140,678",189,"3,844","14,609",,0
Bulletproof,Bulletproof,Nate Smith,2/9/2024,USRN12300134,"1,710",35.3,"32,849,769","3,617","14,360,509",,"3,599,335","30,863",,,,"195,478,256",20.0,"54,945",50,8.0,"1,583,802",23.0,"18,349,967",710,,"176,994",,0
ID,ID - Single,Young Miko,6/2/2023,QZXD92300004,"4,197",20.6,"118,689,822","21,235","10,088,905",61.0,"45,565,540","435,913","62,500","23,571,763","215,516,634","7,014,186",17.0,"3,615",22,5.0,"1,370,903",5.0,"1,171,962",267,"314,977","227,408",,1
Ayang,Ayang,Nabila Maharani,10/5/2022,IDA832108560,"3,233",24.2,"1,088,915",89,"29,328",31.0,"45,683,645","212,924","2,100,000","92,096,902","1,504,849,718",,,53,,,,,,,,"36,502",,0
Pepas,Pepas - Single,Farruko,8/20/2022,QZN882262975,"2,974",27.3,"1,490,710,634",11,"1,849",,,,,,,,1.0,,,,,,,,,,,0
34+35,Positions,Ariana Grande,10/30/2020,USUM72020423,727,56.8,"978,617,707","97,191","40,917,688",70.0,"722,372,895","11,582,120","254,060","60,197,709","359,903,081","472,873,487",109.0,"329,936",514,29.0,"259,515",20.0,"69,822,231","54,449",,"1,769,544",,1
Too Sweet,Unreal Unearth: Unheard,Hozier,3/22/2024,IEACJ2300335,158,121.2,"532,012,790","22,396","130,752,527",85.0,"13,119,247","218,957",,,,,235.0,"6,952",,85.0,"25,307,005",108.0,,,"119,813","2,580,089",,0
Polaroid Love,DIMENSION : ANSWER,ENHYPEN,1/10/2022,USA2P2146748,"4,102",21.0,"283,455,095","30,103","7,031,163",68.0,"153,119,745","2,763,024","574,323","302,839,855","2,468,865,989","118,249,917",9.0,"3,305",21,2.0,"6,152",14.0,"1,479,536","1,384",,"401,676",,0
Girls Like You,Red Pill Blues (Deluxe),Maroon 5,11/3/2017,USUM71710831,464,71.4,"399,689,964","43,481","8,855,966",63.0,"3,623,407,739","21,725,999",597,"589,841","6,559,308","2,200,700,275",8.0,"37,551",,6.0,"167,434",6.0,"95,808,186","28,398","1,318,952","5,910,625",,1
snowfall,Snowfall - Single,ýýneheart,1/14/2022,QM3DF2191341,828,53.3,"652,949,750","72,344","19,014,919",79.0,"46,232,838","980,365","3,889,444","1,232,791,337","10,888,392,002",,12.0,81,,2.0,"58,283",,"764,755","1,548",,"1,852,974",,0
S91,S91,KAROL G,7/14/2023,USUG12305255,840,53.0,"240,161,044","22,270","15,087,485",64.0,"164,645,464","1,308,408","503,900","16,972,968","257,922,639","438,911,868",40.0,"24,578",572,19.0,"2,172,067",4.0,"19,801,440","3,668",,"614,971",,0
"Not Ramaiya Vastavaiya (From ""Jawan"")","Not Ramaiya Vastavaiya (From ""Jawan"")",Anirudh Ravichander,8/29/2023,INS182302435,"4,085",21.0,"46,879,854","2,866","999,328",,"122,041,931","1,323,316",,,,"156,331,427",6.0,528,,,,6.0,,,,"36,868",,0
So Far,So Far,florias,3/10/2023,SE5752309413,"2,164",30.8,"10,554",18,541,10.0,"333,366,384","362,004",,,,,,66,,,,,,,,275,,0
Bang Bang,Todo Exitos 2014 (Los Nï¿½ï¿½mero 1 Del A,Jessie J,1/1/2014,USUM71409737,"2,895",25.9,"1,336,196,012","120,161","65,089,226",72.0,"321,959,140","3,114,933","22,465","36,410,479","243,157,936","2,330",164.0,"30,904",140,107.0,"1,187,886",53.0,"520,899,844","621,488",,"6,269,103",,0
WOKE UP,WOKE UP,XG,5/21/2024,JPB602401462,877,51.5,"16,684,393","1,247","25,606,219",74.0,"19,177,238","873,736","23,413",,,,18.0,582,,2.0,"338,389",20.0,"30,995",102,,"63,167",,0
Pacto (feat. Luar La L),Pacto (feat. Luar La L),Jay Wheeler,4/24/2023,USUYG1480456,"2,547",28.1,"58,652,026","19,596","3,713,869",54.0,"74,399,520","458,583","508,800","31,900,743","344,636,407","9,720,627",14.0,66,6,2.0,"9,119",2.0,"4,123,989","2,062","1,875,071","397,215",,1
Dil Meri Na Sune,"Dil Meri Na Sune (From ""Genius"")",Atif Aslam,7/27/2018,INT101800122,"4,575",19.4,"52,282,360","4,602","1,449,767",56.0,"943,920,245","5,347,766",,"1,721","19,935","24,973,048",1.0,412,,1.0,927,,,,,"193,590",,0
ýýýýýýýýýýýýýý,ýýýýýýýýýýýýýý - Single,Wallem,3/12/2024,RUAGV2401381,"3,081",24.9,"3,636,983",776,"267,020",,"39,164,465","229,600",,352,"3,865",,14.0,,,,,,,,,"600,644",,0
Lalala,Lalala,Y2K,6/28/2019,USSM11904230,"1,010",47.7,"968,133,091","142,494","16,656,325",66.0,"707,665,227","10,665,380","2,733,359","556,612,849","6,342,877,983","368,355,428",76.0,"25,256",267,33.0,"6,401,270",7.0,,,,"9,155,025",,1
Gypsy,Gypsy,G.D. Kaur,5/10/2022,FR96X2229645,"2,682",27.2,"58,989,412","4,708","1,055,037",3.0,"457,435,947","2,665,092",475,"34,450","756,707",,,3,,,,,,,,"116,513",,0
SAY for thank YOU,SAY for thank YOU,Uni kukka,2/22/2023,JPK632301501,"3,115",24.7,"2,814",3,63,,"291,721,339","1,078,955",,,,,,1,,,,,,,,,,0
Derniï¿½ï¿½re d,Derniï¿½ï¿½re D,Indila,11/13/2013,FRUM71301049,"2,672",27.3,"410,783,411","84,509","10,769,145",72.0,"1,717,040,143","17,082,350","309,984","152,093,157","1,251,931,456","207,204,169",18.0,"12,131",,35.0,"6,308,639",2.0,"4,540,897","13,830",,"10,550,609",,0
Miracle (with Ellie Goulding),Miracle (with Ellie Goulding),Calvin Harris,3/10/2023,GBARL2300300,470,71.1,"425,999,315","91,229","100,955,340",74.0,"81,238,584","760,116","144,223","20,190,291","342,295,893","741,916,635",183.0,"21,709",40,132.0,"4,296,671",79.0,,,"12,510,698","4,349,283",,0
Que Vuelvas,Que Vuelvas - Single,Carin Leon,12/9/2022,QZWT32210000,314,86.1,"684,853,927","42,893","25,716,699",73.0,"547,937,715","1,638,787","1,100,030","91,969,060","1,162,186,778","4,235,395",45.0,"14,160",358,20.0,"2,332,617",18.0,"100,368,438","17,421",,"1,654,594",,1
Ditto,Ditto,NewJeans,12/19/2022,USA2P2254487,"1,098",45.7,"614,497,357","47,586","17,245,496",74.0,"202,069,442","2,934,641","396,808","179,997,019","1,587,051,148","226,112,613",44.0,"13,257",20,2.0,"34,632",42.0,"1,082,714","1,542",,"714,871",,0
6 In the Morning (feat. Nate Dogg),6 In the Morning (feat. Nate Dogg) - Single,Flex (UK),5/17/2024,GBARL2400669,785,54.7,"4,505,404","1,248","19,427,406",64.0,,,,,,,2.0,25,,2.0,"34,694",31.0,,,"3,150,291","24,801",,1
LAISSE MOI,LAISSE MOI,KeBlack,9/8/2023,DGA092316630,"2,743",26.8,"76,805,130","12,362","2,698,463",,"62,061,765","290,394","110,539","21,137,395","261,958,744","196,973,081",7.0,"12,888",,17.0,"6,791,140",17.0,587,,"276,434","972,269",,1
INDUSTRY BABY (feat. Jack Harlow),INDUSTRY BABY (feat. Jack Harlow),Lil Nas X,7/23/2021,USSM12104539,110,145.3,"2,014,959,725","354,831","87,942,438",70.0,"1,003,346,208","16,856,186","1,750,366","915,814,897","9,558,947,943","3,191,316,960",360.0,"245,228",925,109.0,"3,242,122",74.0,"75,167,268","96,430",,"12,693,846",,1
you should see me in a crown,you should see me in a crown,Billie Eilish,7/18/2018,USUM71810049,"2,370",29.3,"860,596,912","103,375","35,817,894",71.0,"520,754,022","9,647,204","477,025","50,997,364","397,345,798","156,314",82.0,"17,251",233,20.0,"303,683",35.0,"81,461,591","111,306",,"3,668,559",,0
Control,Control,Zoe Wees,3/13/2020,GB2DY2000093,"1,407",39.5,"457,848,626","81,641","24,075,887",66.0,"246,089,222","2,528,574","1,084,078","222,895,441","1,783,816,089","247,920,172",52.0,"180,385",24,32.0,"450,565",13.0,"62,974,334","16,964","7,465,200","6,554,675",,0
Ella,Corridos Tumbados,Junior H,10/31/2019,USDXS1910299,"4,486",19.7,"404,073,512","42,797","7,070,994",69.0,"328,021,225","1,916,957","51,604","14,598,836","101,301,634","13,436,612",9.0,48,,2.0,"31,079",5.0,"31,636,806","19,540","9,763,489","1,254,798",,0
Filhall 2,Filhall 2,B Praak,6/19/2020,QZLQR2052977,"1,721",35.2,"81,182,241",2,18,,"1,138,411,241","9,088,368","897,400","31,231,758","408,728,922","183,195,247",,,,,,,,,,,,0
Run,Run,OneRepublic,5/5/2021,USUM72004315,"1,684",35.6,"567,806,129","80,089","40,942,274",70.0,"99,979,912","892,974","150,611","14,939,338","228,981,445","23,967,349",116.0,"182,564",4,31.0,"701,924",13.0,"157,422,525","22,671",,"1,975,100",,0
Panda Basi,Panda Basi - EP,Mvua,2/10/2023,GX3Q92333626,52,200.3,"104,271",249,"8,585",25.0,"2,457,026,781",,190,"36,666","393,580",,,12,,,,,,,,"1,881",,0
Looking For The Hoes (Ainï¿½ï¿½ï¿½t My ,Hood Hottest Princess,Sexyy Red,6/9/2023,QZSYP2342088,"4,317",20.2,"68,965,021","11,956","10,611,984",70.0,"25,701,096","259,974","402,011","109,732,611","718,409,133",,5.0,"2,386",2,,,8.0,"5,935,978","7,448",,"437,612",,1
Dynamite,Rokstarr (Special Edition),Taio Cruz,1/1/2010,GBUM71003721,"2,439",28.9,"1,070,923,216","204,514","89,320,567",69.0,"576,914,505","3,412,361","79,570","20,716,110","185,228,504","169,884,547",133.0,"163,744",210,48.0,"1,160,892",36.0,"585,431,213","919,970","1,472,657","8,023,558",,0
TRYNA MAKE SURE,TRYNA MAKE SURE,Moneybagg Yo,5/3/2024,USUM72404717,"3,591",22.7,"5,588,636","1,252","7,389,987",,"5,680,064","87,918",,,,"191,383,970",17.0,2,27,3.0,"1,369,715",18.0,"4,153,458",165,"534,597","32,511",,1
Here With Me,Here With Me,d4vd,7/20/2022,QZMEM2209263,234,101.4,"1,042,311,849","154,178","58,833,842",80.0,"256,736,243","2,649,848","2,321,933","467,461,517","3,656,967,030","313,752,369",79.0,"18,211",111,48.0,"636,981",41.0,"4,556,490","10,111","15,609,794","3,315,939",,0
Cake By The Ocean - Cover,SEXY BEACH SONGS,MUSIC LAB JPN,5/28/2023,TCJPV2335795,"2,540",28.5,"1,614,203,949",,,,,,,,,,,,,,,,,,,,,1
I'm Geekin,I'm Geekin,DDG,4/21/2023,USSM12302214,"3,584",22.7,"76,004,507","24,334","3,477,076",60.0,"9,862,592","231,074","480,208","182,882,813","1,467,434,192","203,939,429",9.0,"15,042",351,10.0,"94,029",,"1,710,046","1,518",,"132,370",,1
Veggie Dance - Remix,Veggie Dance (Remix) - Single,Gracie's Corner,5/31/2024,CH7819500531,"4,091",21.0,"173,242",19,"378,669",,"7,618,257","63,190",226,,,,,,,,,,"2,218",115,,"3,079",,0
Still Trappin' (with King Von),The Voice,Lil Durk,12/24/2020,USUM72024651,"2,448",28.8,"176,140,377","76,081","7,784,086",61.0,"90,527,434","1,019,305","9,759","1,195,071","12,014,523","35,450,506",36.0,"10,226",36,7.0,"31,768",13.0,"27,955,730","8,002","35,096,727","494,233",,1
Illegal Weapon,Illegal Weapon,Garry Sandhu,9/25/2017,FRX201706358,"2,224",30.3,"67,999,897","12,496","2,290,221",57.0,"665,109,271","3,531,340","6,938,800","41,338,088","594,821,828","34,439,336",12.0,744,,1.0,118,3.0,"2,142,970","1,187",,"335,509",,0
Aku Sayang Tapi Kau Tak Paham,Aku Sayang Tapi Kau Tak Paham,DJ Boneng,11/15/2023,GXBAV2345718,902,50.8,"716,453",22,"36,989",1.0,"12,045",174,"1,800,000","2,635,212","100,001,777",,,,,,,,,,,,,0
Night Changes,FOUR (Deluxe),One Direction,11/17/2014,GBHMU1400165,"2,179",30.7,"1,548,151,634","154,325","92,409,509",83.0,"948,760,574","9,009,457","741,824","207,100,684","1,820,024,186","1,693,474,545",66.0,"9,645",17,36.0,"231,749",19.0,"113,124,423","72,174",,"5,939,223",,0
wait in the truck (feat. Lainey Wilson),wait in the truck - Single,HARDY,8/26/2022,QZ22S2200068,"1,537",37.5,"127,223,430","24,922","3,869,411",63.0,"91,145,868","519,636","17,442","3,062,108","39,170,264","447,081,553",26.0,"177,709",9,1.0,71,33.0,"125,290,585","39,973","1,259,302","796,363",,0
DE LUNES A LUNES,DE LUNES A LUNES - Single,Manuel Turizo,8/24/2023,QZDYA1800274,"1,856",33.7,"178,247,858","12,797","13,650,757",73.0,"104,715,392","352,213","12,100","2,454,985","26,823,518","37,557,065",17.0,"15,249",212,17.0,"5,682,855",5.0,"19,861,700","1,116",,"415,549",,0
HACIENDO QUE ME AMAS,EL ï¿½ï¿½LTIMO TOUR DEL M,Bad Bunny,11/27/2020,QMFME2066843,"3,384",23.6,"391,087,418","53,386","13,266,439",66.0,"367,082,304","2,697,123","6,576","12,303,446","88,351,589","3,881",16.0,10,,23.0,"26,018",2.0,"19,231,071","3,418",,"897,314",,1
Someone You Loved,Breach,Lewis Capaldi,11/8/2018,DEUM71807062,133,129.7,"3,427,498,835","338,763","160,553,919",82.0,"2,153,701,892","20,891,433","1,940,473","212,007,614","2,161,032,034","2,333,853,734",408.0,"600,211",381,502.0,"4,834,088",110.0,"427,212,257","357,540",,"29,266,297",,0
Vacation,Vacation,Dirty Heads,8/11/2017,USDPK1700118,"3,147",24.6,"253,490,559","78,414","9,539,906",20.0,"157,050,046","2,249,067","4,715,901","389,010,308","4,610,799,658","3,057,202",16.0,"8,106",59,9.0,"3,638",3.0,"70,579,414","71,144",,"2,770,196",,1
Focus,Focus,Ariana Grande,10/30/2015,USUM71516960,"4,551",19.5,"315,697,428","27,166","9,169,246",57.0,"1,033,104,472","6,459,847","319,300","9,810,976","61,451,981","291,876,127",84.0,"6,723",1,31.0,"227,649",5.0,"65,640,640","38,385","4,570,896","1,966,828",,0
I KNOW ?,UTOPIA,Travis Scott,7/28/2023,USSM12305012,121,139.5,"532,605,345","128,534","31,725,858",81.0,"97,958,347","1,237,197","322,900","108,595,670","947,194,801","259,363,238",46.0,"107,637",57,33.0,"1,423,258",40.0,"6,334,599","8,712","12,785,993","1,861,958",,1
Zombie Dance with New DB Heroes,Mummy Dance with Family,D Billions,12/8/2023,AEA0Q2376389,"3,796",21.9,"37,396",4,"3,608",,"98,338,088","56,214",,,,,,,,,,,,,,,,0
Loading,Loading,Central Cee,10/22/2020,ZZOPM2003512,"2,311",29.8,"356,681,497","137,745","8,267,546",65.0,"204,509,339","2,198,210","62,042","21,340,597","200,676,951","687,625",26.0,"7,138",12,3.0,"7,612",7.0,"439,821","2,081",,"1,028,060",,1
Fried (She a Vibe),WE DON'T TRUST YOU,Future,3/22/2024,USSM12402032,"1,216",42.9,"33,224,742","8,465","12,808,538",,"6,259,257","65,528",,,,"125,856,157",8.0,483,,1.0,83,8.0,"456,992","1,445","2,864,129","232,391",,1
Monster,Monster,LUM!X,4/19/2019,ITV951900009,"3,704",22.3,"324,575,469","84,886","16,138,519",66.0,"84,490,948","834,256","2,636,838","355,125,016","4,875,609,910",,25.0,16,3,27.0,"599,230",13.0,"2,081,700","3,093",,"3,588,080",,0
LOVELY BASTARDS,LOVELY BASTARDS,ZWE1HVNDXR,8/25/2023,QZPLS2390181,594,62.2,"224,798,632","37,906","25,613,376",,"96,276,929","1,777,074","781,267","222,202,542","2,266,242,364","21,726,048",3.0,1,,,,8.0,"685,072","3,203",,"1,340,592",,1
"Garmi (From ""Street Dancer 3D"") (feat. Varun Dhawan)","Garmi (From ""Street Dancer 3D"")",Badshah,12/26/2019,INS181905948,"3,154",24.6,"129,283,318","9,852","5,286,439",57.0,"835,213,852","4,972,865","227,900","8,182,757","71,482,445","233,218,560",12.0,"2,080",,,,8.0,,,,"200,527",,0
Made You Look,Takin' It Back,Meghan Trainor,10/21/2022,USSM12204574,135,129.5,"720,720,922","74,295","89,509,926",77.0,"221,078,988","2,557,839","4,687,520","1,252,326,407","15,247,253,457","718,932,832",108.0,"412,680","5,869",43.0,"1,491,347",59.0,"81,828,913","36,462",,"3,086,624",,0
"Soweto (with Don Toliver, Rema & Tempoe)",Soweto,Victony,3/21/2023,QZWA32200112,"3,048",25.1,"127,806,442","39,971","12,569,591",69.0,,,,,,,43.0,"11,876",,6.0,"492,023",27.0,"618,627",419,"3,224,599","979,995",,1
greedy,greedy (Official Video),Tate McRae,9/14/2023,USRV82300987,"2,913",25.8,"1,256,101,755",,,,,,,,,,,,,,,,,,,,,1
Try That In A Small Town,Try That In A Small Town,Jason Aldean,5/19/2023,QMRSZ2300454,793,54.5,"66,418,201","20,547","1,758,957",37.0,"59,550,101","1,432,480",,,,"803,299,613",5.0,"174,811",46,1.0,"79,460",2.0,"106,455,054","62,007","1,370,492","264,899",,1
Paint The Town Red,NOW That's What I Call Music! 116,Doja Cat,11/17/2023,USRC12301935,"1,524",37.6,,4,225,,,,,,,,,"191,588",,,,,,,,,,0
Let It Go,Let It Go,James Bay,1/1/2014,USUM71405265,"2,338",29.5,"1,197,774,081","128,593","56,315,096",65.0,"580,076,338","3,685,849","91,701","14,356,531","112,554,627","115,081,691",220.0,"43,670",107,71.0,"277,681",18.0,"472,029,142","235,172","37,231,576","9,218,458",,0
Sex Music,Sex Music,Tank,6/29/2010,USAT21001199,"2,638",27.4,"5,283,089",920,"403,273",30.0,"7,187,358","56,665",377,"21,957","482,153","738,617",2.0,99,,,,,"20,524,623","3,482,168",,"90,172",,0
Praise The Lord (Da Shine) (feat. Skepta) - Durdenhauer Edit,Praise The Lord (Da Shine) (feat. Skepta) [Durdenhauer Edit],Durdenhauer,11/18/2022,USRC12204018,"3,039",25.1,"99,316,941","58,228","27,538,538",65.0,"5,711,976","91,362","33,703","18,769,387","304,670,358",,28.0,"4,799",,26.0,"355,827",6.0,"3,120",,"2,886,999","604,632",,1
Skate,Skate,Bruno Mars,7/30/2021,USAT22104222,"2,733",26.9,"248,947,222","70,726","16,159,530",63.0,"129,102,965","1,676,120","1,494","372,385","5,258,682","747,385,177",95.0,"122,909",20,51.0,"781,953",36.0,"15,760,107","7,726",,"1,701,042",,0
Money,Money,Cardi B,10/23/2018,USAT21811495,"2,070",31.7,"580,625,472","62,829","21,001,481",65.0,"551,699,941","5,832,935","933,238","242,352,463","1,855,716,339","117,323,780",73.0,"29,962",223,30.0,"80,695",5.0,"258,372,658","235,893",,"24,631",,1
greedy,greedy,Tate McRae,9/14/2023,USRC12301932,18,293.7,"1,258,569,694","105,218","198,845,580",87.0,"141,646,818","1,514,837","2,294,429","419,319,161","5,456,156,211","2,667,285,437",207.0,"667,329","3,310",188.0,"21,788,568",150.0,"44,850,379","12,270",,"6,973,652",,1
NO ME QUIERO CASAR,nadie sabe lo que va a pasar maï¿½ï¿,Bad Bunny,10/13/2023,QMFME2364196,"2,269",30.0,"144,801,283","20,979","16,117,371",73.0,"33,000,813","284,943","1,380","750,523","7,437,994","37,948,816",18.0,"8,135",,4.0,"321,307",16.0,"4,129,629","1,305",,"538,315",,1
Sand In My Boots,Dangerous: The Double Album,Morgan Wallen,1/8/2021,USUG12004193,"2,078",31.6,"379,462,137","52,985","7,003,255",72.0,"144,996,999","759,185","38,414","17,034,027","137,402,135","75,996,858",23.0,"192,139",89,2.0,"2,873",12.0,"161,701,201","48,818","7,058,460","886,799",,0
Sunshine,Sunshine,Tyga,8/12/2022,USUYG1436663,"3,363",23.7,"85,785,871","28,868","3,335,711",60.0,"12,121,852","157,411",813,"171,609","2,095,787",,9.0,"172,982",894,5.0,"45,439",16.0,"23,149,476","2,410",,"1,018,403",,1
Poker Face ( Remix ),Poker Face ( Remix ),Bora Media,10/17/2023,ES64E2323174,"2,410",29.0,"1,271,094,976",1,5,,,,,,,,,,,,,,,,,,,0
You Right,You Right,Doja Cat,6/24/2021,USRC12100544,713,57.4,"831,648,193","119,953","44,866,271",72.0,"379,404,120","3,991,416","67,857","51,756,150","397,005,694","812,074,154",131.0,"233,009",665,33.0,"564,789",41.0,"130,728,919","27,906",,"4,190,926",,1
Hotline Bling,Hotline Bling,Drake,7/31/2015,USCM51500238,"1,588",36.7,"1,335,494,972","205,003","49,738,762",72.0,"165,545,575","1,446,742","1,792,131","38,122,550","284,269,402","6,143",376.0,"94,699",123,110.0,"968,651",55.0,"413,500,693","573,437",,"11,339,270",,0
The Git Up,The Git Up,Blanco Brown,5/3/2019,QZEPT1900040,"1,506",37.8,"346,783,267","70,080","10,444,758",61.0,"418,672,564","3,547,763","1,270,685","229,456,717","2,139,750,734","199,946,770",,"14,316",55,16.0,"576,336",21.0,"155,086,108","446,316","12,447,202",,,0
Lovefool,Lovefool,twocolors,5/8/2020,DEUM72001376,"2,519",28.2,"359,757,970","73,161","29,218,709",62.0,"216,865,947","1,581,781","621,587","49,479,727","658,030,330","25,128,259",149.0,"181,538",,65.0,"2,659,118",8.0,"33,047,274","4,223",,"4,918,636",,0
First Class,First Class,Jack Harlow,4/8/2022,USAT22203024,123,138.6,"818,858,244","223,609","49,586,777",71.0,"231,229,581","2,756,840","1,610,614","624,748,318","6,890,780,336","3,849,170,813",148.0,"666,615","4,406",37.0,"759,989",77.0,"117,451,442","40,907","24,111,168","4,244,972",,1
Dirt Cheap,Leather,Cody Johnson,11/3/2023,QMCQK1900317,"2,387",29.2,"44,047,842","8,961","11,610,924",11.0,"11,326,093","90,929","48,500","1,058,781","8,486,978","1,690,515,321",16.0,"43,529",4,1.0,"1,149",35.0,"15,957,709","8,376","620,808","252,283",,0
Pretty - Sped Up,Pretty,MEYY,6/7/2023,FRD9M2300690,411,75.4,"1,867,282",498,"521,031",40.0,"485,422","12,137","4,300,000","99,212,673","1,267,424,672",,,1,,,,1.0,"3,897",21,,"15,462",,0
Took Her To The O,Took Her To The O,King Von,2/21/2020,USUYG1296663,772,55.1,"497,832,707","156,669","13,464,335",74.0,"265,905,159","2,363,958","171,287","89,782,204","644,816,718","7,516,419",30.0,939,,2.0,"4,396",10.0,"33,625,448","44,231","86,394,034","1,146,823",,1
Problemas de um Milionï¿½ï¿,Problemas de um Milionï¿½ï¿,WIU,4/10/2024,BXW922400001,"3,806",21.9,"34,042,262","3,323","20,484,664",74.0,"11,039,801","333,828",,,,,7.0,297,,19.0,"12,759,549",11.0,,,,"71,762",,1
AMARGURA,MAï¿½ï¿½ANA SERï¿½ï¿,KAROL G,2/24/2023,USUM72222552,477,70.4,"629,102,459","31,206","51,913,972",81.0,"317,295,184","924,600","969,500","28,700,787","404,330,162","814,335,857",45.0,"46,179",387,30.0,"3,549,738",23.0,"38,480,759","8,821",,"1,252,595",,1
You,You,Regard,4/16/2021,GBCEN2100035,"3,249",24.1,"313,144,836","59,063","18,646,872",62.0,"63,377,694","505,563","53,473","9,402,727","105,002,413","9,385,389",153.0,"122,148",285,53.0,"431,971",47.0,"101,741,112","10,653",,"2,293,223",,1
Enemy (with JID) - from the series Arcane League of Legends,Mercury - Act 1,Imagine Dragons,9/3/2021,USUM72119916,495,69.2,"1,502,382,072","240,419","57,503,380",75.0,,,"913,200","449,105,708","4,053,240,923",,118.0,"137,391",,55.0,"2,576,050",65.0,"36,985,295","73,848",,,,0
Corazï¿½,Corazï¿½,Maluma,11/3/2017,USSD11700459,"1,251",42.3,"598,040,653","52,952","15,758,764",64.0,"1,871,767,126","7,019,685","37,943","11,651,047","44,176,203","334,146,897",38.0,"19,241",176,31.0,"141,022",17.0,"146,563,344","38,361",,"3,689,896",,0
I Like Me Better,I Like Me Better,Lauv,5/19/2017,GBWWP1702907,"1,152",44.2,"1,784,308,411","157,818","34,910,721",75.0,"837,720,618","7,077,307","573,681","117,065,490","886,160,801","145,737,544",92.0,"225,675",241,34.0,"251,654",24.0,"334,762,962","97,867",,"7,684,583",,0
Adictiva,Adictiva,Daddy Yankee,11/9/2018,US2BU1801109,"3,817",21.9,"428,271,245","50,261","14,055,347",62.0,"587,689,921","2,696,020","352,314","5,880,730","67,856,339","175,065,357",34.0,"8,014",36,25.0,"158,052",12.0,"81,908,473","7,955",,"1,097,094",,0
Thank You for Being You,Thank You for Being You,OctaSounds,9/7/2022,SGB502236932,"2,602",27.7,"2,248,788",739,"35,130",43.0,"1,577,614","20,317","2,863,057","70,652,797","1,050,704,352",,,3,,,,,,,,"109,624",,0
Check It Out,Check It Out,Parmish Verma,6/27/2023,DGA052307798,"4,341",20.2,"99,237,146","7,075","3,974,177",67.0,"113,013,875","1,174,863",784,"18,168","233,947","16,777,928",6.0,125,,,,14.0,,,,"125,330",,0
"Arcï¿½ï¿½ngel: Bzrp Music Sessions, Vol","Arcï¿½ï¿½ngel: Bzrp Music Sessions, Vol. 54 - Si",Bizarrap,3/22/2023,UYB282301033,"2,191",30.6,"146,680,564","28,883","9,546,255",62.0,"154,916,805","3,043,720",820,"136,267","1,816,865","1,778,092",8.0,"8,273",14,13.0,"115,418",5.0,"904,756",,"590,512","199,628",,0
I'm a Mess,I'm a Mess,Bebe Rexha,6/15/2018,USWB11800739,"1,987",32.3,"671,869,078","64,411","10,816,170",65.0,"686,180,183","6,533,684","2,114,156","21,963,781","184,425,042","464,557,294",5.0,"35,003",31,25.0,"125,171",17.0,"161,878,295","106,663",,,,0
Hold On,Hold On,Chord Overstreet,2/3/2017,USUM71615568,"1,725",35.1,"847,578,246","122,390","28,205,829",73.0,"817,730,890","8,045,419","735,926","173,724,076","1,343,189,392","254,053,114",20.0,452,,6.0,"25,805",,"133,204,015","120,281","28,423,570","2,901,322",,0
Karma,Karma,JoJo Siwa,4/5/2024,USSM12401851,716,57.2,"17,310,258","1,840","5,419,557",,"43,892,777","368,031","199,600","134,373,320","1,314,113,353","24,645,355",20.0,744,12,8.0,"238,742",18.0,"197,930","8,389","277,552","77,101",,0
Turn Down for What,Turn Down for What,DJ Snake,12/18/2013,USSM11308174,"1,116",45.0,"547,207,250","103,666","30,719,577",65.0,"1,350,062,601","11,897,425","962,796","124,466,320","1,943,093,911","194,386,199",135.0,"23,064",113,53.0,"264,794",55.0,"411,609,954","1,482,573","1,150,036","14,799,660",,0
Houdini,Houdini - Single,Eminem,5/30/2024,USUG12403399,"1,655",35.9,"99,968,146",193,"237,042",,,,,,,,159.0,1,,,,1.0,,,,,,0
3 Headed Goat (feat. Lil Baby & Polo G),3 Headed Goat,Lil Durk,5/7/2020,USUM72009132,"3,294",23.9,"354,889,332","121,632","12,554,800",65.0,"143,802,247","1,597,342","32,776","14,487,556","91,865,926","19,727,912",53.0,"5,126",,7.0,"47,181",7.0,"24,480,728","26,981",,"881,261",,1
MONEY ON THE DASH - SPED UP,MONEY ON THE DASH,Elley Duhï¿,1/20/2023,QZLBC2201771,"4,268",20.4,"179,176,296","41,284","34,923,502",76.0,,,"37,300","12,038,876","156,208,048",,3.0,464,,10.0,"212,366",4.0,"37,491",215,,"400,805",,0
It Ain't Me (with Selena Gomez),It Ain't Me (with Selena Gomez),Kygo,2/16/2017,SEBGA1700015,"2,205",30.5,"1,430,439,855","150,179","55,438,878",71.0,"308,045,364","2,768,168","279,393","12,505,319","81,779,367","129,321,931",210.0,"91,638",217,110.0,"752,307",40.0,"252,544,876","97,039","1,855,783","13,603,866",,0
Moonlight,Moonlight,Kali Uchis,2/24/2023,USUM72219486,275,93.1,"701,558,859","110,539","46,729,655",74.0,"209,195,939","2,284,142","594,413","173,483,893","1,114,531,877","31,989,285",67.0,"15,726",126,43.0,"1,632,541",44.0,"3,448,723","9,386","8,993,848","3,204,314",,0
MR. OCTOBER,nadie sabe lo que va a pasar maï¿½ï¿,Bad Bunny,10/13/2023,QMFME2364185,"3,854",21.7,"95,925,842","16,712","10,256,270",,"28,849,994","317,982",,"5,399,176","27,249,793",,4.0,24,,1.0,"171,943",3.0,"3,655,705",618,,"77,503",,1
White Tee (with NO1-NOAH),Life On Earth - EP,Summer Walker,7/10/2020,USUM72013570,"3,474",23.2,"277,094,824","75,966","16,182,804",63.0,"118,824,965","1,513,533","299,390","71,831,644","537,618,525","86,473,375",18.0,868,36,10.0,"50,742",,"8,138,349","14,923","13,393,881","3,474,234",,1
writhe,writhe,daine,2/21/2023,AUWA02201495,386,77.6,,163,"6,893",15.0,"915,870,602","2,980,959",12,"8,960","91,112","26,629,501",1.0,20,,1.0,"14,566",,81,,,,,0
The Way Life Goes (feat. Oh Wonder),Luv Is Rage 2,Lil Uzi Vert,8/25/2017,USAT21703429,"3,505",23.0,"973,400,151","172,881","24,951,320",74.0,"320,288,878","2,792,426","101,201","14,078,490","83,669,477","26,594,177",2.0,487,17,,,1.0,,,,,,1
Lollipop,EVERYBODY GO TO THE DISCOTEK,Darell,7/28/2023,USSD12300307,94,158.2,"275,349,653","37,806","22,826,643",70.0,"347,506,860","1,553,295","4,349,700","321,239,621","4,767,676,439","2,676,837,761",19.0,"23,875",96,37.0,"3,780,737",29.0,"5,101,044","5,276",,"1,245,874",,1
Tacones Rojos,Tacones Rojos,Sebastian Yatra,10/22/2021,USUM72119612,940,49.6,"641,756,842","80,542","23,090,494",68.0,"558,812,868","2,887,216","328,394","77,295,943","855,230,861","387,792,262",78.0,438,875,40.0,"686,168",85.0,"9,553,399","8,482","723,371","2,934,783",,0
Pump It Up,Pump It Up,Endor,9/13/2019,GBCPZ1916610,"4,386",20.0,"352,268,839","130,479","31,491,313",66.0,"37,251,936","317,013","143,448","9,267,305","135,688,880",,67.0,"23,074",105,29.0,"595,469",20.0,"4,181,404","12,223",,"2,307,798",,0
Mercury: Retrograde,Hexada,Ghostemane,9/5/2017,TCADG1741539,"4,279",20.4,"333,141,510","89,320","8,824,592",66.0,"598,853,994","8,509,686","27,645","10,827,772","95,172,888","5,354,323",5.0,26,,5.0,"22,479",,"13,402,631","23,519",,"2,175,482",,1
A Cold Sunday,A Cold Sunday,Lil Yachty,2/2/2024,USUG12400010,"3,128",24.7,"56,789,868","12,822","2,975,994",,"1,611,737","30,207",,,,,9.0,323,211,3.0,"19,242",10.0,"1,133,744",842,,"280,964",,1
IT GIRL - Sped up Version,IT GIRL (Sped up Version),Aliyah's Interlude,9/30/2023,QZTB22394231,"2,570",27.9,"23,708,233","7,125","3,235,480",,,,"883,600","344,205,330","3,090,790,304",,2.0,110,382,2.0,"28,927",1.0,"124,021",300,,"363,715",,1
Stand By Me (feat. Morgan Wallen),Almost Healed,Lil Durk,5/26/2023,USQX92303185,"1,978",32.4,"132,870,060","27,561","8,424,250",69.0,"27,715,495","361,926","39,700","4,608,976","62,570,724","174,646,320",36.0,"7,685",50,10.0,"57,855",35.0,"60,540,256","16,095","3,089,208","393,651",,1
Let You Love Me,Let You Love Me,Rita Ora,9/21/2018,GBAHS1800674,"3,183",24.4,"527,760,843","46,844","12,544,188",59.0,"684,308,632","3,187,514","567,303","32,541,583","367,325,979","464,869,129",64.0,"1,348",,38.0,"343,131",9.0,"21,977,587","9,351","1,709,056","5,278,882",,0
Dj Terompet Pemersatu Bangsa,Dj Terompet Pemersatu Bangsa,PAMOKHOL ID,10/19/2022,SGB502272288,"4,416",19.9,"2,347,433",588,"62,520",25.0,,,"1,901,402","71,781,810","1,652,854,603",,,,,,,,,,,,,0
GALOPA,GALOPA,PEDRO SAMPAIO,9/16/2021,BRWMB2100721,"3,667",22.4,"210,287,302","26,385","7,610,967",57.0,"312,406,682","1,727,224","352,725","79,097,830","1,043,956,869","20,077,955",17.0,"5,343",,36.0,"74,508",7.0,"18,770",,"11,458","302,042",,0
Girls Need Love (with Drake) - Remix,Last Day Of Summer,Summer Walker,10/19/2018,USUM71903117,"3,375",23.6,"625,999,943","100,418","27,719,646",73.0,,,"356,553","51,219,101","415,561,032",,50.0,508,18,16.0,"107,447",7.0,"123,803,373","45,985","28,120,837","3,138,768",,1
Happier,Happier - Single,Marshmello,8/16/2018,USUG11801651,299,87.9,"2,143,821,605","220,298","53,040,597",16.0,"1,512,765,689","18,732,541","1,228,334","96,907,387","809,336,882","2,340,278,160",209.0,"390,418",293,444.0,"639,996",73.0,"375,500,033","584,098",,"10,193,237",,0
Pagodï¿½ï¿½o do Birimbola (Tchubirabi,Pagodï¿½ï¿½o do Birimbola (Tchubirabi,Os Quebradeiras,11/11/2022,BCO3K2200121,830,53.3,"54,513,960","13,089","4,241,209",52.0,"183,119","2,667","4,650,900","503,245,598","6,429,494,637",,2.0,17,,17.0,"10,926",5.0,,,,"448,872",,0
My Type,ICY,Saweetie,3/29/2019,USWB11900833,"3,018",25.3,"390,907,316","59,994","18,611,146",67.0,"302,144,296","3,625,031","1,064,153","248,584,113","2,849,728,835","40,917,999",50.0,80,868,13.0,"12,315",26.0,"163,314,957","129,963",,"3,344,298",,1
Take Care,Take Care (Deluxe),Drake,11/15/2011,USCM51100547,"3,431",23.4,"622,498,643","110,679","26,798,475",70.0,"454,602,464","2,153,347","23,770","11,732,654","82,945,578","164,634,951",93.0,180,10,17.0,"485,892",24.0,"499,293,917","876,303",,"5,506,262",,1
Mal Hombre,Mal Hombre,Kim Loaiza,10/25/2023,USWL12302769,"2,323",29.7,"28,817,964","1,104","1,717,958",,"99,108,166","1,733,004","381,005","47,403,198","450,286,431","51,649,075",1.0,20,,2.0,"60,358",,"177,302",391,,"49,569",,0
TWINNEM,TWINNEM,Coi Leray,9/20/2021,USUM72115284,"3,557",22.8,"34,116,353","10,084","1,619,073",42.0,"73,393,043","1,278,586","2,426,688","716,422,698","6,661,617,341","305,361,285",10.0,966,"1,051",4.0,"4,708",8.0,"13,112,166","6,871","1,967,272","1,061,424",,1
Wrecked,Wrecked,Imagine Dragons,7/2/2021,USUM72110166,"2,153",31.0,"309,587,427","57,487","5,571,645",64.0,"199,356,851","1,545,728","13,246","4,225,615","34,312,597","318,221,542",38.0,"114,484",64,15.0,"234,536",31.0,"99,574,335","12,684",,"3,334,562",,0
Mujeriego,Mujeriego - Single,Ryan Castro,12/17/2021,COSO12100328,"1,158",44.1,"285,723,562","63,343","16,024,245",63.0,"316,060,497","3,601,489","1,645,802","630,242,190","6,484,877,304","43,034,965",32.0,"17,619",715,28.0,"11,861,287",24.0,"2,371,513","4,437",,"3,132,192",,0
It's A Wrap - Sped Up,It's A Wrap,Mariah Carey,2/10/2023,USUM72301683,"1,900",33.3,"35,004,403","6,013","1,732,149",51.0,,,"2,450,912","309,650,224","2,693,255,753",,4.0,29,417,,,8.0,"92,054","1,102",,"35,868",,0
Hrs and Hrs,Public Displays of Affection,Muni Long,11/19/2021,QZAKB2136210,551,65.3,"241,632,869","58,384","11,312,967",67.0,"179,211,319","1,646,854","2,843,662","390,407,298","3,549,690,741","106,620,435",38.0,"211,697",550,7.0,"462,675",36.0,"147,650,715","84,029","12,316,319","2,325,531",,1
How We Roll,How We Roll,Ciara,8/4/2023,QZS7J2357291,684,58.3,"36,007,719","11,757","1,829,300",53.0,"66,350,451","833,138","1,454,232","28,142,270","344,537,974","287,866,414",16.0,"83,924",41,4.0,"66,406",27.0,"7,222,274","5,483",,"790,290",,1
Lay Low,Lay Low,Tiï¿½ï¿,1/6/2023,NLZ542202348,756,55.9,"406,141,247","67,235","95,995,595",70.0,"91,367,578","707,830","173,461","21,756,073","588,640,576","335,569,922",93.0,"142,340",498,66.0,"1,547,811",3.0,,,"1,772,021","3,933,085",,0
Seasons,Seasons,Thirty Seconds To Mars,8/15/2023,USC4R2228396,"3,311",23.9,"21,188,649","3,940","2,622,151",53.0,"3,560,845","38,522","7,977","1,643,924","34,908,043","13,637,534",22.0,"131,214",114,14.0,"68,273",13.0,"3,379,301",492,,"518,264",,1
SORRY 4 THAT MUCH,SORRY 4 THAT MUCH,Feid,6/7/2024,USUM72406641,557,64.5,"8,757,910","1,184","87,529,320",71.0,"3,466,744","141,011","9,478","3,201,272","25,443,365","973,900",51.0,220,,21.0,"3,488,226",31.0,"126,541",36,"18,913","57,091",,1
Pickup Man (feat. Post Malone),HIXTAPE Vol. 3: DIFFTAPE (Small Batch),HARDY,11/9/2023,USUG12305726,"1,055",46.8,"27,891,947","11,898","5,352,704",,,,,,,,8.0,"8,698",,1.0,1,20.0,"156,941,809","31,924","345,159","96,725",,0
Love 119,Love 119,RIIZE,1/5/2024,KRA302400001,"3,928",21.5,"40,415,304","2,509","8,351,511",59.0,"56,771,181","675,344","25,800","664,843","3,801,500","629,039,777",10.0,"1,266",13,5.0,"158,455",15.0,"19,933",62,,"80,350",,0
H.Y.B. (feat. Bas & Central Cee),Might Delete Later,J. Cole,4/5/2024,USUG12402406,"2,074",31.7,"36,824,548","6,647","36,021,058",,"7,143,716","141,721",,,,"4,619,708",10.0,"2,934",,3.0,"138,748",39.0,"3,616,525",281,,"173,469",,1
Daru Badnaam,Daru Badnaam,Param Singh,12/24/2016,GBLQN1619802,"3,246",24.1,"92,896,589","15,887","2,265,888",57.0,"1,409,748,329","8,483,910","390,900","10,757,515","203,136,653","59,414,723",5.0,367,,,,4.0,,,,"263,588",,0
pov,Positions,Ariana Grande,10/30/2020,USUM72020441,"2,147",31.0,"541,397,856","62,958","23,901,981",66.0,"195,125,143","1,921,318","1,254,926","161,743,407","1,082,235,761","4,630,208",47.0,"134,263",328,7.0,"163,183",13.0,"54,217,135","23,039",,"1,320,353",,0
Guay,Guay,Ozuna,4/18/2024,QM6MZ2440135,"3,392",23.5,"25,134,764","3,004","39,535,866",73.0,"7,120,990","109,558",,412,"3,319","2,563,216",22.0,"2,941",,23.0,"2,273,951",21.0,"955,530",51,"94,933","104,141",,0
Toda Remix - Remix,Toda (Remix),Alex Rose,6/1/2018,QM4TX1838235,959,49.2,"482,021,697","68,578","13,363,939",66.0,"1,965,829,285","5,786,525","696,400","34,322,459","289,741,256","30,691,906",25.0,"2,857",,5.0,"41,009",14.0,"67,068,115","20,616",,"2,148,531",,1
"Are You Going to See the Rose in the Vase, or the Dust on the Table","Are You Going to See the Rose in the Vase, or the Dust on the Table",$uicideboy$,4/19/2024,QZAPK2000495,"4,116",21.0,"28,870,396","4,298","15,228,224",78.0,"2,640,169","75,740",,,,"1,569,095",2.0,3,103,3.0,"77,456",3.0,"522,361",224,,,,1
We Are Young (feat. Janelle Monï¿½ï¿½e) - feat. Janelle M,We Are Young (feat. Janelle Monï¿½ï,fun.,9/20/2011,USAT21101399,"1,414",39.3,"1,143,172,586","216,588","73,069,486",72.0,"213,210,779","1,991,783","126,524","40,627,736","302,798,025","11,536,073",135.0,"255,508",218,88.0,"336,269",52.0,"850,730,378","1,501,832",,"18,822,823",,0
El Jefe,El Jefe,Shakira,9/20/2023,USQX92305281,"1,252",42.3,"122,882,453","11,838","10,617,531",,"164,469,434","2,120,071",1,"8,480","72,400","11,351,590",8.0,"16,284",162,23.0,"340,362",14.0,"9,108,491","4,377","37,878","481,428",,1
Very Sad,Very Sad,Enchan,11/23/2022,SGB502288016,"2,309",29.8,"1,426,122",284,"21,377",,"1,328,757","33,856","2,500,896","143,257,450","2,151,095,470",,,2,,1.0,"98,031",,,,,"314,385",,1
LUNA,FERXXOCALIPSIS,Feid,12/1/2023,USUM72318216,178,112.6,"606,124,553","40,628","139,802,900",86.0,"166,363,445","1,019,744","14,519","5,128,004","29,601,244","476,273,095",80.0,"51,631",170,64.0,"14,011,480",31.0,"1,550,124","1,179",,"1,704,574",,0
Os Bico Tï¿½ï¿½o Se Perguntando (Letï¿½ï¿½,Os Bico Tï¿½ï¿½o Se Perguntando (Letï¿½ï¿½,MC PH,4/7/2023,BXG6R2300280,"3,801",21.9,"131,981,248","15,020","12,049,822",65.0,"127,960,114","714,022","27,489","2,506,579","33,156,781","3,350,968",8.0,2,,12.0,"221,427",3.0,229,,,"99,846",,1
T-Shirt,T-Shirt,Migos,1/13/2017,QMCE31600872,"4,420",19.9,"476,546,062","81,971","14,843,218",59.0,"411,585,032","2,754,105","112,983","12,732,471","81,330,455","191,370,605",130.0,323,15,9.0,"72,746",6.0,"261,193,437","81,956",,"2,262,525",,1
X,X,Nicky Jam,2/22/2018,USSD11800024,"3,319",23.8,"981,323,727","120,261","29,116,272",73.0,"87,459,823","548,954","55,663","50,590,230","371,899,059","1,571,205",110.0,"38,418",341,78.0,"1,105,005",52.0,"162,612,776","42,457","851,609","13,561,186",,0
All Out Of Fight,TRUSTFALL (Tour Deluxe Edition),P!nk,11/30/2023,USRC12302242,"3,177",24.5,"31,809,079","3,576","18,976,367",,"10,988,995","145,198",,,,"1,742,201,888",11.0,"48,195",,22.0,"12,669,277",30.0,"18,554,159","1,667",,"722,562",,0
Abc,Abc,J Ross,2/14/2023,CLLU22300585,145,126.6,"31,867",5,"5,100",1.0,"1,538,564,650","2,066,653",,,,,,174,,,,,,,,"1,178",,0
Escapism. - Sped Up,Escapism. (Sped Up),RAYE,11/25/2022,QMFME2222462,"2,376",29.3,"270,327,239","47,167","13,191,481",66.0,,,"309,300","181,625,399","1,908,957,097",,13.0,"5,184",,7.0,"68,716",13.0,"445,280","3,246","5,801,848","1,692,925",,1
Rich Baby Daddy (feat. Sexyy Red & SZA),For All The Dogs,Drake,10/6/2023,USUG12306085,176,113.2,"372,248,119","68,037","44,498,005",,"86,580,734","1,106,306","77,600","20,713,030","128,182,068","384,403,788",53.0,"44,112",31,13.0,"481,832",39.0,"19,029,194","36,347","9,898,507","2,131,059",,1
VAGABUNDO,VAGABUNDO,Sebastian Yatra,5/12/2023,USUM72305982,578,63.3,"337,650,898","44,292","44,021,764",75.0,"226,249,916","862,952","241,103","34,797,656","505,139,679","186,376,381",59.0,"66,673",67,47.0,"2,145,616",65.0,"5,524,025",774,"26,325","1,434,689",,0
Una Noche en Medellï¿½,Una Noche en Medellï¿½,Cris Mj,1/21/2022,QM4TW2218961,288,90.7,"839,405,565","107,431","27,444,811",75.0,"662,287,768","4,695,932","3,874,773","422,978,919","4,817,726,878","438,066,241",41.0,"29,848",601,19.0,"1,780,823",46.0,"8,328,637","7,361",,"2,351,019",,1
Element,Meet The Woo 2,Pop Smoke,2/7/2020,USUM72002041,"2,457",28.8,"523,416,171","164,690","25,242,475",68.0,"139,802,262","1,087,343","146,034","25,129,610","223,524,052","17,063",14.0,591,163,4.0,538,2.0,"35,161,835","21,420",,"916,192",,1
Please Please Please,Please Please Please,Sabrina Carpenter,6/6/2024,USUM72404101,46,205.7,"59,314,441","2,572","183,043,096",83.0,"22,374,807","1,026,097",,"188,200","1,200,000","110,446,147",199.0,"2,359",2,73.0,"13,686,074",98.0,"360,163",758,"9,883","47,115",,1
drivers license,drivers license,Olivia Rodrigo,1/8/2021,USUG12004750,"2,341",29.5,"2,184,754,018","9,903","2,638,527",57.0,,,,,,,51.0,"523,873",,2.0,424,,,,,,,0
Party Rock Anthem,Sorry For Party Rocking (Japan Version),LMFAO,1/1/2011,USUM71100061,"1,609",36.6,"717,233,625","190,770","55,770,260",68.0,"2,681,563,789","13,879,113","184,111","60,606,503","474,207,854","270,664,934",148.0,"84,021",235,78.0,"1,153,628",41.0,,,"5,611,431","10,711,856",,0
Corazï¿½ï¿½n F,Corazï¿½ï¿½n Frï¿½ï¿½o ,Jasiel Nuï¿½ï,10/12/2023,QMDA72384363,"3,420",23.4,"79,485,128","6,458","10,455,834",,"53,649,480","398,179","5,556","2,005,258","13,574,747",,4.0,,,2.0,"70,889",5.0,"2,343,674",370,"2,270,240","399,160",,0
Show Me How,Show Me How - Single,Men I Trust,2/28/2018,TCADM1873570,"3,965",21.4,"466,462,034","145,278","21,911,416",20.0,"91,890,599","1,551,928","253,094","221,768,120","1,503,260,547","1,051,268,048",25.0,"1,227",102,5.0,"7,432",4.0,"2,932,987","1,544","15,339,480","989,841",,0
Sabka Malik Ek,Sabka Malik Ek,Dada Black Sheep,8/12/2022,FR9W12228852,467,71.3,"2,754",22,441,,"1,197,426,502",,,,,,,50,,,,,,,,,,0
WORTH NOTHING (feat. Oliver Tree) - Fast & Furious: Drift Tape/Phonk Vol 1,WORTH NOTHING (feat. Oliver Tree) [Fast & Furious: Drift Tape/Phonk Vol 1],TWISTED,9/28/2022,QZNWZ2297541,"1,868",33.6,"299,202,591","67,616","26,749,482",67.0,"36,393,651","720,855","418,361","408,682,791","5,978,876,777","1,312,638",21.0,796,,6.0,"28,157",,"3,556,887","3,088",,"2,693,410",,1
Meet Me At Our Spot,THE ANXIETY,THE ANXIETY,3/13/2020,QMJMT2002693,"2,923",25.8,"609,716,786","136,864","31,328,182",69.0,"280,056","4,102","182,019","153,184,031","1,195,714,328",,57.0,"2,436","1,626",22.0,"24,028",18.0,"42,232,240","43,579","5,318,764","3,251,229",,1
Guilty as Sin?,THE TORTURED POETS DEPARTMENT,Taylor Swift,4/18/2024,USUG12401036,"1,264",42.1,"165,611,453","4,418","21,928,475",78.0,"9,873,283","96,083",,"774,900","6,383,500",,34.0,323,,7.0,"79,183",54.0,"1,431,013","1,158",,"79,964",,0
El Hijo Mayor,El Hijo Mayor - Single,Junior H,5/20/2022,USWL12200441,"1,450",38.6,"357,445,095","30,881","19,190,261",71.0,"402,629,804","1,360,903","237,800","53,362,153","717,809,876","7,535,944",6.0,10,,4.0,"155,594",5.0,"5,916,348","4,154","2,487,805","686,504",,1
Evoque Prata,Evoque Prata,MC MENOR HR,9/9/2022,BCA2A2200128,"3,595",22.7,"224,150,665","33,067","14,383,640",58.0,"105,711,690","630,231","330,044","15,466,674","279,699,428","176,591,291",7.0,648,,33.0,"191,110",5.0,,,,"300,617",,1
Jerusalema (feat. Nomcebo Zikode),Jerusalem,Master KG,11/29/2019,ZA82Y1900130,885,51.3,"406,132,477","110,858","13,496,585",66.0,"925,222,640","7,714,435","790,561","54,406,926","849,243,924","33,866,411",92.0,"125,439",2,73.0,"3,432,383",8.0,"7,150,193","19,558",,"15,915,419",,0
Montagem Mysterious Game,Montagem Mysterious Game,LXNGVX,11/17/2023,QZTBF2315869,"2,021",32.1,"139,208,438","13,863","30,279,318",77.0,"13,279,195","355,386","277,600","50,901,731","599,656,685",,4.0,2,,,,,"26,279",87,,"1,167,271",,0
Invincible,Meet The Woo 2,Pop Smoke,2/7/2020,USUM72002003,"1,573",37.0,"549,824,221","173,912","17,443,810",70.0,"192,954,440","1,879,700","1,547,753","194,204,681","2,215,721,495","880,486",21.0,546,,7.0,"93,368",3.0,"41,720,225","20,413",,"1,680,361",,1
M.A (Mejores Amigos),M.A (Mejores Amigos) - Single,BM,9/20/2022,QZTVM2225505,"3,697",22.3,"179,475,517","26,160","3,816,329",2.0,"162,785,261","622,557","95,000","2,496,551","32,565,249",,2.0,"1,742",,4.0,"139,218",,,,,"401,773",,1
LOST!,"Right Place, Wrong Person",RM,5/24/2024,USA2P2421303,"1,958",32.6,"31,453,044",763,"32,866,636",80.0,"8,834,117","1,274,824",,,,"119,265,847",12.0,65,1,20.0,"1,287,877",3.0,"955,083",13,,"26,633",,1
No_se_ve.mp3,No_se_ve.mp3 - Single,Emilia,5/3/2023,QM6N22333334,"1,025",47.4,"218,340,846","30,667","18,842,918",64.0,"223,159,269","879,627","225,600","67,337,219","876,147,905","290,956,426",20.0,"23,591",12,30.0,"766,172",54.0,"13,860",,,"744,536",,1
Lifetime,Lifetime,Tobiahs,1/12/2024,AULI02355900,"4,010",21.3,"33,401,958","9,093","38,460,085",,"2,070,128","36,023",,,,"474,165",18.0,"3,829",111,15.0,"410,514",8.0,"114,171",65,"1,704,088","292,069",,0
Diabï¿½ï¿½,Diabï¿½ï¿½,Cris Mj,11/8/2023,QMFME2394856,"2,628",27.5,"83,966,111","12,847","42,315,256",73.0,"51,878,795","239,672",,"2,323","21,053","146,683,266",8.0,10,,8.0,"1,878,242",8.0,"4,824",30,,"313,530",,1
Numb,Meteora,Linkin Park,3/24/2003,USWB10300474,"2,472",28.7,"1,720,830,668","270,810","75,602,131",80.0,"2,450,982,330","15,462,896","440,206","37,487,815","490,782,499","907,757,737",5.0,"137,302",559,70.0,"907,873",52.0,,,"15,120,261",,,0
The Astronaut,The Astronaut,JIN,10/28/2022,USA2P2230326,"1,382",39.8,"422,186,660","12,509","19,653,160",79.0,"111,977,553","5,607,295","309,947","60,752,690","296,725,035","243,714,840",10.0,"17,017",,9.0,"1,696,802",8.0,"1,642,033",622,,"16,922,782",,0
Lucid Dreams,Lucid Dreams,Juice WRLD,5/4/2018,USUG11800685,150,123.9,"2,548,389,305","339,306","75,858,140",78.0,"987,143,411","9,384,427","1,900,813","44,442,433","338,071,383","274,498,079",153.0,"69,562",132,54.0,"442,640",36.0,"259,400,789","552,552","257,459,352","9,308,937",,1
Me Rehï¿½ï,Me Rehï¿½ï,Danny Ocean,9/16/2016,USWL11700128,"3,274",24.0,"1,779,760,815","90,161","37,656,145",69.0,"734,259,158","3,624,282","513,775","50,587,031","371,899,383","6,608",136.0,"23,294",82,57.0,"1,437,169",6.0,,,,,,0
Faded,Faded,Alan Walker,12/4/2015,NOG841549010,653,59.4,"1,943,842,010","221,874","62,851,374",75.0,"439,888,055","5,232,880","11,253,946","269,640,001","4,682,512,450","23,770,197",103.0,"107,625",4,107.0,"1,092,635",49.0,"122,793,202","262,131","11,403,504","26,821,494",,0
Trance (with Travis Scott & Young Thug),HEROES & VILLAINS,Metro Boomin,12/2/2022,USUG12208787,429,74.4,"637,325,281","142,076","31,958,929",79.0,"25,776,208","246,133","12,122","7,811,781","58,477,615","145,379",35.0,2,,9.0,"948,806",10.0,"2,184,964","4,214","16,505,933","3,359,877",,1
Breaking Me,Breaking Me (feat. A7S),Topic,12/19/2019,DEUM71906724,590,62.5,"1,128,612,961","184,002","50,489,973",69.0,"473,684,535","3,364,098","564,408","46,664,008","602,190,373","67,356,913",267.0,"402,599",112,133.0,"2,501,793",33.0,"105,347,004","27,039","13,322,793","15,373,934",,0
Skibidi Toilet,Skibidi Toilet,Lil Big Stack,6/18/2023,QZMEP2360644,"3,636",22.5,"8,388,731","1,929","194,015",55.0,"7,936,486","153,016","1,182,000","31,867,349","639,301,182",,,,,,,,,,,"15,378",,0
Oh My God,30,Adele,11/19/2021,USSM12105973,"1,327",40.8,"562,200,390","66,469","27,321,505",68.0,"175,552,661","2,085,739","53,453","28,692,207","324,045,421","3,501,820,871",143.0,"203,961",150,36.0,"1,269,793",35.0,"69,857,344","26,946",,"3,418,829",,0
NIGHT DANCER,NIGHT DANCER - Single,imase,8/19/2022,JPPO02202918,"1,045",46.9,"239,149,370","46,984","6,134,615",67.0,"281,173,184","3,281,196","1,132,387","226,568,824","2,285,171,989","80,772,548",32.0,"2,272",,3.0,"10,100",2.0,"304,322",906,,"1,864,998",,0
Yacht Club (feat. Juice WRLD),Nuthin' 2 Prove,Lil Yachty,10/19/2018,USUG11801956,"4,176",20.7,"296,469,547","71,250","11,753,515",62.0,"39,687,605","346,501","2,084","345,341","2,575,024","6,328",10.0,808,,2.0,"1,406",,"17,918,824","20,468","54,722,837","340,817",,1
Fast Forward,GAME PLAN,JEON SOMI,8/7/2023,KSA002301968,"2,556",28.0,"88,499,180","9,715","3,943,924",59.0,"134,376,601","256,505","58,748","54,797,372","291,191,318","48,337,673",16.0,"1,383",33,8.0,"271,497",23.0,"190,079",291,,"258,644",,0
Sobrio,Sobrio,Maluma,7/8/2021,USSD12100322,908,50.6,"600,199,930","66,655","24,281,295",64.0,"743,954,914","2,817,472","189,200","19,480,120","254,681,143","484,483,790",95.0,"45,992",66,26.0,"1,933,432",59.0,"41,992,168","9,863",,"1,823,474",,0
Cï¿½ï¿½MO SE SIENTE - R,Como Se Siente (Remix),Jhay Cortez,5/9/2020,USUM72010288,"3,190",24.4,"705,672,746","84,469","33,371,478",70.0,"271,113,088","1,055,058","38,258","16,654,149","124,603,506","504,904",79.0,"4,564",20,35.0,"48,467",22.0,"66,731,877","7,395","72,533","633,497",,1
Paint The Town Red,Paint The Town Red,Doja Cat,8/3/2023,USRC12301713,"3,678",22.4,"1,065,399,331","3,719","1,828,974",52.0,,,,,,,51.0,377,,2.0,"7,982",,,,,,,0
ALMAS GEMELAS,ALMAS GEMELAS - Single,Myke Towers,7/22/2021,USWL12100336,"4,285",20.3,"247,133,830","55,046","10,046,042",67.0,"159,846,081","855,877","123,897","55,519,162","423,731,008","19,752,293",43.0,"3,671",66,11.0,"32,605",14.0,"8,042,376","1,468",,"611,867",,0
Mon ami,Mon ami,Tiesco le sultan,10/10/2023,TCAHN2316445,"3,808",21.9,"9,452",3,37,,,,"797,100","4,290,586","54,998,866",,,,,,,,,,,"19,456",,1
295,Moosetape,Sidhu Moose Wala,5/15/2021,INU252102408,"2,130",31.2,"267,897,492","21,677","5,861,599",68.0,"677,472,355","11,160,045","135,126","7,799,090","98,802,368","628,498",8.0,52,,,,3.0,,,,"335,298",,0
Yummy,Yummy,Justin Bieber,1/3/2020,USUM71923046,579,63.2,"792,379,282","96,177","23,338,709",62.0,"887,226,751","13,188,871","4,410,189","173,359,563","2,580,705,782","603,698,593",171.0,"157,316",169,381.0,"1,239,061",30.0,"45,686,998","177,469",,"3,298,698",,0
Halo,I AM...SASHA FIERCE - Platinum Edition,Beyoncï¿,1/1/2008,USSM10804556,"4,309",20.3,"1,556,326,643","167,145","91,569,550",68.0,"311,700,550","2,730,131","443,385","102,283,034","1,532,183,215","22,141,311",213.0,"101,536",76,260.0,"1,596,032",76.0,"525,376,163","534,859",,"8,440,483",,0
You,You,Willy Paul,11/25/2022,QZW9K2296922,"4,546",19.5,"330,280",174,"8,772",20.0,"6,023,690","52,656","1,700,000","19,786,116","267,911,446",,,,,,,,,,,"184,355",,0
Zarzour,Zarzour,Lartiste,6/22/2023,FR6P12300670,"4,457",19.7,"31,038,318","9,392","2,015,738",57.0,"100,634,134","570,025",,,,,5.0,"8,005",,3.0,"126,271",,,,,"308,362",,1
All Around The World (La La La),All Around The World (La La La),R3HAB,4/5/2019,NLW4L1900121,"3,571",22.7,"654,965,766","124,386","40,611,935",68.0,"147,035,496","1,383,677","532,715","150,205,415","1,859,282,676","27,772,087",87.0,"34,490",1,117.0,"793,184",23.0,"1,604,779","1,078",,"3,047,102",,0
Congratulations,Congratulations,Post Malone,11/4/2016,USUM71614484,322,85.3,"1,984,802,459","246,374","81,736,432",75.0,"1,790,918,527","11,063,672","955,053","99,916,455","811,673,866","172,345,162",143.0,"32,009",57,41.0,"337,255",26.0,"389,602,011","364,648","155,990,695","5,233,589",,1
"How Far I'll Go - From ""Moana""","How Far I'll Go (From ""Moana"")",Alessia Cara,10/28/2016,USWD11677601,"1,476",38.1,"740,261,910","49,852","13,088,456",58.0,"341,087,439","2,812,967","6,680","5,148,211","26,579,876","2,631,537",72.0,"10,652",,17.0,"96,911",12.0,"267,332,003","1,592,942","4,664,608","3,721,475",,0
GATA ONLY (Con Cris MJ),GATA ONLY (Con Cris MJ),FloyyMenor,2/2/2024,QZDA62409561,"2,105",31.4,"668,280,514",3,346,,,,,,,,,,,,,,,,,,,0
Pink Skies,Pink Skies,Zach Bryan,5/24/2024,USWB12401947,309,86.7,"60,240,739","4,611","98,570,633",84.0,"3,322,959","65,840",,"107,100","843,600","235,974,273",82.0,734,1,26.0,"5,164,376",79.0,"5,006,041","2,349","521,223","156,886",,0
Popular (with Playboi Carti & Madonna) - Music from the HBO Original Series,The Highlights (Deluxe),The Weeknd,2/5/2021,USUG12303876,"1,142",44.5,"812,954,133","137,681","53,947,304",81.0,"66,369,681","851,906","564,129","71,837,599","797,041,217","504,465,645",147.0,"78,013",7,43.0,"1,369,406",47.0,"2,985,202","7,888","8,817,729","6,377,668",,1
Somebody That I Used To Know,Making Mirrors (Deluxe),Gotye,1/1/2011,AUZS21100040,471,71.0,"1,752,826,514","352,833","87,651,528",74.0,"2,729,174,469","22,532,779","312,945","551,329,120","4,679,645,090","490,308,209",202.0,"301,048",474,115.0,"967,797",71.0,"878,651,542","1,581,901","15,266,983","37,339,828",,0
Taboo,Meet the Orphans (Deluxe Edition),Don Omar,1/1/2010,USUM71025734,"4,451",19.8,"210,904,340","32,972","17,062,785",66.0,"1,096,124,254","3,571,813","4,471","2,661,983","22,688,824","159,360,588",11.0,"5,612",30,16.0,"182,534",20.0,"270,829,417","137,297",,"1,655,972",,0
Not My Fault (with Megan Thee Stallion),Not My Fault (with Megan Thee Stallion),Reneï¿½ï¿½ ,12/15/2023,USUM72318541,"2,221",30.4,"81,494,626","8,973","20,213,928",,"101,469","1,338",,,,,23.0,"74,984",137,39.0,"3,444,021",24.0,"2,269,915",942,,,,1
Pumped Up Kicks,Pumped up Kicks,Foster The People,1/1/2010,USSM11002931,"1,113",45.1,"1,791,778,314","344,490","131,726,745",81.0,"599,930,123","5,713,061","786,192","342,804,034","2,757,623,631","19,949,320",195.0,"121,067",167,148.0,"1,029,351",46.0,"777,542,552","1,767,555",,"16,415,660",,0
Baby you,Baby you,ýýýýýý,1/18/2023,JPCO02230140,"3,273",24.0,"30,361,093","6,140","1,321,340",52.0,"30,346,457","499,318","1,530,302","159,193,521","1,949,963,259","70,002,169",16.0,114,,,,4.0,,,,"250,538",,0
ADIï¿½,LA NENA DE ARGENTINA,Maria Becerra,12/8/2022,USAT22221820,"2,157",30.9,"172,082,938","15,951","6,701,830",66.0,"215,719,591","857,582","485,700","55,172,498","874,751,736","17,350,637",3.0,"11,867",456,8.0,"414,587",10.0,"196,984",127,"67,782","308,507",,1
CAROLINA,MAï¿½ï¿½ANA SERï¿½ï¿,KAROL G,2/24/2023,USUM72222553,"3,517",23.0,"89,487,508","7,595","3,622,886",66.0,"64,767,621","301,091","896,706","29,472,860","466,245,707","1,327,214",5.0,310,,1.0,"238,980",8.0,"6,070,386","1,591",,"186,834",,0
As It Was,As It Was,Harry Styles,3/31/2022,USSM12200612,20,292.0,"3,301,814,535","407,119","169,783,402",87.0,"800,899,315","9,101,589","2,755,903","1,633,970,617","15,405,881,843","7,289,707,052",455.0,"1,777,811","4,909",330.0,"12,907,852",189.0,"132,624,772","79,909",,"14,967,379",,0
Honey Boy (feat. Nile Rodgers & Shenseea),Honey Boy (feat. Nile Rodgers & Shenseea) - Single,Purple Disco Machine,5/3/2024,DEE862400579,"1,905",33.2,"19,468,909","2,924","43,639,283",73.0,"1,130,001","20,708",,,,777,38.0,"13,552",,64.0,"1,639,901",21.0,"10,518",15,,"134,063",,0
LOU LOU,LOU LOU - Single,Gabito Ballesteros,10/21/2023,USA2P2350242,"1,926",33.0,"242,519,709","18,760","16,688,762",,"49,878,848","310,358","48,600","7,116,059","79,422,764",,10.0,1,,11.0,"13,121,412",9.0,"2,357,958","1,130",,"329,048",,1
Delilah (pull me out of this),Delilah (pull me out of this),Fred again..,10/17/2022,GBAHS2201028,"4,555",19.5,"172,321,571","38,159","7,282,524",61.0,"441,247","5,740","23,200","8,183,076","164,453,741",,46.0,"16,471",27,8.0,"10,505",22.0,"353,677",493,"3,734,930","615,432",,0
From The D To The A (feat. Lil Yachty),From The D To The A (feat. Lil Yachty),Tee Grizzley,3/17/2017,QMCE31700982,"1,122",44.8,"364,325,529","83,638","10,924,243",64.0,"29,708,407","206,341","42,311","2,417,700","16,341,869","3,111,436",15.0,109,,2.0,468,,"131,664,821","48,173","222,229,993","891,593",,1
Overdrive (feat. Norma Jean Martine),Overdrive (feat. Norma Jean Martine),Ofenbach,10/6/2023,FR9W12347222,437,73.6,"232,417,498","20,983","96,389,865",80.0,"59,799,293","367,721","38,115","1,152,032","61,820,477","1,975,097,262",60.0,"191,891",77,83.0,"27,260,772",40.0,"3,871",26,,"3,273,690",,0
Hey Lil Mamï¿,Sol Marï¿½,Eladio Carrion,1/19/2024,QMFMG2346935,"3,574",22.7,"77,975,794","7,057","10,565,513",71.0,"27,130,599","231,540",,,,"110,197,195",11.0,"1,124",3,9.0,"72,838",9.0,"554,815",328,,"262,176",,0
My Universe,My Universe,Coldplay,9/24/2021,GBAYE2100952,688,58.2,"1,269,607,301","124,247","79,296,537",71.0,"518,912,320","17,373,598","865,359","292,601,736","1,700,398,150","3,568,335,434",,101,545,,,,,,,,,0
Aquel Nap ZzZz,VICE VERSA,Rauw Alejandro,6/25/2021,USSD12100290,"4,286",20.3,"231,298,627","49,800","5,948,309",65.0,"109,250,541","862,054","711,209","146,307,858","1,133,546,129","4,865,954",24.0,"1,016",,3.0,"45,211",7.0,"10,264,013","3,777",,"1,241,539",,1
ýýýýýýýýýýýýýýýýýýýýýýýýýýýýýýýýýýýýýýýýýýýýýýýýýýýýýýýýýýýýýýýýýý,ýýýýýýýýýýýýýýýýýýýýýýýýýýýýýýýýýýýýýýýýýýýýýýýýýýýýýýýýýýýýýýýýýý,Djpaoremix,2/3/2023,QZDA42300052,"2,792",26.6,"134,274",70,"4,970",,"6,873,380","41,796","2,100,000","20,188,963","379,926,509",,,,,,,,,,,"3,926",,0
Aria,Aria - Single,Argy,9/22/2023,DEEC31810498,"3,043",25.1,"40,556,347","22,280","15,460,877",,"2,783,520","55,619",904,"135,868","3,583,492",,6.0,"11,441",,6.0,"27,057",17.0,"10,155",58,,"1,835,940",,0
Down Under (feat. Colin Hay),Down Under,Luude,11/19/2021,AUDCB1701966,"1,403",39.5,"315,606,874","125,064","22,299,331",60.0,"43,371,856","337,831","138,126","79,193,751","952,538,696","116,834,392",53.0,"39,143",,16.0,"183,454",28.0,"312,310",577,"12,535,195","2,008,349",,0
Parï¿½,Parï¿½,Ingratax,7/9/2021,MXB952100097,"3,142",24.6,"526,025,120","46,184","9,102,818",67.0,"160,959,114","2,763,162","1,041,041","242,823,183","2,209,200,556","20,176,409",36.0,"4,952",,2.0,"9,765",20.0,"2,469,664","1,944",,"819,536",,0
He Dead (Oil Thief Remix),REMXNG 2.1,clipping.,9/21/2022,USSUB2246603,"2,456",28.8,"14,148",31,543,,"434,179,026","4,911,572",,,,"229,589",,3,,,,,,,,7,,0
Always This Same Old Song,Better Lucky Than Beautiful,Bingo Club,2/24/2023,FR9W12223053,"2,879",26.0,"84,198",27,527,15.0,"295,297,180",,,,,,,7,,,,,,,,41,,0
Efecto,Un Verano Sin Ti,Bad Bunny,5/6/2022,QM6MZ2214884,292,90.1,"1,293,773,697","115,332","51,081,689",77.0,"501,908,214","2,730,759","2,482,560","549,037,519","6,046,489,956","179,322,656",50.0,"33,285",48,16.0,"2,258,927",51.0,"43,667,676","13,112",,"1,927,360",,1
Porque Te Vas,Porque Te Vas,Victor Cibrian,4/5/2024,QZ9QQ2400258,"3,262",24.1,"31,438,986","1,429","21,671,170",74.0,"21,490,653","239,191","3,514",,,,1.0,8,,2.0,"1,076,696",,"91,422",300,"59,394","212,412",,0
POP/STARS,POP/STARS,K/DA,11/3/2018,NLRD51859885,"3,650",22.4,"352,999,804","49,066","6,820,467",64.0,"688,305,700","7,491,512","2,636","3,122,902","22,307,459","105,803,850",16.0,"2,110",,10.0,"27,275",26.0,"4,297,676","8,057","7,430,414","768,827",,0
Watch This - ARIZONATEARS Pluggnb Remix,Watch This (Lil Uzi Vert) [ARIZONATEARS Pluggnb Remix],Lil Uzi Vert,2/5/2023,USAT22301358,837,53.1,"377,174,503","100,095","41,254,482",71.0,,,,,,,,,,10.0,"1,314,061",8.0,"196,473","1,346","12,340,277",,,1
El Caballito,El Caballito - Single,FARIANA,6/7/2024,QM6N22408548,994,48.2,"184,278",74,"5,010,610",42.0,,,"63,000","14,587,439","205,181,975",,4.0,8,,,,12.0,387,,,"2,840",,1
Heat Waves,Heat Waves,Glass Animals,6/29/2020,GBUM72000433,71,175.0,"2,996,181,078","486,278","112,416,489",82.0,"1,272,898,075","14,947,520","1,416,295","513,334,446","5,518,429,969","4,899,313,022",459.0,"1,414,326","1,434",170.0,"11,862,378",95.0,"122,247,640","160,431",,"17,848,778",,0
Thunder,Thunder,Imagine Dragons,4/27/2017,USUM71704167,203,106.9,"2,384,768,901","244,951","88,329,475",79.0,"2,707,166,590","16,780,231","1,839,173","79,131,934","906,537,912","222,980,374",225.0,"273,249",509,226.0,"1,148,532",43.0,"688,060,560","1,104,391",,"13,844,050",,0
Me Fui de Vacaciones,Un Verano Sin Ti,Bad Bunny,5/6/2022,QM6MZ2214894,"1,067",46.4,"366,872,354","61,014","15,444,758",68.0,"146,768,761","1,402,279","2,232,600","180,281,548","1,794,129,686","20,198,310",14.0,"8,167",,8.0,"482,273",7.0,"10,647,882","2,818","2,328,837","768,036",,0
Walk Em Down (feat. Roddy Ricch),Walk Em Down (feat. Roddy Ricch),NLE Choppa,3/19/2020,USWB12000247,"1,584",36.8,"565,296,902","139,124","21,558,993",68.0,"382,444,699","3,526,955","351,258","30,493,030","244,428,689","19,033,391",48.0,"19,932",,20.0,"160,055",11.0,"71,134,893","89,613",,"1,233,851",,1
Poker Face,The Fame,Lady Gaga,1/1/2008,USUM70824409,"3,302",23.9,"1,285,242,562","216,338","88,471,248",77.0,"256,379,013","2,156,909","265,724","129,356,785","1,231,170,484",316,172.0,"287,903",268,98.0,"1,410,983",65.0,"283,521,080","769,916",,"8,551,662",,0
On My Way,On My Way,Alan Walker,3/21/2019,NOG841901010,"2,119",31.3,"670,068,696","75,834","16,363,220",67.0,"665,558,958","11,599,426","1,228,819","61,987,054","713,445,624","350,041,385",57.0,"23,803",,25.0,"534,986",17.0,"9,236,402","13,251",,"4,910,579",,1
Cartï¿½ï¿½o B,Cartï¿½ï¿½o B,MC Caverinha,5/11/2023,BRRGE2300377,"2,917",25.8,"143,421,339","23,431","7,023,908",63.0,"108,239,669","1,037,417","40,500","12,310,702","125,638,371","5,015,995",6.0,449,,14.0,"399,034",10.0,,,,"75,108",,0
Thoda Thoda Pyaar,Thoda Thoda Pyaar,Stebin Ben,2/12/2021,INZ031408749,"1,959",32.6,"122,853,878","12,736","2,733,790",,"873,576,528","7,386,664",,,,"158,304,094",1.0,418,,,,,,,,"348,168",,0
PRINCESITA DE ...,ýýNFASIS,Jere Klein,12/1/2023,QMFMF2334329,"1,103",45.5,"106,290,197","11,766","9,230,911",70.0,"139,655,492","229,044",,7,245,"1,565,966,519",4.0,388,,3.0,"122,602",,"85,692",48,,"195,908",,1
Pagli Dekhave Agarbatti,Pagli Dekhave Agarbatti,Neelkamal Singh,9/28/2023,INH102313673,"1,124",44.8,"20,981,562",379,"284,348",,"272,841,611","1,275,934",,,,"182,061,559",,,,,,,,,,,,0
Kilerito,Kilerito - Single,Brytiago,4/19/2024,QZMZ92407626,"1,654",35.9,"22,216,368","3,237","31,871,109",,"27,419,109","295,367",,,,"30,251,245",3.0,"1,158",,3.0,"57,639",3.0,,,,"67,441",,1
11:00 PM,11:11,Maluma,5/17/2019,USSD11900166,"1,596",36.7,"719,602,988","64,741","26,033,088",67.0,"1,040,666,593","3,868,761","33,557","2,730,302","29,561,419","366,558,466",71.0,"22,273",240,39.0,"579,722",31.0,"105,491,631","23,969",,"2,007,313",,0
Spicy Margarita,Spicy Margarita,Jason Derulo,1/25/2024,USAT22314111,"4,118",21.0,"37,640,497","4,937","3,578,804",4.0,"8,782,557","173,663",,"349,900","11,800,000","102,714,703",10.0,"20,426",,10.0,"45,058",42.0,"1,291,893","1,211",,"461,736",,0
I Got Love,I Got Love,MiyaGi,5/15/2018,QZ22B1946607,"3,682",22.3,"136,456,221",235,"30,808",,"1,075,000,461","4,674,383",,,,"757,403",,,,,,,,,,,,0
Si La Calle Llama - Remix,3MEN2 KBRN,Eladio Carrion,3/17/2023,QM4TX2344392,"2,175",30.8,"190,420,514","39,949","11,667,012",65.0,"109,102,453","801,125","46,300","30,338,931","272,952,215","3,843,594",20.0,692,,3.0,"3,397",4.0,"126,414",229,,"315,999",,1
King's Dead (with Kendrick Lamar & Future),King''s Dead (with Kendrick Lamar & Future),Jay Rock,1/12/2018,USUM71714093,"4,081",21.1,"597,167,984","106,817","22,130,665",65.0,"229,946,161","2,833,259","829,396","189,935,359","1,101,118,641","16,932,626",84.0,"2,107",38,27.0,"106,997",16.0,"85,519,386","49,601","2,310,759","2,571,189",,1
THE SHADE,WHO CARES?,Rex Orange County,3/11/2022,USRC12102927,"3,263",24.1,"350,427,750","49,991","14,312,352",71.0,"124,215,789","737,982","204,742","61,504,934","569,263,172","544,115,326",15.0,"15,807",,10.0,"36,767",13.0,"397,851",508,,"477,438",,0
Buy Dirt,Buy Dirt,Jordan Davis,5/21/2021,USUM72104058,"2,007",32.2,"457,254,811","51,641","18,836,339",77.0,"26,485,095","208,483","105,330","32,037,602","280,557,815",,34.0,"207,859",229,1.0,"8,054",27.0,"180,003,324","55,408","4,893,721","958,724",,0
Very Cute Melody by Marimba Tone (39813),Very Cute Melody by Marimba Tone (39813),mitsu sound,12/31/2023,RUA1H2406425,62,186.5,"1,384",2,801,,"222,076","5,430","5,013,500","605,320,683","8,811,416,708",,,,,,,,,,,,,0
Location (feat. Burna Boy),PSYCHODRAMA,Dave,3/8/2019,GBUM71900578,"2,490",28.5,"540,907,681","169,023","15,332,361",70.0,"281,620,086","1,394,656","29,890","7,358,053","65,403,430","7,590,308",113.0,"7,620",9,31.0,"171,627",27.0,"221,658","2,407","7,901,879","1,899,818",,1
A Ella,A Ella,KAROL G,5/5/2017,USUM71703010,"4,456",19.7,"365,062,854","18,085","10,037,406",71.0,"893,949,453","3,847,991","69,294","7,236,983","109,160,109","117,031,962",20.0,"1,956",32,12.0,"245,806",14.0,"57,470,493","19,752","2,498,936","501,725",,0
Ahora Me Llama,Ahora Me Llama,KAROL G,5/26/2017,USUM71703012,"3,208",24.3,"338,782,953","37,015","12,386,097",64.0,"1,100,136,050","4,740,945","74,386","9,505,223","99,920,646","157,434,221",25.0,"1,822",7,15.0,"86,989",10.0,"89,151,096","22,315",,"1,724,227",,1
Sexy And I Know It,Sorry For Party Rocking (Japan Version),LMFAO,1/1/2011,USUM71108090,853,52.6,"436,722,440","107,912","33,797,077",62.0,"1,193,724,016","7,130,332","652,850","62,596,716","927,660,445","222,701,064",57.0,"5,186",258,37.0,"157,088",5.0,"840,489,680","3,395,379","2,154,867","6,761,782",,0
Big Jet Plane,Big Jet Plane,Restricted,12/9/2022,DEUM72208091,"4,185",20.7,"104,493,081","40,264","10,835,008",64.0,"4,214,887","50,258","6,920","3,447,268","33,784,807","22,312,427",14.0,"15,281",,16.0,"213,835",,,,"3,146,790","722,782",,1
Mood Swings (feat. Lil Tjay),Shoot For The Stars Aim For The Moon,Pop Smoke,7/3/2020,USUM72013632,317,85.8,"785,016,247","210,669","32,702,397",70.0,"654,629,596","5,578,060","1,826,673","141,952,709","976,662,212","56,134,858",100.0,41,25,8.0,"33,088",4.0,"140,629,473","71,183","73,950,933","3,516,050",,1
GENTO,Gento,SB19,5/19/2023,PHS112300198,"1,631",36.2,"44,345,269","4,379","1,586,804",58.0,"48,432,004","731,621","1,803,137","184,924,622","1,940,568,487","36,077,293",6.0,858,,,,,"142,089",281,,"139,108",,0
Prada Dem (feat. Offset),Prada Dem (feat. Offset),Gunna,3/15/2024,USAT22401724,669,58.9,"57,374,288","10,723","43,670,163",,"10,657,679","209,937","56,800","1,100,000","9,200,000","4,228,925",37.0,"19,728",366,4.0,"1,345,101",21.0,"4,733,077",529,"2,180,890","241,004",,1
Exchange,T R A P S O U L,Bryson Tiller,10/2/2015,USRC11502185,"2,857",26.1,"989,672,356","135,409","50,477,248",76.0,"713,521,813","4,429,142","245,277","12,247,275","71,925,380","118,725,866",122.0,"28,008",15,70.0,"370,637",15.0,,,"22,910,659","2,883,431",,1
Little Do You Know,Little Do You Know,Alex & Sierra,1/1/2014,USSM11404193,"4,077",21.1,"732,651,478","76,941","29,043,662",65.0,"511,428,536","5,924,267","1,005,996","76,255,229","663,477,196","18,664,403",37.0,198,,20.0,"83,357",8.0,"475,143,620","284,882",,"1,350,264",,0
Rim Tim Tagi Dim,Rim Tim Tagi Dim,Baby Lasagna,1/12/2024,AT2DY2400003,"2,848",26.2,"34,926,866","4,003","4,119,043",75.0,"50,347,276","837,359","10,600",,,"12,801,813",13.0,"2,543",,18.0,"177,178",8.0,,,,"151,826",,0
Don't Wanna Know (feat. Kendrick Lamar),Don't Wanna Know,Maroon 5,10/11/2016,USUM71609975,"2,055",31.8,"946,757,383","87,426","23,437,480",64.0,"936,997,565","5,406,952","661,067","18,590,789","49,143,641","611,909,627",93.0,"5,920",47,50.0,"169,599",19.0,"357,436,683","56,537",,"9,035,879",,0
I Get The Bag (feat. Migos),I Get The Bag (feat. Migos),Gucci Mane,8/17/2017,USAT21703179,"4,022",21.3,"554,022,596","98,431","18,605,080",64.0,"609,183,858","2,885,179","327,203","22,473,072","178,883,578","173,371,269",8.0,"12,752",23,,,18.0,,,,,,1
VVV,VVV,mikeeysmind,10/21/2023,DGA0L2303147,"1,782",34.5,"66,104,800","18,865","2,295,894",,"20,813,530","308,805","413,000","17,404,126","144,294,559","1,045,559,887",,3,,1.0,"9,696",,"46,806",86,,"1,101,523",,1
Lottery (Renegade),Lottery,K CAMP,4/1/2019,USUYG1247701,808,54.0,"173,526,912","28,272","6,607,554",46.0,"102,774,513","1,300,907","13,802,112","663,362,447","6,653,535,769","40,852",20.0,120,46,12.0,"39,746",2.0,"41,431,663","171,614",,"1,592,457",,1
M.A - Remix,M.A (Remix),BM,4/5/2023,UYB282364001,"1,768",34.6,"123,113,806","23,659","5,505,641",61.0,"227,307,854","698,274",,,,"149,539,951",4.0,"2,825",,6.0,"22,833",13.0,,,,"159,702",,1
Nice to Meet You,Nice to Meet You,Imagine Dragons,5/24/2024,USUM72404007,"2,623",27.5,"15,062,636","1,446","39,911,356",75.0,"4,507,011","112,133","1,034","570,876","6,372,350","112,054,624",40.0,258,,29.0,"894,139",29.0,"1,020,471",224,,"27,497",,0
How You Like That,How You Like That,BLACKPINK,6/25/2020,KRA402000111,215,104.5,"1,033,109,188","82,170","21,177,170",68.0,"1,584,676,582","29,210,301","10,007,464","628,046,798","7,988,463,856","328,047,537",96.0,"36,043",37,34.0,"130,559",46.0,"8,108,765","42,199",,"3,461,123",,0
Standing Room Only,Standing Room Only,Tim McGraw,3/10/2023,QZRD92302549,"4,388",20.0,"31,705,548","4,773","1,659,794",50.0,"11,529,302","87,129","1,625","109,379","1,709,288","31,267",8.0,"143,347",7,,,14.0,"28,897,995","3,274",,"286,295",,0
SEVILLA,SEVILLA,Thrife,8/12/2022,SE6XW2288884,"3,725",22.2,"26,054,526","23,652","1,011,837",41.0,"1,500,755","20,564","1,585,725","76,687,884","769,574,589",,1.0,8,,1.0,"2,681",1.0,,,,"298,281",,1
At My Worst,The Prelude,Pink Sweat$,7/17/2020,USAT22003823,991,48.3,"670,245,273","83,819","24,550,707",64.0,"537,033,479","4,862,491","3,893,052","155,783,189","1,736,930,175","10,765,679",58.0,"32,924",388,17.0,"104,909",8.0,"1,187,501","3,010",,"2,977,114",,0
MATHEMATICAL DISRESPECT,MATHEMATICAL DISRESPECT,Lil Mabu,5/5/2023,QZVEM2324634,"2,657",27.3,"165,642,949","39,238","3,356,524",62.0,"13,111,498","338,766","202,400","91,978,574","709,390,008","277,235,691",3.0,63,555,,,,"1,467,373","10,053",,"328,655",,1
Buss It,Buss It,Erica Banks,5/15/2020,USUYG1312999,"3,936",21.5,"145,000,664","32,202","13,605,018",53.0,"114,367,853","1,294,275","2,840,314","966,925,936","7,546,931,289","68,697,361",34.0,"27,382",144,13.0,"13,556",16.0,,,,"1,452,339",,1
To. X,To. X - The 5th Mini Album,TAEYEON,11/27/2023,KRA302300481,"3,086",24.9,"43,428,134","4,684","10,751,226",74.0,"80,614,524","579,330","15,900","11,632,006","76,236,081","1,046,194,930",8.0,758,11,3.0,"3,720",15.0,"33,029",11,,"168,055",,0
Kernkraft 400 (A Better Day),Kernkraft 400 (A Better Day),Topic,6/17/2022,DECE72201091,"3,543",22.9,"171,920,896","41,774","34,142,715",65.0,"14,115,131","142,485","5,176","2,927,375","51,987,916","1,823,310",39.0,"124,290",,43.0,"1,531,127",20.0,"763,822",224,,"1,861,356",,0
Hello,Hello,Adele,10/23/2015,GBBKS1500214,"1,186",43.6,"1,550,553,401","140,637","42,531,792",68.0,"347,935,820","3,794,833","209,908","68,479,244","707,793,848","1,006,781",288.0,"52,436",119,166.0,"496,477",40.0,"919,585,690","959,806",,"11,659,524",,0
Maan Meri Jaan,Champagne Talk,King,10/12/2022,INW272200083,621,61.0,"467,454,503","25,221","7,852,722",71.0,"627,711,778","7,180,269","622,000","11,756,945","189,880,241","506,446",18.0,921,,1.0,"1,097",9.0,"3,330",,,"397,715",,0
OKI DOKI,MAï¿½ï¿½ANA SERï¿½ï¿½ BONITO (BICHOTA,KAROL G,8/10/2023,USUG12305254,"1,557",37.2,"221,406,245","13,588","28,740,850",72.0,"104,090,438","446,840","327,346","57,209,984","622,671,381","12,262,598",9.0,"6,207",,6.0,"359,069",19.0,"12,097,407","3,504",,"350,493",,1
"Pushpa Pushpa (From ""Pushpa 2 The Rule"") [HINDI]","Pushpa Pushpa (From ""Pushpa 2 The Rule"") [HINDI]",Mika Singh,5/1/2024,INS182401375,783,54.7,"1,852,457",79,"3,399,376",,"57,254,911","1,254,450",,,,,,91,,,,11.0,,,,"4,169",,0
Best Friend (feat. Doja Cat),Best Friend (feat. Doja Cat),Saweetie,1/7/2021,USWB12004547,622,61.0,"571,532,926","95,775","30,817,811",66.0,"480,128,955","4,921,945","2,150,682","255,722,462","2,362,426,981","36,411,816",143.0,"202,966",921,50.0,"237,821",48.0,"145,038,061","82,633",,"2,977,469",,1
Whatever She Wants,Whatever She Wants,Bryson Tiller,2/13/2024,USRC12400299,197,108.4,"207,093,873","23,181","114,051,028",87.0,"19,787,472","254,004","67,400","22,398,663","298,300,000","320,540,886",61.0,"5,477",577,31.0,"1,483,573",65.0,"6,895,257","6,101","13,917,600",,,1
Nosso Quadro,AgroPlay Verï¿½ï¿½o V,AgroPlay,2/2/2023,BCA6L2300010,926,50.1,"423,018,422","23,872","16,779,061",63.0,"361,813,279","1,727,192","288,613","21,077,364","277,692,228","841,498,728",21.0,"17,320",,31.0,"6,708,107",12.0,,,,"609,133",,0
Petit gï¿½ï¿,Petit gï¿½ï¿,Jungeli,8/4/2023,QMBZ92393247,797,54.3,"159,181,956","29,011","10,943,796",74.0,"159,092,284","820,029","12,100","2,709,265","37,717,213","201,180,033",38.0,"29,970",,46.0,"20,176,323",46.0,,,,"3,454,084",,1
Sin Querer,Sin Querer - Single,Fer Vazquez,12/14/2023,ARC082300049,"1,720",35.2,"46,660,424","4,000","10,260,168",67.0,"102,166,795","528,710","149,300","8,173,814","132,683,756","1,545,281,605",,"2,230",,3.0,"52,458",5.0,"8,010",,,"79,180",,1
Piece Of Your Heart,Piece Of Your Heart,MEDUZA,2/1/2019,DEUM71807719,966,49.2,"995,452,298","188,608","44,047,615",65.0,"464,369,299","4,586,152","742,947","75,493,341","1,282,810,923","34,091,844",255.0,"171,176",196,166.0,"2,039,570",43.0,"46,973,428","14,833","26,135,531","14,464,887",,0
Mmhmm,Mmhmm,BigXthaPlug,10/6/2023,QZNMX2391413,"1,020",47.5,"155,648,648","28,131","46,683,719",82.0,"27,758,776","286,628","44,222","881,868","7,609,548","105,397,484",20.0,"23,720",203,1.0,"1,924",10.0,"7,238,417","2,385","5,358,274","479,173",,1
Doctor (Work It Out) [feat. Miley Cyrus],Doctor (Work It Out) - Single,Pharrell Williams,3/1/2024,USSM12400672,"1,435",38.9,"40,447,209","4,358","14,370,644",,"20,161,600","421,776",,"215,200","4,614,000","330,815,319",54.0,"44,782",50,60.0,"6,620,644",13.0,"947,387",232,,"366,242",,0
Bhai Tera Gunda,Bhai Tera Gunda - Single,Aman Jaji,2/17/2023,FR59R2351699,"3,079",24.9,"19,938,326","1,442","134,788",51.0,"277,255,089","1,866,540",538,"8,288","77,382",,,,,,,1.0,,,,"26,019",,0
i need you it's so dark,The Love Letters You Never Read,Garfy,11/29/2020,QZNWQ2098063,"1,619",36.4,,,,,,,,,,,,,,,,,,,,"73,300,614",,0
ýýýýýýýýýýýýýýýýýýýýý,ýýýýýýýýýýýýýýýýýýýýý,HoneyWorks,11/21/2022,JPX402200183,"1,014",47.7,"23,191,929","5,912","438,018",51.0,"128,703,160","1,112,327","3,400,886","499,324,989","6,284,732,144","80,772,548",3.0,80,,,,6.0,"46,380",60,,"188,814",,0
Munch (Feelinï¿½ï¿½,Munch (Feelinï¿½ï¿½ï¿½ U) - ,Ice Spice,8/10/2022,CA5KR2269973,"3,855",21.7,"133,459,011","35,905","9,102,015",60.0,"62,093,393","780,391","477,380","225,519,563","1,961,457,700","113,265,777",36.0,218,"1,691",6.0,"123,087",13.0,"4,719,609","11,176",,"689,568",,1
Ain't Shit,Planet Her,Doja Cat,6/25/2021,USRC12101540,"2,454",28.8,"599,547,543","90,475","27,073,255",70.0,"154,979,267","2,179,826","139,585","104,260,172","557,527,051","45,865,195",112.0,157,,17.0,"159,069",5.0,"16,469,827","27,559",,"1,075,422",,1
Snooze,SOS,SZA,12/9/2022,USRC12204591,97,153.3,"1,013,350,808","108,036","86,470,319",84.0,"390,677,417","2,521,214","402,338","97,819,766","887,803,828","560,893,301",154.0,"559,589",513,60.0,"2,707,900",61.0,"74,611,167","85,113","17,702,595","3,129,609",,1
LOST FOREVER,UTOPIA,Travis Scott,7/28/2023,USSM12305017,"3,683",22.3,"66,878,719","33,290","3,109,142",62.0,"2,866,171","33,960",661,"684,129","4,277,522",,5.0,30,128,1.0,,3.0,"168,014",163,,"149,968",,1
Back,Back,LOLA,8/3/2022,UKQNV2100272,140,128.0,"48,428",92,"15,747",3.0,"2,123,978,358","5,670,850",111,"102,828","735,317",,,46,,,,,,,,,,0
Olha a Explosï¿½,O Melhor do Brasil,MC Kevinho,6/14/2018,USHM21860309,"3,395",23.5,,1,45,,"1,295,405,860","9,977,052",,,,"147,328,763",,,,,,,,,,,,0
GUCCI LOS PAï¿½ï,MAï¿½ï¿½ANA SERï¿½ï¿,KAROL G,2/24/2023,USUM72222544,"3,826",21.8,"121,721,506","8,049","3,681,766",67.0,"136,014,507","557,809","75,400","5,280,019","78,468,779","7,517,627",10.0,"2,442",,1.0,"1,666",6.0,"22,530,956","7,012",,"426,324",,1
SLOW DANCING IN THE DARK,SLOW DANCING IN THE DARK,Joji,9/12/2018,ZZOPM1800452,"1,167",43.9,"1,291,244,134","241,882","48,328,259",29.0,"576,756,813","6,989,481","976,742","252,216,973","1,853,292,133","140,688,974",39.0,"1,059",116,6.0,"14,150",3.0,"18,782,933","75,869","3,484,302","1,785,813",,1
Bella y Sensual,Golden,Romeo Santos,7/21/2017,USSD11700316,"3,611",22.6,"494,373,634","45,589","20,264,304",66.0,"824,555,368","3,078,270","48,062","5,427,309","40,949,580","254,653,941",35.0,"3,741",4,27.0,"345,817",27.0,"156,433,703","28,254",,"1,736,972",,0
No Angels,Everything I Thought It Was,Justin Timberlake,3/14/2024,USRC12400002,"2,839",26.3,"11,092,257","1,607","7,250,700",,,,,,,,30.0,"41,925",1,39.0,"1,094,377",11.0,"621,190",208,,"184,790",,0
Rumah Singgah,Rumah Singgah,Fabio Asher,5/5/2022,SGB502214308,"2,550",28.0,"239,624,643","13,095","3,228,030",67.0,"228,923,419","1,210,579","1,205,145","227,531,657","3,306,847,230","45,889",11.0,"7,479",,,,,,,,"142,151",,0
Say You Won't Let Go,Say You Won't Let Go,James Arthur,9/9/2016,DEE861600586,462,71.5,"2,830,962,669","233,504","128,647,419",82.0,"2,083,619,058","11,898,213","1,750,319","96,711,415","792,720,612","1,446,089,800",218.0,"122,867",68,114.0,"616,176",52.0,"662,857,879","312,119",,"5,869",,0
Nxde,I love,(G)I-DLE,10/17/2022,KRA392200038,"1,969",32.5,"242,708,368","24,028","7,729,486",66.0,"306,925,934","3,817,854","1,937","4,217,193","28,580,589","190,154,577",12.0,"3,655",,4.0,"38,259",6.0,"537,228","1,013",,"452,824",,0
Winners In Paris,Winners In Paris,Sleepy Hallow,5/8/2024,USRC12401281,"3,308",23.9,"9,889,717","1,826","25,270,438",,,,,,,,15.0,25,16,13.0,"357,335",16.0,"346,143",215,"988,798","25,938",,1
Por las Noches (Remix),Por las Noches (Remix) - Single,Peso Pluma,2/27/2023,USQX92301266,"4,023",21.3,"129,370,457","14,028","4,216,550",62.0,"137,242,871","910,371","8,604","9,221,690","100,106,095","94,322",8.0,851,,6.0,"40,004",7.0,"4,613,918","1,202",,"350,394",,0
Vem Desestressar,Vem Desestressar,MC PH,4/4/2024,BXG6R2400152,"2,177",30.8,"35,473,387","3,432","20,567,305",69.0,"28,992,482","285,938",,,,"14,913,529",4.0,3,,15.0,"12,589,266",16.0,34,,,"38,259",,1
Papercut,Papercuts,Linkin Park,4/12/2024,USWB11201315,"1,177",43.8,"497,285,757",130,"484,758",,,,,,,,,,,,,,,,,,,0
Raja Ji Ke Dilwa,Raja Ji Ke Dilwa,Pawan Singh,12/19/2023,INM1Q2326022,909,50.6,"4,283",1,3,,"224,819,919","1,249,285",,,,"29,757,537",,,,,,,,,,,,0
Blank Space (Taylor's Version),1989 (Taylor's Version),Taylor Swift,10/26/2023,USUG12306673,"2,992",25.5,"177,731,392","12,908","25,416,651",,"15,781,241","283,039","22,100","1,905,153","20,466,555",,53.0,"18,711",,4.0,"407,207",48.0,"8,616,929","4,491",,"194,854",,0
Love Tonight - David Guetta Remix Edit,Love Tonight (David Guetta Remix),Shouse,6/11/2021,USA2P2120718,"1,748",34.9,"449,513,936","160,789","40,271,009",72.0,"1,063,180","11,919","310,148","90,949,587","1,286,306,864",,78.0,"24,500",,29.0,"411,337",21.0,"25,598,460","7,330",,,,0
"Maroon Color Sadiya (From ""Fasal"")","Maroon Color Sadiya (From ""Fasal"") - Single",Kalpana,3/12/2024,INW132418021,617,61.2,"10,371,919",142,"221,118",,"130,361,314","1,078,319",,,,,,,,,,,,,,"15,509",,0
Animals,Full Circle: The Live Anthology,Maroon 5,11/20/2011,USUM71409576,"1,772",34.6,"1,365,755,853","183,681","46,890,920",74.0,"1,285,233,400","8,881,918","632,606","91,997,812","694,003,171","646,244,393",40.0,"74,610",98,45.0,"252,875",18.0,"542,517,832","319,847","11,268,399","8,434,236",,0
OOOUUU,OOOUUU,Young M.A,5/20/2016,US6YF1600026,"1,888",33.4,"316,267,018","68,407","10,932,431",60.0,"515,355,994","3,980,712","83,370","35,643,009","286,622,729","2,170,348",165.0,"7,714",,10.0,"7,187",12.0,"144,019,785","192,642","109,465,969","2,698,587",,1
PROVENZA,PROVENZA,KAROL G,4/22/2022,USUM72205906,151,123.8,"1,185,929,926","103,026","64,847,502",76.0,"1,229,843,060","5,870,729","1,300,337","251,445,963","2,829,294,043","763,687,717",115.0,"130,158",688,75.0,"7,349,218",90.0,"92,136,339","29,371",,"3,397,861",,0
Get Back,Meet The Woo 2,Pop Smoke,2/7/2020,USUM72002036,"3,800",21.9,"355,137,565","123,588","10,315,713",64.0,"45,164,581","408,483","684,467","61,667,693","637,177,334","15,755",7.0,154,,3.0,"1,969",2.0,"14,235,351","8,123",,"1,086,060",,1
Talibans,No Love,Byron Messia,1/20/2023,QZFZ22348066,"2,371",29.3,"54,683,202","28,810","5,603,761",61.0,"117,764,650","714,375","73,400","6,149,280","85,578,368","25,028,845",51.0,"53,047",155,4.0,"173,622",25.0,"3,335,883","3,812",,"1,296,410",,1
La Mejor Version de Mi,La Mejor Versiï¿½ï¿½n d,NATTI NATASHA,2/12/2019,USB271900112,"2,398",29.1,"109,221,089","33,020","14,584,019",66.0,"974,345,116","4,887,786","740,743","14,861,761","284,819,297","106,854,506",13.0,"2,579",344,2.0,"1,181",22.0,"29,092,884","13,020",,,,0
Piscina,Piscina,Maria Becerra,11/8/2023,USWL12302932,"1,532",37.5,"81,319,633","7,972","12,644,546",6.0,"112,905,667","433,853","56,285","12,876,515","177,288,152","721,505,570",10.0,"19,380",5,17.0,"797,711",25.0,"663,889",136,"68,719","271,450",,1
"Peso Pluma: Bzrp Music Sessions, Vol. 55","Peso Pluma: Bzrp Music Sessions, Vol. 55 - Single",Bizarrap,5/31/2023,UYB282301034,456,72.2,"434,019,386","47,202","14,298,402",70.0,"350,630,590","4,153,653",,,,"1,145,717,172",48.0,"7,265",122,7.0,"79,313",33.0,"19,034,872","5,506",,"647,350",,1
Solo (feat. Demi Lovato),Solo (feat. Demi Lovato),Clean Bandit,5/17/2018,GBAHS1800328,"1,246",42.4,"1,042,065,058","114,049","30,877,323",64.0,"90,354,845","1,452,644","7,280,799","217,591,835","3,283,690,900",,126.0,"94,478",,110.0,"433,384",54.0,"47,638,322","44,602",,"14,928,007",,0
Is It Over Now? (Taylor's Version) (From The Vault),1989 (Taylor's Version),Taylor Swift,10/26/2023,USUG12306691,240,100.2,"406,821,432","20,404","26,073,555",,"23,505,530","266,969","80,218","12,641,848","113,073,762","1,569,274,837",38.0,"337,262",20,27.0,"740,249",38.0,"18,715,607","6,762",,"1,551,811",,0
Abejita Chiquitita,Las Canciones de Plim Plim Vol. 8,El Payaso Plim Plim,9/8/2023,ARLIB2220027,"1,102",45.6,"5,741,262",275,"33,239",,"272,927,101","395,965","47,200",343,"11,056",,,14,,1.0,"16,453",1.0,,,,"6,795",,0
bury a friend,bury a friend,Billie Eilish,1/30/2019,USUM71900770,"1,739",35.0,"1,014,870,547","114,243","30,570,088",68.0,"574,257,361","9,631,821","1,033,277","204,385,730","1,519,293,340","448,375,514",122.0,"18,698",111,50.0,"266,744",62.0,"76,120,834","79,036",,"4,133,474",,0
Whatï¿½ï¿½ï¿½,Scary Hours 2,Drake,3/5/2021,USUG12101041,"2,220",30.4,"383,261,731","94,964","21,697,781",62.0,"84,527,592","1,340,886","60,864","41,730,155","320,457,752","112,914,243",62.0,"40,515",377,27.0,"428,254",26.0,"55,798,346","49,620","14,432,922",,,1
Cruise,Here's To The Good Times,Florida Georgia Line,1/1/2012,USUM71207991,"4,210",20.6,"455,780,340","62,047","17,493,880",67.0,"2,801,769","34,063","32,146","1,143,655","11,785,941",,69.0,"138,702",281,5.0,"6,542",32.0,"601,741,070","1,027,366","1,839,356","2,690,275",,0
"Katchi Sera - From ""Think Indie""","Katchi Sera (From ""Think Indie"")",Sai Abhyankkar,1/22/2024,INT202404272,"1,099",45.7,"61,447,714","2,592","5,382,316",,"128,967,148","1,382,506",,,,"1,062,214,305",5.0,75,,,,11.0,,,,"311,293",,0
Facas - Ao Vivo,Diego & Victor Hugo Ao Vivo Em Sï¿½ï¿½o Paulo Vo,Diego & Victor Hugo,8/4/2022,BC29Q2200025,"1,954",32.6,"278,318",114,"34,185",17.0,"526,506,814","2,040,196",9,"3,218","61,675","2,231,104,652",,27,,,,,,,,,,0
ZEZE (feat. Travis Scott & Offset),ZEZE (feat. Travis Scott & Offset),Kodak Black,10/12/2018,USAT21811523,"1,080",46.0,"1,070,685,587","203,323","32,147,932",71.0,"494,548,432","4,682,485","1,386,205","55,794,187","463,776,007","84,796,677",82.0,"72,133",90,27.0,"129,554",14.0,"235,258,481","117,224",,"4,235,259",,1
Proteï¿½ï¿½ï¿½ï¿½o,EP Meu Sonho - Pt. 2,Tarcï¿½ï¿½sio do Acor,7/2/2021,BCTOE2100085,"4,232",20.5,"102,703,448","10,682","3,907,728",58.0,"390,456,652","2,179,957","14,289","4,402,423","46,539,050","20,583,147",3.0,373,,4.0,"189,807",2.0,,,"4,230,390","89,564",,0
A Real Playa,A Real Playa - Single,Parsa Nani,5/24/2024,GBARL2400577,"2,158",30.9,"17,255",17,"64,478",,"24,805",335,,,,,2.0,23,,1.0,"4,848",,,,"1,722,752","1,867",,0
Feel It Still,Woodstock,Portugal. The Man,6/15/2017,USAT21700438,"3,492",23.1,"1,303,018,999",239,"18,020",26.0,,,,,,,309.0,,,,,4.0,"677,785,992","228,376",,"21,207,408",,0
Lo Aprendï¿½ï¿½ de Ti - HA-ASH Primera Fila - Hecho Realidad [En V,HA-ASH Primera Fila - Hecho Realidad,Ha*Ash,11/11/2014,MXF011400346,"3,560",22.8,"296,711,145","17,197","13,770,893",67.0,"1,599,246,274","4,273,511","144,200","3,933,137","78,337,323","5,228,835",10.0,"6,169",,17.0,"92,845",3.0,"27,669,036","46,691",,"970,443",,0
Do you like yogurt,Do you like yogurt - Single,Pierce,3/3/2023,KRMIM2335213,"3,861",21.7,"2,508",3,433,1.0,"251,812,286","313,121",,,,,,3,,,,,,,,75,,0
one of wun,One of Wun,Gunna,5/10/2024,USAT22403358,"1,356",40.3,,,,,,,,,,,75.0,33,,11.0,"1,437,678",25.0,"3,744,132",573,"2,742,491","172,720",,0
Titliaan,Titliaan,Afsana Khan,11/9/2020,INUM72000090,"1,820",34.1,"60,103,893","7,617","1,238,881",54.0,"996,649,537","9,168,790","151,100","1,406,442","44,461,309","23,808,458",4.0,310,,,,2.0,"1,935",,,"230,094",,0
Love Me JeJe,Love Me JeJe - Single,Tems,4/25/2024,USRC12400907,"1,274",41.9,"34,621,656","4,787","53,092,639",76.0,"8,346,529","193,964",,"1,315","9,450",777,104.0,"8,241",41,34.0,"563,039",83.0,"1,495,398",339,,"251,413",,0
Die A Happy Man,Die a Happy Man - Single,Thomas Rhett,1/1/2015,USLXJ1507199,"3,782",22.0,"622,198,235","53,548","22,066,757",66.0,"281,739,663","1,138,264","10,615","2,053,389","18,928,214","349,194,533",56.0,"90,639",88,13.0,"16,131",33.0,"801,952,029","239,101",,"2,864,850",,0
UNHEALTHY (feat. Shania Twain),UNHEALTHY (feat. Shania Twain),Anne-Marie,5/18/2023,GBAHS2300345,"2,274",30.0,"107,435,709","18,457","6,727,123",60.0,"18,349,123","218,523","7,316","5,194,441","79,827,003","183,272,059",52.0,"133,743",,22.0,"287,345",21.0,"350,335",118,"689,846","1,025,913",,0
Kill Bill,Kill Bill - Single,pasa michaelson,8/26/2023,GB8KE2318565,"1,156",45.2,"1,842,758,768",1,1,,,,,,,,,,,,,,,,,,,1
Prada,Prada,cassï¿,8/11/2023,GBCEN2300147,100,152.5,"609,699,748","128,498","160,755,092",83.0,"47,611,547","418,343","283,600","96,934,486","1,090,501,901","113,545,664",129.0,"123,242","1,570",167.0,"15,480,679",100.0,"1,210,830","1,073","25,956,265",,,1
La Triple T,La Triple T,TINI,5/5/2022,USHR12243202,"2,877",26.0,"265,244,748","27,965","12,696,928",58.0,"219,911,011","1,029,281","439,688","63,221,453","837,142,924","38,389,154",29.0,"17,457",424,21.0,"249,287",16.0,"383,784",211,,"226,814",,0
2 Million Up,ONLY BUILT 4 DIAMOND LINKS,Peezy,8/12/2022,USUYG1439075,"4,503",19.6,"59,038,013","22,057","7,294,297",56.0,"67,576,838","510,771","131,279","65,223,102","549,768,980","10,702,053",16.0,"81,752","1,278",3.0,"37,754",,"6,360,246","5,199",,"969,319",,1
Jimmy Cooks (feat. 21 Savage),"Honestly, Nevermind",Drake,6/17/2022,USUG12204897,192,109.7,"971,473,231","239,671","77,479,207",78.0,"198,796,965","2,003,253","803,500","85,725,313","926,300,276","327,806,846",110.0,"1,041",641,18.0,"314,003",57.0,"50,899,547","48,037","24,117,364","3,142,892",,1
Ride,Ride,Twenty One Pilots,5/12/2015,USAT21500598,"1,110",45.2,"1,724,766,252","240,346","62,583,866",79.0,"1,832,805,733","14,628,417","473,867","64,556,528","515,516,585","186,902,563",7.0,"156,588",225,63.0,"409,611",33.0,,,,,,0
Aguacero,Un Verano Sin Ti,Bad Bunny,5/6/2022,QM6MZ2214886,"3,068",25.0,"342,075,557","42,659","11,281,372",68.0,"128,273,450","963,861","419,100","226,879,716","1,873,295,908","25,525,556",8.0,628,,,,,"7,618,357","1,397",,"415,047",,0
"Bitch, Donï¿½ï¿½ï¿½t Kill M","good kid, m.A.A.d city (Deluxe)",Kendrick Lamar,1/1/2012,USUM71210774,"4,037",21.2,"721,771,477","182,518","23,222,997",67.0,"459,189,834","3,603,381","57,977","13,026,986","78,341,646","10,067,174",73.0,"9,268",10,43.0,"185,338",23.0,"327,439,211","307,788",,"2,085,087",,1
Everything I Love,3 Songs At A Time Sampler,Morgan Wallen,1/31/2023,USUG12300803,"1,722",35.2,"173,756,454","32,550","3,744,217",68.0,"16,950,068","90,473","164,397","25,491,443","233,214,006",,18.0,"135,232",32,,,20.0,"32,268,708","7,441","2,372,605","459,770",,0
Low (feat. T-Pain),Low,Flo Rida,11/6/2007,USAT20705841,"3,104",24.8,"1,057,114,779","244,989","91,742,803",76.0,"519,089,248","3,897,751","481,330","222,867,184","2,202,590,339","147,501,471",115.0,"44,331",208,44.0,"692,994",55.0,"633,166,359","695,302",,"413,544",,0
Commas,Commas,Ayra Starr,2/1/2024,USUG12400783,"1,689",35.5,"48,408,512","6,447","15,113,118",76.0,"38,402,953","338,172",,,,"96,467,771",53.0,"12,094",74,22.0,"1,071,097",40.0,"1,155,738",205,"531,857","1,037,608",,0
Dusk Till Dawn (feat. Sia),Dusk Till Dawn (feat. Sia) - Single,ZAYN,9/8/2017,USRC11701783,"1,108",45.2,"7,660,758","2,412","584,352",36.0,"2,384,906,510","17,393,433","1,352,318","224,835,071","2,577,621,675","1,411,686,500",,"51,698",2,,,5.0,,,,,,0
Imagine,Imagine,Carbonne,5/3/2024,FR9W12422486,"1,301",41.2,"35,864,342","3,113","9,735,703",77.0,"11,599,115","162,098",,,,,18.0,"3,813",,26.0,"18,492,883",5.0,,,,"356,367",,0
On Me,On Me,Lil Baby,12/4/2020,USUG12004399,788,54.7,"368,017,246","105,732","15,129,396",67.0,"227,182,263","1,554,044","163,221","22,024,839","198,936,453","37,367,982",57.0,"178,634",372,9.0,"32,400",6.0,"141,610,948","45,141","53,891,709","1,728,476",,1
do re mi,do re mi,blackbear,3/18/2017,USLD91700850,"4,335",20.2,"619,655,619","78,265","13,525,058",63.0,"324,660,885","3,726,146","42,097","10,535,986","42,240,263","44,441,336",46.0,"2,061",,12.0,"436,480",,"205,536,930","219,399",,"2,220,972",,1
"Saari Duniya Jalaa Denge (From ""Animal"")",ANIMAL,Jaani,11/24/2023,INS182303379,"3,073",25.0,"107,595,657","5,279","6,735,000",,"78,226,331","1,081,336",,,,"72,412,762",3.0,198,,,,2.0,,,,"160,246",,0
Hasbi Rabbi,Hasbi Rabbi,Huda Sisters,11/14/2019,GBUQQ1927301,"3,131",24.7,"693,675",146,"3,487",23.0,"943,370,184","4,708,766","18,801","1,202,173","23,009,253",,,9,,,,,,,,"13,309",,0
Medallo,Hecho En Medellï¿½,Blessd,10/27/2021,COA6W2102282,"1,224",42.8,"452,087,681","66,494","24,042,564",65.0,"509,694,751","2,049,523","244,300","59,474,554","754,567,803","367,804,074",53.0,"31,265",145,13.0,"1,704,398",13.0,"5,561,332","3,809",,"1,414,880",,1
eternal sunshine,eternal sunshine,Ariana Grande,3/8/2024,USUM72317272,"3,189",24.4,"113,104,452","5,316","7,545,326",,"12,373,294","199,529",,,,"7,302,253",7.0,327,,4.0,"172,405",16.0,"883,643","1,252",,"56,914",,0
On BS,Her Loss,Drake,11/4/2022,USUG12208600,"1,333",40.7,"253,540,951","82,934","17,735,363",67.0,"22,665,894","368,326","144,311","72,901,216","494,336,128","24,050",17.0,1,25,2.0,"136,913",18.0,"13,857,732","3,847","9,123,989","508,529",,1
Flashback (feat. Gazo),Flashback,Favï¿,9/15/2023,DGA082396900,"2,654",27.4,"88,014,813","16,418","4,788,967",66.0,"53,097,639","393,538","99,500","3,276,455","26,517,142","118,125,080",10.0,"6,432",,15.0,"5,475,765",12.0,13,,"410,078","541,305",,1
Come and See Me (feat. Drake),Come and See Me (feat. Drake),PARTYNEXTDOOR,3/23/2016,USWB11600360,"3,436",23.3,"609,032,900","93,938","19,349,153",66.0,"176,053,242","1,338,088","29,280","6,397,249","38,686,929","45,597,343",27.0,"7,568",65,45.0,"36,409",19.0,,,"87,762,940","2,529,532",,1
Friesenjung,Friesenjung,Ski Aggu,5/25/2023,DE1FB2300037,"1,205",43.1,"150,508,549","70,377","9,755,773",70.0,"31,956,891","485,999",,,,"54,635,920",24.0,"5,723",,12.0,"67,068",4.0,,,,"703,536",,1
Look At Me Now (feat. Lil' Wayne & Busta Rhymes),Look At Me Now,Lil Wayne,2/1/2011,USJI11100017,"3,188",24.4,"420,074,095","84,668","21,613,334",65.0,"571,911,363","3,726,047","247,846","61,579,479","634,498,093","156,730,455",37.0,"18,186",,15.0,"217,652",17.0,"531,145,697","1,158,658",,"5,041,927",,1
ROCKSTAR (feat. Roddy Ricch),BLAME IT ON BABY,DaBaby,4/17/2020,USUM72007941,167,116.7,"1,638,836,101","272,933","50,425,049",70.0,"1,170,441,361","13,667,470","5,241,838","364,560,431","3,869,815,694","201,859,518",216.0,"298,661",62,98.0,"1,699,879",47.0,"245,618,280","272,002",,"7,646,337",,1
Respect (2021 Remaster),The Genius of Aretha Franklin,Aretha Franklin,2/19/2021,USRH12000996,"2,812",26.4,"607,726,217",158,"18,327",20.0,,,,,,,,,,,,,"539,329,824","183,461",,,,0
Surface Pressure,Encanto (Original Motion Picture Soundtrack),Jessica Darrow,11/19/2021,USWD12112914,"1,204",43.2,"318,018,082","41,062","14,552,186",65.0,"580,242,930","3,471,774","103,897","128,850,291","1,100,134,488","67,010,140",35.0,"2,041",155,1.0,"10,044",18.0,"49,383,663","66,811","2,375,505","466,130",,0
Astronaut In The Ocean,Astronaut In The Ocean,Masked Wolf,6/7/2019,AUFXV1900105,"1,155",44.1,,"31,705","3,101,433",,,,"12,423,100","1,733,925,285","22,817,879,063",,3.0,,,4.0,372,,,,,,,0
BITTERSUITE,HIT ME HARD AND SOFT,Billie Eilish,5/17/2024,USUM72401987,"1,066",46.4,"58,810,212","3,394","9,510,078",87.0,,,97,,,,31.0,146,,5.0,"159,005",9.0,"161,908",138,"680,392","104,093",,0
T.B.H,1st Mini Album 'MANITO',QWER,4/1/2024,KRA382401946,"1,822",34.1,"4,579,390",569,"2,440,321",59.0,"54,015,483","299,452",,,,"9,441,934",8.0,,,,,,,,,"44,505",,0
Boy's a Liar Pt. 2,Boy's a liar Pt. 2,PinkPantheress,2/3/2023,GBAYE2300015,96,153.6,"851,085,705","129,047","50,996,176",70.0,"211,810,152","2,461,166","3,502,547","955,272,568","8,781,020,473","806,434,641",162.0,"223,173","6,243",65.0,"8,655,684",130.0,"10,207,007","36,847","13,896,129","2,580,691",,1
GO (feat. Juice WRLD),GO (feat. Juice WRLD),The Kid LAROI,6/12/2020,USSM12003703,"4,146",20.8,"488,253,341","108,963","14,479,778",63.0,"100,109,974","1,553,178","30,990","14,133,727","89,767,528","9,762,188",44.0,"1,100",,23.0,"129,806",5.0,"16,247,484","11,503",,,,1
Lose It,Lose It,Through Fire,2/14/2023,USYFZ2327704,"4,273",20.4,"301,362",311,"34,870",18.0,"226,550,416","1,992,781",16,"1,337","17,823","267,731,462",2.0,"2,856",5,,,,"384,522",,,,,0
A Puro Dolor,A Puro Dolor - Single,Gabito Ballesteros,12/2/2023,USA2P2355925,"2,098",31.5,"145,332,157","8,065","19,954,898",80.0,"79,026,835","407,599",,"115,698","670,588","1,351,870,315",8.0,701,7,8.0,"8,103,118",4.0,"738,838",412,"215,913","233,530",,0
Gato de Noche,Gato de Noche,ýýengo Flow,12/22/2022,QMFMF2216359,"1,547",37.3,"427,842,597","59,365","26,456,238",66.0,"103,306,657","870,677","21,809","10,011,741","92,071,601","843,106",27.0,"11,285",11,12.0,"2,170,401",27.0,"19,800,808","3,028",,"688,397",,1
Perfect,ýý (Deluxe),Ed Sheeran,3/3/2017,GBAHS1700024,81,167.5,"2,969,999,682","280,165","116,921,604",81.0,"6,473,698,897","39,632,673","6,642,975","601,244,764","7,647,479,866","1,708,317,539",208.0,"263,386",129,343.0,"1,242,581",102.0,"617,483,078","595,052",,,,0
Dark Horse,The Top Music of the World,Katy Perry,11/27/2013,FR6V82106359,"1,369",40.1,,8,22,,"3,738,385,281","17,685,730",,,,"1,847,342,985",,,,,,,,,,,,0
Suavemente,Suavemente,Soolking,2/22/2022,FR9KQ2200190,"1,608",36.6,"159,676,691","53,444","4,694,099",59.0,"328,647,215","2,027,788","431,385","35,999,887","535,066,055","17,132,645",35.0,"39,664",,29.0,"1,390,552",14.0,"83,453",120,,"1,827,296",,0
Te Vi,Los muchachos vol. 1 - EP,Piso 21,6/1/2018,MXF151800454,"3,610",22.6,"752,708,868","62,653","31,913,503",70.0,"535,764,821","2,159,262","751,220","59,390,273","427,823,320","131,977,173",68.0,"16,739",69,46.0,"347,376",31.0,"41,720,770","12,717",,"2,326,604",,0
SPOT!,SPOT!,ZICO,4/26/2024,USA2P2421932,153,122.8,"77,757,035","3,407","35,428,519",81.0,"100,148,771","2,531,168","99,900","46,645,177","366,905,484","24,981,456",27.0,"1,861",51,2.0,"151,901",20.0,"63,300",98,,"173,263",,0
BOO!SHUT,BOO!SHUT,PIGGS,3/24/2023,JPU902300754,"1,233",42.7,"29,649",41,"1,972",3.0,"463,192,119","1,356,721",,,,,,28,,,,,,,,"1,847",,0
UP,UP,INNA,10/29/2021,ROGRA2101937,"3,944",21.5,"35,440,292","7,611","1,055,511",49.0,"105,583,094","723,839","1,783,882","35,896,632","1,048,666,929","5,222,774",8.0,"34,144",,9.0,"457,320",,"77,119",48,,"2,431,616",,0
Good Days,Good Days,SZA,12/25/2020,USRC12004189,806,54.0,"1,105,805,922","164,541","62,561,721",77.0,"295,872,840","2,947,859","534,634","157,378,144","920,329,965","42,909,616",231.0,"62,354",266,52.0,"281,696",54.0,"71,061,814","56,012","8,937,770","2,548,829",,1
Single Again,Single Again,Harmonize,2/19/2023,HKC371724447,"2,915",25.8,,3,4,,"31,741,874","229,907","1,904,084","16,348,061","230,507,109",,,,,,,,,,,,,0
BOUNCY (K-HOT CHILLI PEPPERS),THE WORLD EP.2 : OUTLAW,ATEEZ,6/16/2023,KRD442300010,"3,024",25.3,"95,981,326","10,042","3,932,343",66.0,"143,134,654","1,478,912","42,200","14,351,920","69,044,436","59,307,320",9.0,607,29,5.0,"108,835",22.0,"875,138","1,544",,"220,808",,0
El Chico Del Apartamento 512 - Remasterizado 2024/30th Anniversary,Amor Prohibido (Remasterizado 2024/30th Anniversary),Selena,3/22/2024,USUM72402909,"1,174",43.8,"195,435,575",15,"74,994",,,,,,,,1.0,,,1.0,"19,628",1.0,"45,270,647","23,206",,,,0
Show of Hands,WE STILL DON'T TRUST YOU,Future,4/12/2024,USSM12403211,"4,487",19.7,"19,215,365","5,410","3,554,627",,"97,631",998,,,,,8.0,59,,2.0,"21,624",2.0,"165,446",109,,"44,349",,1
Angry,Angry,The Rolling Stones,9/6/2023,GBUM72302314,"3,953",21.5,"31,185,560","10,629","9,924,829",,"31,460,860","421,898",,,,"17,219,087",28.0,"43,699",,17.0,"1,899,063",36.0,"3,754,757","2,339",,"439,886",,0
Daylight,Harry's House,Harry Styles,5/20/2022,USSM12200613,"4,558",19.5,"377,242,486","42,233","11,501,240",68.0,"46,848,683","1,141,593","80,961","39,903,732","224,312,083","62,344,312",21.0,"4,931",218,22.0,"581,162",8.0,"20,446,088","4,196","165,194","224,414",,0
Religiously,Religiously,Bailey Zimmerman,3/17/2023,USWB12300537,"1,178",43.7,"225,556,005","25,164","10,017,767",73.0,"23,904,394","111,346","73,524","5,688,685","56,949,752","243,552,012",28.0,"154,327",117,2.0,644,17.0,"92,243,007","13,325","2,899,190","594,487",,0
FRANCHISE (feat. Young Thug & M.I.A.),FRANCHISE (feat. Young Thug & M.I.A.),Travis Scott,9/25/2020,USSM12004756,"3,830",21.8,"278,032,053","79,755","13,755,423",63.0,"179,207,995","2,529,783","59,876","18,571,806","170,949,508","80,863,349",58.0,"38,286",19,21.0,"21,659",12.0,"12,891,509","5,890",,"1,765,806",,1
Jugnu,Jugnu,Badshah,10/26/2021,INUM72100074,"3,847",21.7,"162,005,746","11,105","3,811,972",61.0,"402,093,763","2,902,624","36,624","4,573,508","74,566,411","5,684,120",15.0,708,,1.0,509,6.0,"321,200",406,,"268,778",,0
drunk text,drunk text,Henry Moodie,1/27/2023,GBARL2202513,"2,961",25.6,"238,841,927","21,346","34,578,100",81.0,"116,840,454","948,904","20,779","4,155,809","75,170,850","472,723,306",25.0,"10,016",3,14.0,"191,813",16.0,"156,080",275,,"705,603",,0
Chamber Of Reflection,Salad Days,Mac DeMarco,3/28/2014,QMMZN1300568,"4,321",20.2,"728,140,057","201,363","35,839,296",74.0,"251,014,567","3,365,976","197,935","125,260,763","918,538,689","5,053,171",39.0,"2,120",4,18.0,"59,095",7.0,"19,923,286","21,433","15,522,068","2,451,463",,0
Rockabye (feat. Sean Paul & Anne-Marie),Rockabye (feat. Sean Paul & Anne-Marie),Clean Bandit,10/21/2016,GBAHS1600363,310,86.6,"1,528,107,667","170,648","55,710,071",73.0,"3,187,869,227","16,180,445","2,416,274","61,034,077","595,697,842","1,722,812,433",188.0,"174,095",83,151.0,"643,408",38.0,"231,249,781","177,271","35,600,592","23,696,980",,1
Son Of A Sinner,Ballads Of The Broken,Jelly Roll,9/17/2021,QMRSZ2102218,"1,773",34.6,"189,577,521","32,091","3,315,491",70.0,"167,631,264","1,282,588","89,522","13,788,353","170,725,017","523,029,658",,"261,308",53,1.0,71,,"110,527,184","54,915","3,373,779",,,1
Tenho Que Me Decidir,O Cara Do Momento,MC PH,11/29/2023,BXG6R2301027,"1,334",40.7,"111,408,880","17,345","11,402,769",,"92,538,511","602,552",,,,"448,644,270",13.0,10,,20.0,"593,174",13.0,463,,,"234,008",,1
Cash In Cash Out,Cash In Cash Out,Pharrell Williams,6/10/2022,USSM12202926,"3,121",24.7,"172,589,732","67,514","15,846,637",61.0,"21,990,862","343,936","128,416","42,492,440","338,747,583","77,899",21.0,"33,359",4,11.0,"179,862",2.0,"3,874,071","4,128",,"517,365",,1
Whatever It Takes,Whatever It Takes,Imagine Dragons,5/9/2017,USUM71703515,944,49.5,"1,257,258,072","156,442","33,271,283",76.0,"1,192,880,501","7,815,307","202,700","27,054,065","340,416,328","158,079,968",86.0,"148,594",260,37.0,"367,136",9.0,"359,252,086","209,287",,"12,160,416",,0
Vamp Anthem,Whole Lotta Red,Playboi Carti,12/25/2020,USUM72024688,"4,332",20.2,"291,244,404","103,342","8,912,802",69.0,"41,936,586","623,466","49,800","23,797,925","181,718,624","64,980,965",3.0,117,,4.0,"11,374",,"978,492","4,994",,"361,371",,1
F**kin' Problems,F**kin' Problems,A$AP Rocky,10/24/2012,USRC11201220,"3,138",24.6,"803,286,487","157,238","36,820,510",70.0,"376,403,733","2,672,337","10,581","6,181,144","49,465,552","147,612,858",79.0,"22,371",,55.0,"397,602",24.0,"514,590,007","672,943",,,,1
Mejor Que Ayer,Mejor Que Ayer - Single,Diego Torres,8/31/2023,USSD12300381,"1,744",34.9,"28,210,202","5,046","2,986,473",,"31,452,943","243,718","823,103","5,145,272","108,989,284","23,885,728",1.0,"24,023",5,10.0,"62,892",,"239,648",247,,"350,257",,0
We Don't Talk About Bruno,Encanto (Original Motion Picture Soundtrack),Carolina Gaitï¿½ï¿½n - La G,11/19/2021,USWD12112915,493,69.4,"502,781,351","57,858","20,151,204",68.0,"749,366,767","5,566,798","601,478","415,546,697","3,341,780,836","65,811,641",88.0,"22,082",,8.0,"183,506",34.0,"66,651,535","277,556","5,144,020","828,770",,0
Pï¿½ï¿½gina De Ex - Ao Vivo N,Mari No Barzinho (Ao Vivo No RJ),Mari Fernandez,4/26/2024,BCZT72400033,"3,666",22.4,"13,842,105",920,"16,028,156",71.0,"18,663,230","85,838",,,,"17,057,535",4.0,2,,11.0,"805,419",9.0,231,,,"10,827",,0
Get It Sexyy,Get It Sexyy,Sexyy Red,3/15/2024,QZSYP2454435,185,111.1,"89,362,910","7,377","70,714,216",84.0,"37,676,729","525,264","361,700","71,058,620","476,545,000","126,493,852",52.0,"52,534",976,4.0,"57,534",58.0,"10,234,988","14,251","2,263,132","514,293",,1
abcdefu,abcdefu,GAYLE,8/13/2021,USAT22103652,206,106.2,"1,128,273,165","193,857","61,311,826",70.0,"499,895,662","6,801,671","2,167,302","1,127,247,971","12,414,681,151","3,366,280,433",209.0,"470,778","1,509",79.0,"4,946,332",45.0,"154,675,499","105,068",,"7,565,502",,1
you broke me first,you broke me first,Tate McRae,4/17/2020,USRC12000832,409,75.6,"1,439,465,700","169,076","47,204,234",77.0,"706,284,693","7,820,244","880,567","188,771,287","1,383,885,042","947,613,259",238.0,"395,572",776,65.0,"1,097,172",38.0,"175,068,272","92,428","20,648,981","5,808,069",,1
Cab In A Solo,Cab In A Solo - Single,Scotty McCreery,8/18/2023,USQX92304263,"3,787",22.0,"11,614,161","2,375","2,311,705",55.0,"3,113,363","29,826",49,"63,079","1,218,414",,3.0,"118,584",3,,,1.0,"11,488,894","1,262","136,514","311,403",,0
Ambition For Cash,Ambition For Cash,Key Glock,10/1/2021,USUYG1390429,"3,835",21.8,"315,336,758","79,303","26,443,727",70.0,"29,058,447","408,335","104,301","108,992,382","1,234,944,902","164,103,568",30.0,"5,328",117,3.0,"7,312",4.0,"9,860,446","2,531",,"1,286,750",,1
Smoke Gets in Your Eyes,Music Legends The Platters : The Legendary Band of R&B and Soul Music,The Platters,4/12/2024,FR6F32335350,"4,745",20.3,"106,782,384",1,25,,,,,,,,,,,,,,,,,,,0
Say So,Hot Pink,Doja Cat,11/7/2019,USRC11903454,306,87.0,"1,199,270,601","161,574","48,493,190",69.0,"879,051,516","10,069,968","8,992,493","687,678,447","5,494,376,938","745,421,859",295.0,"1,309",531,180.0,"1,309,139",72.0,"110,184,400","176,348",,"10,741,166",,1
exile (feat. Bon Iver),folklore,Taylor Swift,7/24/2020,USUG12002838,"3,572",22.7,"757,789,027","81,489","55,181,767",72.0,"144,150,389","1,468,017","177,809","72,512,284","553,360,638","14,052,190",70.0,"10,081",62,19.0,"115,184",45.0,"25,760,635","23,011",,"1,831,311",,0
I Remember Everything (feat. Kacey Musgraves),I Remember Everything (feat. Kacey Musgraves),Zach Bryan,8/24/2023,USWB12304903,169,116.5,"630,373,315","70,400","105,320,547",84.0,"50,938,569","246,731","215,433","70,110,809","586,454,750","207,483,261",95.0,"83,414",35,47.0,"9,094,602",112.0,"147,144,967","33,058","5,597,165","1,673,932",,0
Porfa,Porfa,Feid,12/13/2019,USUM71924087,"2,661",27.3,"396,184,710","62,515","16,214,167",65.0,"656,159,660","2,808,401",712,"216,831","1,796,651","45,547,242",43.0,"8,597",9,21.0,"126,240",17.0,"14,228,113","2,733",,"1,168,477",,0
No Te Contaron Mal,No Te Contaron Mal,Christian Nodal,9/7/2018,MXUM71801874,"2,312",29.8,"492,542,256","37,141","12,874,966",68.0,"1,091,852,566","3,311,784","22,565","2,240,493","34,264,578","23,344,667",27.0,"6,829",261,22.0,"858,993",24.0,"62,313,926","27,510",,"1,316,575",,0
Creatures in Heaven,Creatures In Heaven,Glass Animals,4/3/2024,GBUM72310164,"2,979",25.5,"18,564,601","3,063","11,762,071",,"1,512,853","39,971",,,,"17,203,895",38.0,"20,218",3,27.0,"327,799",42.0,"1,071,295",313,"88,252","120,498",,0
When We Were Young,25,Adele,11/20/2015,GBBKS1500217,"2,305",29.8,"1,284,096,603","117,365","41,710,598",71.0,"1,021,758,621","6,306,795","51,713","51,633,844","348,333,229","12,378,383",133.0,"6,508",7,36.0,"1,394,780",22.0,"281,756,710","77,682",,"5,077,728",,0
Revisando El Celu,Revisando El Celu,HCTM,8/3/2022,SGB502230698,"4,093",21.0,"8,761",12,"1,508",,"30,515",811,"2,300,000","15,589,426","290,930,740",,,,,,,,,,,"7,836",,0
Ni**as In Paris,Watch the Throne (Deluxe),JAY-Z,1/1/2011,USUM71111621,"2,899",25.9,"1,436,087,930","296,520","56,557,390",76.0,"444,307,904","3,150,622","37,473","21,427,059","199,117,216","16,347,538",159.0,"49,872",3,47.0,"70,698",51.0,"106,302,435","446,924",,"10,189,462",,1
Woman,Planet Her,Doja Cat,6/25/2021,USRC12101532,211,105.2,"1,606,950,381","217,443","95,985,096",78.0,"641,326,002","7,454,749","2,148,350","795,146,493","5,944,657,895","3,148,985,028",217.0,"414,829","1,849",84.0,"3,363,038",42.0,"64,368,314","44,396",,"5,907,933",,1
Aa,Aa,Roach Killa,9/28/2023,GBMW42301521,"2,963",25.6,"22,552,299","1,850","2,721,792",,"136,381,379","1,340,784",,,,"946,681,826",,678,,,,5.0,,,,"180,207",,0
Dance The Night - From Barbie The Album,Dance The Night (From Barbie The Album),Dua Lipa,5/25/2023,USAT22305457,85,166.2,"860,026,452","74,769","139,913,794",80.0,"173,044,031","1,640,319","175,536","90,924,917","1,227,837,850","1,205,266,954",7.0,"759,185","1,100",82.0,"4,067,956",,"64,567,514","22,064","1,843,883","3,199,636",,0
In Da Club,Q-music Top 500 Van Deze Eeuw - 2011,50 Cent,8/26/2011,NLD141100088,"3,981",21.4,"10,163,724",11,111,,"2,248,807,705","13,922,683",,,,"789,447,890",,,,,,,,,,,,0
p r i d e . i s . t h e . d e v i l (with Lil Baby),The Off-Season,J. Cole,5/14/2021,QMJMT2103642,"2,487",28.5,"367,165,473","125,205","14,849,325",65.0,"69,280,791","766,589",,,,"208,599,431",56.0,"9,531",52,10.0,"139,412",19.0,"33,574,737","8,037",,"561,364",,1
Breaking the Habit,Papercuts,Linkin Park,4/12/2024,USWB12401898,802,54.2,"428,629,823",2,454,,,,,,,,,,,,,,,,,"1,649,113",,0
Sticky,"Honestly, Nevermind",Drake,6/17/2022,USUG12204888,"1,492",37.9,"253,177,498","83,779","16,621,189",66.0,"79,370,407","913,062","141,579","62,240,027","612,598,555","99,651,539",40.0,"2,011",826,10.0,"190,743",23.0,"28,529,396","12,106","8,402,779","1,006,549",,1
ZOOM,ZOOM,Jessi,4/13/2022,KRA382204517,850,52.6,"166,161,044","22,288","7,774,873",61.0,"303,569,838","5,827,005","3,903,605","865,870,535","9,393,168,416","146,065,235",5.0,"5,680",32,5.0,"53,217",8.0,,,,"778,299",,0
Ocean,OCEAN,KAROL G,5/3/2019,USUM71904901,"2,149",31.0,"312,111,545","30,520","12,759,646",66.0,"722,096,242","5,368,740","2,197,372","51,993,051","661,920,679","25,343,710",32.0,"5,415",392,28.0,"148,329",19.0,"62,924,532","59,516",,"1,139,084",,0
SKITZO,UTOPIA,Travis Scott,7/28/2023,USSM12305016,"1,513",37.8,"97,901,897","49,313","5,181,004",66.0,"12,456,826","187,457",214,"42,159","540,963",,6.0,28,,2.0,"15,118",,"732,313",445,"3,552,188","176,850",,1
Poppin,2 Alivï¿,Yeat,2/18/2022,USUM72202097,"2,493",28.5,"152,999,496","61,870","4,946,068",63.0,"41,680,427","625,297","29,807","19,583,763","165,647,395","342,558,492",5.0,67,47,,,,"970,494","3,191","21,669,688","162,198",,1
Happy Birthday,Happy Birthday,Jovanie,3/22/2019,QM4TX1990759,"3,793",21.9,"37,866",449,"53,427",3.0,"1,855,597","35,730","6,000,000","40,025,187","567,183,479",,,3,,,,,"15,747",604,,"60,542",,0
Are You Bored Yet? (feat. Clairo),Are You Bored Yet? (feat. Clairo),Wallows,2/1/2019,USAT21812258,"3,186",24.4,"842,749,499","158,456","40,544,627",76.0,"125,641,322","2,266,385","121,465","61,935,130","342,062,376","425,838",68.0,"34,495",64,26.0,"168,949",17.0,"9,270,466","14,818",,"1,169,198",,0
"Ruqya, Pt. 3",Ruqya (Quran - Coran - Islam),Hani Rifai,6/9/2014,FR6V82562979,"1,445",38.6,,,,,,,,,,,,,,,,,,,,"219,794,543",,0
The Weekend,Ctrl,SZA,6/9/2017,USRC11701116,"3,896",21.6,"537,523,729","71,149","22,408,790",70.0,"366,197,654","2,942,916","25,914","15,414,832","103,430,758","35,299,595",98.0,"2,678",65,22.0,"145,035",59.0,"211,565,753","226,227","3,776,319","1,833,030",,1
Segï¿½ï¿½n Qu,Segï¿½ï¿½n Qu,Maluma,8/17/2023,USSD12300400,182,111.8,"571,366,508","32,236","42,828,677",79.0,"475,200,526","1,369,288",,,,"1,602,673,476",50.0,"38,691",423,60.0,"10,199,675",29.0,"35,912,217","8,715","46,646","1,703,294",,1
Fall In Love Alone,Fall In Love Alone,Stacey Ryan,5/13/2022,USUG12202833,"2,746",26.8,"250,626,750","28,158","11,808,223",66.0,"42,387,613","401,947","1,724,955","158,358,329","1,888,735,985","18,603,572",17.0,"14,448",7,8.0,"296,083",2.0,"90,855",566,,"438,027",,0
Eyes Closed,Eyes Closed,Imagine Dragons,4/3/2024,USUM72402448,431,74.2,"51,224,852","5,159","33,795,310",,"30,060,301","670,497",,,,"209,984,783",43.0,"47,932",23,41.0,"18,000,216",82.0,"8,536,936","1,263",,"576,192",,0
Primera Cita,La Primera Cita - Single,Carin Leon,4/20/2023,QZQMB2104890,290,90.5,"598,006,591","35,842","34,735,524",80.0,"415,255,950","1,480,134","916,093","96,228,889","1,108,602,382","384,774,756",32.0,"26,180",172,25.0,"9,487,462",25.0,"26,478,187","16,200","1,434,610","2,336,296",,0
Gimmie A Light,Gimmie A Light,Ice Spice,5/10/2024,USUG12400205,"3,692",22.3,"8,734,499","1,005","21,736,311",,"4,823,719","124,556",,,,"67,008,965",22.0,"3,397",415,13.0,"453,247",59.0,"413,454",206,"287,439","39,843",,1
Solar Eclipse,Solar Eclipse,YoungBoy Never Broke Again,1/11/2018,USAT21705449,"4,134",20.9,"99,037,719","22,065","2,853,491",55.0,"183,585,531","1,079,875","15,596","3,651,900","21,367,061","3,933,494",7.0,43,,1.0,"4,717",,"69,290,303","41,418","74,211,875","470,384",,1
THE GIRLS - BLACKPINK THE GAME OST,THE GIRLS (BLACKPINK THE GAME OST),BLACKPINK,8/25/2023,KRA402300038,"3,596",22.7,"116,539,504","7,964","8,670,175",62.0,"92,628,391","2,102,936",30,"204,176","870,565","41,655,609",7.0,"4,506",,13.0,"253,740",24.0,"1,084,444",941,,"220,900",,0
One Of Them Girls,One Of Them Girls,Lee Brice,4/10/2020,USCRB1900135,"1,728",35.1,"382,466,683","51,259","13,516,221",67.0,"187,677,909","917,156","261,782","22,973,089","187,911,533","509,177,286",,"334,453",182,6.0,"3,740",18.0,"327,029,805","63,395","3,039,327",,,0
Life Is Good (feat. Drake),Life Is Good (feat. Drake),Future,1/10/2020,USSM11914962,189,110.2,"1,237,874,594","276,882","51,153,940",67.0,"2,430,804,498","12,334,565","584,648","77,631,196","964,755,757","430,690,809",187.0,"7,602",47,95.0,"487,631",32.0,"222,732,085","88,462",,"5,329,382",,1
You Belong With Me (Taylorï¿½ï¿½ï¿½s Ve,Fearless (Taylor's Version),Taylor Swift,4/9/2021,USUG12100622,"4,458",19.7,"662,057,533","59,739","35,937,845",76.0,"55,391,583","447,166","106,500","64,739,020","451,630,379",,53.0,"23,703",,8.0,"149,944",46.0,"10,543,057","23,062",,"659,091",,0
B.O.T.A. (Baddest Of Them All),B.O.T.A. (Baddest Of Them All) / Move To The,Eliza Rose,6/15/2022,QZAKB2166448,"2,397",29.1,"47,723,324","34,495","3,089,794",52.0,"90,212,996","801,572","1,100,254","330,038,147","3,829,712,483","879,640,561",16.0,"26,742",865,1.0,817,1.0,"103,851",977,,"3,631,070",,0
La Vï¿½ï¿½c,La Vï¿½ï¿½c,Xavi,8/19/2023,USA2P2339944,280,92.0,"521,116,293","24,734","22,828,160",81.0,"427,625,497","2,560,068","33,444","11,882,123","107,781,205","1,392,579,416",18.0,"3,852",82,20.0,"14,503,583",22.0,"10,154,861","13,336",,"988,007",,1
Ferrari,Ferrari,James Hype,3/15/2022,GB3CE2200004,366,80.1,"626,010,147","185,422","78,359,363",74.0,"202,193,289","1,277,287","88,909","20,233,025","368,044,894","877,635,000",132.0,"253,244",332,76.0,"1,468,578",44.0,"2,598,595","2,953","6,916,408","6,257,313",,0
For the Last Time,For the Last Time,$uicideboy$,9/5/2017,QM8DG1703420,"4,585",19.4,"305,049,963","65,770","5,103,054",71.0,"149,247,747","1,397,590","48,370","20,202,000","143,934,379","53,016",3.0,6,,2.0,"14,217",,"20,104,066","13,184","50,633,006","656,337",,1
California Gurls,Girl Power 2023,Katy Perry,9/19/2023,USCA21001182,271,94.2,,,,,"4,534,591","47,967",,,,,,"69,675",,,,,"316,633,718","283,271",,,,0
Myself,COSMIC,Bazzi,4/12/2018,USAT21801524,"3,443",23.3,"279,105,227","46,745","6,489,845",59.0,"138,981,651","2,563,777","5,018,008","375,872,882","4,596,936,089","21,471,340",16.0,625,,12.0,"52,562",3.0,"37,479,569","28,483",,"2,446,779",,0
Rasputin,Rasputin,Majestic,2/26/2021,DEE862100256,"1,481",38.1,"613,000,788","152,363","73,448,130",73.0,"68,681,033","645,892",523,"88,996","1,560,809",,124.0,"134,879",,98.0,"2,668,695",37.0,"4,694,082","3,303","2,791,732","3,038,650",,0
TiK ToK,TiK ToK,Kesha,8/7/2009,USRC10900433,"4,226",20.5,"1,204,914,998","198,352","129,620,346",80.0,"206,057,670","1,772,119","1,086,581","138,077,337","1,322,923,785","7,243,317",194.0,"171,829",130,122.0,"2,291,036",77.0,"230,228,038","386,750",,"7,150,174",,0
Bamba (feat. Aitch & BIA),Bamba (feat. Aitch & BIA),Luciano,9/22/2022,DECE72202389,"1,723",35.2,"201,638,049","82,200","8,134,899",62.0,"79,916,576","787,609","81,594","10,114,609","128,627,839","48,973,181",14.0,"6,954",,8.0,"55,350",10.0,"2,062",22,,"1,285,204",,1
Nobody - from Kaiju No. 8,Nobody (from Kaiju No. 8),OneRepublic,4/12/2024,USUM72403147,"3,125",24.7,"34,203,987","2,978","15,355,189",,,,,,,,32.0,"7,882",,24.0,"2,162,817",27.0,"4,716,920",385,,"292,296",,0
Fast Car,Gettin' Old,Luke Combs,3/24/2023,US6XF2200436,112,144.5,"518,988,585","73,116","58,391,498",80.0,"107,703,759","768,813","354,036","74,258,021","924,204,888","103,658,014",117.0,"673,629",59,67.0,"8,306,302",104.0,"184,924,061","88,890","728,039","3,108,167",,0
Se Le Ve,"Se Le Ve (feat. Justin Quiles, Arcangel, De La Ghetto, Lenny Tavï¿½ï¿½rez & Dï¿½ï¿½melo Flow) ",Dï¿½ï¿½melo ,8/12/2021,QM9WM2100063,"2,332",29.6,"240,138,585","43,572","11,285,970",56.0,"200,632,603","1,367,067","1,845,758","267,131,680","3,307,238,247","67,529,333",34.0,"7,909",,7.0,"33,136",2.0,"1,857,076","1,135","601,959","601,506",,1
Falling,Falling,Trevor Daniel,10/5/2018,USUYG1221109,367,80.0,"1,606,023,895","225,643","32,822,629",71.0,"1,151,842,584","15,653,870","6,047,796","914,937,622","8,742,744,684","529,839,674",115.0,"168,415",126,195.0,"454,460",4.0,"212,305,894","141,079","2,388","12,373,665",,0
Danza Kuduro - Cover,WORK OUT MUSIC MIX,WORK OUT GYM - DJ MIX,10/20/2023,TCJPX2359315,"1,478",38.1,"1,642,258,500",9,49,,,,,,,,,,,,,,,,,,,1
Tattoo,Tattoo,Loreen,2/25/2023,SEUM72201638,221,103.9,"518,846,340","83,033","48,268,736",77.0,"348,331,280","3,205,077","236,349","68,936,229","718,955,243","800,667,085",113.0,"216,701",,66.0,"2,861,624",54.0,"334,813","3,599",,"7,777,679",,0
die,die,lucidbeatz,3/3/2023,QZTLA2301933,"2,991",25.5,"28,779,088","5,564","1,998,350",61.0,"2,872,410","63,751","1,711,764","155,337,385","1,580,363,321",,,,,,,,,,,"9,429",,0
Vai Novinha Ah Ah Ah,Ritmo dos Crias,Dyamante DJ,5/25/2023,BCWV12300010,"3,144",24.6,"110,960,415","19,488","9,334,970",56.0,"24,459,499","297,749","649,200","157,146,491","2,161,832,887",,9.0,401,,12.0,"363,903",2.0,,,,,,1
Lost in the Fire (feat. The Weeknd),Lost in the Fire (feat. The Weeknd),Gesaffelstein,1/11/2019,USQX91803314,"2,564",27.9,"895,496,661","158,437","56,718,950",75.0,"60,795,572","663,427","118,739","61,383,164","500,515,994","25,324,485",109.0,"19,935",9,40.0,"314,982",17.0,"44,369,088","13,427","15,946,343","5,540,938",,1
Body,Good News,Megan Thee Stallion,11/20/2020,QMCE32000683,"2,831",26.3,"327,693,363","59,033","19,679,788",63.0,"215,966,337","3,070,939","1,180,141","371,525,726","2,873,316,705","1,231,737",19.0,"97,610",401,10.0,"24,852",26.0,,,,,,1
Truth or Dare,TYLA,Tyla,12/1/2023,USSM12308650,"1,480",38.1,"91,143,676","13,407","30,382,319",77.0,"31,174,494","570,689",629,"8,970,312","95,419,062","3,467,570,606",58.0,"49,386",226,41.0,"380,101",32.0,"5,215,909","2,625",,"704,867",,0
Move,Move - Single,Adam Port,6/7/2024,DEEC33501508,459,71.9,"5,917,083","1,348","19,711,644",67.0,"1,541,922","39,879","21,800","4,700,915","53,279,473",,45.0,12,3,14.0,"669,637",22.0,"28,895",16,,"196,937",,0
Entrapreneur,Entrapreneur,Central Cee,12/21/2023,USSM12309238,"3,987",21.4,"27,850,857","13,873","8,249,759",,"13,933,188","336,872",,,,"235,522,928",10.0,"3,421",711,18.0,"237,640",12.0,"983,003",74,,"84,148",,1
Bondade de Deus,Bondade de Deus,Isaias Saad,2/21/2022,BCII12200001,"3,960",21.5,"91,842,323","15,910","8,695,499",63.0,"237,180,411","1,961,210","554,995","6,613,662","149,090,596","508,469",10.0,82,,56.0,"7,488,178",9.0,,,,,,0
traitor,SOUR,Olivia Rodrigo,5/21/2021,USUG12101243,550,65.5,"1,564,979,439","150,597","73,290,053",80.0,"500,794,182","7,451,635","453,412","392,179,677","2,639,611,818","2,578,474,407",147.0,"93,825",182,29.0,"150,235",25.0,"64,240,084","79,459",,"3,156,314",,0
DISPO,DISPO,KAROL G,8/10/2023,USUG12305267,"3,952",21.5,"113,567,783","11,700","10,018,246",68.0,"70,427,226","409,549",,,,,7.0,"1,330",4,2.0,"239,220",16.0,"10,704,039",792,,"134,837",,1
SNEAKERS,CHECKMATE,ITZY,7/15/2022,US5TA2200033,"4,128",20.9,"95,952,617","10,516","3,921,848",56.0,"259,567,120","4,792,675","94,849","110,711,487","745,339,618","136,531,328",7.0,"1,906",54,4.0,"9,169",16.0,"320,748",429,,"203,035",,0
MEMORIAS,Microdosis,Mora,4/1/2022,QM4TX2252943,"2,527",28.2,"359,336,745","67,125","16,316,500",70.0,"143,505,182","823,971","20,600","9,094,523","82,205,989","340,159,905",38.0,"8,665",170,4.0,"54,118",14.0,"367,017",319,,"868,434",,0
Counting Stars,Native (Standard),OneRepublic,1/1/2013,USUM71301306,892,51.1,"2,466,006,842","343,135","114,346,295",81.0,"304,524,339","2,956,756","382,991","125,290,160","1,245,061,983","149,045,425",198.0,"237,316",170,138.0,"1,401,001",40.0,"1,394,055,006","1,085,579",,"118,910",,0
ARRANCARMELO,ARRANCARMELO,WOS,4/6/2022,UYB282206048,"4,504",19.6,"223,426,639","36,161","8,039,699",63.0,"135,822,239","1,770,582","83,501","52,704,504","422,027,661","135,460,144",6.0,"2,526",,7.0,"281,211",4.0,"16,762",166,,"538,337",,0
"Jhoome Jo Pathaan (From ""Pathaan"") [Arabic Version]","Jhoome Jo Pathaan (From ""Pathaan"") [Arabic Version] - Single",Abd El Fattah Grini,1/14/2023,INY092300003,402,76.2,"1,993,244",245,"79,264",28.0,"944,088,313","6,351,302",,,,"1,464,736",,368,,,,,,,,"28,908",,0
Heaven,Kane Brown (Deluxe Edition),Kane Brown,10/6/2017,USRN11700088,"2,584",27.8,"492,361,216","43,773","13,627,930",66.0,"697,287,853","3,494,761","107,020","5,665,191","74,609,105","474,602,562",46.0,3,35,6.0,"48,525",27.0,"394,651,147","237,908",,,,0
911,911,Sech,2/5/2021,QM9WM2000134,"2,058",31.8,"352,258,962","68,202","13,733,700",55.0,"415,445,675","2,300,245","321,298","59,055,794","425,874,947","5,980,666",43.0,"26,965",92,7.0,"59,604",22.0,"13,388,831","4,469","4,291,370","943,449",,1
Coraï¿½ï¿½ï¿½ï¿½o,"Patroas, EP1",Marï¿½ï¿½lia Mendo,7/10/2020,BRWNV2000088,"4,370",20.1,"71,915,713","6,180","8,643,384",54.0,"611,609,157","2,544,961","9,284","817,211","13,591,360","2,058,446,921",10.0,"1,872",,40.0,"1,304,457",2.0,"78,983",,,"127,483",,0
La Romana,X 100PRE,Bad Bunny,12/23/2018,QM7281884731,"4,191",20.7,"410,897,040","71,655","16,804,911",68.0,"428,412,819","3,256,737","15,791","10,068,979","79,348,588","26,238,783",37.0,"5,585",19,8.0,"184,206",3.0,"47,439,393","26,404",,"2,764,964",,1
Criminal,Criminal,NATTI NATASHA,8/18/2017,USB271700112,648,59.6,"889,098,343","84,086","32,287,923",69.0,"2,707,034,440","9,483,547","425,400","28,701,107","312,894,649","278,049,333",58.0,"15,053",88,39.0,"482,047",59.0,"190,129,072","63,576",,"3,803,337",,0
Heaven Takes You Home,Paradise Again,Swedish House Mafia,4/15/2022,USUG12202132,"3,649",22.5,"248,202,976","55,197","31,793,054",71.0,"59,788,261","351,230","11,712","2,134,589","36,131,031","1,752,736,829",50.0,"49,346",347,35.0,"1,204,670",12.0,"6,850,903","1,019",,,,0
Renegades,Renegades,X Ambassadors,3/17/2015,USUM71502643,"4,445",19.8,"785,571,181","131,703","26,404,041",70.0,"492,974,141","3,162,813","36,859","9,348,443","74,904,030","17,622,437",96.0,"89,938",279,30.0,"100,159",22.0,,,,"9,672,381",,0
"...And to Those I Love, Thanks for Sticking Around",STOP STARING AT THE SHADOWS,$uicideboy$,2/14/2020,QZAPK1900020,"1,709",35.3,"675,082,623","167,727","15,198,984",73.0,"269,460,083","3,292,285","429,682","52,925,469","318,296,586","5,466,526",14.0,9,,5.0,"22,406",,"11,746,442","31,117",,"3,195,912",,1
Ya No Vuelvas,Ya No Vuelvas,Luck Ra,8/9/2022,CLPP22200035,"2,816",26.4,"28,739,240","4,519","1,778,008",51.0,"378,611,518","826,925","43,939","2,316,894","26,531,589","4,172,329",,"1,411",,2.0,"6,728",,,,,,,0
Afterglow,#NAME?,Ed Sheeran,1/1/2020,GBAHS2001193,"3,345",23.7,"461,495,506","64,344","35,844,454",63.0,"183,828,202","2,212,191","224,600","65,566,122","574,322,224","8,907,151",150.0,"231,033",81,51.0,"659,475",37.0,"20,459,070","7,837",,"4,121,636",,0
What You Know Bout Love,Shoot For The Stars Aim For The Moon,Pop Smoke,7/3/2020,USUM72013339,193,109.5,"1,125,681,368","251,023","32,574,699",72.0,"306,628,096","3,322,075","5,487,112","345,484,397","2,775,640,343","258,709,304",119.0,"372,838",744,21.0,"94,686",22.0,"224,742,683","79,225","70,901,053","3,908,069",,1
sneaky,american dream,21 Savage,1/12/2024,USSM12309176,"3,005",25.4,"54,062,895","14,363","8,542,239",,"8,912,416","129,552",,,,,22.0,623,,8.0,"29,006",1.0,"4,770,909","1,057",,"101,226",,1
So Am I,So Am I,Ava Max,3/7/2019,USAT21900569,"3,558",22.8,"570,045,987","57,702","10,099,210",66.0,"368,297,733","4,429,234","233,355","26,434,189","218,968,895","327,698,772",36.0,"103,692",23,18.0,"46,637",18.0,"37,671,421","37,562",,"4,651,739",,0
MTG QUEM Nï¿½ï¿½O QUER SO,MTG QUEM Nï¿½ï¿½O QUER SOU EU - Si,DJ TOPO,5/10/2024,BXIV82456543,315,86.1,"51,198,446","3,022","40,425,173",80.0,"14,990,394","244,589","245,300",,,,8.0,48,,29.0,"9,552,072",20.0,,,,"128,880",,0
Lighter,Lighter (Extended Mix),Galantis,2/16/2024,USAT22400413,"2,295",29.9,"35,712,909","4,573","31,483,398",5.0,"1,679,600","30,410",,,,"23,503,476",29.0,"49,835",69,31.0,"1,270,197",15.0,"502,092",64,,"271,031",,0
What My World Spins Around,What My World Spins Around,Jordan Davis,5/27/2022,USUM72208440,"1,769",34.6,"225,128,269","23,133","12,193,936",71.0,"6,417,626","36,749","19,339","3,634,753","33,305,600","8,173,626",26.0,"309,999",138,2.0,"87,391",7.0,"126,764,513","9,775","1,153,317","820,952",,0
Butakera,Butakera,La Joaqui,7/28/2022,ARACN2200009,"3,259",24.1,"127,392,768","22,713","6,540,862",59.0,"129,725,858","558,219","897,800","280,690,579","2,966,243,206","7,595,234",5.0,"1,253",,8.0,"41,707",5.0,"39,938",55,,"282,479",,0
Mas Existe um Lugar,Mas Existe um Lugar - Single,Kaio Viana,3/23/2023,SGB502340678,795,54.3,"24,963,236","5,624","1,097,527",48.0,"96,957,064","1,319,260","3,177,849","39,336,848","670,846,125","6,083,511",2.0,,,,,1.0,,,,"228,158",,1
Crazy Form,THE WORLD EP.FIN : WILL,ATEEZ,12/1/2023,KRD442300022,"1,765",34.7,"58,520,078","5,454","5,075,458",,"123,416,768","976,454","8,035","14,763,613","62,979,168","1,488,882,238",9.0,"1,452",20,3.0,"236,558",9.0,"414,834",516,"12,328","143,319",,0
Aesthetic,Aesthetic,Tollan Kim,3/4/2022,SGB502208576,114,144.0,"5,712,985","2,311","535,908",44.0,"3,120,073","56,276","20,114,495","2,452,502,310","33,870,791,454",,4.0,22,,4.0,"1,397",1.0,"21,564",81,,"249,823",,0
I Love Mama Mantu,I Love Mama Mantu,Bulan Sutena,11/1/2021,FRX872121045,"2,468",28.7,"8,887,656","1,905","405,342",37.0,"102,934,351","1,234,889","3,700,000","116,906,472","1,978,705,486","994,101",,99,,,,,,,,"105,455",,0
Mercy,I Love R&B,Kanye West,1/1/2012,USUM71203564,"4,326",20.2,"396,015,053","93,596","20,357,135",64.0,"58,003,262","606,430","15,366","2,379,742","26,586,947","3,288",56.0,446,3,16.0,"79,174",9.0,"632,560,196","909,184",,"5,748,041",,1
Anti-Hero,Midnights,Taylor Swift,10/21/2022,USUG12205736,91,161.8,"1,563,224,246","117,005","97,456,780",80.0,"203,259,285","3,482,508","1,302,967","376,660,493","3,864,505,972","724,976,542",261.0,"1,034,319","1,088",74.0,"4,457,357",150.0,"92,338,994","45,974",,"4,703,179",,0
Paradise,Mylo Xyloto,Coldplay,10/19/2011,GBAYE1101143,"2,873",26.0,"1,291,954,163","205,567","85,747,045",77.0,"325,509,002","2,163,945","755,099","119,567,231","1,016,743,063","1,022,465",109.0,"44,631",109,94.0,"850,177",32.0,"486,445,533","445,013",,"8,726,725",,0
SMOKE IT OFF!,SMOKE IT OFF!,Lumi Athena,11/22/2022,QZTB32217762,"3,389",23.5,"185,817,317","28,912","4,118,167",69.0,"115,720,244","1,632,608","125,310","30,612,777","237,465,039","20,301",1.0,,,1.0,"12,642",,"661,275","2,151",,"675,371",,1
CUTE DEPRESSED,Cute Depressed - Single,Dyan Dxddy,2/2/2024,QZZ662413549,"3,726",22.2,"54,477,192","3,729","21,277,335",77.0,"36,326,774","890,834",,"3,460,300","41,400,000",,2.0,1,,1.0,378,,,,,"120,049",,1
Bura Na Mano Holi Hai,Bura Na Mano Holi Hai,Shaan,2/4/2023,ING642301070,801,54.2,"125,047",6,"44,905",14.0,"659,724,253","4,199,987",,,,"4,618,100",,2,,,,,,,,262,,0
Go Down Deh (feat. Shaggy and Sean Paul),Go Down Deh (feat. Shaggy and Sean Paul),Spice,4/30/2021,USVPR2100046,993,48.2,"218,431,985","56,998","7,122,424",61.0,"336,505,073","3,901,948","3,595,260","338,445,934","4,731,467,896","11,491,467",24.0,"20,192",98,10.0,"193,061",14.0,"12,362,903","6,285","2,388,111","6,024,636",,0
Saawariya,Saawariya,Aastha Gill,10/8/2021,INS172104096,"4,153",20.8,"28,805,237","1,873","836,098",45.0,"153,101,388","1,717,781","2,100,000","11,995,964","212,490,319",,1.0,270,,,,1.0,,,,"105,909",,0
Holy Ghost,Holy Ghost,Omah Lay,11/9/2023,USWB12306574,"4,426",19.8,"61,390,970","11,876","5,284,858",,"28,274,389","310,343",,"1,794,140","11,575,782","49,418,688",45.0,"3,642",119,16.0,"551,854",46.0,"1,898,709",356,,,,0
Steven Universe,Steven Universe,L.Dre,2/21/2020,QZFZ32084911,"1,245",42.4,"54,104,852","14,464","2,212,197",50.0,,,"10,501,056","2,714,697,966","22,902,123,485",,5.0,33,,2.0,287,,"126,291",698,,"503,200",,0
Gï¿½ï¿½ï¿½p ï¿½ï¿½ï¿½ï¿½i,Gï¿½ï¿½ï¿½p ï¿½ï¿½ï¿½ï¿½i,Tuï¿½ï¿½ï¿½n,9/21/2023,US38Y2304586,"3,794",21.9,"1,880,312",408,"22,223",,"58,299,522","173,898","525,671","5,937,642","168,468,483","2,119,803",,,,,,,,,,"10,918",,0
Sing Me to Sleep,The RCA-List (Vol. 2),Alan Walker,1/1/2016,NOG841611010,"4,481",19.7,"381,501,023","56,234","10,566,251",56.0,"933,353,581","7,640,646","239,631","9,860,965","133,544,796","248,228,132",40.0,"22,576",,10.0,"84,292",13.0,"45,353,135","36,069","2,061,025","32,256",,0
Tomorrow 2 (with Cardi B),Tomorrow 2 (with Cardi B),GloRilla,9/23/2022,USUM72217666,996,48.1,"157,806,193","27,840","14,490,602",64.0,"216,925,153","1,357,039","264,839","77,376,260","507,673,872","175,345,907",41.0,"221,878",172,6.0,"22,426",60.0,"54,650,583","33,003",,"1,089,768",,1
FBI,FBI,Picus,2/29/2024,MXUM72400426,"2,386",29.2,"6,591,040",295,"852,893",,"68,503,599","712,779",,,,"161,194,840",1.0,323,,1.0,"50,451",1.0,,,,"35,815",,0
Un Coco,Un Verano Sin Ti,Bad Bunny,5/6/2022,QM6MZ2214892,"1,904",33.2,"534,736,940","54,870","16,605,882",73.0,"243,635,144","1,460,980","35,000","53,470,902","327,984,369","20,204,348",11.0,"1,066",,1.0,72,4.0,"17,997,118","4,174",,"751,985",,0
run for the hills,THINK LATER,Tate McRae,12/8/2023,USRC12302981,"3,604",22.6,"120,880,428","10,296","16,902,097",,"11,115,978","143,233",,,,"1,813,086,064",25.0,"6,894",307,29.0,"297,952",18.0,"13,430,776","1,931",,"147,452",,1
Bijlee Bijlee,Bijlee Bijlee - Single,Harrdy Sandhu,10/30/2021,INUM72100076,"1,832",34.0,"185,690,034","20,169","4,249,749",62.0,"653,915,314","6,109,560","26,625","3,745,325","52,219,515",,13.0,"1,527",,,,6.0,"835,141",472,,"326,010",,0
Hot In It,Hot In It - Single,Tiï¿½ï¿,6/30/2022,CYA112001102,"4,306",20.3,"220,250,463","46,098","26,666,028",65.0,"28,716,329","313,494","3,275","2,514,489","36,501,469","3,025,039,082",103.0,"47,231",828,49.0,"789,803",43.0,"790,930",635,,"957,417",,0
"After The Storm (feat. Tyler, The Creator & Bootsy Collins)","After The Storm (feat. Tyler, The Creator & Bootsy Collins)",Kali Uchis,1/12/2018,GBUM71706492,"3,256",24.1,"589,832,336","139,494","20,487,412",74.0,"208,632,840","2,426,614","43,833","21,945,800","118,952,804","58,506,780",88.0,"2,371",,31.0,"101,096",21.0,"19,561,450","14,137","24,178,574","1,800,184",,0
Patadas de Ahogado / LATIN MAFIA - Rework,Patadas de Ahogado / LATIN MAFIA (Rework),HUGEL,3/1/2024,MXF012400211,"4,012",21.3,"30,377,279","7,417","41,642,055",,"454,550","7,485",,,,"3,117,914",20.0,140,3,37.0,"400,425",17.0,"6,058",80,"35,719","722,006",,0
FERXXO 151,FERXXO 151,Feid,8/25/2023,USUM72312300,"2,587",27.8,"106,899,723","23,959","10,822,808",64.0,"54,351,042","362,313","34,200","3,566,805","44,045,683","22,628,351",15.0,"2,942",24,15.0,"751,335",12.0,"485,490",175,,"195,030",,0
Bye,Bye,Peso Pluma,5/26/2023,QM6P42321186,"1,196",43.3,"252,239,644","24,974","6,379,185",65.0,"157,154,307","1,031,138","408,410","96,001,756","1,121,997,176",,35.0,692,,3.0,"132,211",11.0,"18,131,311","9,970",,"415,733",,1
BABY OTAKU,BABY OTAKU,Pablito Pesadilla,8/18/2022,QM6P42224728,"1,640",36.1,"187,646,063","31,155","5,507,531",58.0,"45,203,843","375,214","2,400,511","454,397,685","5,157,109,090",,13.0,"5,297",,4.0,"119,118",20.0,"44,806",,,"491,748",,1
Un Verano Sin Ti,Un Verano Sin Ti,Bad Bunny,5/6/2022,QM6MZ2214895,"3,495",23.1,"360,149,048","49,439","8,856,237",69.0,"94,595,491","955,663","32,000","21,771,827","154,135,701","31,810,445",11.0,681,,,,2.0,"14,011,928","17,893",,"290,721",,0
Waffle House,Waffle House,Jonas Brothers,4/7/2023,USUG12301227,"2,170",30.8,"139,105,802","16,162","24,753,071",63.0,"18,520,292","175,833","37,347","12,006,571","147,611,576","1,051,178,417",66.0,"170,601","1,787",19.0,"641,414",17.0,"16,509,877","6,205",,"573,574",,0
Jalebi Baby,Jalebi Baby,Tesher,11/13/2020,QZNWQ2070741,"1,041",47.0,"164,137,928","47,324","4,827,888",58.0,"569,438,267","9,098,356","3,568,275","609,856,643","8,443,743,856","8,067,537",43.0,"20,053",26,3.0,"1,874",3.0,"1,536,646","4,239","3,441,396","6,489,242",,0
MODERN JAM,UTOPIA,Travis Scott,7/28/2023,USSM12305006,"3,023",25.3,"104,724,143","33,500","4,843,707",65.0,"19,688,739","200,663","2,553","1,537,450","99,508,915",,8.0,225,,11.0,"204,862",9.0,"238,041",663,,"101,264",,1
DONDE SE APRENDE A QUERER?,ESTRELLA,Mora,8/28/2023,QMDA62341721,"3,098",24.8,"170,061,927","25,409","6,402,061",,"16,584,925","164,836","17,300","5,289,362","38,178,869",,17.0,"4,363",,5.0,"56,963",3.0,"176,087",,,"363,905",,0
Y Si Se Quiere Ir,Y Si Se Quiere Ir,"Luis Angel ""El Flaco""",11/19/2021,QZDQH2154311,"2,866",26.1,"110,244,949","10,233","6,570,771",39.0,"442,934,526","1,510,804","2,407","864,180","12,667,235","37,522,385",1.0,"4,747",200,,,19.0,"45,568,995","2,967","765,234",,,0
REAL GANGSTA LOVE,EL ï¿½ï¿½LTIMO B,Trueno,5/23/2024,US66W2401066,"1,554",37.2,"31,366,703","1,732","118,815,213",78.0,"7,898,813","183,210",,,,,40.0,68,,29.0,"3,152,493",16.0,"1,602",11,,"80,192",,1
Close Eyes,Close Eyes,DVRST,2/1/2021,QZHN82186053,"1,448",38.6,"495,840,131","118,862","32,562,324",70.0,"387,463,291","5,208,321","449,015","241,463,961","2,643,309,542","29,716,281",27.0,"1,608",,4.0,"83,840",2.0,"5,168,428","5,733",,"3,204,964",,1
ADIVINO,ADIVINO - Single,Myke Towers,4/25/2024,USWL12401327,449,72.9,"118,631,919","11,425","115,304,111",84.0,"6,595,595","105,964",,,,"5,565,254",75.0,"3,903",11,39.0,"3,931,309",37.0,"1,787,057",310,,"407,768",,1
Best For Me,Best For Me,Joyner Lucas,3/18/2024,QM4TX2423210,"2,798",26.5,"18,852,560","3,014","3,041,643",,"18,904,500","468,752",,"120,700","1,200,000","1,283,674",10.0,"5,873",3,6.0,"7,688",28.0,"8,477,163","1,522",,"208,479",,1
Butter Pecan,Butter Pecan,YNW Melly,8/24/2018,QMCE31801978,"4,284",20.3,"101,094,621","22,493","1,649,415",49.0,"133,295,365","1,087,349","42,102","3,861,611","23,580,335","1,491,333",2.0,7,,1.0,"4,815",,"35,665,847","59,897","66,994,287","338,559",,1
LA NENA,LA NENA - Single,Lyanno,4/11/2024,QM4TW2488674,"3,643",22.5,"29,683,046","4,064","52,935,650",80.0,"7,710,244","112,034",,,,"2,613,123",10.0,790,,6.0,"88,547",21.0,"770,441",82,,"71,193",,1
Shirt,Shirt,SZA,10/28/2022,USRC12203632,598,61.9,"469,322,271","68,997","24,096,906",73.0,"77,831,118","981,474","50,996","44,266,733","419,727,783","61,197,280",64.0,"278,696","1,150",26.0,"787,665",43.0,"52,365,635","13,823","5,859,226","1,516,065",,1
How You Feel (Ft. Leven Kali),How You Feel (Ft. Leven Kali),ANOTR,4/19/2024,USZXT2454115,"3,490",23.1,"9,591,249","4,565","35,057,668",,"339,265","6,058",,,,,16.0,"3,654",3,19.0,"345,819",36.0,"4,695",19,"226,016","80,244",,0
Time Slowly Slippin',Reflections,LAZA,11/25/2022,DEG932204253,"1,736",35.0,,5,367,,"492,594,923","1,652,234",,,,,,2,,,,,,,,9,,0
Maria Mariah,Maria Mariah,JC NO BEAT,11/17/2023,BCLWS2302458,"1,811",34.2,"33,605,864","12,453","3,161,785",32.0,"107,114,515","805,527",,"1,970,109","25,541,775","488,737,787",4.0,342,5,4.0,"1,999,794",14.0,,,,"160,253",,1
Giving Me,Giving Me,Jazzy,3/10/2023,GBUM72206719,"1,284",41.6,"150,463,218","44,298","37,322,737",67.0,"57,191,900","289,311","98,700","19,724,036","275,361,521","109,250,442",55.0,"55,943",250,27.0,"1,088,411",17.0,"31,188",365,"8,850,596","1,009,861",,0
Centuries,Centuries,Fall Out Boy,9/9/2014,USUM71412644,"1,501",37.9,"1,184,571,362","180,715","48,698,123",75.0,"829,829,470","7,984,888","200,505","28,001,951","254,037,168","42,185,831",71.0,"54,050",205,46.0,"163,430",42.0,"613,556,624","443,955","9,188,607","5,556,481",,0
BOMBï¿½,LEGENDADDY,Daddy Yankee,3/25/2022,USUG12201723,"1,272",42.0,"129,335,327","27,681","6,391,085",60.0,"215,778,342","1,548,240","2,800,000","211,713,881","2,692,316,483","2,785,686",10.0,"15,812",62,13.0,"79,203",2.0,"12,393,972","2,820","439,602","914,770",,1
Dog's Plan,Thoughts Feelings,David Jackson,3/2/2023,USZXT2350766,255,97.0,,44,"1,243",3.0,"1,131,058,312","2,367,298",,,,,,2,,,,,,,,,,0
Sahara,Sahara,Hensonn,11/16/2021,QMDA72134986,"1,953",32.6,"274,961,162","80,300","27,332,775",67.0,"196,021,271","2,844,570","506,126","381,369,913","4,719,697,686","4,466,903",18.0,707,,3.0,"91,280",6.0,,,,"2,819,281",,1
Vegas (From the Original Motion Picture Soundtrack ELVIS),Vegas (From the Original Motion Picture Soundtrack ELVIS),Doja Cat,5/6/2022,USRC12201441,509,68.2,"553,783,547","83,450","40,562,156",68.0,"238,368,386","2,671,201","481,825","313,806,405","2,994,040,421","62,996,039",57.0,"355,757","1,832",25.0,"274,193",51.0,"80,033,346","22,268",,"3,470,453",,1
Huntinï¿½ï¿½ï¿½ W,Might Delete Later,J. Cole,4/5/2024,USUG12402405,"2,747",26.8,"36,972,292","5,914","4,824,184",,"7,753,794","139,155",,,,"399,839",3.0,56,,,,,"1,780,082",576,,"66,418",,1
Heart Like A Truck,Heart Like A Truck,Lainey Wilson,5/20/2022,QMRSZ2200986,"1,906",33.2,"156,975,001","21,559","5,658,951",68.0,"96,079,749","597,275","192,794","29,435,568","313,652,545","328,117,737",,"256,048",130,3.0,"87,459",,"35,986,096","37,567","1,447,109",,,0
The Way We Move - Extended Mix,The Way We Move,PowerDress,3/10/2023,UKACT2330463,74,173.6,"7,909",38,"15,023",4.0,"1,999,374,091","5,708,577",,,,,,59,,,,,,,,"1,412",,0
El Mejor,El Mejor,Chayï¿½ï¿½n R,10/27/2023,TCAHK2398379,"2,282",30.0,"7,178,040","1,181","235,460",,"9,465,691","61,294","970,300","21,282,649","470,202,643",,,,,,,,,,,"156,906",,1
Everybody Dies In Their Nightmares,17,XXXTENTACION,8/25/2017,USUYG1156894,"1,812",34.2,"1,590,659,204","203,764","34,418,293",77.0,"567,076,854","7,875,127","322,403","76,923,633","616,913,553","29,039,651",26.0,29,,9.0,"136,392",8.0,"99,032,560","70,564",,"2,444,041",,1
A Mimir En El Chat,A Mimir En El Chat,Dejavu FF,4/16/2024,QM6MZ2472476,"4,382",20.0,"288,153",18,"9,453",,"26,302,423","331,850",,,,"8,513,075",,,,,,,,,,"3,122",,0
Never Going Home,Summer 2021,Kungs,4/28/2021,FR9W12110749,"2,539",28.1,"304,069,347","89,224","17,836,102",63.0,"87,407,927","580,798","20,117","6,207,518","94,926,621","80,707,655",89.0,"117,243",24,53.0,"959,302",18.0,"675,312",417,"948,433","5,206,645",,0
Luminary,Luminary,Joel Sunny,9/1/2023,AUGBT2300497,"4,515",19.6,"46,714,864","9,858","3,121,602",,"13,704,932","420,415","273,300","125,499,784","1,151,755,306",,,228,,,,,,,,"1,211,721",,0
BAND4BAND,BAND4BAND - Single,Central Cee,5/23/2024,USSM12404528,"4,203",20.6,"86,144,467",50,"49,358",7.0,,,,,,,152.0,,,1.0,"1,359,504",,,,,,,0
La Curiosidad,Platonicos,Jay Wheeler,6/12/2020,USUYG1313832,595,62.1,"1,099,019,265","107,383","57,705,968",78.0,"1,230,683,305","4,830,196","632,899","113,529,720","973,281,040","123,499,549",104.0,"31,013",38,23.0,"1,915,136",35.0,"63,698,595","14,450",,"1,948,311",,0
Dancing With Your Ghost,Dancing With Your Ghost,Sasha Alex Sloan,6/28/2019,USRC11901644,"2,458",28.8,"573,785,235","104,197","40,491,454",71.0,"67,117,513","621,757","3,623,560","106,517,866","1,230,812,968",,54.0,"1,225",,16.0,"122,149",7.0,"3,496,175","6,666",,"2,472,211",,0
Love Tonight - Edit,Love Tonight,Shouse,12/14/2017,USQY51798087,"3,213",24.3,"450,102,131","176,711","27,362,214",65.0,,,"174,000","33,094,580","513,770,838",,68.0,"198,098",,48.0,"2,955,834",23.0,"199,734","1,050","21,847,523",,,0
We Didnï¿½ï¿½ï¿½t Start Th,We Didnï¿½ï¿½ï¿½t Start Th,Fall Out Boy,6/28/2023,USAT22306291,"2,464",28.7,"52,240,739","18,224","4,939,707",59.0,"19,520,315","328,759","9,851","8,607,238","71,305,547","16,462,540",10.0,"110,265",44,2.0,"9,501",30.0,,,"310,328","794,504",,0
DARBA 9ADIYA,DARBA 9ADIYA,Moha K,4/28/2023,FR6F32300680,"3,196",24.4,"46,356,684","18,454","1,574,124",53.0,"74,548,185","462,187","390,100","69,163,531","1,429,881,947",,9.0,"1,667",,1.0,"62,559",1.0,2,,,"658,573",,0
Si Una Vez (Remasterizado 2024/30th Anniversary),Amor Prohibido (Remasterizado 2024/30th Anniversary),Selena,3/22/2024,USUM72402913,425,74.7,"212,272,036",13,"76,963",,,,,,,,1.0,,,1.0,"19,628",3.0,"110,583,041","29,082",,,,0
Tï¿½ï¿,Tï¿½ï¿,DENNIS,5/4/2023,BRSME2300692,601,61.7,"333,339,751","41,237","24,980,357",69.0,"164,941,550","1,130,932","1,253,933","124,997,599","1,585,272,275","158,095,067",44.0,"6,589",135,67.0,"3,132,886",11.0,"183,192",334,,"1,174,062",,0
"This Is The Thanks I Get?! - From ""Wish""","This Is The Thanks I Get?! (From ""Wish"")",Chris Pine,10/25/2023,USWD12328244,492,69.4,"15,090,071","1,405","7,665,573",,"6,176,518","49,281","2,600,000","15,257,747","182,005,109","297,428",16.0,11,,1.0,18,7.0,"572,150","1,913",,"25,335",,0
ýýýýýýýýýýýý,ýýýýýýýýýýýý,YOASOBI,4/12/2023,JPP302300157,351,81.8,"356,559,943","47,785","12,078,942",69.0,"490,408,465","4,295,510","504,800","162,429,655","1,871,819,472","1,227,624,888",59.0,"1,883",,7.0,"44,834",12.0,"540,614",419,,"804,248",,0
Mad at Disney,Mad at Disney,salem ilese,6/24/2020,QMEZE2076989,"3,265",24.1,"335,604,759","47,721","9,209,948",3.0,"155,802,565","3,846,286","1,961,193","340,937,251","2,759,903,957","1,644,734",39.0,"21,424",,272.0,"26,241",1.0,"25,337,036","48,345",,"1,008,719",,0
HOLIDAY,HOLIDAY,Lil Nas X,11/13/2020,USSM12006375,"1,774",34.6,"551,719,564","101,852","11,132,603",61.0,"298,362,799","5,071,208","612,523","205,216,366","1,449,949,822","34,528,618",85.0,"63,905",,29.0,"143,928",13.0,"15,910,741","47,587",,"1,571,647",,1
Self Care,Self Care,Mac Miller,7/13/2018,USWB11801215,"2,516",28.3,"687,861,392","156,992","21,060,151",70.0,"497,604,866","3,052,127","56,852","19,118,562","193,776,994","40,752,198",,873,,11.0,"32,411",35.0,"37,793,881","33,506",,,,1
Talk (feat. Disclosure),Talk,Khalid,2/7/2019,USRC11900004,"1,065",46.4,"968,194,426","121,168","29,487,473",64.0,"468,753,245","3,701,432","622,138","22,886,397","175,481,915","364,423,555",171.0,"301,064",955,58.0,"635,116",73.0,"374,578,867","177,764",,"5,865,620",,0
La_Original.mp3,La_Original.mp3,Emilia,11/2/2023,USSD12300584,829,53.3,"184,441,175","17,845","26,300,966",73.0,"109,532,952","635,058","193,100","40,676,589","529,217,516","483,390,087",55.0,"34,836","1,320",52.0,"631,203",32.0,"39,845",57,,"400,818",,0
SNAP,SNAP - Single,Rosa Linn,3/19/2022,QM4TX2221661,"1,828",34.0,"1,033,308,414","53,249","27,556,242",1.0,"12,702,613","214,200","420,936","170,964,850","1,837,588,984","75,492,508",,"169,034",944,15.0,"33,716",,"33,378,778","6,855",,,,0
Asesina,Asesina,Brytiago,5/1/2018,QM4TX1806458,"3,982",21.4,"362,670,547","33,711","5,993,578",62.0,"712,253,277","3,550,138","19,671","1,657,667","17,887,810","30,023,085",11.0,"1,338",,9.0,"17,915",29.0,"144,936,900","26,295",,,,1
TV,Guitar Songs,Billie Eilish,7/21/2022,USUM72213724,"1,285",41.5,"572,602,278","80,064","39,873,526",76.0,"115,201,405","1,469,402","11,434","17,523,049","104,843,270","2,139,270,640",53.0,"5,214",33,33.0,"1,444,349",14.0,"4,031,121","8,582","7,208,492","1,521,109",,0
Young Metro,WE DON'T TRUST YOU,Future,3/22/2024,USSM12402034,612,61.3,"69,705,399","13,782","24,255,616",,"11,537,917","283,398",,,,"1,656,679",7.0,188,,3.0,"55,789",,"3,222,983",780,"3,305,938","189,143",,1
Wind Up Missin' You,Wind Up Missin' You - Single,Tucker Wetmore,3/29/2024,QM24S2401097,"2,116",31.3,"58,496,778","5,573","30,858,408",74.0,"6,718,753","63,141",,"1,252,899","50,112,477","185,661,403",22.0,"2,759",10,,,13.0,"2,000,917","1,861","541,224","233,617",,1
Nobody Gets Me,SOS,SZA,12/9/2022,USRC12204598,"1,091",45.9,"561,645,790","58,561","39,587,642",82.0,"79,127,644","867,545","61,070","32,412,474","220,878,489","325,461,284",64.0,"61,047",293,40.0,"235,219",23.0,"20,725,484","11,445","3,758,963","1,208,187",,1
Thunder,Thunder,Gabry Ponte,5/7/2021,ITV952100014,"1,582",36.8,"551,090,518","146,088","68,848,253",75.0,"159,774,916","1,105,668",391,"24,033","361,365","31,798,902",47.0,"6,513",,37.0,"851,965",25.0,"8,469,326","3,654",,"3,084,343",,0
Washing Machine Heart,Be the Cowboy,Mitski,8/17/2018,USJ5G1815012,"3,388",23.6,"743,015,700","133,098","31,345,611",77.0,"177,148,832","2,616,878","199,978","173,568,712","1,004,422,009",330,14.0,647,250,,,29.0,"4,304,887","16,043","12,250,564","1,821,714",,0
Black Friday,Black Friday,Tom Odell,9/20/2023,USA2P2342595,"2,616",27.6,"126,929,488","23,805","42,713,528",,"11,445,116","165,135","20,254","10,350,073","59,075,543","9,939,532",24.0,"4,372",7,22.0,"405,914",21.0,"201,918",372,"1,827,313","485,209",,0
Temporary pyar,Temporary pyar,Kaka,9/4/2021,INS402100006,"4,390",20.0,"38,264,355","4,017","329,185",53.0,"451,922,405","6,040,482",34,"1,248","4,585",,,,,,,,,,,,,0
DORA,DORA - Single,FARIANA,3/14/2024,QM4TX2443952,"4,100",21.0,"11,328,011","1,389","3,210,604",64.0,"30,326,697","282,371","1,804","18,400,796","165,220,930","8,850,495",8.0,513,588,3.0,"6,496",6.0,"347,060",134,,"186,737",,1
Terre Pyaar Mein,Terre Pyaar Mein,Himesh Reshammiya,8/20/2021,USA2P2128140,"3,997",21.3,"7,762,464",955,"135,906",40.0,"504,812,090","3,667,632","40,000","1,722,043","36,027,436",,,52,,,,,"9,308",,,"113,112",,0
Los Botones Azules,Mi Vida En Un Cigarro 2,Junior H,2/11/2022,USWL12200130,"3,758",22.1,"409,608,018","35,760","13,777,862",70.0,"144,073,017","744,920","121,400","26,034,148","274,609,855",,17.0,30,7,3.0,"173,358",8.0,"39,188,317","8,249",,"522,412",,0
Do It Again (feat. 2Rare),Do It Again (feat. 2Rare),NLE Choppa,10/7/2022,USWB12205833,"2,313",29.8,"155,142,115","65,297","6,721,980",60.0,"54,256,746","737,762","143,228","121,730,150","1,073,599,652","840,774",8.0,"1,558",158,5.0,"31,849",12.0,"8,586,595","9,434",,"1,008,825",,1
Legends,Legends,Juice WRLD,6/22/2018,USUG11801263,"1,166",44.0,"681,282,854","118,639","18,809,173",63.0,"186,468,599","1,849,004","36,108","21,004,398","157,362,351","1,460,530",16.0,70,,19.0,"62,644",2.0,"51,320,211","87,163","136,120,053","1,025,107",,1
BANZAI!,BANZAI!,Kazuo,12/24/2022,JPWP02202338,"2,769",26.7,"118,164",91,607,10.0,"341,971,709","1,203,797",4,"2,599","20,739","8,732",,11,,,,,,,,,,1
El Belicï¿½,El Belicï¿½,Peso Pluma,2/4/2022,QMFMF2141501,"2,767",26.7,"254,275,891","27,949","5,762,358",64.0,"326,775,934","1,525,536","65,900","15,883,571","217,432,850","3,365,559",10.0,15,1,,,15.0,"25,341,310","7,579",,"488,932",,1
6. A.M.,Motion is Emotion,Azul,10/7/2022,ES40B2200055,356,81.1,"1,186",5,30,,"1,231,300,374","3,158,558",,,,"248,653,921",,1,,,,,,,,,,0
Bad Feeling (Oompa Loompa),Bad Feeling (Oompa Loompa),Jagwar Twin,12/15/2023,QZ22S2300261,"1,653",36.0,"68,270,779","10,126","4,470,536",,"60,442,554","1,288,140",,,,"3,200,903,607",,"12,615",163,14.0,"5,671,990",,"1,195,284","5,552","859,972","604,904",,1
Stay With Me,"Stay With Me (with Justin Timberlake, Halsey, & Pharrell)",Calvin Harris,7/15/2022,GBARL2201570,"4,242",20.5,"142,927,322","32,810","11,080,526",56.0,"11,242,174","91,853",650,"220,765","4,614,852","164,246",42.0,"122,408",57,44.0,"699,913",34.0,"694,551",946,,"1,773,915",,0
Happier,ýý (Deluxe),Ed Sheeran,3/3/2017,GBAHS1700028,"2,287",29.9,"1,322,385,342","109,373","54,954,226",70.0,"696,425,510","4,649,149","1,289,662","34,964,865","223,959,183","137,582,931",37.0,"36,265",6,29.0,"310,000",27.0,"170,123,227","113,215",,,,0
PLEBADA,PLEBADA,El Alfa,6/8/2023,QM6P42370020,"1,260",42.2,"148,677,837","17,100","7,456,228",65.0,"254,704,259","1,938,875","1,567","35,439","724,569","12,152,639",21.0,"3,440",2,4.0,"30,339",6.0,"7,824,927","3,804",,"405,352",,0
Borderline,The Slow Rush,Tame Impala,2/14/2020,AUUM71900956,"2,380",29.2,"671,310,199","156,377","27,309,112",76.0,"125,724,257","1,588,850","248,652","114,555,453","961,188,514","392,353",46.0,"1,514",85,31.0,"173,292",9.0,"18,606,764","9,903",,"2,471,535",,0
King Size,Feed Tha Streets III,Roddy Ricch,11/18/2022,USAT22220949,"1,163",44.0,"3,248,779","3,105","291,653",33.0,"590,470,795","8,815,644",113,"7,218","297,262","440,677,355",,28,,,,,"179,455",70,,,,1
"Non, je ne regrette rien",Edith Piaf Essentials : The Greatest Hits of the Most Popular French Singer,ýýdith Piaf,5/7/2024,FR6F32336520,"3,433",23.3,"168,750,749",1,1,19.0,,,,,,,,,,,,,,,,,,0
Drip Too Hard (Lil Baby & Gunna),Drip Too Hard,Lil Baby,9/12/2018,USUG11801811,252,97.5,"1,486,929,795","266,128","52,476,635",76.0,"637,733,433","4,719,266","618,523","58,332,458","523,849,646","34,010,447",147.0,"52,910",581,48.0,"263,627",13.0,"296,071,712","214,953","221,209,258","4,911,610",,1
Back to the Beat,Back to the Beat,DJ TikTok,1/28/2020,TCAEQ2022365,"4,293",20.3,"539,984",135,"171,397",,,,"5,200,000","14,193,719","344,190,472",,,,,,,,,,,"2,409",,0
Break Free,Pop Party 13,Ariana Grande,1/1/2014,USUM71409719,"2,610",27.6,"899,830,382","96,199","41,829,450",70.0,"1,288,704,058","6,983,846","131,095","50,779,178","371,404,445","171,606,029",123.0,"86,551",204,65.0,"813,444",22.0,"240,308,987","115,959",,"7,374,291",,0
"Fear Song (From ""Devara Part 1"") [Tamil]","Fear Song (From ""Devara Part 1"") [Tamil]",Anirudh Ravichander,5/19/2024,INS182401563,677,58.7,"945,093",63,"944,526",,"39,278,201","656,672",,,,,2.0,,,,,2.0,,,,"6,139",,0
Would You (go to bed with me?),Would You (go to bed with me?),Campbell,7/21/2023,GBAHS2300598,"4,405",19.9,"73,821,370","23,298","16,167,031",71.0,"12,303,071","190,206",287,"147,268","2,237,426","57,803,125",8.0,"3,622",,10.0,"88,435",8.0,,,"898,654","241,298",,0
Haja Colï¿½ï¿½rio (feat. Hugo & Guilherme) - Ao ,Haja Colï¿½ï¿½rio (feat. Hugo & Guilherme) [Ao V,Guilherme & Benuto,6/23/2022,BCVV82000055,"2,871",26.0,"290,735,048","17,734","15,206,997",60.0,"296,249,830","565,573","51,900","5,612,563","91,683,933","3,084,523,872",25.0,"8,531",,42.0,"605,462",7.0,218,,,"136,717",,0
The Adults Are Talking,The New Abnormal,The Strokes,4/10/2020,USRC11902726,"2,264",30.1,"457,933,102","152,115","30,405,327",76.0,"161,335,622","1,716,915","186,563","88,889,806","521,061,584","65,074",29.0,"24,933",,28.0,"129,502",21.0,"10,975,089","6,534",,"1,670,342",,0
Tennessee Orange,Tennessee Orange,Megan Moroney,9/2/2022,TCAGJ2289254,"2,424",28.9,"227,893,586","28,139","12,480,714",73.0,"30,913,276","159,791","77,661","13,324,305","117,505,652","238,206,228",33.0,"129,172",34,5.0,"1,370",49.0,"56,972,562","26,968","1,336,043","708,143",,0
Carnival,Carnival Pack - EP,Kanye West,2/8/2024,QZA742422174,"3,711",22.2,"465,320,426",324,"228,188",,,,,,,,26.0,1,,,,,,,,,,0
Adderall (Corvette Corvette),Adderall (Corvette Corvette),Popp Hunna,10/14/2020,USA2P2036916,332,84.1,"90,383,224","24,868","4,716,437",45.0,"29,836,991","627,377","16,892,400","462,872,272","4,082,175,492","1,067",20.0,470,423,6.0,"22,115",3.0,"6,283,417","26,512","10,556,085","759,001",,1
Arhbo [Music from the FIFA World Cup Qatar 2022 Official Soundtrack],Arhbo (Music from the Fifa World Cup Qatar 2022 Official Soundtrack) [feat. FIFA Sound] - Single,Ozuna,8/19/2022,QZNMV2235460,"3,427",23.4,"49,549,021","10,601","3,845,428",33.0,"119,899,690","1,194,687","1,100,000","183,128,923","3,499,011,841","75,508,012",5.0,"10,656",,4.0,"159,369",3.0,"118,911",689,,"1,090,933",,0
"Me, Myself & I","Me, Myself & I",G-Eazy,10/14/2015,USRC11502210,745,56.2,"1,280,838,046","174,312","39,798,446",73.0,"807,688,972","6,060,762","8,981,813","72,353,082","439,764,052","402,411,855",106.0,"3,613",,49.0,"200,919",6.0,"610,892,547","348,211",,"10,221,814",,1
Bandido,Bandido,Myke Towers,12/10/2020,QMFME2047291,717,57.2,"700,122,551","99,936","23,605,544",68.0,"1,036,334,853","4,939,844","153,600","29,274,105","363,627,962","139,459,495",81.0,"32,445",27,23.0,"1,510,919",44.0,"65,588,409","12,642",,"2,128,888",,0
Mittelmeer,Mittelmeer,Pashanim,5/23/2024,DECE72400931,"1,840",33.9,"20,583,156","3,159","12,002,200",76.0,"1,094,955","53,918",,,,,22.0,775,,10.0,"3,417,114",19.0,,,,"24,801",,0
The Woo (feat. 50 Cent & Roddy Ricch),Shoot For The Stars Aim For The Moon,Pop Smoke,7/3/2020,USUM72013367,"1,319",41.0,"560,691,819","166,545","26,349,705",65.0,"303,897,464","2,717,884","28,912","11,579,283","79,349,687","13,529,762",74.0,"141,789",103,18.0,"130,497",7.0,"60,873,202","28,297",,"1,879,880",,1
II MOST WANTED,COWBOY CARTER,Beyoncï¿,3/27/2024,USSM12402717,"1,022",47.5,"76,870,736","5,252","32,501,444",,"6,424,033","126,715",,,,"200,314,697",76.0,"35,701",23,83.0,"6,321,279",64.0,"4,488,447","1,755","176,006","286,217",,0
Love seeker,Love seeker,JO1,5/11/2024,JPN002400121,"3,111",24.8,"5,148,212",132,"4,391,205",62.0,"17,414,927","85,018","1,600",,,,5.0,89,,,,5.0,492,,,"26,334",,0
Dijeron Que No La Iba Lograr,Dijeron Que No La Iba a Lograr,Chino Pacas,3/14/2023,USA2P2313930,"2,254",30.1,"241,174,958","23,146","7,025,185",43.0,"146,033,306","697,531",,,,54,9.0,36,11,1.0,72,2.0,"29,986,425","2,582",,"522,273",,0
Sign on the Door,Sign on the Door,Dora Lachaise,3/29/2023,GBU2Z2200001,"1,236",42.6,,4,267,,"466,723,346","563,068",,,,,,5,,,,,,,,7,,0
Ai Preto,Ai Preto,L7NNON,6/3/2022,BR5TG2200019,"3,178",24.5,"219,756,697","31,819","12,504,632",60.0,"247,152,121","1,745,948",508,"6,297","149,298","175,272,203",22.0,103,,31.0,"353,396",8.0,,,"13,400","128,502",,0
XXL,EL CHAVO,UZI,9/9/2022,FRX762205380,"3,962",21.4,"70,664,645","13,324","1,760,479",58.0,"246,582,532","3,314,166","26,400","4,104,584","69,529,104",,1.0,706,,,,,,,,"84,153",,1
GIRL LIKE ME,Translation,Black Eyed Peas,6/18/2020,USSM12003821,"2,996",25.4,"529,297,852",818,"139,276",29.0,"791,895,421","5,811,346",,,,"1,758,509,489",21.0,,,1.0,"3,985",,,,,,,0
Broke Boys,Her Loss,Drake,11/4/2022,USUG12208608,"3,399",23.5,"143,220,845","57,819","6,493,900",61.0,"17,892,665","186,286","8,535","2,306,269","26,577,093",,4.0,57,8,3.0,"2,699",12.0,"11,161,976","2,938",,"333,934",,1
White Iverson,White Iverson,Post Malone,6/13/2013,USUM71511528,"3,918",21.6,"1,135,209,969","158,507","27,779,312",70.0,"40,791,444","313,792","11,360","8,227,983","66,145,174",30,115.0,"9,867",36,28.0,"122,510",25.0,"523,654,002","476,147",,"4,346,795",,1
Tu Perfume,Tu Perfume,Banda MS de Sergio Lizï¿½ï¿½r,2/14/2024,MXB952400003,"3,416",23.5,"18,946,480",863,"5,681,798",,"48,584,653","212,355",,,,"140,462,131",1.0,"2,842",84,,,6.0,"3,210,010",989,,"124,485",,0
Novidade na ï¿½ï¿,Novidade na ï¿½ï¿,Mc Livinho,6/23/2023,BCDMP2300045,"2,794",26.6,"191,234,818","26,907","12,302,377",64.0,"67,753,459","593,702",,,,"95,148,914",14.0,"2,970",,21.0,"311,304",6.0,,,,"242,735",,1
SPECIALZ,SPECIALZ,King Gnu,9/1/2023,JPU902303303,585,62.8,"178,413,226","22,972","6,194,085",78.0,"270,988,549","1,664,863","174,300","88,806,278","729,015,072","514,087,095",20.0,600,,5.0,"29,367",8.0,,,,,,0
Take You Dancing,Take You Dancing,Jason Derulo,7/22/2020,USAT22004479,"1,039",47.1,"716,319,941","98,905","32,882,211",65.0,"460,154,791","3,442,896","522,107","149,900,995","1,506,051,452","176,273,148",145.0,"392,495",115,91.0,"3,010,119",31.0,"111,888,753","21,214",,,,0
UNAVAILABLE (feat. Musa Keys),Timeless,Davido,3/30/2023,GBARL2300322,444,73.2,"155,390,490","51,032","16,505,336",68.0,"135,400,007","1,021,624","1,871,311","80,258,156","1,043,240,094","42,080,992",99.0,"40,272",339,33.0,"903,393",60.0,"4,099,754","1,865","3,549,319","2,290,047",,1
Body (feat. Cash Cobain),Body (feat. Cash Cobain),A Boogie Wit da Hoodie,5/16/2024,USAT22402598,"4,302",20.3,"5,758,887","1,089","6,768,576",,"1,641,568","38,579",,,,"381,728",14.0,568,6,2.0,"17,925",31.0,"749,017",124,"503,531",,,1
My Head & My Heart,Heaven & Hell,Ava Max,9/18/2020,USAT22007121,"1,413",39.3,"518,293,446","72,376","41,025,788",69.0,"312,305,062","2,892,320","64,895","9,248,105","76,367,154","757,898,181",159.0,"303,037",593,56.0,"680,148",32.0,"152,082,416","17,370",,"5,212,093",,0
Take My Breath - Single Version,Take My Breath,The Weeknd,8/5/2021,USUG12102076,"1,085",45.9,"465,348,362","89,586","17,062,402",57.0,"218,889,957","2,186,587","42,395","17,828,688","224,955,330","2,420,528,253",151.0,"373,541",489,46.0,"2,548,365",44.0,"78,039,281","7,207",,,,0
Bachke Bachke (feat. Yarah),Making Memories,Karan Aujla,8/18/2023,CAW112300246,"3,779",22.0,"53,303,131","6,899","2,394,704",61.0,"78,846,057","671,469","47,600","1,633,000","24,708,801","13,938,421",3.0,7,,,,1.0,"12,987",,"2,645,810","88,579",,0
Cruel Summer,Lover,Taylor Swift,8/23/2019,USUG11901472,451,72.8,"2,188,247,133","121,479","201,964,859",88.0,"342,388,433","2,291,619","3,233,521","465,904,062","4,967,025,679","822,448,758",273.0,"913,464","1,264",122.0,"21,554,174",117.0,"60,954,563","84,157","2,171,676","3,476,323",,0
Niï¿½ï¿½a Bo,Niï¿½ï¿½a Bo,Feid,4/21/2023,USUM72305943,"1,508",37.8,"237,741,410","39,503","20,043,997",61.0,"86,652,111","676,137","314,300","33,678,445","411,538,350","10,320,009",37.0,"22,112",130,32.0,"499,187",13.0,"3,040,416",525,,"482,221",,0
Linger - SiriusXM Session,SiriusXM Session,Royel Otis,5/31/2024,FRX872443806,"1,171",43.9,"8,053,814",908,"11,708,987",69.0,,,"74,700","46,235,180","345,797,900",,16.0,,,1.0,"120,583",61.0,"207,576",91,,,,0
"WHATS POPPIN (feat. DaBaby, Tory Lanez &amp; Lil Wayne) - Remix","WHATS POPPIN (feat. DaBaby, Tory Lanez & Lil Wayne) [Remix]",Jack Harlow,6/24/2020,USAT22003620,"4,051",21.2,"742,255,774","117,293","24,138,527",62.0,,,,,,,52.0,"39,896",,30.0,"258,351",,,,,"1,515,661",,1
Yeshua (dance cruise),YESHUA (dance cruise) - Single,Dj Bentoa,4/22/2023,QZHNB2325204,"2,975",25.6,"4,546,579","2,741","77,751",3.0,"2,359,297","31,587","1,500,000","12,810,334","242,636,617",,2.0,48,,,,,,,,"1,189,899",,0
10:35,10:35,Tiï¿½ï¿,11/3/2022,CYA112001130,958,49.2,"539,802,784","82,093","99,413,749",74.0,"94,379,586","652,780","11,473","5,762,615","119,710,596","487,764,676",187.0,"60,512",265,80.0,"1,747,753",64.0,"43,487,605","7,144",,"2,064,142",,0
bathroom floor,bathroom floor,Kids With Buns,10/7/2022,NLC242100307,15,301.6,"297,185",277,"24,445",12.0,"6,736,502,312","16,785,489",3,"1,088","22,234",,1.0,"1,057",,,,,,,,"3,288",,0
Diamondz n Roses,Diamondz n Roses,VaporGod,3/23/2023,QZHN42330211,"3,205",24.3,"33,044,062","11,085","1,851,125",6.0,"17,304,165","306,669","971,409","281,266,723","2,490,290,769",,1.0,4,25,1.0,"1,551",,"37,348",124,"4,078,815","42,664",,0
People (feat. Ayra Starr & Omah Lay),People (feat. Ayra Starr & Omah Lay) [Remix],Libianca,3/3/2023,GBARL2300305,"4,436",19.8,"92,719,593","31,367","6,867,479",65.0,,,,,,,53.0,241,,15.0,"46,039",25.0,"6,964,332","2,857","2,386,300","1,340,772",,1
Wait a Minute!,ARDIPITHECUS,WILLOW,1/11/2015,QMJMT1500801,"2,678",27.2,"1,081,039,358","220,073","41,752,381",73.0,"422,709,495","5,234,949","1,620,541","275,664,623","2,051,079,047","70,203",65.0,"14,873",,31.0,"308,544",17.0,"31,208,630","67,960",,"7,344,889",,0
XO Tour Llif3,XO TOUR Llif3,Lil Uzi Vert,3/24/2017,USAT21700684,562,64.2,"2,123,458,039","59,071","11,326,598",24.0,"243,662,429","2,597,999","12,978","2,359,976","17,150,790","1,106,864",210.0,"37,617",,21.0,"230,295",20.0,"373,744,739","241,816","264,706,631","5,943,217",,1
10 Things I Hate About You,10 Things I Hate About You,Leah Kate,3/23/2022,QZES62254244,"2,496",28.4,"238,502,829","38,595","7,419,495",4.0,"26,154,092","390,129","1,569,194","185,586,256","2,205,444,414","3,453,749",17.0,"33,938",760,8.0,"66,599",7.0,"23,587,662","15,146",,"692,500",,1
New Gold (feat. Tame Impala and Bootie Brown),New Gold (feat. Tame Impala and Bootie Brown),Gorillaz,8/31/2022,GBAYE2200462,"2,723",27.0,"155,399,041","62,013","13,710,934",60.0,"32,481,842","684,033","21,669","11,544,855","135,832,597","1,424,027",26.0,"53,724",44,14.0,"128,215",32.0,"5,895,530","1,892",,"562,309",,1
Doja,Doja,Central Cee,7/21/2022,ZZOPM2237319,360,80.5,"676,519,766","192,241","57,503,569",74.0,"201,326,163","3,061,387","492,679","411,670,410","3,919,404,141","279,634,941",66.0,"58,802","2,699",31.0,"877,441",42.0,"1,285,099","3,136",,"2,415,167",,1
Mï¿½ï¿½lanine (feat. Were,Mï¿½ï¿½la,Heuss L'enfoirï¿,5/3/2024,FRPZ92417040,"3,786",22.0,"14,500,608","1,528","6,768,397",71.0,"7,766,177","77,814",,,,,18.0,784,,16.0,"18,340,167",20.0,,,,"201,571",,1
Need It (feat. YoungBoy Never Broke Again),Need It,Migos,5/22/2020,USUG12000098,"1,569",37.0,"328,017,675","115,095","17,047,436",67.0,"160,730,418","2,090,732","12,320","9,174,467","74,601,136","4,588,817",31.0,83,17,13.0,"45,029",8.0,"62,111,222","14,429","44,726,778","1,285,243",,1
Gimme Love,Gimme Love (Channel Tres Remix),Joji,4/10/2020,ZZOPM2002154,"4,262",20.4,"379,518,360","101,883","12,544,781",21.0,"127,485,188","2,075,278","289,937","104,902,966","653,804,560","446,457",26.0,"3,011",18,18.0,"56,573",12.0,"2,680,360","5,712",,"575,207",,0
God's Country,God's Country,Blake Shelton,3/29/2019,USWB11900819,"1,665",35.8,"367,775,924","62,389","11,424,665",62.0,"312,724,268","1,989,112","607,600","65,822,282","1,035,596,168","521,881,638",44.0,"145,950",154,8.0,"5,121",17.0,"299,540,949","308,815","10,943,693","1,661,118",,0
Bï¿½ï¿½ï¿½n ï¿½ï¿½ï¿½ï¿½ï¿½,Bï¿½ï¿½ï¿½n ï¿½ï¿½ï¿½ï¿½ï¿½i (feat. ,Karik,10/4/2023,VNA112300865,"4,376",20.1,"19,247,151","3,029","964,740",57.0,"99,031,817","396,913",,,,"2,119,803",4.0,2,,,,,,,,"33,574",,0
Tacata,Tacata,Tiagz,8/11/2023,SGB502390555,"2,172",30.8,"39,715,603","13,502","1,974,605",60.0,"84,439,011","951,441","466,855","94,227,206","1,032,372,538","389,715,914",,55,282,1.0,"2,078",,"126,764","2,097",,,,0
Die Hard,Mr. Morale & The Big Steppers,Kendrick Lamar,5/13/2022,USUM72208965,"2,107",31.4,"318,340,376","83,638","10,749,840",71.0,"43,714,392","491,664","3,974","1,738,489","11,351,079","7,985,091",36.0,"57,147",121,8.0,"116,857",33.0,"11,750,858","3,197",,"1,032,548",,1
YA NO TE EXTRAï¿½,NASTY SINGLES,NATTI NATASHA,12/7/2023,USB272300115,"4,179",20.7,"9,129,729","1,422","3,777,844",,"78,290,967","103,564",,,,"1,621,817,535",4.0,"5,230",5,11.0,"39,011",12.0,,,,"71,640",,0
Little Things,Little Things,Jorja Smith,5/11/2023,QM4TX2344810,"3,380",23.6,"46,615,691","29,693","4,972,570",54.0,"6,255,853","83,064","250,198","50,398,483","758,814,572","55,794",44.0,"15,021",11,10.0,"48,863",12.0,"380,027",222,"985,463","591,008",,0
Abcdario,Abcdario,Eden Muï¿½ï,5/13/2023,MXB952300035,"1,738",35.0,"262,504,588","19,709","8,079,760",72.0,"149,083,889","660,503",1,33,939,"10,312,183",20.0,"1,140",,5.0,"1,365,319",3.0,"8,484,383","4,718","2,834,823","657,427",,0
Cute,Cute,Aurel Surya Lie,8/29/2022,SGB502236207,564,64.1,"142,732",90,"4,986",21.0,"195,295","5,143","6,975,800","319,088,576","5,316,677,737",,,,,,,,,,,"21,634",,0
Gently (feat. Bad Bunny),For All The Dogs,Drake,10/6/2023,USUG12306084,"2,204",30.5,"123,630,149","25,645","5,218,214",,"18,057,785","239,269","32,270","12,450,697","100,624,699",407,19.0,"5,021",340,7.0,"140,361",8.0,"6,544,882","1,899",,"761,861",,1
Extssy Model,Mi Vida En Un Cigarro 2,Junior H,2/11/2022,USWL12200134,"4,046",21.2,"293,017,219","21,333","6,926,082",74.0,"220,479,914","1,074,637","152,800","36,183,080","228,557,824",,1.0,13,,5.0,"6,187,083",2.0,"1,886,143","1,549",,"653,919",,0
Fast Car,Fast Car,Jonas Blue,12/4/2015,GBUM71507621,"4,352",20.1,"1,145,882,592","139,927","40,886,623",69.0,"154,731,955","772,693","270,900","7,529,782","88,978,424","53,448",143.0,"95,756",16,74.0,"406,133",31.0,"94,448,996","39,367",,"10,070,305",,0
ýýýýýýýýýýýý,ýýýýýýýýýýýý,ANNA ASTI,7/14/2023,RUA1D2370675,"1,922",33.0,"17,080,355","5,909","554,886",53.0,"203,425,864","773,896","31,300","2,959,139","33,547,289","435,977,933",17.0,"1,220",,,,,,,,"1,065,042",,0
Teri Aankhon Mein,Teri Aankhon Mein,Darshan Raval,10/7/2020,INS182006492,"4,468",19.7,"68,139,013","6,814","1,406,482",54.0,"565,499,581","5,203,108",,,,"227,912,043",1.0,484,,,,8.0,,,,"107,558",,0
Snow (Hey Oh),Stadium Arcadium (U.S. Version),Red Hot Chili Peppers,5/9/2006,USWB10601591,"4,442",19.8,"1,070,374,387","203,821","38,556,891",74.0,"710,124,074","3,609,104","506,663","44,842,411","835,564,684","31,925,912",22.0,31,31,56.0,"784,912",26.0,"667,293,971","198,268","3,089,649",,,0
Desenrola Bate Joga de Ladin (feat. DJ Biel do Furduncinho),Pros Menorzin (feat. DJ Biel do Furduncinho),L7NNON,4/8/2022,BR5TG2200015,"2,340",29.5,"86,262,202","17,907","7,303,868",53.0,"17,014,183","149,189","3,048,900","208,928,001","2,990,547,999",,10.0,330,2,37.0,"107,890",12.0,,,,"316,099",,0
Me and My Brother,Me and My Brother,5ive,7/12/2019,USQX91901641,"4,131",20.9,"111,894,875","36,302","1,840,798",59.0,"113,044,166","1,165,613","1,110,500","57,069,383","505,795,992",,1.0,9,,,,,,,"42,037,834",,,1
2055,2055,Sleepy Hallow,4/14/2021,USRC12100442,488,69.7,"811,700,245","195,603","31,185,690",77.0,"168,936,854","1,450,642","321,061","90,460,360","752,325,431","214,637,799",39.0,"5,018",232,18.0,"217,873",8.0,"7,644,784","21,061","66,695,368","925,014",,1
Love On The Brain,ANTI (Deluxe),Rihanna,1/28/2016,QM5FT1600120,"1,943",32.8,"1,480,311,407","162,952","72,991,098",78.0,"1,013,766,482","4,126,099",324,"755,438","2,054,878","6,397,841",134.0,"65,711",71,76.0,"690,982",46.0,,,,"12,739,673",,1
Danza Kuduro - Cover,DON'T STOP WORKOUT -DJMIX-,DJ MIX NON-STOP CHANNEL,12/21/2023,TCJPY2352543,859,52.4,"1,648,192,461",15,52,,,,,,,,,,,,,,,,,,,1
Heart Attack,Demi,Demi Lovato,1/1/2013,USHR11334249,"3,134",24.6,"826,593,536","101,501","31,034,827",74.0,"898,024,937","7,520,556","294,053","100,368,132","792,708,732","528,895,639",35.0,"10,217",80,36.0,"81,684",17.0,"283,340,326","496,904",,"5,072,778",,0
Azul,Colores,J Balvin,3/19/2020,USUM72001731,"2,557",28.0,"489,654,759","60,072","13,255,516",63.0,"478,807,073","3,205,287","731,500","39,869,163","491,920,895","34,068,017",92.0,"14,340",41,28.0,"1,649,348",21.0,"52,380,337","11,309",,"994,262",,0
Us Vs Them,Us Vs. Them,$uicideboy$,3/29/2024,QZAPK2000499,"1,545",37.4,"44,027,794","7,604","6,627,187",,,,,"377,500","2,600,000",,3.0,41,,2.0,250,7.0,"722,798",684,"2,377,642","103,487",,1
Hold Me Closer,Diamonds (Deluxe),Elton John,11/10/2017,GBUM72205030,"3,907",21.6,"400,479,389","61,255","53,203,700",68.0,"63,905,136","626,102","113,328","41,032,520","552,721,460","1,204,205,976",141.0,"574,448",113,63.0,"1,698,941",94.0,"84,991,422","9,726",,"3,915,242",,0
The Code,The Code,Nemo,2/29/2024,DEUM72401182,"2,091",31.5,"52,925,522","4,755","12,993,786",79.0,"35,640,835","468,153",,"456,500","7,397,500","2,606,582",37.0,"5,288",,35.0,"490,971",34.0,,,"22,311","178,195",,0
Jackie Chan,Jackie Chan,Tiï¿½ï¿,5/18/2018,CYA111800123,"2,562",27.9,"867,318,774","122,200","28,477,959",66.0,"207,699,017","1,553,887","642,448","9,941,160","91,008,651","25,965,495",130.0,"46,973",,104.0,"757,074",12.0,"52,601,591","43,818","23,640,224","5,167,133",,1
Dura,Dura,Daddy Yankee,1/18/2018,US2BU1700200,"3,165",24.5,"659,555,409","71,359","21,283,146",65.0,"156,299,320","884,906","2,963,016","39,732,422","493,591,477","1,457,649",66.0,"20,978",113,48.0,"331,916",47.0,"150,480,566","106,663",,"4,187,626",,0
GHOST TOWN,GHOST TOWN,Benson Boone,10/15/2021,USWB12103472,"2,612",27.6,"382,177,076","65,369","34,887,197",66.0,"78,537,068","806,081","146,179","60,677,641","629,205,287","968,287,446",46.0,"105,931",115,22.0,"651,078",14.0,"27,159,277","7,396",,"1,864,419",,0
MIENTRAS ME CURO DEL CORA,MAï¿½ï¿½ANA SERï¿½ï¿,KAROL G,2/24/2023,USUM72300862,506,68.7,"426,341,106","29,511","24,418,991",76.0,"304,538,874","2,238,586","1,577,292","68,382,766","871,654,140","172,894,442",22.0,"31,573",131,18.0,"2,850,884",57.0,"18,389,679","4,957",,"587,533",,0
Que Onda,Que Onda - Single,Calle 24,8/30/2023,USDXS2303230,393,76.9,"642,548,537","36,781","21,579,429",81.0,"227,994,801","335,112","205,583","41,258,724","499,670,882","92,125,885",34.0,"1,124",45,23.0,"8,060,357",34.0,"20,174,633","7,393",,,,1
On My Love,On My Love (Sped Up),Zara Larsson,9/12/2023,USSM12306769,"1,159",44.1,"128,024,416","20,826","60,798,732",7.0,"14,394,570","139,320","3,966","507,857","8,090,936","1,176,532,287",73.0,"129,069",77,82.0,"4,576,277",48.0,"1,333,245",192,"1,668,042","934,544",,0
Upa Cavalinho,"Galinha Pintadinha, Vol. 4",Galinha Pintadinha,7/1/2014,BRP8C1200082,"1,485",38.0,"13,615,330","1,140","407,642",49.0,"3,024,886,279","7,956,355","201,540","6,854,117","112,054,234","14,580",,3,,2.0,"11,063",2.0,,,,"13,860",,0
Broadway Girls (feat. Morgan Wallen),Broadway Girls (feat. Morgan Wallen),Lil Durk,12/17/2021,USQX92105926,"1,758",34.8,"344,369,903","66,276","8,339,705",72.0,"208,397,689","1,732,879","45,015","10,444,331","130,467,912","483,357,127",21.0,"1,354",9,1.0,"6,573",18.0,"101,260,772","56,855",,"811,835",,0
Despï¿½ï¿½dase ,"Boca Chueca, Vol. 1",Carin Leon,6/1/2024,USA2P2432330,"2,211",30.4,"10,557,337",393,"42,329,224",72.0,"4,595,134","65,231",,,,"2,297,932",9.0,36,,6.0,"642,021",17.0,"949,464",155,"1,167","110,707",,1
Never Be Lonely,Never Be Lonely,Jax Jones,2/9/2024,GBUM72400217,"1,896",33.3,"27,715,232","2,834","16,731,190",,"10,646,067","88,249",,,,"33,280,611",31.0,"56,755",40,36.0,"7,400,670",50.0,"222,437",,"293,113","519,975",,0
BOOKER T,EL ï¿½ï¿½LTIMO TOUR DEL M,Bad Bunny,11/27/2020,QMFME2066844,"2,351",29.4,"403,041,493","62,435","9,324,189",66.0,"452,234,537","4,763,627","467,766","137,827,484","1,329,875,404","7,229,929",38.0,630,,35.0,"295,037",9.0,"11,983,033","7,443",,"686,025",,1
Work Out,Work Out,J. Cole,7/4/2011,USQX91100801,"2,740",26.8,"955,547,971","199,078","33,681,550",76.0,"310,902,280","2,357,811","83,230","15,376,388","130,023,976","7,369,620",42.0,864,92,13.0,"46,065",9.0,"732,322,744","696,800",,"5,104,518",,1
DICE AND ROLL,DICE AND ROLL,Odetari,3/20/2024,QZZ4J2400154,"3,850",21.7,"34,391,822","2,998","8,168,809",,"1,039,710","18,323",,,,,2.0,8,,,,8.0,"214,254",282,"1,994,609","164,696",,1
Mas Altas Que Bajadas,Nata Montana,Natanael Cano,6/30/2023,USWL12301031,"2,288",29.9,"157,476,564","15,069","7,363,178",71.0,"140,916,381","774,193","13,700","8,423,736","52,545,729",,11.0,2,,1.0,72,5.0,"2,563,987",412,"64,611","213,453",,1
Alibi (feat. Rudimental),Alibi (feat. Rudimental) - Single,Ella Henderson,1/12/2024,GBAHS2301557,"1,426",39.0,"78,096,380","7,999","76,558,923",,"7,982,763","75,106",,,,"132,719,358",56.0,"67,820",48,62.0,"26,160,126",44.0,"8,273",28,,"886,709",,0
Versace on the Floor,24K Magic,Bruno Mars,11/17/2016,USAT21602949,"3,949",21.5,"797,648,369","64,011","17,977,153",72.0,"733,721,686","4,991,700","200,226","11,637,624","99,524,212","157,272,972",73.0,"18,787",2,32.0,"689,571",11.0,"93,218,337","92,006",,,,0
Husn,Husn,Anuv Jain,12/1/2023,INUM72303081,"1,023",47.5,"181,457,783","12,424","10,746,664",74.0,"130,834,495","1,816,271",,,,"1,014,573,386",9.0,104,,1.0,"1,097",6.0,,1,,"355,361",,0
Flawlï¿½ï¿½ss (feat. Lil Uzi V,Lyfï¿,Yeat,9/9/2022,USUM72217061,"2,701",27.1,"233,573,513","67,981","8,674,549",69.0,"39,331,190","479,798","34,666","20,275,957","122,612,542","185,705,404",12.0,25,72,3.0,"126,922",4.0,"466,511","3,737",,"647,093",,1
Move Your Body,Move Your Body - Single,ýýwnboss,10/29/2021,NLZ542101576,"1,606",36.6,"366,000,029","116,490","66,103,377",71.0,"91,180,099","918,683","107,468","82,329,732","1,275,662,545","85,555,193",78.0,"55,798",288,60.0,"1,167,910",13.0,"598,467",277,,"4,585,715",,0
"Naiyo Lagda (From ""Kisi Ka Bhai Kisi Ki Jaan"")","Naiyo Lagda (From ""Kisi Ka Bhai Kisi Ki Jaan"")",Himesh Reshammiya,2/12/2023,INZ031412468,"3,638",22.5,"5,828,713",790,"115,824",,"251,302,629","2,884,972",,,,"87,239,915",2.0,,,,,2.0,,,,"97,864",,0
Wanna Be,Wanna Be (Alternate Versions),GloRilla,4/3/2024,USUM72403374,433,74.1,"66,836,198","4,228","57,383,746",77.0,"43,174,948","552,134",,,,"130,569,102",37.0,"6,174",249,5.0,"1,421,437",22.0,"16,660,021","5,363","2,437,483","269,767",,1
Losing It,Losing It,FISHER,7/13/2018,CA5KR1821202,"2,668",27.3,"523,954,769","213,614","31,880,596",67.0,"96,992,359","915,175","44,648","32,897,654","313,069,043","5,471,148",102.0,"17,311",100,43.0,"349,670",36.0,"8,197,498","19,923",,"8,854,107",,0
Who Needs Love,Who Needs Love,Trippie Redd,11/19/2019,QZJ841900065,"4,107",21.0,"238,027,193","60,128","8,306,828",4.0,"79,782,493","1,147,086","5,653","2,048,070","13,194,733","1,105,379",16.0,8,,6.0,"107,847",,"11,167,136","19,422","39,901,762","340,905",,1
Style,1989 (Deluxe),Taylor Swift,1/1/2014,USCJY1431319,"3,179",24.4,"1,216,966,135","92,577","30,252,887",74.0,"848,555,837","4,212,951","71,954","63,817,390","428,073,160","1,557,663,895",116.0,"18,666",117,12.0,"44,098",2.0,"388,338,220","136,828","448,643","6,844,702",,0
Safari,Energï¿½,J Balvin,6/3/2016,USUM71604778,"2,402",29.1,"559,708,419","61,743","16,037,041",65.0,"1,254,068,497","4,746,667","83,679","24,066,770","148,552,468","277,412,549",117.0,"11,118",63,38.0,"115,932",25.0,"175,224,196","72,110",,"5,773,120",,0
"Sheï¿½ï¿½ï¿½s Gone, Da","Sheï¿½ï¿½ï¿½s Gone, Da",Disclosure,5/29/2024,USA2P2420371,"1,813",34.2,"7,021,860","2,000","61,759,962",,"149,674","5,277",,"146,800","816,500",,52.0,"1,746",2,39.0,"2,175,560",41.0,"25,891",20,"189,590","40,920",,0
The Black Dog,THE TORTURED POETS DEPARTMENT: THE ANTHOLOGY,Taylor Swift,4/19/2024,USUG12401046,"3,892",21.6,"81,662,552","2,325","7,529,867",,"4,458,555","71,024",,,,"24,022,111",8.0,191,,1.0,"2,842",21.0,"1,083,938",699,,,,1
Come back to me,Come back to me,RM,5/10/2024,USA2P2421306,"1,400",39.6,"44,991,905","1,389","24,249,059",84.0,"14,842,438","2,098,992","31,300",,,"124,294,603",16.0,393,,15.0,"621,509",8.0,"224,802",38,,"58,013",,0
Faucet Failure,STOKELEY,Ski Mask The Slump God,11/30/2018,USUM71820924,"1,601",36.6,"571,258,899","121,284","14,959,393",66.0,"180,999,094","2,026,987","66,320","22,668,891","142,353,962","42,493,230",21.0,275,,8.0,"7,135",5.0,"37,497,476","89,976","81,257,676","1,096,452",,1
Fuera del mercado,@dannocean,Danny Ocean,2/17/2022,USWL12200098,"1,064",46.5,"535,013,440","57,772","25,048,190",71.0,"162,236,183","1,010,851","2,681,307","387,587,032","4,479,627,831","339,251,328",54.0,"28,857",327,32.0,"910,491",28.0,"1,646,419","1,389",,"1,371,874",,1
Plug Walk,Plug Walk,Rich The Kid,2/8/2018,USUM71800892,"4,324",20.2,"653,490,628","122,994","17,631,951",62.0,"97,882,796","935,978","98,865","47,072,411","314,775,951","9,983,930",53.0,"2,194",149,16.0,"79,430",4.0,"155,675,674","123,401",,"1,896,071",,1
I'm an Albatraoz,Full Circle: The Live Anthology,AronChupa,11/20/2011,SEYOK1406001,"3,011",25.3,"568,692,309","122,845","20,445,148",66.0,"1,631,093,608","13,001,577","322,088","36,083,677","431,870,913","191,669,152",27.0,13,,20.0,"70,235",,"66,426,238","94,346","235,101","13,205,767",,1
Muï¿½ï¿½,Muï¿½ï¿½ecas - Si,TINI,1/12/2023,USHR12244823,"3,440",23.3,"162,551,255","20,554","11,413,592",57.0,"159,174,916","713,718",,,,"5,714,999",13.0,"6,446",270,23.0,"190,116",29.0,"355,966",99,,,,0
"90-90 Nabbe Nabbe (From ""Jatt Nuu Chudail Takri"")","90-90 Nabbe Nabbe (From ""Jatt Nuu Chudail Takri"")",Gippy Grewal,2/20/2024,INM432400019,"1,892",33.4,"6,576,855",307,"62,869",,"66,986,452","456,000","128,600",774,"6,127","33,272,955",1.0,91,,,,,,,,"43,588",,0
For My Hand (feat. Ed Sheeran),"Love, Damini",Burna Boy,7/1/2022,USAT22204903,"1,366",40.1,"264,048,274","62,386","29,271,052",65.0,"170,657,868","1,096,724","730,640","21,294,580","377,028,109","5,777,003,369",89.0,"30,156",,13.0,"83,804",27.0,"5,182,492","1,615",,"2,763,102",,0
"She Don't Know (From ""Blessed"")","She Don't Know (From ""Blessed"")",Millind Gaba,1/9/2019,INS181900027,"3,030",25.2,"32,433,183","3,830","877,033",50.0,"691,599,357","5,063,166","3,139,700","14,220,006","216,883,079","119,641,307",2.0,1,,,,,,,,"200,459",,0
Je M'appelle,Je M'appelle,Benzz,4/21/2022,GBUM72202219,"2,358",29.4,"231,745,345","83,611","6,994,071",65.0,"96,088,327","1,318,047","87,017","32,191,365","354,699,237","32,996,599",13.0,576,,6.0,"18,881",7.0,"12,900",99,,"1,068,455",,1
Last Night,3 Songs At A Time Sampler,Morgan Wallen,1/31/2023,USUG12300802,157,121.9,"922,010,059","107,189","61,174,155",79.0,"141,852,059","567,295","285,414","61,112,010","811,685,466","182,412,108",106.0,"18,364","1,846",7.0,"33,712",38.0,"307,115,852","200,650","13,022,144","2,665,347",,1
BED,BED,Joel Corry,2/26/2021,UK4ZF2100069,"2,512",28.3,"480,737,112","91,401","37,879,799",66.0,"55,185,277","280,740","90,700","11,811,407","149,754,997","1,432,752",185.0,"199,418",60,124.0,"487,788",36.0,"6,887,843","1,178",,"2,464,219",,0
You're Somebody Else,Nothing Lasts Forever (And It's Fine),flora cash,4/21/2017,SEXCG1700102,"4,025",21.2,"473,059,298","108,732","25,587,455",62.0,"302,782,709","3,261,634","402,646","123,479,947","793,624,604","21,754,797",39.0,"50,039",59,24.0,"142,965",22.0,"71,313,267","29,455","9,351,732","4,844,008",,0
Wake Up! (feat. Juice WRLD),11th Dimension,Ski Mask The Slump God,6/7/2024,USUM72406359,"2,707",27.0,"2,886,460",470,"4,717,544",,"329,080","29,751",,,,,,1,,,,,"3,173",5,"260,469",,,1
Eres Mï¿½,"Fï¿½ï¿½rmula, Vol. 2 (Deluxe Edit",Romeo Santos,2/25/2014,USSD11300464,"3,583",22.7,"562,983,225","52,754","16,157,389",73.0,"1,452,593,496","4,997,178","261,129","33,076,170","314,778,494","224,225,223",25.0,"9,125",7,27.0,"377,492",10.0,,,,"3,343,573",,0
How Do I Say Goodbye,How Do I Say Goodbye,Dean Lewis,8/5/2022,AUUM72200172,639,59.9,"459,712,644","86,820","35,269,550",69.0,"116,599,191","1,422,757","189,900","92,382,361","749,847,975","553,126,618",57.0,"206,210",428,21.0,"85,862",22.0,"59,479,060","16,184","5,160,877","2,330,861",,0
Vaina Loca,Vaina Loca,Ozuna,6/28/2018,USXDR1800901,"1,963",32.5,"818,413,674","68,379","22,527,293",68.0,"1,084,871,772","3,856,569","272,598","6,087,146","66,017,796","355,660,176",38.0,"14,367",204,34.0,"178,470",35.0,"75,922,189","14,002",,"1,916,459",,0
LA INOCENTE,Microdosis,Mora,4/1/2022,QM4TX2252954,"1,461",38.4,"736,983,718","92,256","38,659,924",76.0,"97,778,011","619,019","343,800","74,611,902","559,279,404",,42.0,"20,516",48,21.0,"10,512,345",36.0,"2,465,152","1,503",,"1,849,683",,1
Ya Lili,Ya Lili,Balti,11/7/2017,LBA0H1700138,"3,609",22.6,"54,678,867","18,538","1,506,717",46.0,"1,004,615,686","7,493,088","898,905","35,556,332","816,621,236","3,865,576",4.0,473,,6.0,"44,373",,,,,"3,070,031",,0
Rojo,Rojo,J Balvin,2/27/2020,USUM72001732,"2,970",25.6,"606,603,985","69,772","18,110,265",68.0,"411,037,239","3,771,065","220,606","11,033,545","118,448,922","44,214,850",117.0,"27,391",470,48.0,"398,594",16.0,"33,865,711","7,931",,"1,148,458",,0
Fouji Fojan Lofi 2 (feat. Aamin Barodi & Sapna Choudhary),Fouji Fojan 2 Lofi (feat. Aamin Barodi & Sapna Choudhary),Raj Mawer,3/14/2024,ING642402006,"2,088",31.6,"41,746",2,31,,"65,576,399","290,795",,,,,,,,,,,,,,3,,0
On The Floor,VTM Kzoom Hits Best Of 2011,Jennifer Lopez,1/1/2011,USUM71100721,"2,768",26.7,"456,241,170","89,265","34,214,641",69.0,"2,333,347,395","9,971,513","341,638","171,375,947","1,446,146,402","1,770,256,542",70.0,"4,150",48,51.0,"1,139,278",24.0,,,,"243,509",,0
Suano,Suano - Single,NTG,3/24/2024,TCAIA2470789,"3,656",22.4,"15,333,864","1,439","35,368,637",71.0,"11,215,883","86,574","121,600",,,"3,407,832",6.0,190,,5.0,"555,882",1.0,,,,"122,965",,1
Arcade,Arcade,Duncan Laurence,3/7/2019,NL1TK1900001,"1,029",47.4,"1,184,536,529","199,838","52,970,224",69.0,"439,603,979","6,566,306","1,458,534","698,504,294","6,956,515,458","852,884",124.0,"162,431",210,51.0,"343,757",20.0,"43,572,216","21,328",,"11,835,805",,0
Shivers,#NAME?,Ed Sheeran,1/1/2020,GBAHS2100671,330,84.4,"1,568,058,093","188,855","77,441,110",77.0,"683,237,554","4,641,763","389,848","88,427,778","1,292,107,474","4,334,606,324",263.0,"925,333","1,773",222.0,"4,658,778",112.0,"290,859,819","66,708",,"10,179,048",,0
Palhaï¿½ï¿½a (Ao V,Palhaï¿½ï¿½a (Ao Vivo) - Si,Naiara Azevedo,1/12/2023,BX8WE2200062,"2,271",30.0,"149,801,910","10,235","8,902,883",58.0,"296,057,090","899,154",,,,"787,165,088",4.0,"1,846",,24.0,"167,705",9.0,,,,"103,032",,0
Terminator,Terminator,King Promise,5/5/2023,GBARL2300512,"2,559",28.0,"34,026,239","8,723","6,659,055",58.0,"56,469,190","290,499","1,047,639","28,395,882","391,501,573","57,032,887",23.0,"3,290",4,2.0,"5,829",,"351,027",246,,"527,365",,0
Bom Diggy,Bom Diggy - Single,Zack Knight,8/24/2017,QM6P41715585,"3,464",23.2,"55,362,558","9,861","2,598,056",46.0,"1,292,844,409","5,695,565","75,620","3,354,781","45,939,694","158,638,266",3.0,495,,1.0,861,,,,,"480,815",,0
Skin and Bones,Skin and Bones,David Kushner,1/19/2024,QZXDB2300047,"3,744",22.1,"70,354,552","9,185","8,922,438",,"19,123,011","368,576",,"6,440,333","45,949,903","123,899,368",17.0,"1,224",40,19.0,"64,690",21.0,"1,383,422",761,,,,0
Cupid - Twin Ver.,The Beginning: Cupid - Single,FIFTY FIFTY,2/24/2023,KSA012239181,229,102.3,"861,388,470","103,040","37,365,896",48.0,"15,219,067","176,594","2,107,181","407,118,298","4,388,576,830",,110.0,"152,024",624,34.0,"336,049",77.0,"21,156,145","21,450",,"5,114,752",,0
Di Que Si,Di Que Si,Grupo Marca Registrada,2/3/2023,USA2P2308597,"4,520",19.6,"278,308,556","22,061","8,857,760",61.0,"37,305,033","258,130",,,,,12.0,"4,017",,3.0,"64,646",7.0,"26,681,267","4,638",,"693,344",,0
Glorious (feat. Skylar Grey),Glorious (feat. Skylar Grey),Macklemore,6/15/2017,QZ8TY1700001,"2,878",26.0,"899,431,434","111,427","17,437,639",72.0,"345,265,852","3,361,539","277,847","116,647,161","813,589,191","142,496,161",58.0,"1,116",26,18.0,"41,140",13.0,"86,963,909","92,609","26,708,285","3,585,978",,1
AA,AA,Walker Hayes,11/19/2021,USQX92104965,"4,389",20.0,"80,899,019","14,613","2,423,704",53.0,"68,620,784","468,664","26,941","9,119,456","116,447,096","213,619,922",11.0,"105,035",91,2.0,"95,374",17.0,"146,613,382","30,173",,"761,595",,0
"""ýýýýýý ýýýýýýýýýý ""ýýýýýýýýýýýý ýýýý ýýýýýýýýýýýý","""ýýýýýý ýýýýýýýýýý ""ýýýýýýýýýýýý ýýýý ýýýýýýýýýýýý - Single",Myriam Fares,3/10/2022,FR10S2273417,"4,310",20.3,"7,383,901","4,008","539,281",48.0,"351,810,237","1,815,957","22,200","3,197,303","87,012,540","726,544",1.0,157,,1.0,339,,,,,"299,561",,0
Thotiana,Famous Cryp,Blueface,6/20/2018,QZDA51839408,"3,129",24.7,"374,553,396","66,679","10,295,377",13.0,"406,426,712","4,151,817","409,340","81,885,567","578,801,821","122,569,467",26.0,"13,460",4,8.0,"42,916",4.0,"51,852,737","272,068","11,047,458","925,687",,1
Sensational (feat. Davido & Lojay),Sensational (feat. Davido & Lojay) - Single,Chris Brown,10/20/2023,USRC12302777,527,66.9,"70,652,012","20,841","15,882,127",,"74,067,917","702,482",,"1,361,002","13,499,846","518,987,600",47.0,"145,261",16,23.0,"351,301",38.0,"14,468,521","5,744","1,615,978","1,275,094",,1
Burn,Halcyon,Ellie Goulding,1/1/2012,GBUM71303482,"2,306",29.8,"784,334,383","104,998","30,818,474",68.0,"1,776,560,692","7,559,025","46,749","17,751,306","112,921,980","611,194,890",86.0,"119,409",118,48.0,"140,321",29.0,"363,423,596","116,092",,"12,172,997",,0
Limbo,Prestige,Daddy Yankee,1/1/2012,USNPD1200128,"3,400",23.5,"508,914,869","86,239","25,204,530",70.0,"1,529,347,092","6,057,759","55,811","8,937,199","73,318,392","341,710,178",48.0,"12,567",67,39.0,"272,601",36.0,"200,834,379","158,798","330,708","5,615,561",,0
Uhaw,Uhaw,Dilaw,11/18/2022,PHW012200294,"3,958",21.5,"42,862,565","5,084","1,645,697",54.0,"9,151,739","70,548","1,712,700","62,906,993","670,266,290",,3.0,8,,,,,,,,"8,995",,0
Pasoori,Pasoori,Shae Gill,2/6/2022,FR10S2289473,750,56.1,"346,971,014","37,940","6,753,521",65.0,"928,440,031","9,495,255",627,"225,218","2,638,039","236,473,638",17.0,"3,701",,1.0,"1,097",7.0,,,,"673,415",,0
"thank u, next","thank u, next",Ariana Grande,11/3/2018,USUM71819361,515,68.0,"1,878,196,824","134,913","54,753,824",73.0,"1,479,999,649","20,977,857","1,542,901","119,391,916","982,464,070","919,652,612",238.0,"190,014",400,371.0,"885,834",87.0,"263,689,593","359,639",,"26,082",,1
Save Your Tears,After Hours (Deluxe),The Weeknd,3/20/2020,USUG12000669,"1,827",34.0,"1,995,511,952","8,264","1,155,540",49.0,,,,,,,68.0,"916,627",,29.0,"2,416,985",,,,,,,1
PRIMER AVISO,PRIMER AVISO - Single,Maria Becerra,2/29/2024,USWL12400615,"3,244",24.1,"28,563,790","1,755","8,072,460",19.0,"40,333,378","420,833",,"205,870","1,423,100","159,095,018",2.0,"4,075",,14.0,"439,014",19.0,"111,604",,,"59,172",,0
Water,Water,Tyla,7/28/2023,USSM12305126,33,234.6,"670,376,179","98,450","150,471,020",83.0,"265,180,930","2,566,846","2,114,363","369,150,956","3,932,956,380","3,031,114,430",225.0,"486,952","1,215",180.0,"19,469,488",188.0,"40,418,532","27,555","6,049,784","6,447,136",,0
Wild Side (feat. Cardi B),Wild Side (feat. Cardi B) - Single,Normani,7/16/2021,USRC12101473,"2,476",28.6,"181,529,121","36,504","12,624,326",60.0,"235,286,963","3,057,740","117,317","51,611,106","406,413,864","71,073,242",88.0,"125,766",456,15.0,"74,166",19.0,"98,376,412","28,049",,"1,916,244",,1
So High School,THE TORTURED POETS DEPARTMENT: THE ANTHOLOGY,Taylor Swift,4/19/2024,USUG12402544,"2,478",28.6,"97,601,615","3,397","13,075,013",87.0,"5,528,058","78,517",,"2,761,040","17,893,741",,18.0,187,,,,50.0,"1,393,596","1,657",,,,0
Casi Completa,PRESENTE,Juliï¿½ï¿½n ï¿½ï¿½lvarez y su Norteï,11/17/2023,QZ7HP2300096,"2,489",28.5,"64,656,678","2,743","8,231,330",,"104,860,686","407,632",,"15,299","194,766","457,588,979",,"1,128",,1.0,"1,666",,"4,162,490","1,496",,"249,980",,0
Fingers Crossed,Fingers Crossed,Lauren Spencer Smith,1/5/2022,TCAFY2118876,"1,783",34.5,"437,029,775","71,202","18,194,896",67.0,"60,320,365","602,827","52,700","31,427,513","261,236,772","2,169,985,836",59.0,"167,522",927,43.0,"616,800",31.0,"38,926,392","27,268",,"2,895,512",,0
Baby (Lil Baby feat. DaBaby),Baby,Quality Control,7/17/2019,USUG11900748,"2,294",29.9,"522,143,496","111,477","16,214,693",68.0,"212,806,984","1,853,709","55,471","10,916,015","125,604,010","5,932,267",41.0,197,40,13.0,"67,110",21.0,"265,495,093","180,815",,"1,797,781",,1
Cheerleader - Felix Jaehn Remix Radio Edit,Cheerleader (Felix Jaehn Remix) (Radio Edit),OMI,5/20/2014,USUS11202574,"1,318",41.0,"1,663,491,433","49,556","9,366,950",52.0,"1,569,239,627","8,709,566","21,605","7,776,168","60,584,088","282,669,797",267.0,"16,437",,142.0,"1,215,325",42.0,"466,323,984","730,086",,"23,811,147",,0
Elini Ver,Elini Ver,Amo988,5/15/2024,TRBUL2400025,"2,637",27.4,"15,352,061",639,"5,601,320",72.0,"11,854,252","76,636",,,,,12.0,390,,2.0,"1,581,911",,,,,"130,733",,0
Bandook,Bandook,Nirvair Pannu,5/30/2020,FR96X2024977,740,56.4,"40,178,056","5,825","638,204",54.0,"156,528,470","1,410,824","12,558,440","85,606,014","1,349,843,169","62,493",2.0,3,,,,,,,,"95,575",,0
changes,changes,XXXTENTACION,3/2/2018,USUG11800211,729,56.8,"1,366,479,990","171,651","36,731,138",70.0,"1,002,422,657","14,134,657","1,951,109","167,016,763","1,763,949,180","45,887,113",31.0,112,,21.0,"344,528",11.0,"138,516,743","187,030","50,737,522","4,184,844",,0
You Belong With Me,Fearless,Taylor Swift,1/1/2008,USCJY0803328,"3,720",22.2,"643,828,366","87,942","27,210,610",66.0,"1,600,713,698","10,233,607","165,346","72,201,064","428,418,832","1,485,964,733",45.0,"41,273",244,19.0,"138,459",25.0,"314,460,730","556,940",,"3,063,470",,0
Fly high to cloud nine,Fly high to cloud nine,Terry Flow,9/12/2022,QZNWV2289511,"4,165",20.8,"752,826",6,"15,634",13.0,,,,,,,,,,,,,,,"34,268,178",1,,1
Zukunft Pink (feat. Inï¿½ï,Zukunft Pink (feat. Inï¿½ï¿½z) - Si,Peter Fox,10/20/2022,DEA622201528,"3,822",21.8,"131,713,257","43,947","6,669,237",58.0,"33,686,131","355,898","33,909","7,289,705","94,823,161","110,208,884",17.0,"36,564",,10.0,"891,590",10.0,"4,354",15,,"638,655",,1
Drift Night,Drift Night,Alfianie,7/30/2022,SGB502231047,"3,967",21.4,"218,621",137,"18,188",29.0,,,"2,101,254","52,544,476","1,029,125,885",,,,,,,,,,,,,0
Never Let Go,Never Let Go - Single,Jung Kook,6/7/2024,USA2P2431076,499,68.9,"26,891,849",722,"63,940,453",81.0,"5,611,228","686,901",,,,,57.0,279,,25.0,"2,485,160",49.0,"483,333",20,,"32,683",,0
Make You Mine,Make You Mine,Madison Beer,2/9/2024,USSM12400758,786,54.7,"127,909,006","13,354","49,984,859",,"26,653,465","788,713",,"12,674,158","295,301,300","191,049,109",78.0,"31,924",7,84.0,"9,231,885",42.0,"4,474,757","1,113",,"1,031,888",,0
so american,GUTS (spilled),Olivia Rodrigo,3/22/2024,USUG12401532,"4,300",20.3,"76,917,797","4,045","11,594,722",,"5,848,948","136,847",,,,"24,636,245",8.0,456,81,6.0,"361,734",7.0,"725,334","1,228","170,068",,,1
Casei Com a Putaria,Casei Com a Putaria,Mc Paiva ZS,7/1/2022,BXKG22200702,"2,748",26.8,"255,564,797","31,242","9,239,751",63.0,"264,486,017","1,523,924","46,722","23,505,507","183,685,728","173,994,448",,43,,23.0,"2,170,095",7.0,,,,,,1
"Vaathi Coming (From ""Master"")","Vaathi Coming (From ""Master"")",Anirudh Ravichander,3/10/2020,INS172000675,"3,300",23.9,"94,152,948","9,693","3,944,785",56.0,"675,223,784","6,031,429","878,600","51,767,552","848,894,091","156,425,286",7.0,323,,,,8.0,"14,043",,,"166,731",,0
Beat Of Your Heart,Beat Of Your Heart - Single,Purple Disco Machine,1/26/2024,DEE862301861,"1,902",33.3,"21,179,750","3,144","19,059,841",,"7,849,267","75,556",,,,"58,998,674",44.0,"81,555",,63.0,"7,355,939",38.0,"8,608",10,,,,0
No Time To Die,No Time To Die,Billie Eilish,2/13/2020,USUM72002771,"2,388",29.2,"610,838,644","91,391","29,634,724",70.0,"369,182,880","7,406,983","13,840","9,454,140","69,072,143","201,322,168",88.0,"26,205",7,42.0,"5,784,923",42.0,"18,824,576","24,659","7,873,761","3,110,101",,0
Yugur,Yugur - Single,Dildora Niyozova,2/21/2024,GBLPF6787759,"2,886",26.0,"17,009",6,20,,"66,083,451","231,545",,,,,,,,,,,,,,"37,489",,0
PAINTING PICTURES,5LBS OF PRESSURE,Superstar Pride,10/20/2022,QZNMX2257577,777,54.9,"193,109,326","76,047","4,765,141",8.0,"64,413,388","1,143,541","238,183","174,951,046","1,526,856,459","210,031,126",17.0,"40,110","2,704",4.0,"479,325",1.0,"7,692,981","6,306","23,495,613","2,304,354",,1
Still With You,Still With You,Jung Kook,6/5/2020,QM6N22094716,"1,610",36.5,"188,249,146","18,003","4,851,271",72.0,"47,301,413","809,460",,,,,3.0,6,,2.0,"394,861",,"948,933",389,"110,733,209","1,460,302",,0
UNA CERVEZA,Pa las Baby's Y Belikeada,Fuerza Regida,10/20/2023,QZ9QQ2300794,"3,908",21.6,"159,876,075","8,225","21,015,676",79.0,"36,524,769","320,572","3,716","2,060,712","14,846,248","210,170,562",14.0,73,2,13.0,"1,870,957",15.0,"2,435,321","3,305",,"595,774",,1
Title,Title,Meghan Trainor,9/9/2014,USSM11406369,"4,193",20.6,"205,312,051","28,368","7,213,050",59.0,"140,553,023","1,777,780","8,936,513","1,042,870,769","11,018,922,699","3,660,597",15.0,"4,257",72,15.0,"51,860",7.0,"68,138,950","34,917",,,,1
my future,my future,Billie Eilish,7/30/2020,USUM72013019,"4,502",19.6,"461,892,532","69,326","20,986,678",64.0,"175,821,589","5,873,880","76,587","20,741,250","123,540,119","25,038,982",94.0,"19,138",101,35.0,"217,583",43.0,"16,658,690","12,326",,"1,143,845",,0
Players,Players,Coi Leray,11/30/2022,USUM72222387,230,101.8,"465,588,517","91,658","60,607,887",67.0,"109,781,672","1,706,148","1,456,347","477,814,190","4,784,803,362","383,354,491",110.0,"453,212","7,098",42.0,"843,815",63.0,"37,137,946","16,871",,"5,620,077",,1
Can't Feel My Face,Your Songs 2015,The Weeknd,3/2/2015,USUG11500741,851,52.6,"1,747,534,539","212,829","101,243,254",76.0,"1,689,190,795","8,927,108","552,005","26,588,465","264,572,676","238,111,307",433.0,"158,190",474,149.0,"1,452,991",97.0,"552,312,888","221,611","4,197,860","14,056,461",,0
Vaaste,Vaaste,Dhvani Bhanushali,4/6/2019,INS181900798,"1,540",37.4,"126,921,341","13,291","2,873,906",60.0,"1,598,106,066","13,195,302",,"4,508,761","48,358,536","262,249,176",5.0,572,,,,4.0,,,,"499,417",,0
"Going, Going, Gone",Growin' Up,Luke Combs,6/24/2022,US6XF2100240,"2,139",31.1,"192,633,758","25,097","5,307,004",72.0,"43,607,584","203,727","33,285","7,739,782","45,564,333","231,390,112",12.0,"199,434",199,1.0,71,8.0,"130,204,437","8,785",,"420,418",,0
Everyday Hustle,WE DON'T TRUST YOU,Future,3/22/2024,USSM12402030,"2,319",29.7,"32,935,844","9,191","3,072,155",,"4,797,753","77,902",,,,,9.0,97,,,,7.0,"662,243",493,,"296,876",,1
MAESTRO,SEVENTEEN BEST ALBUM '17 IS RIGHT HERE',SEVENTEEN,4/29/2024,USA2P2415975,407,75.7,"35,244,286","1,629","14,912,783",75.0,"70,452,629","1,873,655",,"18,636,812","90,497,430","5,822,984",15.0,632,,5.0,"176,790",40.0,"93,561",118,,"85,957",,0
EL AMOR DE SU VIDA,EL AMOR DE SU VIDA,Grupo Frontera,8/3/2023,DGA062382895,171,115.9,"474,590,289","24,891","25,915,889",78.0,"577,930,708","1,569,516","136,500","32,754,141","509,287,649","1,484,713,132",27.0,"15,783",215,22.0,"2,762,020",27.0,"44,676,754","9,094","774,895","1,173,817",,0
Bam Bam (feat. Ed Sheeran),#NAME?,Camila Cabello,10/29/2021,USSM12200047,539,66.2,"907,821,800","106,835","71,070,491",68.0,"242,506,280","2,540,594","165,069","54,851,263","702,113,761","4,973,499,360",152.0,"478,141","1,115",98.0,"2,702,560",79.0,"47,200,073","18,000",,"7,126,240",,0
Every Night,Volcano,Jungle,8/11/2023,QM4TX2336325,"4,270",20.4,"5,503,365","1,424","893,924",49.0,"139,900,760","1,292,201",96,"206,736","2,585,272",,1.0,96,,,,,"64,816",17,,,,0
EXCESOS,Pa las Baby's Y Belikeada,Fuerza Regida,10/20/2023,QZ9QQ2300776,"1,785",34.5,"140,289,944","11,244","6,732,068",,"102,146,155","355,596",,"558,350","5,016,260","419,693,279",24.0,73,,13.0,"6,745,694",1.0,"8,663,386","2,170",,"364,193",,0
Uno,Uno,Ambjaay,5/10/2019,USSM11903445,"4,497",19.6,"128,411,645","25,190","4,018,662",47.0,"86,561,302","1,275,303","17,467","14,675,601","112,331,903","14,950,722",23.0,210,,3.0,"41,938",1.0,"17,430,949","55,733","55,404,639","1,227,296",,1
Kalkatiya Raja,Kalkatiya Raja,Pawan Singh,9/22/2023,DGA092395791,"2,545",28.1,"8,607,782",231,"175,674",,"171,883,395","997,466",,"2,661","36,029",,,,,,,,,,,"14,483",,0
Spell,SEVENTEEN BEST ALBUM '17 IS RIGHT HERE',SEVENTEEN,4/29/2024,USA2P2415977,"3,998",21.3,"9,866,591",621,"1,236,012",,"16,856,738","641,553",,,,"5,822,984",,14,,1.0,"5,134",,"32,264",31,"22,297","20,583",,0
Put It On Da Floor Again (feat. Cardi B),Put It On Da Floor Again (feat. Cardi B) - Single,Latto,6/2/2023,USRC12301450,"1,572",37.0,"60,082,145","11,423","20,395,049",60.0,"118,897,128","814,796","30,200","7,097,591","48,946,625","552,598,201",45.0,"121,434",313,11.0,"137,945",54.0,"18,115,642","10,438",,,,1
Collide (feat. Tyga),Collide (feat. Tyga) - Single,Justine Skye,8/25/2014,USAT21403439,"3,080",24.9,"394,458,820","62,418","23,910,420",67.0,"98,862,086","1,030,038","10,576,372","742,002,077","8,421,746,009",,12.0,"2,045",16,,,,,,,"2,217,979",,1
Landmines,Landmines,Sum 41,9/27/2023,QMRSZ2302172,"3,748",22.1,"18,708,085","6,754","7,014,623",,"6,801,971","145,932",,"5,671","68,136","5,104,817",14.0,"81,065",204,4.0,"159,332",27.0,"2,902,311",327,,"325,793",,1
Dil Diyan Gallan,Tiger Zinda Hai (Original),Atif Aslam,12/12/2017,INY091700035,"2,801",26.5,"204,127,666","20,958","11,366,583",65.0,"1,326,806,818","7,661,864","169,700","3,586,828","60,784,930","27,572,059",16.0,"2,497",,1.0,927,1.0,761,,,"565,775",,0
JEALOUSY (feat. Cardi B),JEALOUSY (feat. Cardi B),Offset,7/28/2023,USUM72311135,"2,907",25.9,"58,058,696","20,289","18,874,374",56.0,"31,124,272","674,922","8,543","7,585,680","62,820,921","267,510,966",18.0,"35,668",359,11.0,"189,549",35.0,"18,553,797","2,371",,"519,567",,1
Beat the Odds,Beat the Odds,Lil Tjay,8/26/2022,USSM12207337,"3,575",22.7,"115,581,471","49,847","5,823,632",60.0,"46,251,839","946,512","19,042","11,669,063","93,356,963","231,265,850",16.0,"38,261","1,424",8.0,"48,742",7.0,"8,878,298","2,816",,"359,642",,1
FALTA DE QUï¿½,FALTA DE QUï¿½,Luan Pereira,5/16/2024,BRRGE2400266,"1,541",37.4,"27,120,441","1,557","41,022,920",77.0,"16,048,541","164,441",,,,"143,621,870",3.0,2,,29.0,"8,662,554",15.0,,,,"8,360",,0
We Can't Stop,NOW: The Hits Of Summer 2014,Miley Cyrus,1/1/2013,USRC11300686,"2,003",32.2,"970,858,824","117,008","50,397,971",71.0,"1,310,779,877","7,274,419","124,187","43,040,615","343,153,571","547,445,834",140.0,"18,341",72,72.0,"459,669",29.0,"280,783,593","757,349","906,974","6,946,040",,0
Swang,SremmLife 2 (Deluxe),Rae Sremmurd,8/12/2016,USUM71603303,"3,405",23.5,"658,051,344","128,507","19,018,702",66.0,"502,542,395","3,470,603","310,468","28,258,632","172,756,577","33,622,630",65.0,"4,896",23,16.0,"71,832",,"138,182,258","127,406",,"3,394,835",,1
Buenas,Buenas,Quevedo,9/22/2023,BK4DA2318657,"3,529",22.9,"108,163,942","22,023","7,264,376",,"17,211,451","202,291","12,100","1,978,266","23,664,790","1,117,763",9.0,"5,991",,8.0,"327,123",7.0,"67,514",23,,"130,949",,0
All I Want for Christmas Is You,Merry Christmas,Mariah Carey,1/1/1994,USSM19400325,"2,097",31.5,"1,810,649,765","109,411","45,003,974",60.0,"824,500,156","7,455,155","18,894,720","1,432,227,925","15,963,128,797","29,891,688",418.0,"131,873",139,143.0,"1,390,899",125.0,"304,497,253","3,556,791","1,273,462","6,531,412",,0
Magnolia,Playboi Carti,Playboi Carti,4/14/2017,USUM71703095,"3,002",25.4,"834,795,353","187,620","29,767,336",73.0,"282,798,008","3,373,020","39,692","13,117,729","111,426,969","12,788,481",160.0,660,71,46.0,"137,569",11.0,"97,823,320","75,679",,"2,953,341",,1
Umbrella,Good Girl Gone Bad,Rihanna,1/1/2007,USUM70736771,"3,340",23.8,"1,535,595,924","236,327","123,654,318",77.0,"1,266,946,594","7,227,133","14,079","13,327,525","123,440,263","168,343,059",249.0,"262,819",139,108.0,"2,095,700",75.0,,,"12,036,328","166,195",,0
Super Gremlin,Sniper Gang Presents Syko Bob & Snapkatt: Nightmare Babies,Kodak Black,10/30/2021,USAT22107295,672,58.8,"416,955,991","123,862","25,561,593",63.0,"174,009,595","1,640,732","255,281","140,081,850","1,163,709,610","32,508",65.0,"254,615",350,20.0,"126,629",24.0,"149,887,956","90,700",,"2,259,867",,1
Spring Snow,"Lovely Runner, Pt. 8 (Original Soundtrack)",10CM,5/14/2024,KRA492400665,"2,968",25.6,"18,800,716","1,180","12,952,009",73.0,"7,398,997","168,846",,,,,12.0,52,,,,,"4,319",12,,"193,276",,0
Forever After All,What You See Ain't Always What You Get (Deluxe Edition),Luke Combs,10/23/2020,US6XF2000192,"1,217",42.9,"472,886,929","66,543","14,596,512",70.0,"247,466,941","1,347,724","412,458","53,390,196","454,676,514","523,499,656",71.0,"272,994",35,9.0,"18,449",22.0,"336,822,010","60,046",,"1,332,172",,0
icantbelieveiletyougetaway,icantbelieveiletyougetaway,aldn,5/31/2024,QZMEQ2463576,"2,896",25.9,"3,162,942",520,"4,539,512",63.0,"247,697","13,414","15,900",,,,,,,,,,"3,490",26,"366,782","46,746",,0
She Don't Give a Fo,"Trapgentina, Vol. 1",Duki,12/7/2017,QZ5FN1767793,"4,409",19.9,"500,565,437","74,725","14,234,889",70.0,"644,380,652","4,455,611","43,604","35,536,108","217,482,856","53,428",3.0,"1,789",,7.0,"45,112",3.0,"604,004","2,295",,"995,726",,0
Pelele,Pelele,Morad,12/24/2021,QMFMF2131945,"3,508",23.0,"153,262,121","62,043","3,300,200",64.0,"105,229,861","923,515","360,974","61,225,741","777,095,126","95,438",11.0,"4,605",18,2.0,"26,431",5.0,"6,486",,,"631,030",,0
Daylight,Daylight,David Kushner,4/14/2023,QZXDB2300005,44,207.0,"1,126,820,069","177,800","85,255,689",82.0,"274,070,101","3,701,289","2,557,115","285,329,503","2,578,518,632","1,205,538,057",163.0,"259,255",96,77.0,"3,413,707",80.0,"28,924,685","14,634","9,505,098","8,681,350",,0
3D (feat. Jack Harlow),3D (feat. Jack Harlow),Jung Kook,9/29/2023,USA2P2346470,559,64.3,"573,249,007","27,154","33,077,841",74.0,"166,687,005","4,539,515","30,142","9,786,252","66,859,275","1,859,365,360",19.0,,25,30.0,"1,569,004",49.0,"2,506,963","1,609",,"1,379,108",,1
idfc,Idfc,blackbear,10/26/2014,TCACB1407069,"4,117",21.0,"703,008,289","107,737","27,795,750",65.0,"676,519,290","8,302,787","460,509","154,879,439","1,202,118,262","224,802,094",13.0,24,4,5.0,"7,400",1.0,"136,776,071","102,864",,"7,920,489",,1
La Difï¿½ï¿,YHLQMDLG,Bad Bunny,2/29/2020,QM4TX2030889,"3,112",24.8,"718,032,755","88,205","26,808,160",68.0,"304,269,630","2,445,183","16,400","5,979,412","59,989,029","20,259,925",75.0,"12,613",157,22.0,"265,221",14.0,"57,602,908","15,742",,"718,684",,1
Dream Girl - Remix,Dream Girl (Remix),Ir Sais,12/6/2019,USSD11900381,"3,699",22.3,"289,196,126","56,563","16,313,578",64.0,"403,607,329","2,363,349","506,354","90,776,240","758,684,528","9,314,119",72.0,"3,280",64,10.0,"281,695",14.0,"37,415,282","5,841",,"1,102,746",,1
You Make It Easy,You Make It Easy,Jason Aldean,1/26/2018,QMRSZ1703136,"2,066",31.8,"461,456,306","39,872","6,195,765",5.0,"149,557,856","1,484,925","129,190","4,676,244","48,036,714","14,532,218",5.0,"65,951",25,2.0,,13.0,"619,306,368","157,698","12,335,891","1,717,815",,0
Ali Cabbar,Parti ï¿½ï¿½,Emir Can ï¿½ï¿½ï,6/2/2023,TRAUR2300024,"3,467",23.2,"63,442,980","10,414","1,765,706",58.0,"127,252,829","552,569","84,400","3,171,710","108,671,025","4,788,783",7.0,"4,502",,,,,,,,"224,773",,0
Aman Gï¿½ï¿½zel Yavaï¿½ï¿,Aman Gï¿½ï¿½zel Yavaï¿½ï¿,Halodayï¿,6/23/2023,TRCGH2300003,"4,295",20.3,"110,759,507","16,068","2,956,360",27.0,"4,697,020","13,304","434,400","18,043,254","607,056,384",,7.0,"3,358",,2.0,"1,567,383",,,,,"515,430",,0
Roses,Roses,The Chainsmokers,6/16/2015,USQX91500801,"2,270",30.0,"1,046,848,265","137,023","33,124,854",68.0,"585,020,723","3,442,407","273,486","55,726,548","405,625,969","51,232,888",129.0,"30,641",87,43.0,"173,923",16.0,"294,611,058","172,101","26,571,481","9,203,307",,0
Solteiro Forï¿½ï¿½ado - (Boiadeira Internacio,Solteiro Forï¿½ï¿½ado (Boiadeira Internacio,Ana Castela,7/7/2023,BX3022300019,"1,051",46.8,"210,195,998","10,723","12,965,116",65.0,"291,263,121","1,409,361","33,900","3,996,634","55,226,429","1,201,657,034",6.0,"6,009",,22.0,"7,921,538",9.0,"1,736",,,"137,611",,0
Hati-Hati di Jalan,Manusia,Tulus,3/3/2022,FR2X42253130,"3,627",22.5,"306,652,166","21,841","7,413,119",69.0,"225,136,062","2,113,507","371,413","158,047,875","1,719,389,454",,17.0,"13,846",,,,,,,,"107,807",,0
Vette Motors,Vette Motors - Single,YoungBoy Never Broke Again,6/10/2022,USAT22207312,"3,814",21.9,"80,585,683","16,202","12,738,423",19.0,"88,959,234","770,086","20,100","5,242,187","42,977,111","332,784,168",3.0,"1,144",,1.0,"4,717",7.0,,,"19,542,228",,,1
Don't You Know,Don't You Know,Crosby St. Models,8/12/2022,GBPVV2204622,"3,890",21.6,,1,2,,"357,790,871","2,127,672",,,,"74,010,765",,1,,,,,,,,35,,0
Volver Al Futuro,Volver Al Futuro,Oscar Maydon,5/30/2024,QZ9QQ2400330,"1,202",43.2,"25,593,926","1,247","63,521,139",78.0,"7,493,616","162,691",,,,,18.0,,,10.0,"1,604,245",9.0,"68,326",56,"1,742","33,433",,0
EMPELOTICA,EMPELOTICA,Lenny Tavï¿½ï¿,2/22/2024,USWL12400540,"3,181",24.4,"68,349,764","7,210","31,014,133",8.0,"16,821,942","150,277","4,814","936,755","10,013,585","216,158,198",13.0,"1,143",,19.0,"1,742,799",11.0,"486,201",53,"11,448","134,177",,1
For The Night (feat. Lil Baby & DaBaby),Shoot For The Stars Aim For The Moon,Pop Smoke,7/3/2020,USUM72013355,325,84.8,"1,119,350,842","272,485","46,626,350",71.0,"767,399,825","6,283,245","1,312,576","203,661,245","1,505,078,331","68,109,096",206.0,"243,703",234,33.0,"158,712",24.0,"218,042,360","64,927",,"4,546,156",,1
Pray For Me,Pray For Me (with Kendrick Lamar),The Weeknd,2/2/2018,USUM71800001,"2,491",28.5,"918,478,800","139,420","28,588,643",71.0,"351,030,632","3,597,944","30,374","19,369,827","164,140,502","140,859,065",77.0,"57,561",,33.0,"300,145",20.0,"170,542,224","61,911",,"7,342,121",,1
Maquillaje,Maquillaje - Single,Renn,1/10/2024,QZZ662405291,"2,776",26.6,"71,320,813","6,751","23,980,309",76.0,"42,538,475","287,894",,"760,808","7,603,158","22,607,618",5.0,"1,952",,17.0,"817,857",13.0,"32,907",116,,"428,764",,1
I Can Do It With a Broken Heart,THE TORTURED POETS DEPARTMENT,Taylor Swift,4/18/2024,USUG12401053,"2,525",28.2,"250,430,303",648,"818,594",,,,,,,,55.0,,,,,,,,,,,0
Ni Me Debes Ni Te Debo,Colmillo De Leche,Carin Leon,5/19/2023,QZQMB2105022,"2,797",26.5,"168,963,270","9,329","6,528,413",52.0,"138,646,834","561,807","83,980","6,759,488","90,780,465","7,517,627",7.0,"6,941",7,6.0,"21,467",2.0,"7,647,073",808,"276,309","327,415",,0
Queencard,I feel,(G)I-DLE,5/15/2023,KRA392300001,616,61.2,"289,304,213","25,925","7,047,731",72.0,"336,281,559","3,407,011","404,600","257,833,478","1,992,738,757","572,838,570",33.0,"4,473",,5.0,"25,127",38.0,"786,642","3,077","1,151,435","689,921",,0
Mama,Mama,Jonas Blue,5/5/2017,GBUM71701777,"2,509",28.3,"955,563,174","89,780","18,075,056",67.0,"929,090,173","5,061,750","29,802","16,031,731","85,857,976","262,705,725",103.0,"59,537",,96.0,"388,298",7.0,"27,583,329","14,884",,"7,735,883",,0
Search & Rescue,Search & Rescue,Drake,4/7/2023,USUG12301601,329,84.6,"337,858,357","96,709","21,646,810",69.0,"40,938,953","336,819","106,645","21,329,637","192,701,225","235,007,162",89.0,"119,741",162,15.0,"535,329",13.0,"44,542,627","18,653","14,784,764","1,383,076",,1
Never Gonna Not Dance Again,Never Gonna Not Dance Again - Single,P!nk,11/3/2022,USRC12203892,"3,884",21.7,"162,054,666","1,991","492,746",40.0,,,,,,,26.0,"267,248",,1.0,"6,197",1.0,,,,,,0
Essence (feat. Tems),Essence (feat. Tems),Wizkid,10/28/2020,USRC12003059,893,51.0,"242,254,880","85,783","13,563,028",66.0,"418,190,794","2,892,075","280,027","66,345,848","617,402,549","82,045,151",216.0,"404,288",561,21.0,"229,656",42.0,"59,766,393","32,203","15,395,153","4,536,227",,0
Rush,Rush,Troye Sivan,7/13/2023,AUUM72300170,"1,109",45.2,"299,291,405","45,754","35,127,971",28.0,"59,684,881","1,156,874","37,300","31,430,262","341,762,321","635,932,163",106.0,"22,607",649,65.0,"1,709,032",66.0,"741,956","1,616",,"1,347,624",,1
River,River,Bishop Briggs,1/22/2016,TCACL1648391,"2,805",26.5,"547,304,707","93,449","17,009,946",68.0,"566,895,107","8,058,632","2,927,089","432,649,655","4,144,883,692","56,048,945",48.0,"23,803",23,11.0,"5,595",14.0,"136,527,961","114,975",,"4,876,569",,0
But I Got A Beer In My Hand,But I Got A Beer In My Hand,Luke Bryan,5/5/2023,USUG12302602,"4,255",20.5,"36,475,819","6,175","3,480,683",53.0,"1,589,418","14,475","2,242","488,118","8,897,673",,15.0,"123,864",30,4.0,"170,912",19.0,"30,257,772","3,927",,"206,562",,0
Hass Hass,Hass Hass - Single,Diljit Dosanjh,10/27/2023,INW262318603,"1,370",40.1,"106,514,756","10,191","8,686,387",70.0,"148,785,957","1,400,528",,982,"15,940","252,982,308",13.0,"2,009",,2.0,"10,573",37.0,,,,"289,631",,0
Small Town Boy,Small Town Boy,Dustin Lynch,2/17/2017,US58E1700584,"4,336",20.2,"333,982,743","34,123","5,288,629",61.0,"266,675,091","1,417,694","24,576","2,184,778","17,970,098","437,206,591",,"132,781",22,3.0,"3,668",18.0,"535,628,333","121,546",,,,0
Copa Vacï¿½,Copa Vacï¿½ï¿½a - Si,Shakira,6/29/2023,USQX92300694,"4,040",21.2,"147,537,573","17,322","17,844,679",63.0,"13,918,496","120,215","16,923","5,394,153","68,517,237",,46.0,"45,181",317,37.0,"662,279",31.0,"4,161,017",802,,"477,464",,0
Tal Para Cual,Tal Para Cual,Salastkbron,1/11/2024,AR5UH2301964,"1,867",33.6,"54,141,672","5,115","10,033,097",70.0,"89,396,830","355,314",,,,"195,623,398",,183,,2.0,"6,018",13.0,,,,"36,160",,0
New Jeans,NewJeans 'Super Shy',NewJeans,7/7/2023,USA2P2330067,"2,840",26.3,"253,890,110","22,593","5,131,270",73.0,"32,342,210","1,238,077","93,504","33,300,089","242,425,753","52,890,440",7.0,350,,1.0,"18,402",14.0,"880,833","3,042","1,675,417","221,882",,0
Yo Ya No Vuelvo Contigo - En Vivo,Viva Mï¿½ï¿½xico (En V,Grupo Firme,11/25/2020,QZDQH1908793,"3,587",22.7,"1,969,714",502,"83,027",29.0,"678,412,558","2,502,471","2,322","547,396","10,405,552","17,029,446",,,,,,3.0,"516,773","1,499",,,,0
M.A.I,111,Milo j,11/30/2023,UYB282384010,"1,471",38.2,"163,958,167","12,417","15,958,224",76.0,"86,105,258","868,068",,"327,781","1,805,126","655,485,361",2.0,156,,11.0,"7,137,853",1.0,"15,146",81,,"478,702",,0
Where Are ï¿½ï¿½ Now (with Justin Bie,Skrillex and Diplo present Jack ï¿,Jack ï¿,2/24/2015,USAT21500555,"2,036",31.9,"1,100,392,417","117,948","37,006,559",69.0,"1,343,498,789","7,017,961","33,476","781,713","1,292,397","246,356,209",11.0,"43,071",74,126.0,"615,957",65.0,"270,250,732","213,577",,"25,076",,0
Kya Loge Tum,Kya Loge Tum,B Praak,5/15/2023,INUM72300286,"1,238",42.6,"89,701,636","2,561","1,939,449",57.0,"375,460,772","3,277,504","22,300","649,330","15,339,768","85,756,632",3.0,272,,,,5.0,720,,,"104,287",,0
Sum 2 Prove,Sum 2 Prove,Lil Baby,1/10/2020,USUG11902886,807,54.0,"444,934,033","141,088","17,349,295",66.0,"411,628,542","2,868,681","191,154","26,909,802","238,372,502","7,285,479",63.0,"65,318",37,14.0,"145,275",6.0,"124,269,386","38,557","68,048,035","1,925,871",,1
LA PEOPLE II,LA PEOPLE II,Peso Pluma,3/21/2024,QM4TX2458976,978,48.9,"123,243,341","5,069","34,480,158",79.0,"53,762,979","472,820",,"171,600","3,100,000",,13.0,8,,4.0,"1,081,795",14.0,"2,185,039","1,024",,"121,403",,1
Prisoner (feat. Dua Lipa),Prisoner (feat. Dua Lipa),Miley Cyrus,11/20/2020,USRC12003364,"2,101",31.5,"795,449,825","89,489","26,707,311",67.0,"156,172,635","2,182,645","59,449","27,673,273","248,223,677","18,039,448",199.0,"204,128",65,72.0,"1,381,166",38.0,"34,048,116","9,490",,"2,311,374",,0
BABY NUEVA,nadie sabe lo que va a pasar maï¿½ï¿,Bad Bunny,10/13/2023,QMFME2364191,"2,283",30.0,"118,835,954","23,373","9,125,370",,"29,487,901","386,863","40,400","4,048,330","37,952,552",,5.0,954,,,,3.0,"6,977,653","1,304",,"399,333",,1
Smells Like Teen Spirit,Nevermind (30th Anniversary Edition Super Deluxe),Nirvana,9/24/1991,USGF19942501,"4,510",19.6,"2,021,910,364","410,054","113,406,994",77.0,"348,081,676","4,710,499","264,172","95,247,745","720,283,921","837,901",287.0,"146,813",287,256.0,"3,993,523",97.0,"691,979,509","317,966","13,047,851","12,775,440",,0
Rainy Days,Layover,V,8/11/2023,USA2P2339028,"3,776",22.0,"253,540,909","10,383","13,943,814",70.0,"67,113,019","3,432,701",866,"1,173,702","5,236,353","119,265,847",4.0,"1,454",17,7.0,"115,953",6.0,"2,140,518",455,,"258,925",,0
I Took A Pill In Ibiza - Seeb Remix,I Took A Pill In Ibiza (Seeb Remix),Mike Posner,7/24/2015,USUM71509342,"1,757",34.8,"1,949,596,473","230,708","75,554,079",76.0,"28,931,814","344,218","86,209","13,537,686","141,060,421","11,818",232.0,"121,489",,88.0,"400,591",44.0,"424,769,855","323,572",,"23,744,240",,1
Propuesta Indecente,Caliente! Latino Hitmix 2013,Romeo Santos,1/1/2013,USSD11300197,"2,266",30.0,"751,508,028","76,654","28,891,369",74.0,"2,243,582,425","6,525,279","110,257","23,003,530","240,862,996","361,024,153",46.0,"15,365",8,37.0,"458,762",36.0,,,,"4,633,986",,0
Ballena,Ballena,Vulgo FK,7/13/2023,BRRGE2300535,"1,354",40.3,"174,583,156","28,303","9,617,276",66.0,"160,585,664","1,054,820","40,600","14,352,909","181,541,988","7,893,205",20.0,17,,23.0,"288,762",15.0,,,,"183,816",,0
This City,Not a Hobby,Sam Fischer,1/19/2018,TCADL1840559,"3,767",22.0,"633,467,655","74,321","32,015,799",63.0,"26,434,293","260,550","1,414,817","162,027,612","1,120,361,528","5,356",109.0,"43,085",83,44.0,"297,171",4.0,"34,430,527","25,733","27,508,804","1,565,404",,0
PERRO NEGRO,nadie sabe lo que va a pasar maï¿½ï¿,Bad Bunny,10/13/2023,QMFME2364199,175,114.2,"689,181,455","61,138","90,492,257",83.0,"183,381,482","738,123","213,300","49,332,435","487,440,417","546,833,520",67.0,"32,507",175,51.0,"13,729,294",44.0,"14,039,085","3,684","2,473,108","930,098",,1
Si Tu Novio Te Deja Sola,Si Tu Novio Te Deja Sola,J Balvin,3/3/2017,USUM71702120,"3,347",23.7,"426,104,353","47,827","17,515,452",68.0,"1,075,650,402","4,140,985","7,160","2,166,168","19,811,260","169,913,135",50.0,"2,239",,16.0,"100,201",20.0,"60,221,325","16,680",,"1,316,950",,1
Sin Seï¿½ï,Sin Seï¿½ï,Quevedo,7/22/2022,ZZOPM2235984,"3,559",22.8,"281,829,019","58,130","8,587,722",62.0,"49,681,285","476,250",,,,"309,611,524",14.0,"4,820",,8.0,"26,602",2.0,"110,512",,,"479,341",,0
Goin' Off,Goin' Off,Karan Aujla,5/9/2024,AUBEC2438653,"1,118",44.9,"13,606,839",836,"4,594,419",70.0,"32,342,705","498,580",,,,"19,904,542",14.0,59,,,,13.0,,,,"33,780",,0
Sent Gamkauwa,Sent Gamkauwa,Shivani Singh,5/19/2023,ING642303429,"1,717",35.3,"29,424,141",487,"282,647",62.0,"319,210,127","1,342,225",393,"17,267","153,512","182,061,559",,,,,,,,,,"13,526",,0
Superhero (Heroes & Villains),HEROES & VILLAINS,Metro Boomin,12/2/2022,USUG12208783,218,104.4,"706,356,280","166,277","62,975,073",77.0,"172,653,099","1,750,863","32,432","14,181,961","108,461,504","205,280,243",56.0,"72,856",331,13.0,"1,040,628",41.0,"27,896,080","16,722","22,121,803","2,363,066",,1
Wasted Summers,Wasted Summers,juju<3,7/12/2023,QZNWT2328449,"3,307",23.9,"145,323,071","25,526","11,685,238",73.0,"3,663,144","87,691","272,260","104,929,528","725,884,052","24,535",10.0,67,93,,,,,,"1,693","230,133",,0
Cool With You,NewJeans 2nd EP 'Get Up',NewJeans,7/21/2023,USA2P2330072,"3,425",23.4,"165,916,276","17,423","3,301,778",70.0,"52,705,822","887,461","43,015","13,217,486","92,644,726","9,441,934",6.0,"4,205",31,3.0,"65,546",30.0,"570,444",456,"861,470","139,260",,0
Streets,Hot Pink,Doja Cat,11/7/2019,USRC11903460,686,58.3,"1,056,939,084","154,003","62,848,076",75.0,"702,463,556","8,269,225","1,629,600","573,666,785","3,347,862,526","458,124,201",155.0,"3,474",57,39.0,"318,451",17.0,"14,397,719","52,318","34,660,570","6,716,450",,1
ýýQuýý Nos Pasýý?,ýýQuýý Nos Pasýý? - Single,Anuel AA,5/26/2022,QM6MZ2220000,"3,926",21.5,"161,990,851","31,668","4,718,236",68.0,"187,450,025","1,297,403","9,929","2,748,358","28,786,547","341,414,931",5.0,576,,1.0,"31,377",,"1,465,671",515,,"412,492",,1
Ma Fi Leil,Ma Fi Leil,Nassif Zeytoun,4/16/2024,LBA132400447,"1,806",34.2,"1,579,231",195,"741,333",,"43,912,255","427,835",,,,"2,635,256",4.0,124,,3.0,"41,160",,,,,"83,701",,0
De Vuelta Pa' La Vuelta,De Vuelta Pa' La Vuelta,Daddy Yankee,12/10/2020,US2BU2001211,"3,910",21.6,"164,788,147","23,301","15,473,906",62.0,"426,336,235","1,881,474","20,700","3,047,195","44,074,315","15,887,557",23.0,"27,670",21,5.0,"14,722",13.0,"20,338,538","8,701",,"1,159,159",,0
Modo DND,Modo DND,Xavi,10/28/2023,USA2P2352296,"1,437",38.8,"186,482,379","11,318","9,655,843",,"123,373,203","596,064",,,,"960,027,238",2.0,123,,10.0,"2,327,932",1.0,"3,940,214","1,341",,"316,408",,1
Mi Bello Angel,Nata Montana,Natanael Cano,6/30/2023,USWL12301027,"1,421",39.1,"349,522,530","23,359","14,819,855",76.0,"146,063,277","734,128","8,095","9,061,160","55,484,022","242,792,313",19.0,"1,264",,8.0,"1,485,972",8.0,"8,057,504","3,441",,"389,913",,1
Like I Want You,LIKE I WANT YOU,Giveon,11/21/2019,USSM11914370,"3,623",22.6,"382,565,051","85,310","24,209,669",69.0,"121,875,542","986,189","62,502","17,799,186","123,745,488","1,263,721",55.0,25,24,14.0,"71,931",1.0,"26,786,493","21,467","21,223,826","1,222,113",,0
Ella No Es Tuya - Remix,Ella No Es Tuya (Remix),Rochy RD,2/3/2021,USSD12100003,"2,353",29.4,"364,856,266","76,669","15,412,661",62.0,"214,069,737","2,307,973","1,403,400","122,737,092","1,045,339,221","11,945,131",57.0,"14,881",16,15.0,"192,642",20.0,"1,572,648","2,206",,"955,292",,0
Escï¿½ï¿½n,Escï¿½ï¿½n,ýýengo Flow,8/25/2023,QZ7R42353128,"2,736",26.9,"63,748,913","11,841","9,184,869",60.0,"109,386,782","532,629","13,700","438,906","4,695,060","434,486,494",4.0,481,113,4.0,"34,988",,"306,518",289,"420,845","202,893",,1
WATATI (feat. Aldo Ranks) [From Barbie The Album],WATATI (feat. Aldo Ranks) [From Barbie The Album],KAROL G,6/1/2023,USAT22305791,"2,680",27.2,"100,094,720","10,333","11,971,076",62.0,"114,762,460","834,616","389,200","34,507,211","686,876,114","2,604,422",,,183,12.0,"233,950",,"8,878,410",902,"305,973",,,0
Godzilla (feat. Juice WRLD),Music To Be Murdered By,Eminem,1/17/2020,USUM72000788,572,63.7,"1,456,635,235","241,715","56,568,076",78.0,"657,464,189","10,293,443","162,256","37,734,089","310,162,794","280,494,505",76.0,"1,087",110,61.0,"502,301",26.0,"151,276,536","248,709",,"3,056,826",,1
The Door,I've Tried Everything But Therapy (Part 1),Teddy Swims,9/15/2023,USWB12302870,"1,548",37.3,"111,155,129","8,444","40,989,352",80.0,"37,550,792","381,020","2,618","284,583","5,248,242","13,566,277",61.0,"49,914",35,35.0,"14,880,080",34.0,"55,552,416","7,112",,"816,466",,0
Fly Away,Fly Away,Tones And I,11/13/2020,USAT22006865,"4,076",21.1,"419,557,907","58,857","14,747,928",64.0,"60,022,490","600,320","458,353","84,319,796","1,034,246,968","920,471",121.0,"77,964",,25.0,"49,224",6.0,"40,419,797","12,929","1,863,329","1,881,817",,0
No Se Vale,un,Camilo,2/7/2024,USSD12400019,883,51.4,"19,388,370","1,341","7,152,408",,"19,658,783","136,351","871,174","22,013,623","441,343,495","110,742,872",1.0,"1,370",,11.0,"1,544,792",,"196,350",63,,"42,410",,0
Wife,Wife,(G)I-DLE,1/21/2024,KRA392300032,"2,643",27.4,"58,909,647","3,850","12,472,972",,"65,760,732","1,341,331",,,,"1,405,713,659",3.0,288,,1.0,"151,363",13.0,"130,093",122,,"82,069",,0
Asï¿½ï¿½ Lo Quiso ,DESVELADO,Eslabon Armado,4/28/2023,USE7D2300024,"3,327",23.8,"173,061,521","18,616","5,085,706",67.0,"53,668,901","343,308","143,900","22,419,288","239,225,982","53,205,932",11.0,2,1,2.0,680,2.0,"23,293,442","2,938","958,109","604,065",,0
Muï¿½ï¿½ekita (with El Alfa & JT from City Gi,Muï¿½ï¿½ekita (with El Alfa & JT from City Gi,Kali Uchis,8/4/2023,USUM72311229,"2,967",25.6,"96,105,220","17,341","10,481,728",60.0,"40,245,884","594,327","253,268","62,889,421","531,122,265","82,583",16.0,"2,188",69,16.0,"179,869",44.0,"1,583,340","1,130","742,848","443,624",,1
If We Being Rï¿½ï,2093,Yeat,2/16/2024,USUM72401643,812,53.8,"92,517,121","10,195","13,681,051",80.0,"4,695,846","79,415",,,,,19.0,584,,10.0,"1,802,148",3.0,"167,577","1,061","5,704,007","1,371,705",,1
MONEY,LALISA,LISA,9/10/2021,KRA402100099,210,105.5,"1,189,335,848","103,236","33,637,835",73.0,"1,323,718,887","20,328,622","3,707,867","1,292,738,947","12,516,703,531","1,203,702,704",54.0,"29,685",461,29.0,"484,446",25.0,"4,765,438","18,921",,"3,720,737",,1
Slow It Down,Slow It Down,Benson Boone,3/22/2024,USWB12400913,294,89.4,"202,667,139","11,945","116,623,933",85.0,"25,188,125","291,189",,"349,400","3,500,000","126,501,922",56.0,"36,922",326,37.0,"6,074,638",74.0,"16,853,510","3,223","442,051","518,777",,0
My Oh My (feat. DaBaby),Romance,Camila Cabello,12/6/2019,USSM11914257,"1,218",42.9,"703,865,912","78,873","23,552,368",68.0,"344,504,691","5,473,016","1,434,048","288,727,576","2,298,790,080","262,934,830",74.0,"243,345",170,41.0,"101,125",21.0,"136,780,685","92,037","16,327,957","3,703,911",,0
Wants and Needs (feat. Lil Baby),Scary Hours 2,Drake,3/5/2021,USUG12101042,985,48.6,"793,287,638","225,513","37,094,631",71.0,"104,966,782","872,923","36,542","45,722,496","319,496,635","783,169",130.0,"18,714",82,21.0,"693,216",18.0,"57,284,328","23,173",,"2,221,501",,1
Wish,Wish,Diler Kharkiya,11/20/2020,INS922000422,"3,598",22.6,"10,848,948","1,036","186,826",45.0,"681,881,643","3,559,389",471,"58,718","1,327,611",,,,,,,,,,,"42,722",,0
Thinkinï¿½ï¿½ï¿½ B,One Thing At A Time,Morgan Wallen,3/3/2023,USUG12300821,353,81.5,"406,319,778","42,283","16,439,412",80.0,"84,066,193","368,256","117,408","7,626,726","99,492,470","606,650,627",50.0,"262,596",145,2.0,"2,456",19.0,"181,953,005","27,501","7,289,828","1,185,776",,0
BOA,BOA,Megan Thee Stallion,5/9/2024,USAT22402630,"1,663",35.8,"21,644,029","1,925","30,906,340",79.0,"10,463,067","429,765",,,,,24.0,6,145,17.0,"389,066",36.0,"4,294,567",619,"298,093","54,541",,1
Number 2,Number 2 / Never Last,Lil Tecca,5/3/2024,USUM72404634,"2,914",25.8,"20,742,763","3,204","22,484,728",,,,,,,,11.0,33,4,1.0,"296,367",6.0,"326,922",83,"721,526",,,1
Money Trees,"good kid, m.A.A.d city (Deluxe)",Kendrick Lamar,1/1/2012,USUM71210785,"2,167",30.8,"1,476,217,041","352,198","59,811,242",75.0,"385,175,377","3,054,056","1,174,942","197,659,809","1,484,578,640","9,778",117.0,188,7,32.0,"565,677",13.0,"304,362,215","166,654",,"6,010,383",,1
Mil Preguntas,Mil Preguntas - Single,The La Planta,3/7/2024,BK4DA2407011,"2,567",27.9,"27,026,914","2,367","8,527,648",70.0,"46,888,149","156,738",,,,"141,902,141",2.0,530,,6.0,"326,442",8.0,,,,"63,178",,0
More Than My Hometown,More Than My Hometown,Morgan Wallen,4/17/2020,QZ22S1800117,"2,755",26.8,"503,296,417","55,067","8,724,047",74.0,"198,319,407","665,110","101,364","12,089,070","124,574,139","360,980,228",27.0,"114,836",31,3.0,"3,237",9.0,"183,787,853","38,592","4,962,564","986,413",,0
Music For a Sushi Restaurant,Harry's House,Harry Styles,5/20/2022,USSM12200609,"1,649",36.0,"408,265,830","54,371","24,669,724",67.0,"72,040,046","1,550,840","516,892","526,043,799","5,701,956,773","46,597,448",52.0,"158,567",593,15.0,"215,997",38.0,"9,943,379","10,001",,"1,220,670",,0
Brown Munde,Brown Munde,AP Dhillon,9/18/2020,TCAFC2063050,"2,148",31.0,"267,617,808","37,741","5,454,166",64.0,"756,395,439","7,889,556","222,602","15,409,897","182,472,232",,20.0,"1,757",,1.0,"1,097",2.0,"491,910","1,515",,"557,124",,0
There I Go (feat. J. Cole & Mike WiLL Made-It),There I Go (feat. J. Cole & Mike WiLL Made-It),Gucci Mane,8/25/2023,USAT22308234,"4,328",20.2,"19,690,183","10,081","2,873,893",48.0,"8,714,858","141,807","2,835","513,230","5,082,017","181,694,453",,"81,064",659,,,,,,,,,1
Dï¿½ï¿½,Dï¿½ï¿½,Teya Dora,3/22/2023,FRX202362720,"1,332",40.7,"125,289,731","25,929","2,777,533",65.0,"150,869,846","2,405,158","311,288","69,237,529","855,679,980","2,968,009",20.0,"1,302",,5.0,"2,700",,,,,"6,583,285",,0
Patadas de Ahogado,Patadas de Ahogado,LATIN MAFIA,11/3/2023,MXF012301101,"2,161",30.9,"127,503,950","18,981","16,280,436",,"39,927,538","505,055",,,,"35,520,584",20.0,"2,573",59,25.0,"13,071,683",31.0,"164,324",337,,"775,879",,0
Calm Down (with Selena Gomez),Calm Down (with Selena Gomez),Rema,8/25/2022,NGA3B2214021,53,198.0,"1,391,688,322","163,876","130,963,116",77.0,"902,742,581","8,099,187",599,"48,035","2,857,920","750,030,685",316.0,"1,107,265",,112.0,"11,937,930",146.0,"52,073,859","41,487","5,820,026","3,521,951",,0
Left and Right (Feat. Jung Kook of BTS),Left and Right (Feat. Jung Kook of BTS),Charlie Puth,6/24/2022,USAT22205563,"1,542",37.4,"947,763,871","59,942","47,877,896",72.0,"65,306,295","1,305,561","5,486","2,914,991","20,119,789",,24.0,"171,718","1,282",1.0,"30,007",,,,,,,0
The Alchemy,THE TORTURED POETS DEPARTMENT,Taylor Swift,4/18/2024,USUG12401042,"2,513",28.3,"106,201,248","2,992","15,108,991",,"5,521,347","70,034",,,,,19.0,290,,11.0,"226,234",47.0,"2,070,315","1,695",,"24,502",,0
"Ishq Jaisa Kuch (From ""Fighter"")","Ishq Jaisa Kuch (From ""Fighter"")",Vishal-Shekhar,12/22/2023,INS182303704,"3,519",23.0,"26,192,177","1,252","1,466,065",,"83,675,431","568,393",,,,"331,489,524",6.0,799,,,,13.0,,,,"53,388",,0
Tera Ban Jaunga,Kabir Singh,Akhil Sachdeva,6/14/2019,INS181903758,"2,372",29.3,"211,095,929","15,632","8,831,229",63.0,"325,655,059","2,524,096","5,710,312","5,797,183","94,600,665","91,612,412",16.0,215,,,,2.0,,,,"299,317",,0
WANNABE,IT'z ME,ITZY,3/9/2020,US5TA2000006,"2,825",26.3,"365,845,397","29,751","5,840,656",66.0,"731,488,947","8,414,274","116,880","56,690,917","362,463,277","40,824,041",23.0,"2,293",29,9.0,"45,969",26.0,"2,698,145","3,933",,"698,118",,0
Lean On (feat. Mï¿½ï¿½ & DJ Snake) - J Balvin & Farruko R,Lean On (feat. Mï¿½ï¿½ & DJ Snake) [J Balvin & Farruko Re,Major Lazer,9/4/2015,FR6P11501180,"1,030",47.4,"53,822,187","2,081","465,455",,"3,617,929,617","17,418,989",,37,956,"1,393,748,323",,,,1.0,234,,,,,,,0
ISABELLE,ISABELLE,Sefo,6/8/2022,QM6N22220696,"4,398",20.0,"90,838,757","22,248","2,370,123",53.0,"203,958,899","721,936","10,328","586,162","19,777,868","61,468",9.0,"14,924",,1.0,"26,216",,,,,"332,021",,0
Rodeo (Remix),Rodeo (Remix) - Single,Lah Pat,2/24/2023,USAT22301387,"1,695",35.5,"160,163,510","26,131","10,508,416",72.0,"104,715,948","1,179,825","10,708","4,339,998","32,904,652","116,693",7.0,"31,402",26,5.0,"79,748",4.0,"10,266,156","8,290","5,540,544","2,351,135",,1
Love Sosa,Finally Rich (Deluxe),Chief Keef,1/1/2012,USUM71214600,"3,586",22.7,"757,522,352","224,483","30,472,220",74.0,"101,146,931","1,073,571","186,541","59,591,708","450,672,924","2,329,764",36.0,"1,404",51,9.0,"17,953",6.0,"199,348,206","785,640","385,854","1,130,370",,1
30 GRADOS RKT,30 GRADOS RKT,RUNE,6/8/2024,QZNWU2434670,"1,422",39.1,"50,652,672",2,"1,670,163",,,,,,,,,,,,,,,,,,,0
World on Fire,NATE SMITH (DELUXE),Nate Smith,4/28/2023,USRN12300006,"1,183",43.6,"100,360,956","15,383","9,521,311",69.0,"12,196,961","98,714","45,372","6,096,788","57,109,846",,19.0,"242,951",37,6.0,"23,353",17.0,"66,436,990","4,806",,"415,236",,0
Danza Kuduro - Cover,ýýýýýýýýýýýýýýýýýýýýýýýýýýý ýýýýýýýýýýýýýýýýýýýýýýýýýýý,LOVE BGM JPN,5/14/2024,TCJPA2406007,31,249.8,"1,645,079,292",,,,,,,,,,,,,,,,,,,,,1
Baila Conmigo (feat. Kelly Ruiz),Baila Conmigo (feat. Kelly Ruï¿½ï,Dayvi,12/28/2018,MXF011900173,"3,797",21.9,"417,257,612","76,682","17,689,258",62.0,"301,418,451","2,797,161","254,653","14,054,827","219,625,896","11,788,182",71.0,"15,903",40,30.0,"1,207,372",7.0,"106,581,925","52,833",,"5,980,614",,0
Nature Sounds with Music: Inspiring Thunder and Rain with Relaxing Music,Nature Sounds with Music: Inspiring Thunder and Rain with Relaxing Music,Jamie Llewellyn,12/27/2013,QMBZ91375750,"4,438",19.8,"240,712",,,,,,,,,,,,,,,,"1,759,451","1,996,608",,,,0
De Fresa y Coco,De Fresa y Coco,Luis R Conriquez,11/10/2023,QMANG2226771,"2,445",28.8,"81,186,913","7,818","5,727,811",,"92,334,733","526,817",,,,"242,836,946",3.0,3,,1.0,"2,878",1.0,"340,543","2,169",,"147,308",,0
telepatï¿½,Sin Miedo (del Amor y Otros Demonios) ï¿½,Kali Uchis,11/18/2020,GBUM72005748,435,73.9,"1,151,629,030","201,783","55,679,157",77.0,"456,651,608","6,111,089","1,448,920","467,181,048","3,401,301,248","244,384,379",164.0,"173,512","1,303",63.0,"488,896",60.0,"53,202,036","41,954","18,082,840","6,239,619",,0
Out thï¿½ï¿½,Lyfï¿,Yeat,9/9/2022,USUM72217063,907,50.6,"338,097,605","85,480","16,509,403",73.0,"54,214,841","680,291","47,215","15,066,093","117,839,587","18,856,089",14.0,63,37,1.0,"58,975",,"1,750,477","4,925","26,616,347","664,273",,1
Marvins Room,Marvins Room,Drake,7/22/2011,USCM51100267,"3,624",22.5,"597,923,434","102,247","25,718,396",68.0,"201,599,895","1,427,945","27,417","22,548,238","138,482,890","10,451,007",81.0,185,16,12.0,"148,200",37.0,"514,851,526","1,225,805","2,647,672",,,1
Run BTS,Proof,BTS,6/10/2022,USA2P2226298,"4,132",20.9,"439,395,056","23,010","21,676,194",71.0,,,"1,159,736","489,821,873","2,849,048,545",,6.0,"1,176",,2.0,"25,844",9.0,"1,661,771","2,708",,"951,555",,0
Chasin' You,If I Know Me,Morgan Wallen,4/27/2018,QZ22S1800006,"3,466",23.2,"609,984,789","66,397","14,589,013",74.0,"255,780,709","1,101,498","91,600","18,502,723","142,412,314","400,499,073",43.0,"162,999",8,4.0,"3,383",12.0,"231,456,245","81,165",,"1,494,580",,0
SPIT IN MY FACE!,SPIT IN MY FACE! - Single,ThxSoMch,12/20/2022,USAT22223103,"1,895",33.3,"519,330,096","67,639","18,087,902",74.0,"255,558","3,748",,,,,26.0,"2,969",,7.0,"22,420",11.0,"1,778,625","5,601",,"1,841,098",,1
TE AMO ï¿½,TE AMO ï¿½,Fer Vazquez,4/30/2024,ARC082400003,"3,264",24.1,"5,790,738",369,"3,488,921",64.0,"20,489,530","159,632",,,,"16,582,955",1.0,"1,068",,6.0,"298,082",4.0,"2,039",11,,"27,697",,0
Janze,Janze,Xamdam Sobirov,7/31/2023,RUA1D2384226,899,50.9,"344,691",77,"5,871",30.0,"334,194,426","866,855","154,161","4,397,504","144,597,808","62,334,320",1.0,,,,,,,,,"407,695",,0
I Can See You (Taylorï¿½ï¿½ï¿½s Version) (From The ,Speak Now (Taylor's Version),Taylor Swift,7/7/2023,USUG12302091,"2,673",27.3,"247,056,218","19,231","16,723,973",69.0,"41,065,721","1,260,603","139,100","34,732,272","386,594,049","756,308,958",30.0,"21,779",3,13.0,"387,578",43.0,"3,133,286","2,751","283,563","459,379",,0
"Dance For Me (1, 2, 3) - Stutter Techno","Dance For Me (1, 2, 3) [Stutter Techno]",Sonny Wern,10/6/2023,NL1DT2300205,"2,115",31.3,"87,323,895","31,519","22,810,387",,,,"21,439","8,893,299","119,926,922",,20.0,"2,057",,22.0,"142,486",10.0,,,"1,691,509","403,097",,0
Cumbia Buena,Cumbia Buena,Grupo la Cumbia,3/13/2020,QZGLM2048244,"4,476",19.7,"35,324,338","8,655","6,561,177",55.0,"20,232,023","188,767","4,201,337","681,866,858","8,808,203,215",,2.0,"1,971",,1.0,"7,814",,"14,651,981","4,076",,"785,161",,0
Levitating (feat. DaBaby),Future Nostalgia,Dua Lipa,3/27/2020,GBAHT2000942,184,111.3,"2,074,721,986","255,296","109,442,317",77.0,"1,665,434,424","15,432,964","858,364","324,510,578","2,649,555,956","4,124,133,645",388.0,"476,547",659,250.0,"2,098,761",46.0,"188,728,577","98,317",,"7,948,325",,0
Por Primera Vez,Por Primera Vez,Camilo,3/9/2020,USSD12000019,"3,201",24.4,"297,150,374","25,519","5,927,417",62.0,"586,564,510","4,724,003","769,000","36,489,633","403,373,148","119,799,399",31.0,"11,895",45,22.0,"79,003",9.0,"7,812,570","2,062",,"392,074",,0
"Kaavaalaa (From ""Jailer"")","Kaavaalaa (From ""Jailer"")",Shilpa Rao,7/6/2023,QMBZ92319256,"1,373",40.0,"94,518,210","5,151","4,767,067",61.0,"280,887,419","2,258,912","85,339","4,825,083","100,368,952","274,693",6.0,301,,,,16.0,838,,,"185,739",,0
Standing Next to You,GOLDEN,Jung Kook,11/3/2023,USA2P2348391,321,85.5,"675,865,902","23,181","58,344,509",85.0,"130,563,278","4,183,405","308,567","111,187,858","628,043,802","2,554,205,866",37.0,"62,294",25,49.0,"6,851,022",24.0,"3,073,921","1,442",,"1,220,942",,0
Suzume,ýýýýýýýýý,RADWIMPS,9/30/2022,JPV972200075,"4,036",21.2,"151,179,942","30,909","4,476,490",63.0,"71,184,530","866,717","81,501","48,171,421","617,882,237","80,772,548",9.0,444,,1.0,"337,935",1.0,"509,402",634,,"2,567,736",,0
Marlboro Remix,Marlboro Remix - Single,,6/7/2024,QZNWT2471497,"1,343",40.6,,,,,,,,,,,,,,,,,,,,"504,979",,0
Coal,Coal,Dylan Gossett,7/27/2023,QZNWU2332981,"1,661",35.9,"170,200,281","40,016","15,156,630",2.0,"17,596,251","205,907","19,196","6,502,394","55,041,835",,17.0,"3,374",18,1.0,"1,930",37.0,"11,270,619","2,314","2,194,550","184,546",,0
Fotos Y Recuerdos (Remasterizado 2024/30th Anniversary),Amor Prohibido (Remasterizado 2024/30th Anniversary),Selena,3/22/2024,USUM72402908,"1,622",36.4,"66,283,950",13,"74,994",,,,,,,,1.0,,,,,1.0,"59,665,654","10,946",,,,0
Travesuras,Travesuras,Nicky Jam,1/27/2014,COC011329796,"4,078",21.1,"308,811,426","35,237","11,639,231",61.0,"1,182,676,666","3,048,769","279,517","1,805,891","24,662,350","247,807,333",46.0,"13,710",89,24.0,"104,500",,"204,533,906","119,930",,"4,690,577",,0
Lollipop - Remix,Lollipop (Remix),Darell,2/15/2024,USSD12300732,"4,044",21.2,"50,761,385","6,296","38,839,254",,"15,098,694","116,415",,,,"106,198,768",23.0,"3,691",,24.0,"311,358",8.0,"1,141,308",347,,"146,284",,1
My Love Mine All Mine,The Land Is Inhospitable and So Are We,Mitski,9/15/2023,USJ5G2335007,45,206.2,"997,702,304","105,927","92,834,002",86.0,"48,093,111","959,175","3,648,759","857,220,853","5,469,808,282","298,259,422",91.0,"36,285","2,676",63.0,"10,874,749",110.0,"6,151,267","9,160","7,980,051","2,682,219",,0
Brickell,MANIFESTING 20-05,Feid,4/10/2024,USUG12402595,"1,150",44.2,"59,546,208","5,064","62,237,863",79.0,"26,823,878","171,145",,,,"28,104,439",32.0,"2,379",13,15.0,"3,085,319",14.0,"1,007,570",344,"16,525","259,017",,1
Coco Cola,Coco Cola,Ruchika Jangid,9/4/2020,INN172010039,"2,081",31.6,"16,483,067","1,547","487,542",53.0,"1,019,712,247","4,023,690",,,,,,,,,,,,,,"41,569",,0
I'll Be Waiting,I'll Be Waiting,Cian Ducrot,11/10/2022,GBUM72205880,"2,756",26.7,"185,042,019","41,058","8,054,809",62.0,"35,977,202","482,490",923,"7,073,614","68,670,799","143,011,080",35.0,"78,838",189,19.0,"88,224",2.0,"1,099,976","1,460","1,809,877","958,912",,0
Rich Baby Daddy (feat. Sexyy Red & SZA),For All The Dogs,Drake,10/6/2023,USUG12306108,"1,910",33.2,"372,248,119","6,868","1,527,625",,,,,,,,17.0,"115,236",,1.0,"31,089",9.0,,,,,,0
Fantasias,Fantasias,Rauw Alejandro,8/29/2019,QM6P41989279,"1,253",42.3,"663,578,551","76,919","24,789,585",67.0,"1,120,507,756","4,714,790","264,337","14,860,378","121,300,058","48,140,480",60.0,"18,961",53,23.0,"251,089",36.0,"53,117,205","9,900","7,834,351","1,795,507",,0
TEXAS HOLD 'EM,TEXAS HOLD 'EM,Beyoncï¿,2/9/2024,USSM12401303,798,54.3,"425,058,273","2,563","11,967,164",,"46,791,219","643,498",,,,"987,644,203",63.0,,,3.0,"35,655",,"13,815,433","36,200",,,,0
WASTE,DISORDER,Kxllswxtch,10/29/2021,USUYG1393224,"2,684",27.2,"272,051,636","64,633","11,550,020",72.0,"39,751,949","818,015","298,019","180,786,694","1,314,232,560",,3.0,38,,,,,"399,622","1,480","15,677,219","1,447,289",,1
Limbo,Freddie's Inferno,Freddie Dredd,8/11/2022,USRC12201645,"2,080",31.6,"290,154,153","78,735","11,859,340",68.0,"23,082,946","421,187","212,440","107,112,714","914,597,307","909,289",8.0,"1,155",3,10.0,"97,797",1.0,"2,050,356","6,853",,"2,165,418",,1
Girls Want Girls (with Lil Baby),Certified Lover Boy,Drake,9/3/2021,USUG12104399,"1,168",43.9,"459,480,135","137,691","22,202,207",68.0,"94,845,922","710,635","97,707","54,238,635","550,340,528","27,126,576",77.0,"1,996",608,24.0,"203,415",46.0,"63,766,205","182,395",,"1,506,723",,1
GATITAS SANDUNGUERAS VOL.1,GATITAS SANDUNGUERAS VOL.1,Alvaro Diaz,5/16/2024,USUM72401566,"1,946",32.7,"41,517,704","2,895","85,480,305",79.0,"2,080,156","61,973",,,,,22.0,641,,9.0,"329,482",25.0,"256,755",49,"39,407","62,200",,0
Mi Gente,Mi Gente,J Balvin,6/30/2017,FR22F1701790,257,96.4,"1,478,442,472","189,504","45,240,294",69.0,"3,859,031,931","22,147,063","163,477","67,021,310","1,018,060,369","398,243,753",291.0,"45,875",,98.0,"937,524",94.0,"334,219,832","312,657",,"19,858,741",,0
All I Need,Javari,Tyler Antonius,3/11/2024,QZS8H2110965,"3,318",23.8,"168,663,071",184,"114,412",,,,,,,,,,,,,,,,,"1,875,653",,1
Speechless (Full),Aladdin (Original Motion Picture Soundtrack),Naomi Scott,5/22/2019,USWD11993077,"4,432",19.8,"304,588,030","27,312","13,626,506",63.0,"536,055,555","5,342,216","16,993","4,437,120","48,485,307","46,694,866",41.0,"6,750",184,3.0,"12,065",13.0,"35,919,515","86,599",,"661,261",,0
Faz um Vuk Vuk (Teto Espelhado),Faz um Vuk Vuk (Teto Espelhado),MC Kevin o Chris,7/20/2023,BX5EU2300034,"1,145",44.4,"222,879,686","26,854","23,489,333",68.0,"183,254,308","938,331","80,100","22,478,680","315,723,211","23,002,967",16.0,"1,586",,31.0,"3,017,351",19.0,"2,970",8,,"130,095",,1
All Too Well (10 Minute Version) (Taylor's Version) (From The Vault),Red (Taylor's Version),Taylor Swift,11/12/2021,USUG12103690,"1,912",33.1,"842,558,786","55,074","40,675,939",74.0,"290,178,261","6,813,320","169,911","110,877,621","743,331,968","25,836,314",86.0,"1,865",77,9.0,"21,290",24.0,"9,689,583","25,854",,"827,246",,1
SNAP,SNAP,Rosa Linn,3/19/2022,USSM12207342,643,59.7,"1,039,482,815","99,333","60,341,587",79.0,"14,074,005","277,824","20,083","254,036","6,824,133",,133.0,"366,151",661,75.0,"2,521,874",39.0,,,"3,569,232","9,224,184",,0
2 Hielos,2 Hielos,King Savagge,2/2/2023,QM4TW2352901,"2,443",28.8,"76,078,240","16,848","2,644,680",,"60,811,918","330,400","1,301,526","130,766,543","1,479,348,962","39,905",4.0,235,,,,2.0,"12,110",35,,"187,445",,1
Yï¿½ï¿½reï¿½ï¿½i,Yï¿½ï¿½reï¿½ï¿½i,Amo988,9/15/2023,TRBUL2300064,"2,841",26.3,"75,979,813","7,579","4,760,968",68.0,"104,439,157","350,883","33,300","3,921,299","60,449,279","369,727,517",2.0,"2,174",,3.0,"1,583,000",,,,,"372,000",,0
SC-9,SC-9,Yahir Saldivar,2/1/2024,QZDA52413180,"1,415",39.3,"63,296,147","2,994","12,621,491",64.0,"57,626,164","476,570","182,100","1,797,826","19,883,744","131,556,241",2.0,7,31,,,3.0,"2,824,792","2,959","24,008","472,289",,1
7 Minute Drill,Might Delete Later,J. Cole,4/5/2024,USUG12402413,"4,494",19.7,"15,948,344","4,948","2,021,225",,"2,127,850","70,258",,,,,6.0,"1,052",,1.0,"12,303",,"1,543,917",882,,"101,755",,1
Mahiye Jinna Sohna Slowed + Reverb,Mahiye Jinna Sohna Lofi Remix,Darshan Raval,7/27/2023,INW262317919,"1,502",37.9,"1,843,453",311,"174,474",35.0,"1,914,601","25,616","2,000,000","13,668,109","236,654,614",,,,,,,,137,,,,,0
I Don't Fuck With You,I Don't Fuck With You,Big Sean,9/19/2014,USUM71414033,"1,475",38.2,"781,790,448","135,134","33,420,257",67.0,"426,579,083","3,923,819","174,375","21,153,140","186,021,426","249,351,279",80.0,"33,993",6,28.0,"200,973",20.0,"557,775,859","813,986","71,735,622",,,1
El Perdï¿½,Full Circle: The Live Anthology,Nicky Jam,11/20/2011,USSD11500005,"2,108",31.4,"869,024,663","91,687","30,002,977",69.0,"1,937,330,456","6,059,523","101,928","5,141,327","67,188,077","270,306,685",111.0,"53,221",78,69.0,"420,802",43.0,"489,534,594","237,999",,"6,946,052",,0
ýýýýýýýýýýýý ýýýýýýýýýýýýýýýý ýýýýýýýýýý,ýýýýýýýýýýýý ýýýýýýýýýýýýýýýý ýýýýýýýýýý - Single,Jazzdauren,3/1/2024,RUAGV2400963,"1,287",41.5,"2,902,263",968,"474,517",56.0,"77,405,121","532,621",,"304,392","10,302,500",,11.0,8,,,,,,,,"904,938",,0
Chained To The Rhythm,Chained To The Rhythm,Katy Perry,2/10/2017,USUM71700560,"3,354",23.7,"571,538,542","59,626","15,052,991",64.0,"798,537,539","5,042,041","25,893","15,112,958","68,206,300","195,190,281",100.0,"84,986",15,48.0,"173,715",24.0,"58,782,918","33,474",,"8,340,225",,0
La Nota,La Nota,Manuel Turizo,10/8/2020,QZDYA1800024,"2,648",27.4,"560,949,285","80,872","37,192,436",64.0,"298,415,218","1,583,803","267,500","58,834,137","576,560,432","35,850,480",124.0,"22,639",,21.0,"1,781,933",49.0,"29,259,483","3,194",,"1,440,068",,0
Sorry,Sorry,Justin Bieber,10/23/2015,USUM71516760,264,95.7,"2,089,476,497","179,545","89,286,647",78.0,"4,467,507,940","22,464,625","2,463,600","48,687,438","376,376,728","1,959,373,484",401.0,"237,066",402,161.0,"1,631,997",85.0,"420,093,148","519,614","475,010","9,657,077",,0
Goosebumps - Remix,Goosebumps (Remix),Travis Scott,1/15/2021,USSM12100202,"1,410",39.4,"767,502,068","142,094","65,054,729",70.0,"144,061,936","1,059,407","176,005","43,689,472","505,442,832","97,598,122",169.0,"175,719",260,96.0,"1,602,641",35.0,,,,"4,082,559",,1
Creepin' (with The Weeknd & 21 Savage),HEROES & VILLAINS,Metro Boomin,12/2/2022,USUG12208791,57,192.3,"1,337,619,917","228,295","64,806,723",80.0,"193,982,443","2,023,998","423,714","148,085,419","1,268,862,678","444,033,037",152.0,"952,186",34,58.0,"2,134,791",66.0,"77,382,416","28,694",,"6,205,060",,1
"Who Want Smoke?? (feat. G Herbo, Lil Durk & 21 Savage)","Who Want Smoke?? (feat. G Herbo, Lil Durk & 21 Savage)",Nardo Wick,10/8/2021,USRC12101071,691,58.1,"248,749,251","103,369","11,693,843",61.0,"318,002,064","2,874,323","162,900","33,365,117","142,448,123","208,914,276",44.0,"6,912",178,8.0,"40,089",17.0,"36,588,286","25,612","44,234,133","856,723",,1
Can't Tame Her,Can't Tame Her,Zara Larsson,1/26/2023,USSM12210918,"1,473",38.2,"159,051,363","31,456","22,058,380",62.0,"36,559,555","374,415","322,832","13,209,435","214,685,378","8,110,915",62.0,"181,938",140,26.0,"289,676",14.0,"482,317",425,"579,551","1,293,372",,0
Think I'm In Love With You,Think Iï¿½ï¿½ï¿½m In Love Wi,Chris Stapleton,9/8/2023,USUG12300474,"4,333",20.2,"78,855,298","11,118","19,369,779",,"6,408,371","103,541",164,"73,093","1,578,390","151,380,225",9.0,"12,221",1,8.0,"1,745,902",23.0,"38,384,683","4,122","265,973","137,222",,0
Like Crazy,FACE,Jimin,3/24/2023,USA2P2251865,"1,308",41.1,"1,165,398,518","16,425","22,818,507",84.0,"139,608,215","4,239,579","20,340","5,827,931","25,133,495","252,370,542",20.0,"7,682",12,38.0,"10,012,693",2.0,"34,061,208","1,010",,"830,091",,0
The Greatest,The Greatest,Sia,1/1/2016,USRC11601332,"3,812",21.9,"669,427,500","66,668","19,682,111",62.0,"864,787,930","6,096,976","1,407,988","56,322,493","363,488,557","149,246,216",49.0,76,60,35.0,"195,266",30.0,"90,606,690","25,392",,,,0
"Give Me Everything (feat. Ne-Yo, Afrojack & Nayer)",Greatest Hits,Pitbull,1/1/2009,USJAY1100032,"1,898",33.3,"1,164,166,623","262,779","103,712,117",81.0,"1,332,702,041","6,176,607","142,435","20,425,129","225,165,270","1,458,438,173",120.0,348,29,82.0,"517,742",19.0,"595,162,539","451,894",,"16,112,049",,0
Papa,Papa,Lori,11/24/2022,CH6542286446,676,58.7,,,,,"829,051,158","2,899,554",,,,"2,908,705",,2,,,,,,,,,,0
"Shaitan Ka Saala (From ""Housefull 4"")","Shaitan Ka Saala (From ""Housefull 4"")",Sohail Sen,10/7/2019,INS181905023,"1,805",34.2,"35,269,135","3,782","1,470,547",44.0,"1,364,545,600","4,782,629",,"1,462,995","19,469,573","97,746,040",4.0,241,,,,6.0,,,,"167,685",,0
hey! hey!,hey! hey! - Single,TWS,6/5/2024,USA2P2428743,"1,499",37.9,"1,010,608",109,"3,531,295",,"8,768,054","138,917",,,,"163,762",10.0,41,,,,17.0,950,,,"3,645",,0
02.02.99,02.02.99,That Mexican OT,1/9/2024,USUG12310194,"4,439",19.8,"38,388,843","6,814","16,579,754",,"25,838,329","341,078",,,,"213,315,892",3.0,68,107,,,2.0,"3,150,471","1,341",,"226,812",,1
Diable,Bocaterrosa,Ven'nus,2/28/2023,ES11D2300869,"2,423",29.0,"53,058",117,"4,155",10.0,"326,994,714","529,872",,,,,,7,,,,,,,,142,,0
Breakeven,Breakeven (Official 4K Video),The Script,4/25/2024,GB1102400418,287,91.1,"858,979,483",1,14,,,,,,,,,,,,,,,,,,,0
Obsessed With You,Obsessed With You,Central Cee,9/10/2021,ZZOPM2110165,"1,549",37.3,"336,889,834","130,841","9,639,874",64.0,"173,074,934","2,233,120","281,988","110,366,168","1,082,794,692","32,968,411",35.0,"8,361",160,13.0,"89,773",17.0,"85,206",543,,"1,037,984",,1
Witchy (feat. Childish Gambino),TIMELESS,KAYTRANADA,6/7/2024,USRC12300035,"3,852",21.7,"3,663,303",683,"29,671,686",,"438,239","18,824",,,,,43.0,92,,19.0,"1,049,073",65.0,"1,716",9,"6,374","7,961",,1
Esperï¿½ï¿½n,Esperï¿½ï¿½n,Manuel Turizo,12/7/2017,USQX91702666,"3,729",22.2,"333,106,545","25,970","7,253,202",59.0,"982,437,656","2,944,717","81,315","3,138,449","37,754,097","200,120,108",18.0,"3,327",,11.0,"140,309",8.0,"35,770,201","4,370",,"1,055,124",,0
Ando Enfocado,Ando Enfocado,Jaziel Avilez,11/18/2022,QZTGS2200203,"3,278",24.0,"191,918,763","17,921","8,023,886",67.0,"168,330,437","768,931","51,300","4,813,141","63,785,723",,6.0,6,3,2.0,"50,523",6.0,"25,400,655","3,262",,"404,205",,0
Nevermind,Nevermind,Dennis Lloyd,12/5/2016,USHM91642610,"2,980",25.5,"968,235,402","159,175","41,317,887",72.0,"180,977,641","1,207,787",131,"341,500","5,826,772","20,333,193",114.0,"59,912",55,69.0,"468,422",4.0,"215,378,255","114,053",,"9,293,567",,0
Ya No Somos Ni Seremos,Ya No Somos Ni Seremos,Christian Nodal,2/18/2022,MXF012200055,"1,580",36.9,"469,278,591","30,545","19,963,782",76.0,"386,430,123","2,100,967","357,998","32,595,231","572,889,929","7,616,955",28.0,"15,744",281,20.0,"3,872,499",37.0,"51,780,341","6,375",,"1,140,459",,0
Sunday Best,Where the Light Is,Surfaces,8/28/2018,TCAEA1802695,733,56.6,"952,626,904","151,446","27,674,084",16.0,"195,696,821","2,597,296","9,436,402","364,342,730","2,800,998,751","83,356,911",217.0,"113,898",381,62.0,"163,426",17.0,"125,033,350","197,341",,"3,892,098",,0
Have Mercy,Have Mercy,Chlï¿½,9/10/2021,USSM12105357,"3,445",23.3,"202,781,631","32,888","14,372,026",60.0,"1,271,445","21,984","673,047","323,827,842","2,410,282,562","4,761,746",44.0,"119,001","1,447",14.0,"77,824",35.0,"67,145,429","19,010","4,649,990","1,690,643",,1
Good as Hell,Good As Hell,Lizzo,3/9/2016,USAT21600354,"3,799",21.9,"627,625,151","76,581","23,235,611",66.0,"275,081,528","3,556,731","467,531","128,360,660","1,187,485,509","283,433,005",41.0,"313,398","1,496",36.0,"605,881",62.0,"183,082,560","175,834",,"5,017,737",,0
ýýýýýý,ýýýýýýýýý - EP,WINE,12/19/2022,KRNAR2233065,"4,393",20.0,"276,193",226,"76,928",,"253,612,567","560,712",,,,,,1,,,,,,,,173,,0
Jungle,Jungle,Alok,9/22/2023,DEE862301476,"2,590",27.7,"111,266,488","19,017","69,287,736",,"10,259,020","89,765","5,925","409,916","17,703,236",,33.0,"45,605",80,54.0,"1,289,949",9.0,"1,532,504",260,,"670,189",,0
Pour It Up,Unapologetic (Edited Version),Rihanna,1/1/2012,USUM71214737,"3,964",21.4,"417,616,725","59,548","22,751,107",64.0,"498,382,704","2,551,106","2,466","3,960,964","9,984,519","146,752,455",53.0,"27,541",40,19.0,"201,083",18.0,"652,081,066","745,650",,"3,449,652",,1
ALL MY FELLAS,ALL MY FELLAS,Frizk,9/19/2023,QZTAZ2359846,"1,070",46.4,"56,978,899","19,534","2,505,224",,"31,575,700","824,524","1,095,900","77,314,395","641,905,367","86,472,968",3.0,13,49,,,,"345,036","3,980",,"460,827",,1
Back To Back (feat. Future),Back To Back (feat. Future),Nardo Wick,4/26/2024,USRC12401155,"4,385",20.0,"7,615,489","2,372","11,517,250",,"1,582,983","60,765",,,,"65,527,813",28.0,187,,10.0,"1,221,510",8.0,"938,876",118,"703,031","50,655",,1
Cupid,The Beginning: Cupid - Single,FIFTY FIFTY,2/24/2023,KSA012239180,"1,256",42.2,"212,084,990","34,632","4,625,072",37.0,"191,028,847","3,745,346","159,346","66,491,755","543,360,467","54,875,497",15.0,"41,846",809,,,4.0,"2,219,997","17,467",,"1,249,929",,0
Oi Erro - Ao Vivo,Oi Erro (Ao Vivo),Simone Mendes,3/24/2023,BRUM72202351,"1,899",33.3,"23,883,628","1,390","2,563,092",51.0,"341,471,782","1,328,954",,"450,726","5,358,634","1,018,907,021",3.0,173,,7.0,"164,494",5.0,,,,"7,075",,0
KICK BACK,KICK BACK,Kenshi Yonezu,10/12/2022,JPU902203702,"1,469",38.2,"360,816,226","61,627","7,633,366",70.0,"171,459,970","1,769,697","242,682","120,113,199","1,353,881,739","539,775,263",35.0,"2,928",,8.0,"54,591",4.0,"880,678","2,564","317,508","486,018",,0
Baklava,Baklava - Single,Gya,4/15/2024,ROGRA2400294,"2,189",30.6,"5,633,595",418,"286,571",61.0,"38,890,559","213,288",,,,"30,591,117",2.0,,,1.0,"128,640",,,,,"50,894",,0
Cuaderno,Climaxxx,Dalex,5/10/2019,QM9WM1900130,"3,511",23.0,"415,170,963","57,071","15,542,644",63.0,"618,739,499","3,018,799","106,464","10,874,942","72,178,937","27,037,557",54.0,"2,681",,6.0,"35,291",4.0,"8,770,761","3,632",,"882,993",,1
The Chicken Wing Beat,The Chicken Wing Beat,Ricky Desktop,6/13/2020,QZHN72010372,"2,842",26.2,"68,033,539","13,060","1,293,542",60.0,"88,796,716","1,038,952","4,890,413","206,433,932","2,164,370,742","7,628,776",2.0,90,38,,,5.0,"20,368,923","3,606",,"593,992",,0
Break My Heart,Break My Heart,Dua Lipa,3/25/2020,GBAHT1901303,496,69.2,"1,198,689,895","130,486","49,149,923",71.0,"761,387,435","6,874,611","975,132","134,321,535","1,509,626,629","2,047,745,592",203.0,"586,919",348,301.0,"405,292",37.0,"190,687,007","33,201",,"6,690,156",,0
Traicionera,Traicionera,Sebastian Yatra,6/24/2016,USUM71605331,"4,559",19.5,"650,511,999","47,448","15,918,487",67.0,"795,920,437","4,151,098","162,505","3,991,939","60,797,733","121,660,111",56.0,"10,134",37,42.0,"79,655",18.0,"104,115,282","26,343",,"2,233,388",,0
Pompeii,Bad Blood (The Extended Cut),Bastille,1/1/2013,GBAAA1200795,"1,434",38.9,"1,590,278,292","259,895","65,869,505",71.0,"892,426,661","6,706,344","228,568","72,385,788","587,669,621","202,778,447",153.0,"146,538",299,111.0,"467,038",77.0,"536,880,285","538,789",,"14,002,280",,0
Kusu Kusu (feat. Pamela Jain),Top Hits - Single,Dev Negi,12/22/2021,NLHR52116995,"2,171",30.8,,,,,"684,272,012","6,897,951",,,,"239,634,640",,,,,,,,,,,,0
Let The Light In (feat. Father John Misty),Did you know that there's a tunnel under Ocean Blvd,Lana Del Rey,3/10/2023,GBUM72206754,"3,932",21.5,"240,686,521","33,016","33,841,199",75.0,"21,619",626,"159,400","53,743,157","349,168,412",,3.0,"2,028",22,13.0,"499,463",5.0,"912,274","2,652","149,385","632,580",,0
Blood Sweat & Tears,You Never Walk Alone,BTS,2/13/2017,KRA381700240,"4,201",20.6,"563,366,391","4,227","1,081,064",43.0,"1,138,081,643","19,259,795","145,400","44,951,221","247,725,561","127,694,240",3.0,,,1.0,"187,370",,,,,"1,045,304",,0
i am not who i was,i am not who i was - Single,Chance Peï¿½,9/21/2023,QZTPX2322912,"2,910",25.8,"188,215,390","24,322","21,529,351",,"3,624,497",,"6,448","2,220,665","21,944,041","29,364,635",6.0,"1,022",217,3.0,"1,026,164",,"9,796,656",668,,"222,417",,0
"BIG BANK (feat. 2 Chainz, Big Sean, Nicki Minaj)","Big Bank feat. 2 Chainz, Big Sean, Nicki Minaj",YG,5/25/2018,USUM71807398,"4,368",20.1,"370,693,139","52,213","12,089,613",56.0,"354,158,650","2,481,689","53,260","4,933,472","36,764,105","7,138,330",54.0,"30,350",32,2.0,"2,698",13.0,"189,684,107","120,848",,"3,017,513",,1
Chichiquetere,Chichiquetere,HCTM,8/6/2022,SGB502231965,"1,017",47.6,"1,858,478",581,"37,113",28.0,"163,462","3,981","5,101,153","88,338,099","1,420,793,896",,,23,,,,,,,,"49,225",,0
Flooded The Face,Pink Tape,Lil Uzi Vert,6/30/2023,USAT22306846,"1,885",33.4,"125,102,655","54,044","18,974,212",66.0,"7,154,684","115,132","6,550","1,263,286","9,831,629","174,647,301",26.0,,,4.0,"20,831",1.0,"502,164","1,157",,"207,467",,1
Boys,Boys,Charli xcx,7/26/2017,GBAHS1700564,"4,461",19.7,"180,051,347","22,760","6,840,979",52.0,"14,546,112","287,534","6,756,868","92,473,025","985,761,413","114,195",3.0,"4,789",29,19.0,"194,910",11.0,"1,056,419","13,040","241,956",,,0
Heartless,Heartless,The Weeknd,11/27/2019,USUG11904007,"1,486",38.0,"975,754,682","137,196","28,066,964",73.0,"222,977,264","2,542,926","52,181","30,592,047","210,080,661","217,215,456",99.0,"105,042",155,36.0,"287,898",25.0,"108,935,183","44,668","19,179,795","2,433,408",,1
UN DIA (ONE DAY) (Feat. Tainy),UN DIA (ONE DAY) (Feat. Tainy),J Balvin,7/24/2020,QZM5U2000001,"1,629",36.3,"828,608,384","93,376","34,702,149",64.0,"459,178,965","3,337,302","46,200","6,399,410","54,201,520","40,019,408",179.0,"75,061",2,82.0,"1,285,443",62.0,"54,579,742","22,058","618,654","3,931,607",,0
Heartbreak Anniversary,HEARTBREAK ANNIVERSARY,Giveon,2/21/2020,USSM12000998,665,59.1,"1,157,206,056","189,404","63,215,005",75.0,"158,131,164","1,488,878","1,833,826","426,830,431","3,272,868,374","29,873",191.0,"209,890",255,58.0,"1,276,396",43.0,"77,600,589","71,185","29,746,145","6,963,195",,0
Mil Veces,Mil Veces,Anitta,10/20/2023,USUG12307259,"4,070",21.1,"58,594,676","4,863","7,797,990",,"51,423,861","642,905","161,312","47,894,998","539,493,388","81,965,895",16.0,"8,512",,34.0,"952,107",25.0,"140,407",124,,"163,905",,0
I love you,I love you,Dadju,12/8/2023,FR8FB2328300,"2,247",30.2,"70,592,513","10,432","9,086,026",63.0,"30,034,889","219,547",,,,"236,171,714",25.0,"25,849",,25.0,"16,463,650",24.0,"1,984",7,,"1,203,361",,0
happier,SOUR,Olivia Rodrigo,5/21/2021,USUG12101247,"1,015",47.7,"1,133,535,049","116,055","29,173,011",79.0,"352,845,171","3,883,946","722,581","472,933,333","3,266,081,830","326,868,389",56.0,"20,348",,11.0,"193,230",11.0,"34,992,093","44,126",,"1,970,544",,1
Teenage Dream,Teenage Dream,Stephen Dawes,6/2/2022,USDA12202749,"1,578",36.9,"170,404,957","31,472","6,431,843",64.0,"35,509,290","602,329","3,024,434","111,461,479","960,222,096","106,270,694",1.0,125,,2.0,"1,978",,"98,951",343,,"600,114",,0
Supera,Sertanejo Para Danï¿½ï,Marï¿½ï¿½lia Mendo,3/5/2021,FR0Z50062905,"4,552",19.5,,2,4,,"580,802,207","3,484,299",,,,"468,797,231",,,,,,,,,,,,0
Scars To Your Beautiful,Know-It-All,Alessia Cara,11/13/2015,USUM71506811,"1,201",43.2,"1,422,563,654","129,568","38,951,634",71.0,"710,718,042","9,930,759","4,732,710","104,484,107","736,544,909","461,321,746",138.0,"171,774",288,39.0,"217,966",26.0,"462,206,026","174,621","19,565,726","113,684",,0
Sweetest Pie,Sweetest Pie - Single,Megan Thee Stallion,3/11/2022,QMCE32200232,"1,500",37.9,"359,563,711","50,913","44,666,984",64.0,"129,735,943","1,701,169","9,283","3,216,719","35,564,746","4,873,958,099",51.0,"276,136","1,460",26.0,"169,737",62.0,"23,711,164","9,159",,"1,702,634",,1
PLIS,PLIS,Camilo,2/6/2024,USSD12400017,"2,593",27.7,"37,814,314","2,461","22,699,959",,"21,688,661","208,161","202,354","19,478,404","336,367,149","185,050,927",11.0,"12,642",,27.0,"1,668,327",11.0,"821,286",112,,"117,790",,0
Siempre Pendientes,Siempre Pendientes,Peso Pluma,8/15/2022,QM6P42200426,"2,865",26.1,"395,739,041","34,865","14,461,323",69.0,"115,349,777","497,323","256,000","27,864,309","347,269,682",,18.0,651,,1.0,"4,087",9.0,"31,933,007","5,538",,"525,859",,1
WHERE SHE GOES,WHERE SHE GOES,Bad Bunny,5/18/2023,QM6P42334528,246,98.4,"717,849,037","98,440","37,797,217",72.0,"217,687,654","1,929,598","308,670","85,402,638","808,518,802","47,337,825",126.0,"57,673",125,35.0,"1,416,698",41.0,,,"4,037,512","2,076,698",,1
She Share Story,She Share Story,Shayne Orok,6/2/2020,QZHN52089091,"1,156",44.1,,"2,443","424,979",33.0,"238,798","10,479","10,715,800","2,844,924,215","33,201,904,006",,,1,,1.0,"3,316",,"12,694",,,,,0
I Can Do It With a Broken Heart,THE TORTURED POETS DEPARTMENT,Taylor Swift,4/18/2024,USUG12401040,267,95.0,"250,430,303","7,079","134,357,870",84.0,"16,747,466","251,549","148,000","52,156,902","411,722,900","45,283,900",72.0,"6,243",2,37.0,"8,927,842",76.0,"5,771,611","11,920",,"188,022",,1
Kini Ecko Pergi Meninggalkanku,Kini Ecko Pergi Meninggalkanku,Ecko Show,10/6/2022,IDA832200929,"3,917",21.6,"3,479,935",487,"24,227",29.0,"45,732,371","409,950","1,802,891","176,753,219","2,877,575,926",,,41,,,,,,,,"20,289",,0
2/Catorce,2/Catorce,Rauw Alejandro,2/14/2021,USSD12100059,"1,107",45.2,"534,981,600","92,466","17,067,105",64.0,"607,206,864","3,535,828","833,539","233,010,597","2,285,726,710","149,174,449",74.0,"9,184",,13.0,"245,959",32.0,"41,372,873","8,091",,"1,847,960",,1
Me Porto Bonito,Un Verano Sin Ti,Bad Bunny,5/6/2022,QM6MZ2214877,64,184.8,"1,811,990,630","173,358","67,603,671",79.0,"1,516,863,120","8,870,768","4,506,600","549,886,060","6,470,937,272","934,894,575",124.0,"77,120",327,44.0,"14,871,714",63.0,"111,324,744","39,123",,"3,393,920",,1
No Me Acuerdo,No Me Acuerdo,Thalia,6/1/2018,USSD11800192,"1,733",35.0,"367,530,155","32,622","11,307,517",60.0,"1,521,849,468","5,084,821","277,425","6,574,575","160,130,753","380,344,538",46.0,"15,503",,25.0,"51,160",31.0,"20,732,370","17,495",,"1,746,790",,0
Nï¿½ï¿½o Vou Nam,Nï¿½ï¿½o Vou Nam,DJ Ws da Igrejinha,1/19/2024,QZZEC2322612,"2,850",26.2,"73,192,291","7,800","40,120,103",79.0,"34,522,299","269,890",,,,"15,869,838",1.0,6,,24.0,"14,916,452",17.0,,,,"143,297",,1
Scream & Shout,Scream & Shout,will.i.am,11/20/2012,USUM71215597,"2,821",26.3,"767,661,283","177,756","49,961,171",72.0,"1,211,548,500","6,168,792","139,644","110,048,740","838,554,125","226,395,588",61.0,"16,967",32,41.0,"869,079",20.0,,,"2,747,437","16,187,949",,1
Waiting for the End,Papercuts,Linkin Park,4/12/2024,USWB12401899,"2,541",28.1,"160,127,218",5,55,,,,,,,,,,,,,,,,,"1,451,466",,0
cardigan,folklore,Taylor Swift,7/24/2020,USUG12002836,"1,458",38.4,"1,307,283,069","94,169","67,796,903",80.0,"250,157,022","3,792,791","1,470,630","374,412,871","2,941,268,049","280,717,147",131.0,"54,624",11,104.0,"361,732",85.0,"21,437,551","24,674",,"4,686,324",,0
PERSIAN RUGS,PARTYPACK,PARTYNEXTDOOR,10/16/2020,USWB12004216,"3,840",21.8,"113,153,819","35,421","6,478,459",65.0,"14,448,833","138,564","8,063","6,242,856","47,272,619",,21.0,63,37,3.0,"1,596",7.0,"1,376,205","1,855","48,659,667","97,523",,1
Look At Me!,Look At Me!,XXXTENTACION,2/20/2017,USUYG1131080,"1,864",33.7,"1,432,465,000","178,342","32,522,476",75.0,"529,846,128","11,029,532","3,523,215","235,606,523","2,685,984,395","2,295,267",36.0,317,,8.0,"197,216",3.0,,,,,,1
ýýýýýýýý ýýýýýýýýýý - ýýýýýýýýýý,ýýýýýýýý ýýýýýýýýýý - ýýýýýýýýýý - Single,DJW9,5/16/2023,QZK6L2307991,"3,303",23.9,,8,55,,"230,878,707","1,434,387",,,,"5,869,394",,357,,,,,,,,"42,191",,0
Quiere Beber,Real Hasta la Muerte,Anuel AA,7/17/2018,QM6MZ1820540,"3,065",25.0,"432,365,949","52,014","11,084,284",66.0,"754,077,455","3,984,464","41,400","3,608,721","34,316,786","20,459,277",23.0,7,,15.0,"223,753",10.0,"154,181,434","26,019",,"1,717,726",,0
Playa Del Inglï¿½,Playa Del Inglï¿½ï¿½s - Si,Quevedo,12/15/2022,ES5152201707,"1,227",42.7,"347,558,532","68,744","34,228,107",67.0,"151,166,424","705,558","99,164","14,984,269","323,188,246","6,739,337",18.0,"18,093",9,19.0,"264,043",27.0,"503,289",244,"90,739","687,719",,0
Laxed (Siren Beat),Laxed (Siren Beat),Jawsh 685,4/24/2020,USSM12002399,104,150.5,"61,382,407","7,240","1,708,319",43.0,"9,977,490","201,210","37,726,462","9,239,474","147,837,262",,15.0,"10,152",,5.0,"59,317",1.0,,,,"3,819,161",,0
Cat Partying (TikTok Sped Up) - Remix,Cat Partying (TikTok Sped Up) [Remix],Music Factory,3/20/2023,ARIXB2303741,"2,826",26.3,"2,368,578","1,128","61,944",,,,"1,900,000","12,239,089","196,993,859",,,,,,,,,,,,,0
So Far Away,So Far Away,Down Time,7/22/2022,QZK6L2235624,"3,158",24.5,"29,375",43,"3,952",1.0,"410,777,646","4,011,926",,,,"52,318",,2,,,,,,,,,,0
Ballin' (with Roddy Ricch),Perfect Ten,Mustard,6/28/2019,USUM71911808,502,68.7,"907,346,612","200,091","36,757,073",69.0,"372,311,322","3,400,085","145,147","27,666,027","245,290,801","39,893,642",91.0,644,34,15.0,"102,131",7.0,"161,252,380","131,927","124,054,000","5,562,800",,1
Hecha Pa' Mi,Mas Negro Que Rojo,Boza,7/31/2020,USSD12000196,"1,797",34.3,"627,556,563","87,091","25,572,110",67.0,"315,121,318","1,921,904","1,957,950","109,942,926","829,202,200","17,231,013",110.0,"31,933",93,30.0,"322,638",12.0,"1,524,695","1,786",,"1,608,693",,0
Country Girl (Shake It For Me),Tailgates & Tanlines,Luke Bryan,1/1/2011,USCN11100078,"4,530",19.6,"464,203,349","69,767","12,116,553",70.0,"192,327,944","1,072,108","105,583","24,892,738","136,935,165","161,542,927",45.0,"99,018",141,3.0,106,24.0,"514,853,161","931,824","1,017,184","2,256,949",,0
Akher Yawm,Akher Yawm - Single,Ghaliaa,8/7/2023,SGW502328333,"2,109",31.4,"447,624",133,"28,248",29.0,"20,172",453,"1,600,000","23,539,380","479,314,735",,,7,,,,,,,,"42,579",,0
Espresso,Espresso,Sabrina Carpenter,4/11/2024,USUM72404979,861,52.4,"536,986,458",637,"1,907,453",,,,,,,,29.0,,,3.0,"157,807",1.0,,,"22,436",,,0
Overseas,Overseas,D-Block Europe,11/18/2021,GB2DY2100828,"2,086",31.6,"216,354,398","90,545","5,425,432",64.0,"92,356,896","647,095","27,652","13,161,166","148,927,892","33,939,271",14.0,"5,281",10,4.0,"9,626",11.0,"38,951",275,"12,328,599","1,065,136",,1
Thought You Should Know,Thought You Should Know,Morgan Wallen,5/6/2022,USUG12202977,906,50.7,"340,227,841","40,523","6,267,614",73.0,"137,384,524","667,467","16,626","4,371,872","28,018,314","196,339,404",18.0,"263,301",32,1.0,71,13.0,"215,914,717","34,298","4,421,163","857,184",,1
GODS,GODS,League of Legends,10/4/2023,QZH6S1900802,"1,621",36.4,"147,487,181","22,912","7,213,431",,"87,715,392","1,215,752",,,,"608,010,787",3.0,,,1.0,538,2.0,"1,091,406",486,,"268,378",,0
Deja Vu,minisode 3: TOMORROW,TOMORROW X TOGETHER,4/1/2024,USA2P2408081,832,53.2,"75,894,056","2,524","11,857,367",84.0,"70,842,688","1,388,774",,"14,529,171","59,546,295","48,470,843",9.0,290,52,5.0,"295,059",21.0,"348,004",177,,"113,020",,0
Sequï¿½ï¿½ncia da,Sequï¿½ï¿½ncia da,TRASHXRL,5/8/2023,SGB502370315,358,80.8,"148,630,357","22,962","19,586,200",33.0,"61,652,249","723,007","3,757,654","145,382,546","2,299,851,479","1,136,738",3.0,1,,,,5.0,"42,656",,"5,607,466","423,570",,1
Freak (feat. REI AMI),Thrill Seeker,Sub Urban,3/13/2020,USWB12000170,"3,652",22.4,"193,103,080","47,712","8,225,689",62.0,"282,087,862","4,970,570","1,349,437","175,447,722","1,526,797,371","15,573,122",5.0,"2,357",,2.0,"5,607",,"31,549,388","29,235",,"1,359,388",,0
HARLEY QUINN,HARLEY QUINN - Single,Fuerza Regida,10/18/2023,QZ9QQ2300781,301,87.7,"462,284,590","31,617","36,745,154",84.0,"110,545,167","325,395","911,100","169,601,790","1,947,539,058","184,602,581",41.0,"13,786",721,46.0,"7,896,597",39.0,"14,745,087","13,732","233,125","1,075,943",,1
Lost on You,Lost On You,LP,3/24/2016,QMRSZ1501406,998,48.1,"837,042,727","127,522","22,902,207",70.0,"2,265,062,550","13,313,083","87,300","31,874,280","239,446,479","220,914,117",80.0,"80,796",,105.0,"511,599",13.0,"4,454,935","23,901",,"16,431,621",,0
EL BARCO,EL BARCO,KAROL G,3/25/2021,USUM72023902,"1,780",34.5,"304,116,211","21,517","8,048,081",72.0,"692,863,553","2,439,195","186,881","13,802,946","184,413,760","716,282,244",32.0,"5,957",105,10.0,"2,012,566",14.0,"47,500,299","14,392",,"701,730",,0
Bad Liar,Bad Liar,Imagine Dragons,11/6/2018,USUM71816161,938,49.8,"1,056,929,910","134,812","31,112,950",74.0,"908,433,462","8,291,217","1,429,594","181,729,752","2,058,078,137","1,802,807,851",54.0,"118,378",37,31.0,"384,519",12.0,"130,853,305","106,853",,"11,123,506",,0
Hymn For The Weekend - Seeb Remix,A Head Full Of Dreams,Coldplay,12/4/2015,GBAYE1600763,"1,429",38.9,"652,636,187","66,904","13,714,193",62.0,"2,311,416,671","17,336,274","63,700","14,723,222","176,024,075","367,311,169",64.0,"11,349",,228.0,"416,578",1.0,"65,522,469","19,539",,"2,288,631",,0
"Apna Bana Le (From ""Bhediya"")","Apna Bana Le (From ""Bhediya"")",Arijit Singh,11/5/2022,INZ031411736,757,55.8,"250,599,391","19,757","12,938,935",66.0,"642,774,625","4,620,243",,,,"2,903,846",27.0,"1,266",,1.0,"1,097",10.0,,,,"476,013",,0
Like That (feat. Gucci Mane),Hot Pink,Doja Cat,11/7/2019,USRC11902288,"1,405",39.5,"510,302,007","74,416","19,414,789",66.0,"459,871,445","4,568,451","2,547,877","236,793,401","1,918,118,365","36,132,882",69.0,225,89,22.0,"84,411",11.0,"62,486,526","58,814","16,479,480","3,413,408",,1
Good To Be,Good To Be,Mark Ambor,10/17/2023,QM24S2307335,"4,192",20.6,"81,632,951","14,438","9,855,635",,"10,815,357","155,660","6,047","4,287,181","42,031,379",,6.0,"13,292",,13.0,"137,275",1.0,"69,038",117,,"500,124",,0
When You're Gone,When You're Gone,Shawn Mendes,3/31/2022,USUM72204098,"1,562",37.1,"323,292,046","40,626","21,320,097",71.0,"65,239,480","885,533","19,442","13,233,315","190,197,488","2,968,059,535",52.0,"344,312",799,20.0,"676,487",35.0,"35,572,076","4,298",,"2,143,760",,0
"Sex, Drugs, Etc.",Chit Chat,Beach Weather,11/4/2016,TCACS1642138,"3,731",22.2,"818,926,915","160,628","48,988,304",77.0,"85,879,643","1,119,551","124,365","62,671,433","478,999,463","145,296",37.0,"127,903",278,36.0,"344,006",40.0,"4,397,971","6,056","9,460,095","3,388,780",,0
Ruper Jadu,Ruper Jadu,Alvee,5/3/2022,FR96X2235010,"4,299",20.3,"551,388",109,"15,834",19.0,"233,792","1,334","2,506,536","38,397,792","485,996,018",,,,,,,,,,,"22,303",,0
Low Down,My Turn (Deluxe),Lil Baby,2/28/2020,USUG12000088,"3,191",24.4,"241,293,946","87,019","13,919,499",70.0,"54,454,355","416,677","22,428","10,288,605","80,675,570",,29.0,,,3.0,"292,033",,"57,295,689","12,251","28,554,045","1,370,229",,1
Chasing Game,Various Worldwide IV,Nick Hanzo,7/1/2022,DEH742211994,"3,946",21.5,,1,80,,"377,233,092","352,337",,,,"2,971,609",,11,,,,,,,,18,,0
WANDA,DONDE QUIERO ESTAR,Quevedo,1/20/2023,BK4DA2215298,"3,184",24.4,"306,952,759","43,759","12,814,377",68.0,"32,391,738","149,460","51,615","9,029,882","101,766,021","485,245",8.0,"3,480",322,5.0,"38,775",10.0,"808,749",171,,"320,412",,0
What Happened To Virgil (feat. Gunna),7220,Lil Durk,3/11/2022,USQX92200954,"1,179",43.7,"144,889,291","63,045","7,698,742",59.0,"98,375,891","844,144","96,486","68,284,710","515,213,856","65,793,712",31.0,"131,447",726,3.0,"245,510",13.0,"20,715,332","10,912","27,110,567","1,047,166",,1
Halloween,Halloween,Blood Dance,10/6/2022,CAENV2255241,"2,534",28.2,"7,332",45,"1,692",2.0,"416,430,705","7,483,560",,,,,,1,,,,,,,,152,,0
SugarCrash!,SugarCrash!,ElyOtto,8/25/2020,TCAFB2092742,"1,529",37.6,"364,210,672","81,556","11,888,277",63.0,"55,994,716","1,363,987","4,717,639","2,021,221,164","18,762,950,045","608,899",32.0,286,418,10.0,"45,435",5.0,"5,388,474","17,674",,"3,395,161",,1
Souk,Souk,Samara,5/6/2024,LBA0H2009248,"4,145",20.8,"1,477,559",107,"794,717",,"17,185,672","182,233",,,,,2.0,1,,1.0,"62,559",,158,,,"27,583",,1
The Box,Please Excuse Me For Being Antisocial,Roddy Ricch,12/6/2019,USAT21906978,109,146.6,"1,911,559,785","317,345","87,765,033",78.0,"441,257,231","4,829,633","4,930,490","561,201,008","4,574,447,121","2,077,511",255.0,"296,948",181,138.0,"555,650",28.0,"295,741,432","633,414","168,458,097","11,988,760",,1
Do It,VULTURES 1,Kanye West,2/9/2024,QZ7XS2400007,"3,503",23.0,"58,509,914","11,523","11,610,664",,"971,307","26,740",,"7,537,500","62,692,000",,3.0,"2,925",,,,,,,,"92,765",,1
DARARI,THE SECOND STEP : CHAPTER ONE,TREASURE,2/15/2022,KRA402100151,"1,396",39.7,"224,285,122","23,891","5,328,396",63.0,"171,821,740","3,263,544","3,250,466","181,066,454","1,829,158,410","11,752,273",9.0,"8,636",23,,,8.0,"75,877",144,,"869,565",,0
Danza Kuduro - Cover,YOUGAKU MORIMORI CLUB MEDLEY,MUSIC LAB JPN,4/29/2024,TCJPA2420090,59,190.0,"1,655,575,417",1,3,,,,,,,,,,,,,,,,,,,1
Laxed ï¿½ï¿½ï¿½ Sire,Laxed (Siren Beat),Jawsh 685,4/24/2020,NZAM02001128,77,168.9,,"10,230","1,142,937",,"12,489,728","339,414","42,900,000","919,945,708","12,221,514,692",,,,,,,,"5,678,792",,,,,0
I Know,I Know,Kanii,3/10/2023,USWB12300650,"3,914",21.6,"49,939,720","15,725","2,639,765",54.0,"48,845,907","743,713","450,203","228,122,883","1,646,887,640","86,475,705",4.0,178,"1,056",4.0,"129,006",3.0,"232,181","1,034","2,940,190","510,234",,1
positions,positions,Ariana Grande,10/23/2020,USUM72019412,368,80.0,"1,432,830,108","139,215","53,934,095",74.0,"778,340,255","10,401,273","1,268,910","254,276,140","1,984,520,688","1,958,337,600",283.0,"599,336",639,43.0,"242,610",50.0,"90,015,866","39,920",,"3,299,253",,1
El Tsurito,El Tsurito,Junior H,4/7/2023,QZ9QQ2300262,"1,741",35.0,"257,812,063","24,070","9,835,143",69.0,"185,512,305","813,988","62,900","9,583,585","80,538,339",,18.0,2,,6.0,"1,432,631",6.0,"8,526,077","1,218",,"391,732",,1
vampire,vampire,Olivia Rodrigo,6/30/2023,USUG12305004,781,54.8,"997,536,616","5,268","1,949,130",1.0,,,,,,,48.0,"301,028",,2.0,"18,375",2.0,,,,,,0
Aullando,"Los Campeones del Pueblo ""The Big Leagues""",Wisin & Yandel,12/14/2018,USSD11800386,"3,403",23.5,"407,025,386","32,596","12,353,977",62.0,"742,853,552","2,408,323","41,816","1,175,713","16,922,902","116,399,134",31.0,"8,549",51,11.0,"177,733",11.0,"87,201,744","19,602",,"1,862,363",,0
Can I Call You Tonight?,Can I Call You Tonight?,Dayglow,1/26/2018,TCADL1825079,"3,930",21.5,"596,164,214","158,639","32,332,004",71.0,"207,640,042","2,700,851","71,731","26,297,718","155,192,084","12,234,172",30.0,"4,664",125,10.0,"121,871",5.0,"15,042,745","10,453",,"2,303,064",,0
Send My Love (To Your New Lover),25,Adele,11/20/2015,GBBKS1500215,"2,234",30.3,"1,064,599,051","89,443","24,441,546",66.0,"997,993,764","6,246,988","66,520","38,824,727","261,382,201","1,677,484,200",116.0,"19,122",108,37.0,"295,349",18.0,"420,137,717","93,772",,"8,268,701",,0
Ya Acabo,"DEV, Vol. 2",Marca MP,2/19/2021,QZFZ62111678,"1,916",33.1,"340,744,110","34,114","13,462,017",65.0,"616,701,633","3,072,699","148,099","24,444,067","229,127,001","16,616,564",8.0,"3,944",328,3.0,"178,476",9.0,"79,403,159","20,882",,"1,239,032",,0
THUNDER Y LIGHTNING,nadie sabe lo que va a pasar maï¿½ï¿,Bad Bunny,10/13/2023,QMFME2364198,"2,988",25.5,"96,595,281","22,799","6,473,640",,"23,983,245","280,298",,,,,12.0,319,,,,11.0,"2,420,053",347,,"125,371",,1
Tiroteo - Remix,Tiroteo (Remix),Marc Seguï¿,4/1/2021,USWL12100143,"1,288",41.5,"654,941,874","83,163","29,637,614",75.0,"556,407,060","2,672,779","97,077","17,542,951","187,609,192","19,169,168",65.0,"26,498",15,34.0,"347,762",22.0,"335,231","2,375","457,443","2,646,335",,0
ANDO,ANDO,Jere Klein,9/27/2023,QMDA72363047,122,139.0,"292,789,738","28,591","30,905,957",72.0,"406,307,035","809,942","1,900,606","68,341,852","872,862,858","1,969,191,415",11.0,"1,754",,15.0,"8,391,160",1.0,"764,473","5,168",,"1,195,337",,1
Ex's & Oh's,Love Stuff (Japan Version),Elle King,1/1/2014,USRC11401950,"4,466",19.7,"501,915,477","87,258","27,223,463",66.0,"317,068,971","2,821,803","45,257","5,759,482","29,687,816","14,824,786",119.0,"114,659",240,36.0,"78,076",26.0,"351,130,418","154,550","9,884,534","11,012,948",,0
8am in Charlotte,For All The Dogs,Drake,10/6/2023,USUG12306082,"2,207",30.5,"81,093,233","34,004","4,164,888",,"4,234,309","51,965","17,500","1,977,355","17,415,834",,7.0,401,1,3.0,"135,946",,"391,257",932,,"385,268",,1
Baller,Baller,Shubh,9/9/2022,QMBZ92275950,"4,211",20.6,"261,975,922","21,887","4,773,032",66.0,"134,202,748","1,512,168","199,453","8,277,557","146,849,902","4,244,389",14.0,512,,,,2.0,"28,352",43,,"240,426",,0
Cupido,Cupido,TINI,2/14/2023,USHR12245118,905,50.7,"358,240,136","35,751","23,674,275",70.0,"216,226,939","844,073","827,378","189,261,300","2,253,379,250","20,052,884",42.0,"33,335",317,33.0,"444,294",77.0,"243,118",294,,"556,867",,0
Save Your Tears - Live,After Hours (Live At SoFi Stadium),The Weeknd,3/3/2023,USUG12301493,125,137.7,"3,913,988",545,"1,054,122",40.0,"1,577,017,938","9,304,666",,,,"2,651,764,724",,25,,,,,"5,260",,,,,1
El Amante,El Amante,Nicky Jam,1/1/2017,USSD11600415,"1,870",33.6,"583,299,836","52,696","14,027,229",64.0,"1,463,687,327","4,556,113","206,254","7,981,083","107,045,562","279,080,167",52.0,"15,341",82,32.0,"318,807",33.0,"196,553,476","74,725",,"5,312,033",,0
ASI ES LA VIDA,ASI ES LA VIDA,Enrique Iglesias,9/28/2023,USSD12300536,"1,254",42.3,"123,776,123","11,830","22,722,898",,"144,081,808","854,410","135,600","3,931,596","80,775,271","258,781,688",36.0,2,,34.0,"1,435,593",27.0,"5,728,517","1,038",,"985,508",,0
Fire On Fire,Fire On Fire,Sam Smith,12/21/2018,GBUM71807533,"2,900",25.9,"697,834,321","85,430","22,166,821",70.0,"408,377,555","3,474,229","845,344","162,079,342","1,362,132,192","462,620,095",23.0,"3,131",,11.0,"104,452",9.0,"39,317,515","45,186",,"4,296,434",,0
Swimming Pools (Drank),"good kid, m.A.A.d city (Deluxe)",Kendrick Lamar,1/1/2012,USUM71207642,"3,227",24.2,"731,646,994","157,106","24,325,603",75.0,"149,345,457","1,143,981","40,220","10,917,801","87,387,158","395,108",62.0,126,21,27.0,"47,780",14.0,"665,742,058","753,880",,"6,577,435",,1
Besos Moja2,Besos Moja2,Wisin & Yandel,9/29/2022,USSD12200829,"1,176",43.8,"416,361,102","48,450","23,910,344",69.0,"251,373,932","911,711","460,773","158,067,701","1,931,498,021","6,946,855",42.0,"35,473",26,25.0,"555,110",47.0,"9,511,526",888,,"739,386",,0
Jai Jai Shivshankar (The Unwind Mix),The Unwind Mix,Benny Dayal,5/7/2022,INY092200047,"2,945",25.7,"6,355",1,12,,"490,930,106","2,737,821",,,,"1,252,385",,,,,,,,,,,,0
Chase It (Mmm Da Da Da),Chase It (Mmm Da Da Da),Bebe Rexha,5/17/2024,USWB12401323,"3,995",21.3,"6,958,248","1,226","59,656,421",,"2,816,970","81,956",,184,"4,881","78,719,562",32.0,"3,635",102,25.0,"1,379,653",70.0,"339,888",63,"26,930","49,922",,0
Kings & Queens,Kings & Queens,Ava Max,3/12/2020,USAT21906943,440,73.4,"955,439,608","130,031","24,897,061",73.0,"627,987,518","6,208,902","2,483,437","192,674,077","2,036,664,297","2,083,362,305",175.0,"668,145","1,183",123.0,"2,128,228",40.0,"154,195,791","77,421",,"8,517,243",,0
Say It,Say It,Tory Lanez,7/31/2015,USUM71510633,"2,447",28.8,"510,138,748","83,010","18,881,944",70.0,"486,163,241","3,542,793","44,861","11,918,324","63,978,184","46,059,609",76.0,"7,357",18,58.0,"25,377",3.0,"345,673,337","167,125","70,720,994",,,1
Empire State Of Mind,The Blueprint 3,JAY-Z,9/8/2009,USJZ10900031,"4,231",20.5,"1,021,647,566","253,182","78,527,028",77.0,"608,425,147","4,576,133","70,684","21,707,894","179,539,671","22,687,602",139.0,"2,996",,77.0,"1,163,334",43.0,,,,"13,107,981",,1
Tuesday (feat. Drake),Tuesday (feat. Drake),ILOVEMAKONNEN,9/1/2014,USWB11402508,"2,912",25.8,"242,892,279","50,948","9,808,482",56.0,"11,099,856","107,229","66,764","15,206,207","106,882,417","75,417",6.0,30,,5.0,"2,005",15.0,"395,833,412","482,127","105,948,813","1,544,862",,1
"yes, and?","yes, and?",Ariana Grande,1/12/2024,USUM72400101,"1,320",41.0,"416,813,996","2,906","4,683,812",,,,,,,,47.0,"81,358",,8.0,"4,878,007",,,,,,,0
Area Codes,Area Codes,Kaliii,3/17/2023,USAT22301942,"1,220",42.8,"228,240,866","33,819","27,729,274",68.0,"71,928,705","887,392","431,192","122,679,145","1,249,845,764","501,704,711",37.0,"90,410","1,642",5.0,"60,728",33.0,"16,590,391","20,001",,"1,338,659",,1
GATTI,JACKBOYS,JACKBOYS,12/27/2019,USSM11915307,"3,033",25.2,"415,532,384","143,461","18,462,768",67.0,"182,358,671","2,007,300","47,600","15,330,245","130,747,276","3,244,559",26.0,"1,104",2,14.0,"167,567",3.0,"17,429,773","9,449",,"855,833",,1
Tusa,Tusa,KAROL G,11/7/2019,USUM71921183,323,85.2,"1,497,511,486","157,185","59,187,880",68.0,"1,816,772,749","12,498,062","1,636,079","39,086,388","414,336,041","458,694,827",232.0,"150,990",111,256.0,"1,274,272",83.0,"104,611,041","127,399",,"7,663,807",,0
Double Fantasy (with Future),Double Fantasy,The Weeknd,4/21/2023,USUG12302627,"2,597",27.7,"180,940,067","36,631","14,272,823",66.0,"51,093,878","753,208","4,000","5,091,663","47,997,951","12,311,591",31.0,"8,147",27,10.0,"290,434",11.0,"6,271,165","1,216","1,442,615",,,1
"Lose Yourself - From ""8 Mile"" Soundtrack",8 Mile,Eminem,10/29/2002,USIR10211559,"2,222",30.4,"2,194,935,773","345,119","97,808,878",75.0,"1,360,758,976","9,892,246","69,588","1,476,678","20,114,190","339,086,425",252.0,"166,938",,127.0,"3,101,373",75.0,"804,134,471","703,535",,"10,419,522",,1
Every Summertime,Every Summertime,NIKI,8/10/2021,USUM72114018,"2,346",29.5,"383,171,089","60,923","13,164,145",70.0,"88,319,558","994,946","1,733,862","271,687,291","2,493,175,114","511,367",26.0,"27,116",172,4.0,"7,021",5.0,"165,874",942,,"979,445",,0
Toxic Pony,Toxic Pony (feat. Britney Spears & Ginuwine),ALTï¿½ï,1/21/2022,USRC12200203,"2,783",26.6,"103,232,015","33,577","15,250,725",60.0,"9,695,261","155,015","2,254,200","271,083,554","2,866,098,547",,13.0,"23,216",73,6.0,"35,415",6.0,"6,187,775","3,305",,"575,418",,0
Diva Yorgun,Diva Yorgun,Melike ï¿½ï¿½,6/16/2023,TRBYM2000179,"2,574",27.9,"62,458,329","7,526","1,713,723",58.0,"167,062,542","417,472","11,529","693,244","25,252,458","297,624,271",10.0,"18,186",,2.0,"1,346",,,,,"412,905",,0
Lean Wit Me,Lean Wit Me,Juice WRLD,5/22/2018,USUG11800945,"1,001",47.9,"880,781,313","137,341","29,154,307",72.0,"432,457,883","3,689,786","28,508","3,880,481","33,981,823","5,946,423",21.0,835,113,10.0,"71,637",2.0,"59,762,272","55,696","120,023,575","934,193",,1
Me Too,Me Too,Meghan Trainor,5/5/2016,USSM11601177,"3,105",24.8,"486,842,946","65,826","16,050,737",67.0,"93,314,560","723,960","4,910,294","171,559,644","1,329,533,689",,66.0,"6,482",51,15.0,"15,966",10.0,"231,880,238","187,575",,"7,376,713",,0
Numb,Numb,Marshmello,6/10/2022,USRC12202117,"1,219",42.9,"401,066,217","70,661","51,920,160",69.0,"54,641,192","657,641",420,"8,253","172,191","2,605,082,758",79.0,"196,397","2,585",51.0,"1,008,113",59.0,"68,018,763","12,536","1,226,486","2,292,241",,0
GoodSin,Avana - EP,Olivetheboy,4/21/2023,TCAGY2352982,"2,802",26.5,"9,513,971","1,470","136,347",,"17,460,383","97,768","1,626,005","17,984,432","262,199,462",,5.0,"1,405",,,,,,,,,,1
My Heart Goes (La Di Da),Only Honest On The Weekend,Becky Hill,8/20/2021,GBUM72102422,"3,736",22.2,"300,361,628","57,447","23,619,962",63.0,"73,752,014","482,554","3,082","633,965","11,785,929","18,021,243",94.0,"104,475",25,47.0,"408,539",46.0,"11,794,498","1,503",,"1,988,562",,0
if u think i'm pretty,if u think i'm pretty,Artemas,10/24/2023,QZTB92397158,"1,212",43.0,"219,995,278","26,538","17,112,526",78.0,"25,556,375","392,029","277,500","83,793,501","561,266,399","17,454,770",18.0,"1,072",42,12.0,"129,691",10.0,"284,934",750,,"757,462",,1
bad,0.1 flaws and all.,wave to earth,4/20/2023,KRA252300807,"4,377",20.0,"140,228,805","21,115","10,469,203",70.0,"48,488,768","452,737","139,570","37,369,800","260,750,327",,8.0,"2,539",,1.0,"1,762",,"10,408",,,"190,480",,0
Angel Numbers / Ten Toes,11:11,Chris Brown,11/10/2023,USRC12302900,419,75.1,"179,565,178","40,225","15,526,253",75.0,"41,976,731","479,163","273,400","36,593,416","451,763,725","514,925,755",54.0,"5,615",,25.0,"454,601",9.0,"3,470,078","3,794","4,120,249","2,788,317",,1
Delicate,reputation,Taylor Swift,11/10/2017,USCJY1750007,"2,885",26.0,"987,770,768","58,856","33,732,271",75.0,"593,364,271","4,837,607","33,676","20,092,439","130,537,420","78,802,662",81.0,"139,497",30,17.0,"234,356",55.0,"168,036,238","64,405",,"3,928,542",,0
Beautiful Things,Beautiful Things,Benson Boone,1/18/2024,USWB12307016,7,407.2,"900,158,751","73,118","201,585,714",86.0,"308,723,145","4,120,760",,"29,584,940","534,915,313","4,601,579,812",280.0,"383,478",429,168.0,"48,197,850",154.0,"65,447,476","57,372",,"9,990,302",,0
APAGA EL CEL,APAGA EL CEL - Single,FloyyMenor,5/17/2024,QZMWW2484259,929,50.0,"33,245,898","2,343","69,471,936",78.0,"15,755,338","203,277",,,,"33,968,779",8.0,48,,3.0,"821,777",17.0,"18,555",27,"110,406","171,732",,1
Chulo pt.2,Chulopt2,Bad Gyal,6/22/2023,USUM72305143,438,73.6,"318,567,928","42,351","29,908,589",69.0,"313,180,496","1,792,729","263,600","102,425,830","797,526,303","511,333,068",43.0,"16,430",17,28.0,"608,263",45.0,"2,065,718","1,938","937,320","857,885",,1
CRAZYZ,Pa las Baby's Y Belikeada,Fuerza Regida,10/20/2023,QZ9QQ2300772,"1,314",41.1,"202,633,616","12,683","18,918,954",78.0,"117,472,301","623,131",,"172,878","1,541,896","84,907,151",11.0,19,,14.0,"1,870,596",7.0,"8,147,122","2,211",,"564,296",,1
Avalon,Avalon,$uicideboy$,5/21/2021,QZAPK2000176,"3,723",22.2,"204,669,341","54,797","3,940,409",65.0,"49,001,959","441,894","17,568","4,312,773","49,284,460","65,798,617",2.0,14,,,,,"4,218,125","3,630","21,572,723","288,456",,1
Lullaby - BadWolf Remix,Lullaby (BadWolf Remix),TR-MEET,3/24/2023,DEEE72301691,"2,213",30.4,"18,204",113,"5,777",10.0,"327,499,400","256,952",,,,,,1,,,,,,,,964,,0
Friends,FRIENDS,Marshmello,2/9/2018,GBAHS1800051,"1,869",33.6,"1,436,709,386","1,231","419,951",31.0,"1,548,579,253","15,340,302",,,,"279,747,036",32.0,"74,968",,1.0,"2,711",,,,"4,037",,,0
Alkool,Alkool,Melinda Ademi,4/15/2024,GX7852400218,"4,227",20.5,"1,761,843",311,"304,790",,"26,145,236","114,630",,,,,1.0,,,,,,,,,"20,972",,0
LOYALTY. FEAT. RIHANNA.,DAMN.,Kendrick Lamar,4/14/2017,USUM71703086,"4,380",20.0,"669,703,929","101,138","18,743,066",73.0,"234,757,944","2,316,992",40,"10,010","73,180","186,613,935",159.0,"5,783",,37.0,"147,634",24.0,"234,306,133","67,483","4,369,805","2,302,809",,1
REACT,REACT,Switch Disco,1/13/2023,GBARL2202525,"2,138",31.1,"137,897,920","26,625","54,204,917",69.0,"61,438,933","366,832","7,625","1,462,045","33,714,095","149,081,593",73.0,"122,035",7,56.0,"995,516",23.0,"23,180",59,"2,184,490","1,621,052",,0
Circo Loco,Her Loss,Drake,11/4/2022,USUG12208606,"2,077",31.6,"201,467,069","74,719","15,970,383",65.0,"20,937,003","225,873","21,780","12,829,866","119,899,800",,25.0,1,633,5.0,"139,795",8.0,"31,344,634","4,389",,"765,958",,1
Are You Entertained (feat. Ed Sheeran),Are You Entertained (feat. Ed Sheeran),Russ,7/22/2022,QZQAY2214416,"3,135",24.6,"65,786,757","28,190","2,251,668",56.0,"27,754,329","216,369","1,402,413","11,252,716","203,863,372","105,632,102",2.0,"9,490",493,3.0,"15,604",,"17,597,340","1,904",,"242,217",,1
Turbo S,PISTOLER POESI OCH SEX,Yasin,2/28/2023,SE5752322602,"1,416",39.2,"2,109,876","1,764","32,374",33.0,"435,442,321","3,682,385",,89,"1,239",,,5,,,,,,,,,,1
Eyvah Neye Yarar,Karï¿½ï¿½ï¿½ï¿½ï¿½ï¿½,Semicenk,12/15/2023,DGA0Q2317098,"3,698",22.3,"27,235,294","2,618","767,611",,"74,511,800","233,751",,,,"329,897,277",2.0,95,,1.0,"1,566,667",,,,,"121,649",,0
Never Forget You,Never Forget You,Zara Larsson,9/10/2015,SEWEE1500801,"2,348",29.4,"972,089,598","98,962","23,627,265",66.0,"909,147,975","6,777,996","117,848","15,092,890","118,233,698","343,898,888",140.0,"24,012",47,29.0,"226,271",3.0,"424,917,474","158,468",,"7,156,194",,0
Forget About Us,Forget About Us,Perrie,4/12/2024,GBARL2400078,"2,245",30.2,"16,171,953","1,439","18,871,474",,"6,223,280","200,833","9,253",,,"143,422,306",40.0,"24,806",,38.0,"2,359,911",41.0,"330,318",,"102,129","107,402",,0
Classy 101,Classy 101,Feid,3/31/2023,USUM72304895,195,109.1,"872,148,396","90,726","70,485,920",78.0,"477,047,694","1,887,642","459,540","102,272,836","1,113,541,743","1,850,185,458",94.0,"46,835",186,50.0,"12,249,404",55.0,"11,049,774","3,399",,"1,625,704",,1
SEDA,nadie sabe lo que va a pasar maï¿½ï¿,Bad Bunny,10/13/2023,QMFME2364188,"2,009",32.1,"138,855,240","27,705","8,044,125",,"33,615,045","376,469",,,,"4,046,637",6.0,665,,2.0,"4,812,515",5.0,"3,418,721",512,,"201,936",,1
Last Friday Night (T.G.I.F.),Teenage Dream,Katy Perry,1/1/2010,USCA21001264,"2,084",31.6,"1,144,535,829","170,779","83,827,327",71.0,"1,604,084,148","8,081,370","96,013","58,785,473","592,235,618","1,563,364,588",85.0,"120,606",79,40.0,"395,080",31.0,"352,629,859","633,232",,"4,134,026",,0
Ella Quiere Beber - Remix,Ella Quiere Beber (Remix),Anuel AA,11/2/2018,QM6P41842818,"2,299",29.9,"778,846,570","66,150","25,410,849",70.0,"785,898,158","2,771,037","24,500","1,838,702","18,692,923","132,331,823",37.0,"19,681",62,18.0,"279,961",36.0,"184,152,509","23,518",,"1,494,647",,0
Stolen Dance,Die Ultimative Chartshow - Hits 2013,Milky Chance,1/1/2013,DEL211300741,"2,558",28.0,"1,460,945,792","331,171","51,661,945",76.0,"224,150,562","1,926,122","677,541","194,210,296","2,134,365,963","389,692",83.0,"36,736",115,111.0,"1,223,193",21.0,,,,"24,485,799",,0
LOS PITS,nadie sabe lo que va a pasar maï¿½ï¿,Bad Bunny,10/13/2023,QMFME2364193,"4,512",19.6,"74,331,462","17,357","2,290,183",,"16,756,062","212,522",,"226,891","3,288,335",,4.0,100,,,,,"2,129,023",446,,"136,101",,1
10 Carros,10 Carros,Chefin,11/23/2023,BCM9A2300098,"1,380",39.8,"92,949,075","13,213","6,225,367",,"120,775,698","1,007,986",,"427,521","2,569,410","366,109,913",,8,,17.0,"420,366",14.0,,,,,,1
Me Rehï¿½ï,Los Nï¿½ï¿½meros 1 De Los 40 (Music Inspires L,Danny Ocean,11/3/2017,USWL11900076,"1,126",44.8,"1,778,934,858","37,040","21,117,726",74.0,"1,915,123,572","6,102,709","261,323","17,109,874","158,762,431","484,024,351",12.0,165,,9.0,"21,285",10.0,"66,752,966","47,350",,"6,246,243",,0
Hayloft II,Inside (Deluxe),Mother Mother,1/28/2022,CAW112100716,"3,408",23.5,"216,252,006","55,274","8,810,602",70.0,"164,171,809","2,843,492","1,195","345,600","3,837,839","90,730,940",13.0,"7,264",14,5.0,"6,002",13.0,"2,183,502","4,605",,"565,511",,1
Stop Breathing,Whole Lotta Red,Playboi Carti,12/25/2020,USUM72024691,"4,002",21.3,"178,750,521","76,739","7,135,729",66.0,"33,772,398","478,840","13,400","13,371,649","88,268,263","65,457,710",7.0,32,,3.0,"1,625",,"392,907","2,314","20,197,624","337,335",,1
fantasmas,fantasmas - Single,Humbe,11/20/2023,MXH912300041,"1,296",41.3,"88,072,335","6,388","10,711,840",,"70,685,035","1,063,539","434,100","101,185,703","825,658,316","173,954,035",14.0,207,,15.0,"6,092,408",1.0,"437,481","2,105",,"859,637",,0
Macarena (Bayside Boys Remix) (Remasterizado),Viva el Verano (Remasterizado 2022),Los Del Rio,6/17/2022,ES5022201032,"3,989",21.4,,,,,,,,,,,,,,,,,"15,187,618","395,261",,,,0
What It Is (Block Boy) (with Kodak Black),What It Is (Versions),Doechii,3/17/2023,USUG12301757,223,103.3,"102,772,879","29,487","4,775,168",61.0,"65,934,972","760,669","3,308,739","92,626,234","847,338,969","2,863,864",29.0,"364,224",125,7.0,"265,913",32.0,"16,502,733","8,732",,"4,072,292",,1
"break up with your girlfriend, i'm bored","thank u, next",Ariana Grande,2/8/2019,USUM71900409,"1,857",33.7,"975,281,654","82,431","31,929,703",69.0,"672,090,558","7,230,344","66,530","29,856,824","218,317,192","920,848,561",74.0,"52,163",263,29.0,"609,186",19.0,"162,544,700","135,795",,"2,386,682",,1
Si Te Pudiera Mentir,Simplemente Gracias,Calibre 50,8/16/2019,QM2EJ1500417,"1,444",38.7,"497,062,969","39,746","21,866,121",69.0,"1,089,614,100","3,109,366","666,400","63,170,710","774,581,354","51,691,986",16.0,"12,701",72,14.0,"1,854,950",36.0,"73,581,243","13,494",,"1,647,173",,0
In My Mind,In My Mind,Dynoro,11/15/2017,QZ22B1859046,567,63.8,"1,432,473,324","235,239","70,280,564",74.0,"1,652,679,786","14,105,895","973,173","34,950,153","481,312,317","476,314,802",182.0,"112,709",,146.0,"2,190,340",42.0,"138,789,970","54,653",,"17,057,505",,0
The Night We Met,The Night We Met,Lord Huron,2/9/2015,US53Q1200103,"1,226",42.7,"2,097,181,065","286,668","123,211,490",84.0,"807,672,690","8,866,507","451,668","239,330,349","1,722,597,041","7,770,380",78.0,"11,224",43,49.0,"1,101,868",44.0,"288,302,729","147,940","2,601,964","8,832,956",,0
Do Not Climb,Do Not Climb,Claps,3/16/2023,AUXN22297509,"3,780",22.0,"2,723",11,237,,"250,777,729","329,563",,,,,,10,,,,,,,,,,0
Midnight Sky,Midnight Sky,Miley Cyrus,8/14/2020,USRC12002653,"1,323",40.8,"629,372,240","86,326","19,484,618",66.0,"301,362,454","2,670,514","59,565","33,434,126","286,126,363","37,277,534",199.0,"431,736",130,76.0,"497,102",66.0,"46,663,846","18,489",,"4,783,852",,0
ýýýýýýýýýýýýýýýýýýýýýýýýýýýýýýýýýýýýýýý Feat.IIVY B,ýýýýýýýýýýýýýýýýýýýýýýýýýýýýýýýýýýýýýýý (feat. IIVY B) - Single,bonnadol,7/15/2022,THSOH2206117,"3,006",25.4,"9,045,662","2,307","416,469",39.0,,,"2,800,000","137,742,080","1,523,347,880",,1.0,,,,,,,,,"28,399",,0
Cradles,Cradles,Sub Urban,1/4/2019,GB2LD1800949,418,75.2,"737,097,685","155,765","20,317,539",68.0,"1,098,942,075","19,179,674","6,010,728","735,932,695","8,841,517,566","56,344,836",19.0,"23,497",,14.0,"41,677",7.0,"77,491,669","121,008","42,287,751","11,014,789",,0
Back It up and Dump It (Dump Truck),Back It Up and Dump It (Dump Truck),GC Eternal,7/9/2013,QMT571100025,"4,169",20.8,"10,019,831","3,056","2,201,159",55.0,"2,990,740","46,453","2,936,600","193,909,814","1,685,552,133","6,013,908",1.0,7,79,1.0,"19,564",12.0,,,,"66,875",,0
Danza Kuduro - Cover,BEST CLUB 2023 TREND MIX,MUSIC LAB JPN,11/24/2023,TCJPX2397668,"1,097",45.7,"1,642,258,500",11,127,,,,,,,,,,,,,,,,,,,1
Late Night Talking,Harry's House,Harry Styles,5/20/2022,USSM12200610,258,96.4,"959,639,297","108,806","62,563,751",76.0,"151,113,156","2,809,492","101,923","64,491,271","580,526,441","3,350,044,035",153.0,"837,037","2,290",96.0,"9,426,291",50.0,"68,783,337","10,636",,"4,053,289",,0
Heathens,Heathens,Twenty One Pilots,6/16/2016,USAT21601930,296,88.6,"1,777,196,966","241,108","65,091,468",78.0,"2,624,180,055","21,763,865","4,715,288","113,594,559","1,024,805,500","479,301,512",125.0,"153,475",322,108.0,"534,238",31.0,"513,952,113","630,803",,"14,696,531",,0
Piï¿½ï¿½man Deï¿,Piï¿½ï¿½man Deï¿½ï¿½ilim ,Semicenk,6/2/2023,FRX762391695,"2,434",28.9,"134,291,091","16,247","2,133,867",65.0,"147,910,091","435,023",,,,"289,637,676",10.0,"9,012",,1.0,"1,566,667",,,,,"409,388",,0
Go Fuck Yourself,First Steps,Two Feet,7/29/2016,DEVF11600016,"2,591",27.7,"649,191,183","160,382","29,032,760",68.0,"645,296,970","8,887,252","795,603","151,017,071","1,557,145,950","101,434,951",11.0,"1,173",,13.0,"151,243",,"85,462,774","63,886",,"7,233,385",,1
Los Cachos,Los Cachos - Single,Piso 21,7/8/2022,MXF152200437,"3,858",21.7,"281,927,185","27,199","9,782,411",63.0,"158,004,846","605,118",,,,"364,439,021",11.0,"22,833",207,18.0,"1,838,124",28.0,"1,173,587",876,,"685,597",,0
In Your Eyes,After Hours,The Weeknd,3/20/2020,USUG12000657,"2,054",31.8,"940,914,292","130,934","30,398,290",70.0,"166,787,290","2,132,781","455,015","53,359,943","600,906,044","270,632,997",115.0,748,126,34.0,"118,255",28.0,"79,648,988","16,794",,"6,236,168",,1
I LUV IT (feat. Playboi Carti),I LUV IT (feat. Playboi Carti),Camila Cabello,3/27/2024,USUG12401760,"1,428",38.9,"78,537,688","7,391","23,509,446",,"15,545,498","390,430",,,,"178,030,387",56.0,"5,626",30,20.0,"2,216,295",18.0,"365,178",596,,"361,969",,1
Jar of Hearts,jar of hearts,Christina Perri,7/27/2010,USAT21001508,"3,945",21.5,"534,874,667","65,494","31,544,782",65.0,"562,197,656","3,376,379","39,886","11,224,332","109,689,471","184,101,526",42.0,"39,523",98,20.0,"25,418",10.0,"615,706,841","895,666",,"6,027,852",,0
CHORRITO PA LAS ANIMAS,SIXDO,Feid,12/2/2022,USUM72222460,707,57.6,"558,560,568","61,360","26,903,567",75.0,"228,242,847","852,495","1,015,200","134,483,388","1,339,213,086","10,159,357",44.0,"25,014",94,19.0,"4,059,655",26.0,"3,253,358","1,094",,"815,675",,1
JACKIE BROWN,WASTELAND,Brent Faiyaz,7/8/2022,QM24S2203177,"2,542",28.1,"247,386,146","57,298","14,371,239",70.0,"48,937,559","461,922","25,012","12,211,067","119,045,728","129,119,126",21.0,"2,377",553,5.0,"494,840",1.0,"13,188,304","5,989","7,098,189","1,184,981",,1
Nhï¿½ï¿½ï¿½ Ngï¿½ï¿½ï¿½ï¿½ï¿½i Hay Nhï¿½ï¿½,Nhï¿½ï¿½ï¿½ Ngï¿½ï¿½ï¿½ï¿½ï¿½i Hay Nhï¿½ï¿½,Chau Dang Khoa,4/30/2021,QZMHN2025919,"4,096",21.0,"30,269",40,"6,367",,,,"3,665,693","73,808,514","1,603,097,724",,,,,,,,,,,,,0
Smack That - Dirty,Smack That (feat. Eminem),Akon,1/1/2006,USUM70609036,"3,422",23.4,"1,023,825,031","204,464","51,055,833",80.0,"1,251,716,030","8,866,662",,"279,003","1,957,205","397,519,323",37.0,"28,439",,24.0,"316,904",25.0,"256,334,581","398,868",,"5,885,853",,1
Candy,Candy,Doja Cat,3/23/2018,USRC11801164,"3,323",23.8,"404,872,050","55,578","17,796,199",72.0,"89,852,977","1,063,400","3,688,018","295,279,928","3,235,980,364","4,134,052",18.0,970,,12.0,"139,821",5.0,"18,176,427","44,010","17,046,120","2,475,830",,1
Attitude (feat. Charlie Wilson & Cash Cobain),Attitude (feat. Charlie Wilson & Cash Cobain),Don Toliver,5/22/2024,USAT22402817,"1,281",41.6,"14,204,736","2,162","41,453,309",,"4,045,474","77,878",,,,"19,998,473",25.0,"1,129",13,10.0,"1,427,143",38.0,"824,554",166,"730,562",,,1
Dreamers [Music from the FIFA World Cup Qatar 2022 Official Soundtrack],Dreamers [Music from the FIFA World Cup Qatar 2022 Official Soundtrack],Jung Kook,11/20/2022,QZNMY2232113,448,73.0,"419,016,792","24,878","16,888,060",42.0,"299,024,405","6,706,233","3,400,000","417,635,777","5,766,443,841","130,833,442",13.0,"15,581",42,5.0,"48,194",16.0,"1,971,463",929,,"1,878,044",,0
Joli bï¿½ï¿,Joli bï¿½ï¿,Naza,9/11/2020,FRX762022181,"3,755",22.1,"131,677,140","35,653","2,205,297",57.0,"198,494,925","1,095,673","1,502,712","37,799,046","559,416,339","7,459,129",28.0,"8,632",,13.0,"168,510",2.0,"3,269",,"302,899","1,009,225",,1
"Or Nah (feat. The Weeknd, Wiz Khalifa and DJ Mustard) - Remix","Or Nah (feat. The Weeknd, Wiz Khalifa and DJ Mustard) [Remix Version]",Ty Dolla $ign,6/10/2014,USAT21401391,"2,197",30.6,"949,312,501","152,498","28,278,237",74.0,"858,285,365","5,419,110","8,535","11,730,568","70,600,246","148,190,236",30.0,482,,7.0,"4,123",8.0,"568,114,702","286,287",,"2,633,407",,1
Rain On Me (with Ariana Grande),Rain On Me (with Ariana Grande),Lady Gaga,5/22/2020,USUM72004304,951,49.3,"1,060,378,159","104,647","55,948,663",68.0,"514,581,598","6,465,409","442,243","80,912,710","538,854,965","382,160,207",320.0,"354,978",438,143.0,"2,320,730",105.0,"62,220,803","71,438",,"3,888,061",,0
Sail,Back From Earth,AWOLNATION,1/1/2010,USP6L1000053,"1,523",37.6,"814,264,073","145,349","25,209,426",68.0,"878,157,246","6,677,962","819,089","331,755,802","3,643,615,871","156,005,123",64.0,"82,779",145,33.0,"216,744",27.0,"752,849,510","1,939,183",,"12,879,196",,0
Casanova,Casanova,Soolking,7/6/2023,FRPZ92324651,649,59.5,"191,488,217","46,669","12,795,882",72.0,"205,292,316","1,160,425",,"12,365,265","143,392,887","466,939,874",35.0,"18,155",,40.0,"6,429,562",32.0,,,,"1,457,167",,0
Where Did You Go? (feat. MNEK),Where Did You Go?,Jax Jones,1/26/2022,GBUM72108841,"1,488",38.0,"389,547,230","65,208","36,265,310",70.0,"50,898,391","293,996","20,557","6,446,277","124,607,839","2,459,024,747",114.0,"268,879",255,59.0,"1,434,573",51.0,"1,397,531","1,037","4,459,699","3,930,598",,0
BLEED,BLEED - Single,The Kid LAROI,11/3/2023,USSM12300831,"3,824",21.8,"66,555,473","16,789","14,682,417",,"4,641,915","103,677",933,"1,300,069","14,476,475","140,713,887",19.0,"3,411",165,19.0,"180,096",8.0,"1,285,617",575,"1,537,733","127,972",,0
In The Dark,In the Dark,Purple Disco Machine,1/21/2022,AUDCB1701963,"2,330",29.6,"177,722,624","34,102","6,137,203",59.0,"61,447,086","348,517","7,268","1,055,159","20,533,718","1,172,517,820",62.0,"276,734",3,32.0,"846,073",32.0,"126,601",136,,"5,644,172",,0
Without Me,Suicide Squad: The Album (Collector's Edition),Eminem,8/4/2016,USAT21602011,"1,696",35.5,"2,146,682,342","7,361","1,065,772",,"1,938,496,621","13,961,810",,,,"509,617,644",,,,,,,,,,,,1
Relationship (feat. Future),Beautiful Thugger Girls,Young Thug,6/16/2017,USAT21701747,410,75.5,"458,957,128","89,812","13,215,590",61.0,"47,166,510","482,132","28,665,700","112,444,345","1,069,735,982","9,528,686",1.0,135,12,1.0,57,,,,,,,1
GOOD LOYAL THOTS,GOOD LOYAL THOTS,Odetari,3/15/2023,QZES92330937,"1,734",35.0,"222,975,417","36,832","6,604,256",71.0,"45,543,286","773,400","803,702","104,617,204","664,995,622",,2.0,1,20,,,,"1,396,913","3,191","321,968","606,670",,1
Watch The World Burn,Watch The World Burn,Falling In Reverse,1/31/2023,USEP42231004,"2,029",32.0,"137,204,273","42,638","4,064,739",69.0,"105,245,546","1,284,515","20,400","9,349,182","77,626,486","8,536,921",9.0,"17,229",24,5.0,"715,957",10.0,"15,279,637","5,846",,"633,695",,1
Just Pretend,THE DEATH OF PEACE OF MIND,Bad Omens,2/25/2022,USYFZ2264208,"2,872",26.0,"209,635,991","54,470","8,885,780",71.0,"26,381,437","281,014","161,246","24,563,445","231,239,811","12,295,099",18.0,"99,987",102,3.0,"29,711",13.0,"23,457,347","11,141","1,923,886","832,908",,0
Love Lies (with Normani),Love Lies,Khalid,2/14/2018,USRC11703646,"1,865",33.6,"937,339,123","96,612","21,547,967",67.0,"479,514,227","3,606,789","191,838","8,019,207","56,608,149","88,739,909",82.0,"177,635",182,48.0,"194,316",68.0,"418,186,255","99,110",,"5,381,698",,1
Sigue,Capï¿½ï¿½tu,Beny Jr,4/1/2022,ES71G2211486,"2,008",32.2,"243,125,642","77,523","7,260,157",74.0,"173,482,368","821,531","46,000","6,590,357","70,560,340","155,923,213",8.0,"1,551",,3.0,"150,930",2.0,,,"1,215,112",,,0
n.h.i.e.,n.h.i.e.,21 Savage,1/10/2024,USSM12304895,"2,459",28.8,"102,829,758","16,786","13,717,188",,"4,997,224","62,319",,,,,32.0,846,74,32.0,"262,612",28.0,"4,081,079",758,,"165,768",,1
Favorite Song - Sped Up,Favorite Song (Versions) - Single,Toosii,2/17/2023,USUM72302519,"4,066",21.1,"11,923,405","2,423","1,259,173",41.0,,,"1,499,296","63,387,833","527,232,531",,1.0,281,,,,8.0,"269,872","4,453",,"151,982",,0
Slumber Party (feat. Princess Nokia),DEMIDEVIL,Ashnikko,6/10/2021,GBAYE2000706,"3,145",24.6,"345,069,681","77,169","14,435,083",67.0,"112,087,139","1,939,007","333,925","257,917,924","1,652,650,346","455,056",29.0,"1,616",32,15.0,"28,298",1.0,"10,378,177","20,145",,"2,149,498",,1
Rock and A Hard Place,Rock and A Hard Place,Bailey Zimmerman,6/10/2022,USWB12201797,430,74.4,"412,845,771","59,749","11,166,198",73.0,"215,094,924","1,522,549","203,904","80,427,947","777,869,891","506,206,031",37.0,"325,922",84,4.0,"2,647",16.0,"260,646,662","39,816","10,255,088","1,315,179",,0
Dawns (feat. Maggie Rogers),Dawns (feat. Maggie Rogers) - Single,Zach Bryan,1/27/2023,USWB12300176,"2,461",28.7,"261,468,916","44,088","11,298,879",75.0,"8,880,434","54,195","86,609","19,696,611","127,691,196","153,448,242",25.0,320,4,3.0,"7,503",18.0,"13,386,628","10,886","4,161,850","481,576",,1
Cynical,Cynical,twocolors,6/30/2023,DEUM72307092,"1,363",40.2,"112,737,954","20,339","47,189,903",41.0,"37,013,758","255,685","1,691","12,949","119,315","77,922,145",26.0,"154,407",38,43.0,"1,568,135",24.0,"1,933",8,,"1,934,390",,0
La solution,Voodoo belge,Marka,2/3/2023,BEW512200007,"1,871",33.6,"1,537",3,226,,"414,936,783","442,757",,,,,,3,,,,,,,,,,0
Whatever She Wants,Whatever She Wants,Bryson Tiller,2/12/2024,USRC12400300,"2,418",29.0,"207,093,873",529,"187,667",,,,,,,,30.0,"48,554",,,,9.0,,,,,,0
BIPOLAR,BIPOLAR,Peso Pluma,9/7/2023,QMBZ92388584,"1,169",43.9,"222,295,526","18,049","13,695,569",,"110,937,613","675,774","26,622","6,784","83,048","164,839,813",9.0,"1,235",4,6.0,"1,331,099",10.0,"7,908,175","3,651","3,807,803","872,796",,1
Sofia,Sofia,Clairo,7/26/2019,US4HB1900086,"2,946",25.7,"728,920,951","143,829","36,926,488",74.0,"168,855,750","2,336,018","107,125","55,770,176","313,505,897","72,209",75.0,"37,776",179,20.0,"128,326",63.0,"9,827,957","20,739",,"1,829,791",,0
LLYLM,LLYLM,ROSALï¿½,1/27/2023,USSM12300114,"3,513",23.0,"163,400,564","25,380","8,516,973",60.0,"37,506,561","368,510","14,073","8,297,832","107,127,704","58,633,125",75.0,"70,787",9,36.0,"410,250",33.0,"773,952",,,"1,343,247",,0
Who Is Your Guy? - Remix,Who Is Your Guy? (Remix),Spyro,3/3/2023,QZ5AB2388250,"4,364",20.1,"21,134,265","7,097","1,369,988",55.0,,,"1,032,352","18,162,508","237,172,938",,25.0,"1,975",,11.0,"359,413",7.0,"17,554",,,"1,887,872",,0
MONACO,nadie sabe lo que va a pasar maï¿½ï¿,Bad Bunny,10/13/2023,QMFME2364182,103,150.7,"478,150,858","73,306","51,842,133",78.0,"113,379,734","1,312,763","1,700,998","182,319,546","2,111,289,492","90,954,700",78.0,"35,330",39,56.0,"15,784,760",53.0,"17,823,388","12,664","4,374,049","2,255,465",,1
Call Me Every Day (feat. WizKid),Call Me Every Day (feat. WizKid),Chris Brown,6/17/2022,USRC12201904,"2,174",30.8,"125,056,212","43,939","9,282,167",61.0,"123,551,829","1,191,440","93,200","5,963,103","58,980,168","58,989,712",53.0,"80,954",271,16.0,"143,492",33.0,"25,014,026","6,095","3,759,210","1,524,739",,0
Asiwaju,Asiwaju,Ruger,11/14/2022,GBARL2202349,"1,498",37.9,"108,133,711","34,390","4,480,387",18.0,"122,293,855","619,448","1,000,047","13,992,725","173,486,714","9,267,087",35.0,"6,133",22,12.0,"585,409",19.0,"1,287,462",335,"2,821,424","2,409,680",,1
Te Lo Agradezco,Te Lo Agradezco,Kany Garcï¿½,7/27/2023,US5022300029,"1,258",42.2,"169,162,533","9,016","8,885,567",73.0,"210,403,837","848,450","30,483","1,140,777","22,480,064","749,855,362",14.0,"9,599",,22.0,"3,911,259",3.0,"11,103,615","2,348",,"623,417",,0
Go Back (feat. Julia Church),Go Back (feat. Julia Church),John Summit,5/16/2024,USUG12402628,"1,913",33.1,"12,724,701","3,327","49,830,444",72.0,,,,,,,15.0,"1,880",7,14.0,"1,284,887",39.0,"180,837",132,"279,597","71,800",,0
Self Love (Spider-Man: Across the Spider-Verse),METRO BOOMIN PRESENTS SPIDER-MAN: ACROSS THE SPIDER-VERSE (SOUNDTRACK FROM AND INSPIRED BY THE MOTION PICTURE),Metro Boomin,6/2/2023,USUM72308561,"1,838",33.9,"168,713,011","40,836","5,604,951",68.0,"42,717,660","479,690",,,,"28,182",37.0,"1,635",2,,,2.0,"548,106","2,911","4,059,933","371,164",,0
Mi Cuarto,DI LETRA,Jerry Di,4/3/2020,USUM72002612,"1,694",35.5,"427,998,483","56,978","13,109,496",63.0,"647,941,340","3,317,927","1,196,371","60,004,394","420,502,302","119,719,089",37.0,"16,289",7,11.0,"143,168",10.0,"70,185,429","26,066",,"1,574,049",,0
Drunk in Love,Beyoncï¿½ï¿½ (Del,Beyoncï¿,12/13/2013,USSM11307800,"2,588",27.8,"607,315,454","73,281","24,577,326",67.0,"827,853,706","3,895,677","42,655","24,392,560","200,100,315","196,095,530",129.0,49,83,75.0,"619,730",52.0,"493,343,155","793,889",,,,1
Feel Good Inc.,Demon Days,Gorillaz,5/23/2005,GBAYE0500172,"3,548",22.8,"1,407,382,497","357,484","72,604,627",78.0,"1,211,241,854","10,819,604","337,277","152,628,012","1,396,761,942","519,221,456",18.0,"126,129",172,131.0,"1,995,709",90.0,,,,,,0
BOTH,BOTH,Tiï¿½ï¿,8/29/2023,CYA112300090,"4,048",21.2,"60,776,379","15,554","30,777,157",,"10,032,098","98,573","1,557","1,080,992","41,222,378","108,512",,"52,512",151,,,,,,,,,0
YKWIM?,Bipolar,Yot Club,5/31/2019,CAGOO1966522,"2,681",27.2,"675,984,633","147,651","25,369,800",75.0,"118,564,792","1,898,029","156,693","168,264,666","882,048,158",182,8.0,10,,3.0,"39,672",11.0,"6,567,978","7,872","17,184,881","1,248,383",,0
messy in heaven,messy in heaven,venbee,9/23/2022,GBARL2201891,"2,779",26.6,"120,785,398","45,503","9,878,550",59.0,"25,495,861","202,181","24,429","3,729,330","64,940,140","330,803",34.0,"62,413",231,17.0,"214,166",26.0,"836,667",276,"6,455,224","742,291",,0
Hot (feat. Gunna),So Much Fun,Young Thug,8/16/2019,USAT21904711,"3,635",22.5,"387,820,994","84,975","16,825,587",64.0,"292,576,551","2,516,143","108,794","43,178,104","366,572,254","30,753,691",46.0,6,,15.0,"26,150",16.0,"85,953,532","43,543",,"2,389,263",,1
"Love Me Like You Do - From ""Fifty Shades Of Grey""",Now That's What I Call Music! 91,Ellie Goulding,7/24/2015,GBUM71406894,"1,617",36.5,"1,532,640,437",238,"104,606",6.0,"2,536,191,191","15,112,588",,,,"1,265,715,072",1.0,"62,999",,,,,,,,,,0
Experimento,Experimento - Single,Myke Towers,9/23/2021,USWL12100447,"4,216",20.6,"228,003,109","58,288","9,225,902",63.0,"106,513,804","755,609","234,800","67,461,581","548,393,169","5,576,038",29.0,"14,998",10,12.0,"49,051",21.0,"1,494,027",913,,"910,638",,0
High Fashion (feat. Mustard),Please Excuse Me For Being Antisocial,Roddy Ricch,12/6/2019,USAT21906985,"1,351",40.3,"538,059,363","113,736","16,354,487",65.0,"215,454,028","1,626,950","2,182,462","175,055,656","1,413,496,668","538,784",85.0,"225,193",89,13.0,"38,765",1.0,"81,818,704","114,898",,"2,942,911",,1
"Hey Mama (feat. Nicki Minaj, Bebe Rexha & Afrojack) - Boaz van de Beatz remix","Hey Mama (feat. Nicki Minaj, Bebe Rexha & Afrojack) [Boaz van de Beatz remix]",Boaz van de Beatz,6/5/2015,GB28K1500038,"3,506",23.0,"24,407,534","2,389","473,657",29.0,"1,753,379,058","9,702,237",,,,"297,504,743",,,,,,,,,,,,0
Follow You,Follow You / Cutthroat,Imagine Dragons,3/12/2021,USUM72102981,"1,514",37.8,"412,887,321","69,959","8,523,570",65.0,"186,582,105","2,209,078","50,526","14,717,696","155,388,095","4,985,910",101.0,"310,438",441,27.0,"398,506",31.0,"104,559,307","17,563",,"4,567,971",,0
STAR WALKIN' (League of Legends Worlds Anthem),STAR WALKIN' (League of Legends Worlds Anthem) - Single,Lil Nas X,9/22/2022,USSM12208809,396,76.6,"428,164,381","80,340","18,339,674",68.0,"138,760,138","1,465,825","61,144","40,889,470","419,346,148","99,649,191",69.0,"469,798",534,41.0,"1,075,897",42.0,"35,931,504","11,075",,"5,323,336",,1
"Naa Ready (From ""Leo"")","Naa Ready (From ""Leo"")",Anirudh Ravichander,6/22/2023,INS172307161,"1,058",46.7,"142,430,643","6,611","5,093,444",64.0,"347,065,741","4,171,813",,663,"18,800","153,732,169",8.0,46,,,,18.0,"2,762",,,"101,174",,0
Tu Aake Dekhle,The Carnival,King,9/21/2020,FRX762050882,"2,629",27.5,"410,639,967","33,664","5,963,459",69.0,"619,113,386","7,584,160","132,004","4,491,970","61,728,216",,9.0,508,,1.0,"1,097",6.0,"1,824",,,"475,672",,0
Can We Kiss Forever?,Can We Kiss Forever?,Kina,8/31/2018,USSM11914456,815,53.7,"634,493,511","89,559","32,092,279",66.0,"325,005,278","4,709,406","11,714,753","557,393,131","6,459,413,096","12,749,911",48.0,101,43,36.0,"344,770",,"34,039,218","29,304",,"8,659,169",,0
Mï¿½ï¿½dchen auf dem P,Mï¿½ï¿½dchen auf dem P,Luca-Dante Spadafora,5/12/2023,CH7812350872,"2,226",30.3,"119,141,939","46,323","14,389,973",67.0,"23,993,631","167,659",58,"89,658","1,318,558","103,548,221",21.0,"2,297",,15.0,"212,114",13.0,,,"2,223,239","409,234",,0
OKAY,OKAY (Versions),JT,4/24/2024,USUG12400080,"2,641",27.4,"16,446,111","1,966","36,576,049",65.0,"5,578,963","138,920",,,,,33.0,370,29,5.0,"86,874",42.0,"1,687,958","1,032","980,462","178,540",,1
Merayu Tuhan,Merayu Tuhan,Tri Suaka,8/15/2023,QZYFZ2347514,813,53.8,"8,517,888",506,"74,157",43.0,"71,408,616","296,903","2,200,000","17,612,619","540,360,680","45,212,529",,264,,,,,,,,"20,886",,0
Lalala - Ilkan Gunuc Remix,Lalala (Ilkan Gunuc Remix),Y2K,10/28/2019,USSM12002468,"2,515",28.3,"28,240,865","9,377","3,738,275",49.0,,,"7,210,799","121,538,491","1,680,010,594",,14.0,"2,644",,6.0,"4,972",,"37,628",,"182,052","1,994,181",,1
Nashe Si Chadh Gayi,November Top 10 Songs,Arijit Singh,11/8/2016,INY091600067,"4,591",19.4,"145,467,020","14,037","7,387,064",66.0,"1,118,595,159","3,868,828","11,433","2,534,831","37,757,301","25,150,516",1.0,"1,200",,,,7.0,"6,817,840",,,"448,292",,0
The Business,The Business,Tiï¿½ï¿,9/16/2020,CYA112000624,381,78.3,"1,191,635,193","255,697","78,272,032",70.0,"539,885,283","4,027,102","777,092","73,955,191","1,435,552,956","462,516,169",362.0,"277,419",484,216.0,"3,941,324",41.0,"108,360,279","53,852","140,470","9,642,311",,0
Como Si No Importara,Como Si No Importara,Emilia,7/13/2021,USSD12100347,"4,356",20.1,"232,985,667","43,893","6,507,466",62.0,"244,041,337","1,787,933","24,758","22,615,436","165,904,891","98,332,576",19.0,"1,790",120,8.0,"264,687",5.0,"75,232",,,"260,024",,0
Body Moving,Body Moving,Eliza Rose,11/17/2023,GBARL2301617,"3,015",25.3,"40,047,588","9,525","44,892,824",,"2,471,348","25,676",,,,"58,903,948",44.0,"73,088",355,55.0,"722,222",35.0,"379,697",93,,,,0
Black Swan,Black Swan,BTS,1/17/2020,QM4TW2013921,"3,342",23.7,"459,923,962","28,314","17,354,782",64.0,"603,350,721","14,962,059","358,089","106,610,222","535,835,122","128,964,343",23.0,1,1,9.0,"255,382",8.0,"2,581,189","10,811",,"1,357,648",,0
Mourning,Mourning,Post Malone,5/19/2023,USUM72306015,"1,938",32.9,"160,305,133","35,523","3,552,008",62.0,"51,153,469","760,977","7,354","3,026,171","44,574,455","152,388,969",54.0,"10,192",916,6.0,"99,943",9.0,"49,591,623","4,402",,"437,969",,1
Mi Gata,Mi Gata - Single,Standly,11/11/2021,QZNWY2151576,"4,154",20.8,"141,747,648","34,061","3,059,194",57.0,"66,264,480","524,414","1,199,989","149,254,337","2,053,061,623",,6.0,"2,279",,2.0,"2,051",,,,,"2,195,940",,0
PERO Tï¿,PERO Tï¿,KAROL G,2/23/2023,USUM72222545,"2,827",26.3,"212,911,684","22,815","8,668,393",71.0,"106,041,009","588,756","215,518","9,084,718","131,834,580","7,517,627",9.0,528,125,6.0,"404,308",9.0,"12,174,494","1,543",,"313,441",,1
That That (prod. & feat. SUGA of BTS),PSY 9th,PSY,4/29/2022,QZEKE2084402,858,52.4,"269,491,606","26,075","16,176,936",66.0,"746,615,342","15,669,340","304,900","324,925,866","2,432,918,911","300,796,672",12.0,"11,171",243,5.0,"37,462",16.0,"2,505,495","1,683",,"797,357",,0
Set Me Free Pt.2,Set Me Free Pt.2,Jimin,3/17/2023,USA2P2251867,"2,554",28.0,"350,802,342","12,581","16,368,476",76.0,"150,660,549","5,807,332","182,865","104,841,360","494,628,703","166,154,392",5.0,"2,402",,24.0,"4,592,140",8.0,"2,552,268",686,,"437,897",,1
Yet To Come,Proof,BTS,6/10/2022,USA2P2226300,"2,656",27.3,"344,744,597","16,095","22,964,291",64.0,"264,915,434","15,060,408","359,475","122,010,208","973,086,190","559,165,676",28.0,"25,341",77,15.0,"304,852",8.0,"920,415",869,,"625,565",,0
Quï¿½ï¿½ Mï¿½ï¿,Quï¿½ï¿½ Mï¿½ï¿,J Balvin,5/28/2021,QZM5U2100064,552,65.3,"811,810,737","117,049","31,186,381",67.0,"874,107,993","4,127,669","914,703","200,383,930","1,748,578,220","176,466,990",108.0,"43,750",105,34.0,"1,198,593",72.0,"23,369,752","4,765",,"1,744,699",,0
RUNAWAY,RUNAWAY,OneRepublic,5/26/2023,USUM72304684,"1,154",44.2,"127,466,467","16,650","19,684,494",67.0,"13,668,402","152,488","2,331","518,049","9,346,042","179,672,192",57.0,"259,287",710,43.0,"1,138,179",12.0,"19,337,777","2,084",,"1,350,255",,0
El Azul,El Azul - Single,Junior H,2/10/2023,QZ9QQ2300115,"1,206",43.1,"684,103,586","42,304","22,784,674",76.0,"125,144,381","583,066","433,800","68,202,730","622,470,844","445,229,053",37.0,112,2,4.0,"1,164,409",9.0,"10,305,981","2,327",,"764,296",,0
Still Rollin,Still Rollin,Shubh,5/19/2023,QM6P42332209,"2,325",29.7,"191,465,461","18,344","7,425,022",69.0,"126,428,962","1,236,685","211,500","7,326,210","144,465,879","795,121",21.0,,,1.0,"22,131",12.0,"94,543",158,,"267,764",,0
As If It's Your Last,As If It's Your Last,BLACKPINK,6/22/2017,KRA401700174,"1,858",33.7,"594,775,179","39,525","11,903,640",70.0,"1,658,892,938","17,870,955","380,060","85,311,100","716,217,499","176,351,895",28.0,"3,547",4,3.0,"27,697",8.0,"7,982,471","15,956",,"1,387,663",,0
RATATATA,RATATATA,BABYMETAL,5/23/2024,GBDHC2549601,"3,289",23.9,"12,875,105","2,081","11,902,188",73.0,"1,913,446","61,995",,,,"27,144,919",8.0,112,,8.0,"394,285",13.0,"96,725",87,,"19,323",,1
Mamichula - con Nicki Nicole,Atrevido,Trueno,7/23/2020,ARRWN2000010,"2,013",32.1,"515,582,705","65,906","17,187,107",76.0,"606,811,318","5,460,826","201,700","49,875,266","348,605,056","1,343,753,328",51.0,"4,044",,31.0,"406,818",23.0,"93,316",727,,"634,470",,0
Take Me to Church,Take Me to Church EP,Hozier,9/13/2013,USSM11307291,"2,276",30.0,"2,544,489,950","113,315","30,950,638",74.0,"184,351,951","1,963,267","7,069","172,614,084","1,691,376,898","3,808,342",142.0,"2,168",,18.0,"17,163",30.0,"602,652,861","1,112,724",,,,0
Laugh Now Cry Later (feat. Lil Durk),Laugh Now Cry Later (feat. Lil Durk),Drake,8/14/2020,USUG12001748,645,59.6,"962,634,706","222,576","40,254,416",69.0,"645,367,972","5,525,087","59,816","28,688,641","232,612,189","200,715,765",170.0,"1,830",49,71.0,"208,959",29.0,"111,165,919","54,849",,"2,255,595",,1
Sign of the Times,Sign of the Times,Harry Styles,4/7/2017,USSM11703595,743,56.2,"1,532,653,504","191,817","85,380,382",76.0,"1,799,935,129","15,452,150","241,402","80,177,249","500,970,525","1,650,960,443",147.0,"42,284",38,95.0,"2,122,787",67.0,"68,085,051","78,588","1,343,224","18,327,076",,0
Story of My Life,Story of My Life,One Direction,10/28/2013,GBHMU1300210,"3,607",22.6,"1,275,036,167","143,693","85,520,811",79.0,"264,658,339","3,696,633","330,028","105,141,667","862,277,477","62,831",101.0,"86,998",111,44.0,"322,268",24.0,"303,993,932","275,062",,"9,015,652",,0
Goa Beach,Goa Beach,Tony Kakkar,2/11/2020,FR10S2014119,"1,576",36.9,"33,384,757","3,507","1,365,917",48.0,"547,206,302","3,673,228","5,723,290","120,770,451","2,180,222,501","86,532",2.0,663,,,,3.0,"2,276",,,"92,503",,0
The Lazy Song,Doo-Wops & Hooligans,Bruno Mars,10/5/2010,USAT21001886,"1,496",37.9,"950,810,060","151,801","51,937,840",72.0,"2,903,165,526","16,099,406","1,646,512","89,468,350","852,185,637","1,712,813,921",66.0,"121,835",51,188.0,"305,090",19.0,"282,572",174,,"5,749,737",,0
Whoï¿½ï¿½ï¿½s Afraid of Little O,THE TORTURED POETS DEPARTMENT,Taylor Swift,4/18/2024,USUG12401037,862,52.3,"166,168,092","5,004","25,607,992",78.0,"16,423,009","244,859",,"815,500","7,202,700","49,401,469",38.0,366,54,4.0,"2,143,866",43.0,"2,890,486","4,515",,"116,673",,0
"Steal The Show - From ""Elemental""","Steal The Show (From ""Elemental"")",Lauv,6/2/2023,USWD12326770,749,56.1,"117,717,973","20,157","12,372,416",68.0,"198,045,947","1,142,920","1,101,758","32,704,079","409,104,776","45,005,060",56.0,"3,019",,2.0,"19,049",15.0,"1,551,964","6,140","358,836","1,696,007",,0
lo que hay x aquï¿,lo que hay x aquï¿,Rels B,3/10/2023,UYB282376006,"3,868",21.7,"223,617,742","28,508","7,355,147",73.0,"57,156,070","432,032","13,798","8,059,214","51,766,245","23,908,080",4.0,40,5,3.0,"26,281",5.0,"12,520",60,,"409,658",,0
Algo Mï¿½ï¿½,Algo Mï¿½ï¿½,Rauw Alejandro,6/25/2020,USSD12000187,"3,648",22.5,"304,134,537","57,388","9,038,307",64.0,"345,512,160","1,952,713","327,887","43,897,868","279,992,648","4,682,360",40.0,860,,6.0,"46,735",10.0,"3,511,988","1,365","995,870","872,301",,0
Hasta la Miel Amarga (feat. Grupo Firme),Hasta la Miel Amarga (En Vivo),"Luis Angel ""El Flaco""",5/1/2020,QZDQH1832675,"3,940",21.5,"164,007,720","14,849","8,963,601",41.0,"588,981,015","1,697,071","8,234","1,704,435","18,781,987","15,664,693",1.0,"1,712",,,,8.0,"37,364,914","7,485",,"491,755",,0
1000 Blunts,"Sing Me a Lullaby, My Sweet Temptation",$uicideboy$,7/29/2022,QZAPK2000271,"2,237",30.3,"189,588,270","43,837","2,663,499",72.0,"87,680,985","700,043",190,"31,952","432,059","4,870,198",,2,,,,,"6,559,431","3,552","14,217,001","240,381",,1
DUELE EL CORAZON,The RCA-List (Vol. 2),Enrique Iglesias,1/1/2016,USRC11600642,"2,100",31.5,"654,612,558","69,811","19,744,540",63.0,"1,571,210,815","5,796,659","62,284","4,778,610","57,898,629","393,609,199",81.0,"1,510",80,72.0,"256,459",27.0,"108,942,938","37,369",,"9,176,132",,0
Roar,2013 The Hottest,Katy Perry,1/1/2013,USUM71308669,725,56.9,"1,156,191,242","146,653","68,107,488",73.0,"4,386,626,671","19,822,950","508,860","37,113,271","385,015,724","1,885,297,710",237.0,"248,383",284,134.0,"832,419",83.0,,,,"1,261",,0
I Am Your Gummy Bear (The Gummy Bear Song),Gummybear Song,Gummibï¿½,1/1/2007,USR3R0700073,"2,307",29.8,"104,073,182","11,904","1,660,833",57.0,"3,982,526,341","11,455,880","384,946","83,486,676","1,565,261,998","54,565,314",4.0,,,2.0,"3,494",3.0,,,"3,120,738","648,232",,0
Ascend,Ascend - Single,Dezko,6/9/2023,QM7282324662,"2,114",31.3,"76,305,266","31,142","26,310,863",66.0,"59,140,995","748,335","161,889","9,494,127","159,434,907","863,864",8.0,"12,078",19,18.0,"354,311",,"73,608",223,,"1,327,579",,0
Finesse,Finesse,Pheelz,3/3/2022,QZQAY2239272,"1,830",34.0,"162,356,099","67,124","8,539,093",62.0,"27,222,424","253,527","813,201","95,230,456","1,145,039,714","966,941",77.0,"70,941",515,15.0,"574,629",27.0,"11,491,383","2,501","4,604,430","4,200,295",,0
DNA,Love Yourself ï¿½ï¿½ï¿½,BTS,9/18/2017,KRA381702187,"1,778",34.5,"632,727,904","26,053","8,457,280",63.0,"1,758,381,885","26,790,883","402,921","92,435,774","537,359,844","135,121,227",34.0,"2,143",8,8.0,"195,740",,,,,"1,075,755",,0
Revenge,Revenge,XXXTENTACION,5/18/2017,USUYG1142409,"2,955",25.6,"1,356,969,354","13,248","2,447,818",53.0,"74,514,608","1,012,321",,,,212,6.0,,,,,,,,"120,102,744",,,1
BABY HELLO,BABY HELLO - Single,Rauw Alejandro,6/23/2023,USSD12300274,"1,105",45.3,"268,383,799","47,936","46,787,442",68.0,"69,047,745","591,951","23,400","9,362,518","103,169,265","21,328,855",61.0,"39,321",6,37.0,"817,012",36.0,"3,542,840",631,,"933,823",,1
MEMORIES!,TROUBLED MEMORIES!,347aidan,6/18/2021,USQX92102219,"4,541",19.5,"225,962,467","76,523","6,879,843",62.0,"25,819,662","466,288","313,258","38,604,985","421,102,345","9,177,732",10.0,248,,4.0,"4,650",,"2,228,794","4,470",,"1,627,617",,0
Me And My Broken Heart,Power Hits 2014,Rixton,1/1/2014,USUM71401800,"3,563",22.8,"733,931,275","115,255","27,152,345",71.0,"535,024,991","4,702,620","293,382","6,037,735","47,138,593","376,872,478",27.0,"20,296",138,22.0,"58,749",4.0,"499,999,791","176,815",,"6,889,166",,0
Last Last,Last Last,Burna Boy,5/12/2022,USAT22204901,346,82.4,"410,722,289","130,203","16,877,163",68.0,"332,556,651","1,906,835","260,214","93,902,403","1,049,244,970","306,416,991",203.0,"214,958","2,031",30.0,"258,278",94.0,"15,787,293","18,736","16,995,425","4,840,000",,0
Singapur,El Androide,El Alfa,5/15/2020,USDY42003198,"3,641",22.5,"200,520,284","32,859","6,302,679",64.0,"477,774,248","3,156,383","619,224","144,110,176","1,255,331,962","9,497,811",6.0,"1,955",78,4.0,"17,685",8.0,"6,405,667","6,171",,"576,685",,0
Kï¿½ï¿½R,Kï¿½ï¿½R,KAROL G,2/23/2023,USUM72222551,"3,369",23.6,"114,323,355","16,398","4,576,843",64.0,"97,148,590","542,833","388,748","27,314,002","322,572,081",,10.0,"1,999",12,4.0,"117,154",,"9,369,281",697,,"352,127",,0
i'm so tired...,i'm so tired...,Lauv,1/24/2019,GBKPL1933763,"4,260",20.4,"885,986,482","82,322","17,357,820",66.0,"221,704,345","2,249,771","17,847","8,977,069","39,158,457","243,204,799",76.0,"46,352",71,34.0,"780,991",17.0,"31,530,526","19,559","5,865,868","2,767,586",,0
"Besharam Rang (From ""Pathaan"")","Besharam Rang (From ""Pathaan"")",Vishal-Shekhar,12/12/2022,INY092200126,574,63.5,"218,291,402","10,974","8,344,652",66.0,"687,030,830","4,823,376","473,000","26,417,464","568,124,616","1,434,494",27.0,"2,038",,1.0,"1,097",11.0,"733,552",292,,"267,470",,0
un x100to,un x100to,Grupo Frontera,4/17/2023,QM6N22311285,76,170.2,"1,008,495,696","99,381","57,394,938",75.0,"878,892,413","4,425,283","796,603","127,651,887","1,669,065,906","1,522,934,425",101.0,"73,481",225,42.0,"5,734,172",81.0,"55,857,743","15,528",,"2,283,747",,0
Si Veo a Tu Mamï¿,YHLQMDLG,Bad Bunny,2/29/2020,QM4TX2030842,"1,423",39.1,"817,199,682","92,013","18,868,123",70.0,"741,912,041","6,429,361","260,300","72,202,454","555,577,986","16,786,223",50.0,"13,012",34,26.0,"362,333",24.0,"75,776,057","27,755",,"1,368,659",,0
Bachpan Ka Pyaar,Bachpan Ka Pyaar,Badshah,8/11/2021,INUM72100052,"3,565",22.8,"25,893,883","3,377","711,026",46.0,"535,109,576","7,807,029",,,,"159,702,368",2.0,664,,1.0,509,7.0,759,,,"88,942",,0
Losin Control,Losin Control,Russ,7/28/2016,USSM11606199,"4,354",20.1,"703,411,626","95,048","19,980,635",66.0,"203,961,378","1,718,942","106,882","21,993,209","108,839,324","6,610",55.0,,4,47.0,"66,338",,"356,243,964","195,496",,"2,062,658",,1
COME UN TUONO (feat. Guï¿½,RADIO SAKURA,Rose Villain,3/7/2024,ITQ002400077,"2,433",28.9,"53,590,796","2,987","6,810,196",75.0,"26,526,323","97,934",,,,"65,522,800",21.0,"8,728",,2.0,"3,766,780",25.0,98,,,"488,628",,1
Queen of Mean,Descendants 3 (Original TV Movie Soundtrack),Sarah Jeffery,8/2/2019,USWD11993388,"4,517",19.6,"118,934,988","14,432","11,298,588",60.0,"528,359,923","4,933,066","38,800","21,078,712","132,642,128","45,255,347",14.0,62,165,,,10.0,"21,298,372","164,505",,"430,420",,0
Save Me The Trouble,"Save Me The Trouble, Heartbreak On The Map, Bigger Houses",Dan + Shay,7/14/2023,USWB12302904,"3,616",22.6,"28,945,482","3,303","2,239,918",52.0,,,"2,424","90,595","1,916,491",,10.0,"141,650",2,3.0,"88,393",13.0,"13,593,333","1,095",,"219,049",,0
I Like You (A Happier Song) (with Doja Cat),Twelve Carat Toothache,Post Malone,6/3/2022,USUM72208023,179,112.5,"827,950,825","118,965","64,661,540",73.0,"299,001,099","2,751,490","172,228","118,133,115","1,359,837,461","3,624,466,116",83.0,"761,996","2,175",43.0,"3,276,564",70.0,"150,508,004","31,988","6,459,716","3,384,275",,1
Baby Car,ýýýýýýýýý ýýýýýý ýýýýýýýýýýýý,Bebefinn,10/28/2022,KRE672200293,"4,110",21.0,,3,29,,"294,039,774","440,593",,"21,660","1,606,012",,,,,,,,,,,,,0
Andas En Mi Cabeza,Bachatas Mix,Chino & Nacho,4/22/2017,FR2X41775359,"2,522",28.2,,,,,"1,820,176,345","4,950,177",,,,"316,643,997",,,,,,,,,,,,0
Dead Man Walking,Dead Man Walking,Brent Faiyaz,9/18/2020,QM24S2006908,"3,382",23.6,"390,893,607","109,900","16,744,963",66.0,"94,620,680","974,740","29,802","58,116,176","368,523,039","1,642,953",32.0,"1,122",6,3.0,"8,243",6.0,"12,496,672","4,523","3,841,582","927,120",,1
Yeah! (feat. Lil Jon & Ludacris),Kings Of Crunk (Special Edition),USHER,1/1/2004,USAR10301423,"2,020",32.1,"1,307,469,137","255,327","107,143,110",80.0,"1,200,224,642","8,294,174","416,052","131,333,791","1,599,320,816","163,326,719",289.0,"261,191",185,117.0,"1,991,675",102.0,"1,147,904,698","651,959",,"15,485,233",,0
We Don't Trust You,WE DON'T TRUST YOU,Future,3/22/2024,USSM12402040,600,61.7,"68,542,565","13,345","6,655,318",,"17,365,209","248,471",,,,"381,728",12.0,608,,13.0,"190,012",,"1,266,024","1,564","3,064,995","194,097",,1
Essence (feat. Justin Bieber & Tems),Essence (feat. Justin Bieber & Tems),Wizkid,8/13/2021,USRC12102450,"3,333",23.8,"142,075,177","43,680","10,012,685",58.0,"38,137,678","322,681","71,600","3,411,107","38,844,483","107,261,011",81.0,"120,200",,24.0,"772,263",52.0,"127,324,521","38,794",,"1,964,096",,0
Beat Automotivo Tan Tan Tan Viral,Beat Automotivo Tan Tan Tan Viral,WZ Beat,5/24/2022,BXWEH2200054,26,268.1,"7,382,759","3,504","661,084",35.0,"4,233,958","69,990","37,621,885","1,636,811,753","22,918,660,728",,1.0,,439,1.0,6,1.0,,,,"633,525",,0
Cough,Cough,Kizz Daniel,10/13/2022,USUYG1448153,655,59.3,"86,103,527","24,888","4,522,560",62.0,"211,940,922","1,076,420","3,115,217","71,261,169","1,387,044,831","69,365,971",20.0,"14,428",4,6.0,"438,492",18.0,"5,049,678","1,949",,"3,663,496",,1
I Knew You Were Trouble.,I Knew You Were Trouble.,Taylor Swift,1/1/2012,USCJY1231039,"2,809",26.5,"839,642,356","110,606","35,486,997",72.0,"545,463,966","4,002,306","762,018","5,417,399","48,882,930","150,833,941",62.0,"3,816",42,18.0,"105,709",19.0,"653,492,761","731,107","836,565","9,583,929",,0
Bipolar,Bipolar,Mc Davi,4/9/2021,BXG6R2100310,"1,727",35.1,"174,403,309","32,650","7,030,076",52.0,"357,542,893","3,589,715","3,012,486","128,104,419","1,360,596,383","21,502,622",34.0,"3,235",,35.0,"210,291",3.0,,,,"318,311",,1
FLOWER,ME,JISOO,3/31/2023,KRA402300002,174,114.3,"440,364,356","26,107","15,314,737",70.0,"525,156,884","10,820,829","3,411,209","550,993,898","6,724,997,940","68,869,541",33.0,"11,830",92,6.0,"26,844",35.0,"1,335,366","3,263",,"1,058,579",,0
Gotta Move On (feat. Bryson Tiller),The Love Album: Off the Grid (Extended),Diddy,9/20/2023,USUG12203038,"3,934",21.5,"44,931,644",309,"110,085",,"2,181,868","26,263",,,,,5.0,"117,928",,,,,"6,020,706","3,426","45,722",,,0
Coup du marteau,Coup du marteau,Tam Sir,12/8/2023,DGA0Q2357844,331,84.3,"24,933,240","4,241","2,378,348",,"79,219,504","463,646","1,800,000","44,679,343","687,729,852","641,603,777",10.0,"2,264",,6.0,"165,572",1.0,,,,"1,245,247",,0
Only Human,Happiness Begins,Jonas Brothers,6/7/2019,USUG11901281,"2,634",27.5,"508,463,163","58,919","15,436,258",65.0,"136,979,542","1,457,926","27,246","6,682,986","45,970,559","168,192,621",66.0,"350,184",362,24.0,"166,715",17.0,"181,852,656","50,826",,"7,575,291",,0
Please Me,Please Me,Cardi B,2/15/2019,USAT21811659,"1,449",38.6,"551,035,247","58,065","19,199,798",70.0,"709,288,321","7,563,367","419,566","38,208,611","244,717,002","459,597,096",42.0,"51,761",33,35.0,"348,557",13.0,"191,472,793","129,256","25,841,765","2,677,590",,1
Stick Season,Stick Season,Noah Kahan,7/8/2022,USUM72212470,342,82.6,"965,865,213","113,676","169,323,128",86.0,"89,431,811","659,870","82,855","29,406,696","275,016,537","315,685,769",148.0,"319,240",577,85.0,"16,767,304",103.0,"18,405,146","38,276","8,435,767","3,365,903",,0
Luchtballon,Luchtballon,Joost,6/4/2024,NL4TG2400013,"3,251",24.1,"4,794,950",498,"2,896,644",67.0,"3,452,898","170,142",,,,"2,075,242",3.0,69,,3.0,"281,784",2.0,646,,,"12,447",,0
Nakhrewali,Nakhrewali,Prashant Nakti,3/4/2024,INE182439277,"4,049",21.2,"6,740,285",123,"316,142",,"45,885,773","382,184",,,,,,,,,,,,,,"7,404",,0
Peaches,The Super Mario Bros. Movie (Original Motion Picture Soundtrack),Jack Black,4/7/2023,USQ4E2204040,"1,077",46.0,"144,252,786","35,929","3,276,465",64.0,"68,229,038","1,462,629","822,942","255,693,787","3,002,241,315","17,180,346",17.0,,817,3.0,"146,493",10.0,"17,629,603","82,070","946,535","292,159",,0
"Happy - From ""Despicable Me 2""",538 Hitzone Best Of 2013,Pharrell Williams,1/1/2013,USQ4E1300686,476,70.4,"1,379,786,786","204,118","68,556,599",75.0,"1,307,002,701","8,641,116","3,028,049","187,452,999","2,112,220,730","1,231,886,563",453.0,"304,081",,293.0,"1,837,708",117.0,"623,561,936","2,990,195",,"19,268,856",,0
La Jumpa,La Jumpa,Arcï¿½ï¿½,11/30/2022,QMDA72252608,726,56.9,"716,829,483","99,063","53,041,655",68.0,"131,057,530","1,300,009","46,605","37,630,552","348,775,704","1,184,569",59.0,"43,702",11,20.0,"879,528",77.0,"12,867,947","4,374",,"1,521,416",,1
TROLLZ (with Nicki Minaj),TROLLZ (with Nicki Minaj),6ix9ine,6/12/2020,QZA742002508,"3,481",23.1,"169,376,113","37,282","5,544,584",2.0,"485,978,356","7,474,199","481,594","84,039,891","728,033,853","309,404,629",12.0,"5,773",,5.0,"22,966",,"4,875,023","8,123",,"1,192,023",,1
Aesthetic,Aesthetic,Xilo,2/14/2020,QZFZ22071847,969,49.0,"27,312,761","9,048","2,060,708",38.0,"3,538,161","118,805","12,562,825","754,488,882","5,979,843,010","86,473,112",6.0,,239,2.0,"3,328",,"174,203","2,348",,"26,178",,1
Linda Guajira,"Essential Classics, Vol. 143: Mongo Santamaria",Mongo Santamaria,6/6/2024,ES31E2305760,"3,547",24.5,"10,747,498",1,31,,,,,,,,,,,,,,,,,,,0
About You,Being Funny In a Foreign Language,The 1975,10/14/2022,GBK3W2202321,"2,506",28.3,"350,348,521","48,286","23,268,627",75.0,"63,111,604","494,666","117,002","112,061,372","793,536,731","2,197,815",32.0,"27,952",5,5.0,"224,543",16.0,"1,164,726",818,"446,223","508,585",,0
Chicago Freestyle (feat. Giveon),Dark Lane Demo Tapes,Drake,5/1/2020,USUG12001407,"1,462",38.3,"763,384,135","200,270","32,837,352",72.0,"182,844,852","1,503,848","1,215","958,715","5,371,997","358,952",61.0,146,14,25.0,"174,131",10.0,"80,929,321","36,854",,"1,880,744",,1
SWIPE,SWIPE - Single,ALYPH,10/21/2022,SGUM72201016,"4,312",20.3,"12,383,314","2,946","205,771",42.0,"16,319,964","162,244","1,700,011","132,676,197","1,976,747,330",,4.0,"4,203",,1.0,"4,686",,,,,"63,034",,0
Wellerman - Sea Shanty / 220 KID x Billen Ted Remix,Wellerman (220 KID x Billen Ted Remix),Nathan Evans,1/21/2021,GBUM72100298,"1,691",35.5,"443,854,471","114,482","30,042,982",63.0,"17,782,969","173,156","1,081,209","171,850,131","1,840,016,706",,90.0,"106,881",,44.0,"534,744",20.0,"31,658,912","95,791",,"3,586,364",,0
Love Lee,Love Lee,AKMU,8/21/2023,KRA402300033,"1,294",41.4,"72,468,277","10,736","4,247,248",65.0,"143,446,620","1,074,996","578,162","105,772,835","1,060,502,179","564,698,812",10.0,"2,373",,2.0,"211,572",18.0,"18,149",94,,"257,725",,0
Impossible,Impossible - Single,RIIZE,4/18/2024,KRA302400078,"2,533",28.2,"16,327,372",987,"16,575,491",69.0,"29,637,408","364,827","5,892","11,035,987","64,226,700",,21.0,291,30,6.0,"21,219",25.0,"19,003",18,,"39,544",,0
Remember That Night?,Remember That Night?,Sara Kays,11/6/2020,USAT22007230,"4,200",20.6,"363,510,259","62,841","29,185,291",68.0,"45,636,634","615,650","98,763","135,673,629","907,351,760","7,103",51.0,"12,357",17,12.0,"12,103",,"44,733,897","9,429","15,009,558","663,298",,0
Wow.,Wow.,Post Malone,12/24/2018,USUM71822626,657,59.3,"1,680,612,367","201,840","56,914,511",74.0,"630,890,897","5,912,252","536,365","51,435,673","477,810,652","284,679,984",137.0,"198,344","1,478",42.0,"35,766",26.0,"391,192,844","302,612",,"6,704,282",,1
Heartless,808s & Heartbreak (Exclusive Edition),Kanye West,1/1/2008,USUM70840511,"2,738",26.9,"1,315,577,954","261,770","60,550,990",79.0,"366,241,783","2,719,377","164,714","32,605,436","250,337,316","105,077,315",96.0,"18,653",67,26.0,"207,876",10.0,"587,055,437","418,628","54,924,850","3,795,507",,0
RON COLA,SATURNO,Rauw Alejandro,11/11/2022,USSD12201168,"4,319",20.2,"143,542,362","23,633","7,554,457",60.0,"13,240,486","121,147","820,900","125,395,199","1,543,849,310",,12.0,"2,144",12,4.0,"33,430",20.0,"2,758,188",412,,"457,002",,1
Let Her Go,All The Little Lights,Passenger,1/1/2012,GBMQN1100004,"3,534",22.9,"2,252,713,547","205,647","46,729,104",73.0,"423,531,195","4,118,839","244,760","66,168,928","641,996,440","78,846,239",192.0,"1,578",288,103.0,"865,488",13.0,,,,"33,584,600",,0
Lovin On Me,Lovin On Me - Single,Jack Harlow,11/10/2023,USAT22311372,"2,583",27.8,"669,206,771","4,166","982,289",,,,,,,,59.0,"29,951",,4.0,"82,197",,,,,,,0
Never Lose Me (feat. Lil Yachty),Never Lose Me (feat. Lil Yachty),Flo Milli,12/1/2023,USRC12303382,"3,057",25.1,"45,943,524","11,657","5,242,498",,"42,010,424","494,545","2,149","122,272","6,760","1,323,890,037",5.0,"2,327",121,6.0,"4,285",9.0,"3,543,329","3,321",,"143,251",,1
MODELITO,PARAISO,Mora,11/3/2022,QMDA62297378,"4,402",19.9,"216,298,810","39,605","13,944,608",72.0,"38,256,899","252,379","31,347","6,218,163","46,029,571","3,493,900",15.0,"5,130",,6.0,"47,284",14.0,"444,856",485,,"360,437",,1
My Ordinary Life,My Ordinary Life,The Living Tombstone,11/23/2017,QZANL1777908,"3,066",25.0,"516,198,914","110,117","12,773,015",68.0,"524,696,228","8,076,809","671,536","238,178,508","1,835,649,149",,3.0,42,,,,,"8,759,828","26,617",,"5,252,776",,0
Smells Like Teen Spirit,"Pat O'Brien Pavilion, Del Mar, Ca. December 28, 1991 (Remastered) [Live West Wood One FM Radio Broadcasting]",Nirvana,9/16/2015,ITL771547756,"3,029",25.2,"87,429",11,"11,244",,"1,932,243,086","14,288,920",,,,"712,186,019",,,,,,,,,,,,0
IMAN (Two Of Us),IMAN (Two Of Us),Maria Becerra,5/16/2024,USWL12401428,"3,063",25.0,"13,528,794",949,"42,348,669",72.0,"9,458,897","170,412",,,,"2,297,932",17.0,"1,836",16,12.0,"532,659",25.0,"17,189",4,,"15,244",,0
Rolling in the Deep - Acapella,Rolling In The Deep,Adele,1/16/2011,GBBKS1000427,"2,800",26.5,"11,170,019","1,580","217,023",36.0,"2,522,903,197","13,159,087",,,,"2,055,207,182",,"349,469",,1.0,208,,,,,,,0
Hasta Abajo,Hasta Abajo,KEVIN ROLDAN,7/26/2019,USUM71913434,"2,702",27.1,"380,367,132","62,939","11,576,619",64.0,"663,705,750","3,083,081","542,284","65,038,406","495,501,340","109,211,682",27.0,"2,027",,8.0,"59,407",1.0,"1,082,805","1,980",,"1,389,750",,0
Get You The Moon (feat. Snï¿½ï,Get You The Moon (feat. Snï¿½ï,Kina,10/8/2018,USSM11808093,"1,270",42.0,"1,020,435,750","157,944","42,123,948",69.0,"199,282,045","3,250,046","4,868,621","2,193,688,729","21,650,351,404","20,366,285",70.0,"2,225",95,51.0,"819,864",13.0,"91,698,638","75,258","958,439","7,130,025",,0
"I'm A Star - From ""Wish""","I'm A Star (From ""Wish"")",Wish - Cast,11/8/2023,USWD12328243,"4,249",20.5,"15,085,389","1,102","7,158,675",,"259,533","2,536","659,400","688,861","16,745,620",,8.0,14,,1.0,18,,"285,437",539,,"25,910",,0
Pollito Amarillito,"Gallina Pintadita, Vol. 1",Gallina Pintadita,9/4/2015,BRP8C1200047,"4,045",21.2,"36,465,157","3,570","744,604",58.0,"1,542,745,105","2,793,743",,,,,2.0,63,,1.0,"3,695",4.0,,,,"23,609",,0
All Eyes on Me,All Eyes on Me - Single,Dj Belite,12/20/2022,TCAGR2239010,"2,401",29.1,"155,367",512,"52,259",,"21,746,915","272,517","1,502,840","91,479,861","2,017,012,601",,20.0,,,,,,,,,"8,238,004",,1
Kill Bill,SOS,SZA,12/8/2022,USRC12204584,68,177.7,"1,873,746,537","190,202","99,546,318",82.0,"220,538,045","3,153,793","266,430","152,410,048","1,284,413,960","426,461,749",214.0,"655,242","5,448",73.0,"1,304,067",122.0,"57,350,590","61,270","16,992,932","4,873,832",,0
Verte Ir,Verte Ir,DJ Luian,3/28/2019,QZ7B81700011,"2,622",27.5,"550,967,367","65,928","18,945,081",64.0,"728,468,384","3,473,098","11,200","1,930,550","20,847,094","137,102,567",35.0,"3,884",17,7.0,"293,349",12.0,"73,700,065","8,531",,"1,353,531",,0
Kiss Me More (feat. SZA),Kiss Me More (feat. SZA),Doja Cat,4/9/2021,USRC12100543,222,103.4,"1,823,871,908","262,313","116,916,147",76.0,"307,855,103","2,540,592","2,074,944","1,053,759,171","8,035,914,098","2,053,577",470.0,"551,084",650,129.0,"1,850,223",98.0,"100,039,259","54,999",,"9,556,378",,1
Caroline,Caroline,Aminï¿,3/9/2016,USCGH1697037,"3,802",21.9,"761,038,233","121,158","21,027,698",64.0,"71,245,011","686,801","470,451","28,814,118","131,813,469",,129.0,"2,299",3,18.0,"61,319",10.0,"262,393,898","433,934",,"3,258,289",,1
Blinding Lights,Blinding Lights,xSyborg,3/13/2021,QZLBC2302779,"4,229",20.5,"4,261,328,190",,,,,,,,,,,,,,,,,,,,,0
"You're On Your Own, Kid",Midnights,Taylor Swift,10/21/2022,USUG12205711,"3,585",22.7,"587,555,589","34,908","21,579,957",72.0,"43,130,763","357,803","77,652","54,962,930","342,958,656",,13.0,"1,087",2,3.0,"22,755",9.0,"7,967,496","5,328",,"364,310",,0
Higher Love,Higher Love,Kygo,6/28/2019,USRC11901901,"1,875",33.6,"943,137,389","117,582","79,382,957",67.0,"315,848,540","1,595,053","43,336","9,354,620","94,552,478","93,310,119",302.0,"243,385",238,165.0,"2,663,236",98.0,"54,000,735","46,744",,"5,337,579",,0
Titï¿½ï¿½ Me Pregu,Un Verano Sin Ti,Bad Bunny,5/6/2022,QM6MZ2214878,89,163.1,"1,514,239,759","190,692","77,283,361",77.0,"1,366,181,141","9,358,441","1,769,068","475,656,543","5,249,863,696","488,048,337",150.0,"145,640",920,44.0,"5,591,928",108.0,"69,095,169","81,914",,"5,133,847",,1
Into Your Arms (feat. Ava Max),Into Your Arms (feat. Ava Max),Witt Lowry,6/8/2018,USAT21802013,"2,232",30.3,"390,529,605","68,181","10,506,568",67.0,"388,438,653","6,747,169","4,480,319","1,314,071,004","15,189,209,474","133,226,735",17.0,"8,016",12,7.0,"9,478",4.0,"910,295","3,769",,"9,200,822",,1
I'm Not The Only One,In The Lonely Hour (Deluxe),Sam Smith,1/1/2014,GBUM71308836,"2,428",28.9,"1,879,966,374","164,059","76,679,523",77.0,"464,847,219","2,891,357","65,764","52,262,804","417,275,446","999,433",124.0,"1,427",125,213.0,"508,144",26.0,"576,011,327","191,798",,"15,809,409",,0
Survivorï¿½ï¿½ï¿½s R,Survivorï¿½ï¿½ï¿½s R,Roddy Ricch,5/31/2024,USAT22403043,"2,535",28.2,"4,462,637",789,"28,882,654",66.0,"2,244,519","116,431",,,,"20,570,003",27.0,134,20,7.0,"1,298,626",29.0,"703,876",89,"252,183","49,126",,1
Without You (feat. Sandro Cavazza),AVï¿½ï¿½CI ,Avicii,8/10/2017,SE5R71700101,"3,662",22.4,"1,074,175,360","135,290","29,277,394",73.0,"293,084,186","2,973,334","180,391","19,770,288","229,614,343","24,725,817",82.0,"43,106",119,46.0,"259,328",7.0,"21,846,254","11,253",,"5,939,460",,1
How Far I'll Go,Moana (Original Motion Picture Soundtrack/Deluxe Edition),Auli'i Cravalho,11/18/2016,USWD11677855,"1,793",34.4,"611,088,459","48,476","19,235,449",67.0,"1,505,578,850","5,184,385","150,273","18,075,637","149,410,833","46,918,755",87.0,592,382,10.0,"155,806",21.0,"167,139,739","287,679",,,,0
Meet you at the Graveyard,"Clean Sheets, dirty walls",Cleffy,10/6/2023,TCAHM2333379,"2,327",29.6,"95,871,805","21,000","7,441,709",14.0,"13,445,854","223,703","111,800","28,044,301","187,420,165","128,731",6.0,,,6.0,"53,422",8.0,,,,"1,905,641",,1
Antidepresan,Antidepresan,Mert Demir,11/4/2022,USA2P2247676,"2,605",27.7,"172,362,945","25,648","5,961,079",62.0,"164,304,790","644,688","293,300","15,092,029","428,987,615","7,986,595",13.0,"20,439",,3.0,"1,567,627",,,,,"903,938",,0
SUPERMODEL,SUPERMODEL,Mï¿½ï¿½ne,5/13/2022,ITB002200385,"1,936",32.9,"308,183,607","57,988","30,736,731",64.0,"29,232,672","460,660","145,290","31,480,770","401,636,873","65,010",70.0,"175,801",629,52.0,"355,125",32.0,"20,536,894","2,578",,"2,354,432",,0
supï¿½ï,supï¿½ï,ýýýýýýýýýý,8/11/2023,QZPLS2305099,"4,188",20.7,"63,642,484","15,618","1,035,077",65.0,"15,786,520","508,672","305,600","89,199,660","833,809,283",,1.0,,,,,,"89,501",93,,"400,490",,0
Inolvidable,Inolvidable,Ovy On The Drums,1/15/2020,USWL12000002,"3,712",22.2,"256,133,319","38,487","8,731,809",65.0,"515,007,268","2,900,662","357,700","35,450,027","341,404,786","9,984",8.0,"1,434",,12.0,"11,915",,"1,589,215","1,776",,"1,247,248",,0
Quï¿½ï¿½ Onda Per,Quï¿½ï¿½ Onda Per,Gerardo Coronel,2/17/2023,QZDQH2301118,"4,307",20.3,"58,284,482","7,247","4,706,766",54.0,"79,995,263","436,574","297,604","27,563,004","281,657,688",,1.0,"1,561",16,,,3.0,"35,942,085","9,187","741,427","507,081",,0
2002 - Remix,2002 (Remix),Shaun Reynolds,5/11/2018,QZ22B1944940,"1,136",44.6,"303,962",88,"6,796",8.0,,,"16,501,062","9,430,921","137,616,390",,,,,,,,,,,260,,0
Desesperados,VICE VERSA,Rauw Alejandro,12/10/2021,USSD12100779,397,76.6,"1,021,480,638","119,558","50,631,491",78.0,"722,946,861","3,591,807","793,105","186,008,455","2,153,526,389","815,766,418",75.0,"55,181",92,42.0,"3,476,743",53.0,"61,269,232","6,584",,"2,591,948",,1
Min Awel Dekika,Min Awel Dekika,Elissa,5/4/2022,LBA132200641,"2,040",31.9,"24,195,796","7,751","520,105",52.0,"513,974,720","3,902,623","32,737","1,654,100","40,801,186","15,212,684",4.0,"1,416",,3.0,"209,635",,,,,"968,681",,0
Bebe (feat. Anuel AA),Bebe (feat. Anuel AA),Ozuna,6/21/2017,USLZJ1789654,"1,632",36.2,"133,601,746","12,341","3,017,206",,"2,051,112,014","11,775,388","224,693","3,988,434","54,075,721","43,187,822",,,,2.0,"4,772",,,,,,,0
If I Can't Have You,Shawn Mendes (Deluxe),Shawn Mendes,5/25/2018,USUM71907349,"3,007",25.4,"1,015,502,663","82,046","26,967,760",67.0,"290,850,550","4,987,421","30,575","20,265,254","102,264,948","312,559,844",111.0,"171,291",404,38.0,"385,715",56.0,"199,577,088","73,005","330,177","3,403,391",,0
Dah Dah DahDah,Who is Nardo Wick?? (Deluxe),Nardo Wick,7/22/2022,USRC12202590,"3,766",22.0,"142,262,820","53,038","20,272,136",63.0,"35,675,859","373,352","134,014","53,648,356","365,465,494","323,596",18.0,"2,393",125,3.0,"25,942",21.0,"23,389,178","10,534",,,,1
DJ Got Us Fallin' In Love,Europa FM Presenta Europa Baila,USHER,1/1/2010,USLF21000041,"3,402",23.5,"841,183,589","178,587","102,898,525",76.0,"485,860,020","3,227,301","27,671","7,733,399","64,589,027","188,887,432",112.0,"2,137",351,46.0,"508,592",18.0,"793,976,863","382,226","1,444,503","6,644,459",,0
Ferxxo 100,Ferxxo 100,Feid,6/3/2022,USUM72209716,"1,392",39.7,"444,613,276","56,678","17,366,565",73.0,"328,723,503","1,532,631","115,997","13,349,051","179,088,549","379,795,695",29.0,"10,234",132,7.0,"3,362,387",7.0,"3,312,988","3,813",,"872,227",,0
Be Like That - feat. Swae Lee & Khalid,Be Like That (feat. Swae Lee & Khalid),Kane Brown,7/10/2020,USRN11900133,"3,040",25.1,"409,441,742","53,950","16,089,036",63.0,"147,151,901","1,275,444","109,342","6,519,563","68,851,923","15,185,084",100.0,"117,788",127,20.0,"119,649",32.0,"206,703,399","32,399",,"1,905,530",,0
Hei Apa Apa / Tik Tak Tik Tik,Nuansa Angkot 2023 - Vol. 1,Donny Fernanda,2/14/2023,FR59R2347368,"1,092",45.9,"12,415",1,2,,,,"3,817,700","148,462,808","2,586,057,582",,,,,,,,,,,,,0
CCC - Remix,CCC (Remix) - Single,Michelle Maciel,9/1/2023,UYB282379019,"3,715",22.2,"127,818,826","8,847","5,073,881",,"79,764,064","303,155",,,,"2,518,170",5.0,,,7.0,"629,291",3.0,"5,634,765","1,101",,"229,633",,0
24K Magic,24K Magic,Bruno Mars,10/7/2016,USAT21602944,"1,340",40.6,"1,425,996,809","175,419","63,087,960",77.0,"181,151,693","1,671,253","3,667,431","115,712,320","968,641,395","1,465,245",238.0,"240,328",368,153.0,"1,257,927",46.0,"301,404,498","407,873",,,,0
Filhaal2 Mohabbat,Filhaal2 Mohabbat,B Praak,7/6/2021,INUM72100040,"2,206",30.5,"72,348,363","6,300","1,979,759",57.0,"717,290,683","6,865,430","181,300","5,507,080","90,316,836","1,919,497",5.0,247,,,,2.0,"7,696",,,"209,262",,0
"Valerie - Live At BBC Radio 1 Live Lounge, London / 2007",Back To Black: Songs From The Original Motion Picture,Amy Winehouse,4/12/2024,GBCAD2000628,974,48.9,"562,814,594",17,"25,810",,,,,,,,,,,1.0,530,,,,,,,0
Ghost,Justice,Justin Bieber,3/19/2021,USUM72102635,283,91.5,"1,586,830,204","151,923","73,574,395",80.0,"476,319,277","4,622,504","797,409","122,390,348","1,180,485,094","2,976,186,938",119.0,"844,492","3,180",114.0,"303,462",49.0,"129,493,114","54,497",,"4,413,143",,0
It's You,It's You,Ali Gatie,6/14/2019,USWB11901154,"1,292",41.4,"1,123,039,235","140,766","29,272,883",72.0,"763,620,890","9,727,420","653,947","81,833,797","590,573,342","508,662,069",67.0,"28,821",175,38.0,"622,944",17.0,,,"1,882,234","4,561,219",,0
Geri Dï¿½ï¿½nem,Geri Dï¿½ï¿½nem,Semicenk,5/5/2023,FRX452325278,"3,702",22.3,"111,150,894","11,465","6,557,932",67.0,"130,717,641","376,889","39,900","852,150","31,451,449","7,986,595",7.0,,,1.0,"1,089",,,,,"208,321",,0
Get Into It (Yuh),Planet Her,Doja Cat,6/25/2021,USRC12101535,895,51.0,"603,196,133","97,704","24,305,145",68.0,"265,715,680","3,742,969","1,300,477","823,930,204","7,709,942,104","125,603,487",55.0,"228,888","4,500",17.0,"198,575",8.0,"53,920,294","27,170",,"2,436,551",,1
Morado,Morado,J Balvin,1/9/2020,USUM71924691,"4,553",19.5,"485,274,842","65,140","16,620,315",58.0,"257,045,287","2,076,627","151,922","9,099,573","96,188,508","40,113,725",76.0,212,116,27.0,"160,369",18.0,"58,365,539","8,468",,"1,227,531",,0
Espectacular,Espectacular - Single,Sky Rompiendo,4/18/2024,USSD12400197,"3,971",21.4,"29,254,420","3,415","44,650,919",,"4,214,564","68,306",,,,"7,608,525",30.0,"1,177",42,21.0,"184,327",32.0,"1,037,782",89,,"124,413",,0
How To Fly (Abbey Road Remaster 2024),Caress Your Soul (Abbey Road Remaster 2024),Sticky Fingers,3/8/2024,AUUR12400049,"2,092",31.5,"190,342,124",60,"16,287",,,,,,,,,2,,,,,"43,142,557","9,314",,,,0
ýýchame La Culpa,ýýchame La Culpa,Luis Fonsi,11/17/2017,USUM71712163,607,61.4,"935,042,457","92,728","21,057,073",68.0,"2,463,300,079","11,133,796","1,121,206","13,550,452","139,512,356","391,129,325",92.0,"81,252",,76.0,"175,283",36.0,"113,179,212","41,836",,"8,719,140",,0
Kokomo,The Very Best Of The Beach Boys: Sounds Of Summer (Expanded Edition Super Deluxe),The Beach Boys,6/17/2022,USUG12202078,"4,564",19.5,"271,362,772",128,"7,504",25.0,,,,,,,15.0,,,,,,"128,876,713","181,102",,,,0
Formula,Euphoria (Original Score from the HBO Series),Labrinth,10/4/2019,USQX91902497,"4,034",21.2,"836,491,531","114,619","24,572,791",79.0,"95,215,206","1,310,860","194,090","197,169,982","1,679,330,230","1,517,468",27.0,155,303,22.0,"210,733",,"2,182,680","5,310",,"1,759,253",,0
Beautiful (feat. Camila Cabello),Beautiful (feat. Camila Cabello),Bazzi,8/2/2018,USAT21810504,"2,611",27.6,"737,482,160","55,335","17,510,051",66.0,"419,937,796","4,019,192","3,214,979","189,904,593","2,189,766,597","207,282,014",52.0,"19,601",,25.0,"52,812",16.0,"22,073,894","13,492",,"4,647,023",,0
MASHA ULTRAFUNK,MASHA ULTRAFUNK,HISTED,3/8/2024,QZES82406061,422,74.9,"32,435,333","2,141","18,509,359",76.0,"57,665,106","1,285,063","550,000","83,742,600","1,059,880,600","5,353,152",1.0,,,,,8.0,"28,942",53,,"264,296",,0
Graduation (with Juice WRLD),Graduation (with Juice WRLD),benny blanco,8/30/2019,USUM71916692,"3,869",21.7,"358,055,646","63,452","9,753,180",58.0,"79,428,378","1,309,138","573,069","62,330,473","1,038,829,201","5,238,638",29.0,70,,6.0,"38,755",10.0,"30,040,078","46,674","28,821,843","761,157",,1
Mirror,Tha Carter IV (Japan Version),Lil Wayne,1/1/2011,USCM51100327,"4,433",19.8,"531,877,344","113,502","16,875,314",69.0,"887,185,779","5,742,922","240,175","59,853,712","478,863,160","159,410,617",21.0,26,4,10.0,"249,253",8.0,"260,350,267","311,020",,"3,832,905",,1
Sï¿½ï¿½PER ULTRA ,Sï¿½ï¿½PER ULTRA ,Picus,4/15/2023,MXUM72300426,"2,844",26.2,"14,167,450",963,"227,636",56.0,"246,398,948","1,783,107",,"10,206,545","145,453,664","80,150,371",,374,,,,1.0,,,,"55,529",,0
Free Mind,For Broken Ears,Tems,9/25/2020,QMBZ92014864,"1,559",37.1,"155,772,691","49,453","8,122,764",67.0,"148,979,688","1,059,852","345,508","87,943,998","793,660,172",,90.0,"441,814",145,3.0,"10,838",37.0,"39,057,776","49,923","15,104,791","3,346,952",,0
Explï¿½ï¿½,Para Mi Ex,Myke Towers,12/15/2020,QMFMF2007349,"3,619",22.6,"243,931,915","57,909","7,781,405",62.0,"337,123,245","1,592,106","38,300","13,056,090","116,038,150","13,620,018",24.0,"3,123",,3.0,"19,077",4.0,"12,008,035","2,206",,"466,416",,1
MERCEDES CAROTA,nadie sabe lo que va a pasar maï¿½ï¿,Bad Bunny,10/13/2023,QMFME2364192,"3,231",24.2,"102,660,899","18,253","6,004,573",,"32,838,380","323,861","3,233","2,189,880","21,328,128","2,634,695",9.0,186,,,,3.0,"3,314,440",726,,"208,933",,1
MIDDLE CHILD,MIDDLE CHILD,J. Cole,1/24/2019,QMJMT1902056,836,53.1,"1,285,518,117","221,749","47,461,150",74.0,"606,135,388","5,429,579","24,013","9,483,657","72,297,780","42,301,836",119.0,"73,534",92,33.0,"200,166",35.0,"377,326,561","178,350",,"3,638,588",,1
Regalo De Dios,PRESENTE,Juliï¿½ï¿½n ï¿½ï¿½lvarez y su Norteï,11/17/2023,QZ7HP2300092,498,68.9,"205,050,873","6,236","32,107,085",81.0,"242,715,015","1,024,215",,"1,660","20,904","1,291,400,606",7.0,"2,838",,8.0,"2,174,143",8.0,"7,709,559","5,232",,"750,457",,0
Carry You Home,Carry You Home,Alex Warren,5/31/2024,USAT22403017,"2,339",29.5,"9,428,361","1,095","21,925,889",71.0,"1,902,586","62,041",,,,,13.0,85,,6.0,"77,312",45.0,"582,602",56,"132,149","57,380",,0
"Illegal Weapon 2.0 (From ""Street Dancer 3D"")","Illegal Weapon 2.0 (From ""Street Dancer 3D"")",Jasmine Sandlas,1/4/2020,INS182000006,"4,434",19.8,"173,193,166","12,129","7,879,651",60.0,"643,258,603","3,362,426","54,100","5,386,841","57,212,956","28,907,695",13.0,"1,288",,,,4.0,,,,"259,241",,0
Murder In My Mind,Murder In My Mind,Kordhell,1/21/2022,QM4TW2218315,547,65.6,"668,285,368","120,095","62,454,609",74.0,"135,561,359","1,695,128","1,103,489","258,958,538","2,877,613,437",,21.0,508,338,7.0,"127,461",10.0,"5,328,696","7,896","38,200,577","2,597,736",,1
Broccoli,Broccoli - Single,ati2x06,1/17/2024,ES64E2455101,626,64.9,"846,435,891",1,42,,,,,,,,,,,,,,,,,,,0
Save Your Tears (with Ariana Grande) (Remix),After Hours (Deluxe),The Weeknd,3/20/2020,USUG12101839,884,51.4,"1,549,317,525","178,149","71,174,158",73.0,"385,884,628","4,302,435","89,958","59,135,602","426,511,103","271,720,676",309.0,"236,616",,166.0,"2,493,997",58.0,"87,260,353","20,102","5,621,588","3,251,107",,0
Girl,Easy Money Baby,Myke Towers,1/24/2020,QM4TW2040254,"3,523",23.0,"358,885,100","66,574","10,919,097",70.0,"386,760,006","2,110,339","256,873","40,681,006","384,081,312","20,323,581",35.0,"8,648",,4.0,"47,015",8.0,"12,496,355","6,427",,"921,816",,1
Asking,Asking (feat. Clementine Douglas),Sonny Fodera,7/7/2023,US39N2307761,"3,117",24.7,"86,564,714","20,203","44,058,645",71.0,"7,626,020","64,694",806,"106,047","2,191,926","3,380,195",43.0,"24,743",24,25.0,"742,300",30.0,"2,191",233,"4,831,190","545,123",,0
Paradise - Radio Edit,NRJ Music Awards 2012,Coldplay,12/26/2011,GBAYE1101144,"4,245",20.5,"1,287,292,679",143,"20,596",,"1,869,323,331","9,256,071",,,,"253,040,757",,"7,718",,,,,,,,,,0
Panda,Panda,Desiigner,2/26/2016,USUM71601094,219,104.2,"1,181,348,550","170,002","34,000,497",62.0,"2,277,330,940","22,334,292","3,823,774","33,020,704","283,835,852","190,757,316",245.0,"22,143",113,63.0,"559,832",14.0,"375,337,428","1,442,436","212,661,473","10,372,624",,1
Can't Get Enough,Can't Get Enough,Jennifer Lopez,1/10/2024,QMRSZ2301148,"2,565",27.9,"9,293,098","1,348","2,545,397",,"19,200,761","262,872","6,015","5,065,489","1,752,700","2,407,922,034",16.0,"70,306",57,6.0,"5,901,816",9.0,"888,313",305,,"294,615",,1
MIDDLE CHILD,TrapStar Turnt PopStar,PnB Rock,5/2/2019,USAT21901942,"3,590",22.7,"143,152,814","37,044","3,705,069",53.0,"111,536,750","1,932,048","21,064","7,419,600","56,902,607","15,229,934",2.0,251,,3.0,"2,963",1.0,"1,974,367","15,412","68,499,237","172,456",,1
Bebe Dame,Bebe Dame - Single,Fuerza Regida,12/16/2022,QZ9QQ2200182,"1,132",44.7,"562,099,076","51,229","20,388,246",70.0,"11,080,081","68,671","623,600","146,379,790","1,746,059,702",,49.0,"15,119",36,18.0,"2,487,813",17.0,"98,549,626","29,193",,"2,289,240",,0
Columbia,Columbia,Quevedo,7/7/2023,BK4DA2310533,209,105.5,"721,002,940","84,161","56,226,278",79.0,"266,411,536","1,343,262","372,100","71,411,756","752,868,970","535,715,103",47.0,"51,158",44,39.0,"1,537,049",64.0,"260,176","1,269","120,842","1,148,958",,0
En Peligro de Extinciï¿½,En Peligro De Extinciï¿½,La Adictiva,5/13/2018,MXA411400084,"3,832",21.8,"310,742,518","20,307","11,542,516",65.0,"811,416,034","2,074,845","96,574","2,297,779","32,767,411","13,506,591",10.0,"3,303",10,2.0,"10,405",28.0,"114,192,119","37,293",,"1,171,550",,0
Maria,Marï¿½,HWASA,6/29/2020,KRA382002246,"3,258",24.1,"280,901,994","31,034","6,694,945",63.0,"489,518,287","8,770,696","854,500","100,199,461","948,594,062","14,011,677",6.0,"3,915",7,6.0,"43,233",20.0,"2,248,413","3,097",,"126,970",,0
Bruises,Bruises,Lewis Capaldi,3/31/2017,GBKPL1778698,"3,570",22.7,"1,135,588,382","132,498","38,683,695",73.0,"375,823,933","3,028,107","119,383","13,112,648","120,059,618","14,015,244",69.0,"30,368",,33.0,"92,939",9.0,"59,654,253","65,711",,"2,299,610",,0
Unstoppable,Unstoppable,Sia,1/21/2016,USRC11502934,548,65.5,"1,285,237,951","166,761","75,244,498",76.0,"1,383,536,938","11,277,243","7,657,876","920,079,246","14,808,888,629","2,811,155,497",124.0,"654,509",549,86.0,"1,468,966",52.0,"92,645,908","86,880",,"15,422,384",,0
Loosing interest,Missing,Kurochuu,6/9/2024,CA5KR2466576,"1,419",39.2,"43,492,280",2,"2,190",4.0,,,,,,,,,,,,,,,,,,0
Bande organisï¿½,Bande organisï¿½,13 Organisï¿,8/15/2020,FRX282066018,"2,625",27.5,"267,241,905","62,950","4,938,947",63.0,"515,808,378","2,686,256","5,066","641,873","12,209,681","11,896,873",51.0,"17,239",,42.0,"6,246,257",10.0,,,,"2,065,953",,1
UNA BALA,UNA BALA,Milo j,11/29/2023,UYB282384014,"3,026",25.2,"94,097,213","9,345","4,283,676",,"56,612,055","670,867",,,,"1,644,399,457",1.0,"1,215",,1.0,"231,785",,"34,640",98,,"118,143",,0
"Perdonarte, ï¿½ï¿½Para Q","Perdonarte, ï¿½ï¿½Para Q",Los ï¿½ï¿½ngeles Az,5/23/2024,MX1722401778,943,49.5,"19,514,243","1,329","42,180,412",75.0,"17,545,232","195,611",,,,"16,582,955",16.0,"1,344",,16.0,"378,750",10.0,"181,212",14,,"48,790",,0
Umbrella (with 21 Savage & Young Nudy),HEROES & VILLAINS,Metro Boomin,12/2/2022,USUG12208786,"3,521",23.0,"134,971,918","58,239","5,643,840",64.0,"8,374,578","77,621","5,871","5,401,097","34,056,492",,5.0,248,10,,,5.0,"2,207,651",597,,,,1
El Rescate,El Rescate - Single,Grupo Marca Registrada,7/22/2022,USDXS2202347,"2,528",28.2,"391,773,238","34,952","16,586,286",69.0,"133,887,895","711,785","431,726","98,990,436","1,102,477,168","6,037",7.0,19,,1.0,"186,322",8.0,"36,067,031","3,703",,"840,393",,1
Love Yourself,Love Yourself,Justin Bieber,11/9/2015,USUM71516761,530,66.8,"2,423,583,406","221,550","85,152,861",78.0,"2,154,325,842","11,828,484","412,296","54,794,151","546,197,873","1,521,238,263",287.0,"216,976",210,114.0,"644,719",68.0,"579,271,026","399,649",,"16,182,850",,0
Como En Los Viejos Tiempos,Como En Los Viejos Tiempos - Single,Eden Muï¿½ï,11/20/2023,QZYYM2300004,"4,088",21.0,"37,831,332","2,880","3,850,183",,"60,890,936","243,887",,"748,585","13,570,678","316,358,406",9.0,"5,168",3,6.0,"60,268",1.0,"6,537,667",835,,"304,233",,0
Tera Fitoor,"Tera Fitoor (From ""Genius"")",Arijit Singh,7/12/2018,INT101800121,"4,545",19.5,"108,748,134","8,561","5,661,296",68.0,"900,050,812","4,918,218",114,"24,716","331,691","32,388,440",4.0,721,,,,,"396,783",321,,"203,282",,0
Kitchen Stove,Kitchen Stove,Pozer,2/23/2024,GBARL2400167,"3,266",24.1,"20,395,364","3,841","6,746,386",,"5,280,055","70,627",,,,"24,444,704",4.0,974,,5.0,"220,079",16.0,,,"3,472,834","54,940",,1
Dale Don Dale,Dale Don Dale,ElMusto,5/17/2024,TRADS2300163,"2,978",25.5,"14,289,955",745,"4,805,106",71.0,"10,933,199","73,479",,,,,4.0,268,,2.0,"16,378",,,,,"61,976",,0
Sonrï¿½ï¿½ele a la ,Sonrï¿½ï¿½ele a la ,DnK,6/25/2021,QZHZ62124573,"1,590",36.7,"3,052,742",31,"1,828",10.0,"542,279","8,653","6,159,800","19,334,365","367,663,104",,,,,,,,,,,"52,596",,0
Casanova,Casanova,Soolking,12/7/2023,FRPZ92346900,"2,940",25.7,"68,705,759","12,259","10,918,400",73.0,"31,447,677","196,411",,"1,130","111,700","69,933,889",23.0,"9,271",,32.0,"1,541,609",20.0,,,,"465,456",,0
Shorty Party,Shorty Party,Cartel De Santa,3/4/2023,MX3602300010,633,60.4,"323,657,766","28,785","11,052,463",69.0,"373,726,087","2,491,193","416,201","53,038,445","623,071,891","304,414,240",9.0,"2,712",1,3.0,"1,108,265",7.0,"13,592,777","11,376",,"2,690,874",,1
Feel So Close - Radio Edit,Dance Hitlist 2012.1,Calvin Harris,1/1/2011,GBARL1100748,"4,411",19.9,"991,382,346","187,432","87,928,081",79.0,"7,412,771","63,854","183,112","76,790,230","502,553,641",,148.0,"57,577",,84.0,"942,311",29.0,"426,156,682","480,102",,"7,721,049",,0
Mayor Que Usted,Mayor Que Usted - Single,NATTI NATASHA,6/17/2022,USB272200101,"4,068",21.1,"120,404,381","17,334","6,356,554",54.0,"217,520,607","1,240,522",,,,"225,074,756",17.0,"22,234",189,6.0,"61,127",13.0,"15,594,160","1,357",,"446,475",,0
MILLION DOLLAR BABY,Million Dollar Baby - Single,Tommy Richman,4/26/2024,QM24S2402528,1,725.4,"390,470,936","30,716","196,631,588",92.0,"84,274,754","1,713,126","5,767,700","651,565,900","5,332,281,936","150,597,040",210.0,"40,975",684,62.0,"17,598,718",114.0,"18,004,655","22,931","4,818,457","2,669,262",,0
WTFYM,WE DON'T TRUST YOU,Future,3/22/2024,USSM12402042,"3,864",21.7,"17,192,758","5,834","2,628,670",,"2,341,216","30,917",,,,,4.0,46,,,,,"203,787",133,"1,088,152",,,1
Woo Baby (feat. Chris Brown),Faith,Pop Smoke,7/16/2021,USUM72112396,"4,482",19.7,"156,697,759","69,258","5,943,506",62.0,"59,647,655","736,873","21,014","3,861,283","54,292,475","40,048,862",40.0,"26,638","1,076",8.0,"145,596",14.0,"32,312,848","4,740",,"1,065,106",,1
Sugardaddy,Sugardaddy - Single,Roxy Dekker,4/4/2024,NL9RM2300006,"4,141",20.9,"33,677,357","4,771","7,366,163",73.0,"2,034,940","16,504",,,,"2,606,582",8.0,"4,571",,14.0,"489,644",,,,,"34,753",,0
ýýýýýýýýýý ýýýý ýýýýýý ýýýýýýýý,ýýýýýýýýýý ýýýý ýýýýýý ýýýýýýýý - Single,ýýýýýýýýýý ýýýýýýýý,12/8/2022,DGA082213263,"2,279",30.0,"468,162",114,"21,665",24.0,,,"2,500,000","5,971,244","183,524,720",,,,,,,,,,,"95,147",,0
Faster n Harder,Faster n Harder,6arelyhuman,2/28/2024,QZZ4J2400085,"1,639",36.1,"45,351,290","6,008","7,286,918",68.0,"28,519,638","657,396","22,300","7,862,317","53,668,207",,1.0,,,1.0,"42,347",8.0,"324,298",565,"1,586,458","443,299",,1
THATS WHAT I WANT,MONTERO,Lil Nas X,9/17/2021,USSM12105732,248,98.0,"1,062,095,453","165,197","75,503,476",72.0,"194,928,107","3,281,325","1,174,669","331,324,816","3,501,946,982","3,618,055,498",156.0,"830,038","2,344",83.0,"2,949,606",46.0,"54,997,089","27,977","12,581,843","5,957,065",,1
La Vaca Lola,Las 20 Mejores Canciones Infantiles,Toy Cantando,6/10/2013,COA3C1500662,"2,250",30.2,"38,260,236","3,255","310,554",55.0,"2,809,354,638","7,825,584","22,366","1,533,921","72,165,422",,,8,,,,,,,,"4,506",,0
It'll Be Okay,It'll Be Okay,Shawn Mendes,12/1/2021,USUM72122321,"2,925",25.8,"344,658,498","61,117","28,999,986",65.0,"114,495,950","2,357,556","130,670","165,436,212","1,514,925,086","1,423,088,796",58.0,"50,031",97,36.0,"1,186,938",22.0,"20,569,697","3,821",,"1,497,439",,0
Virtual Angel,<Dall>,ARTMS,5/31/2024,KRA382401742,"1,810",34.2,"2,371,467",241,"4,606,660",,"11,364,565","212,716",,,,,7.0,16,,,,7.0,209,,,"4,320",,0
Won't Forget You - Edit,Won't Forget You,Shouse,2/4/2022,USA2P2201279,"3,067",25.0,"142,809,304","56,014","16,171,357",64.0,"47,750,136","294,089","7,643","897,890","16,804,128","39,446,804",19.0,"115,926",,14.0,"737,756",3.0,"84,144",210,,"3,693,664",,0
Matilda,Harry's House,Harry Styles,5/20/2022,USSM12200615,"3,003",25.4,"502,585,349","64,618","37,636,137",72.0,"50,100,652","768,251","98,069","68,560,234","395,014,106","1,946,706,640",33.0,"3,342",80,23.0,"510,201",22.0,"2,630,860","4,181",,"377,249",,0
Heart On Ice,Heart On Ice,Rod Wave,5/31/2019,USUYG1257043,"3,659",22.4,"320,136,804","70,340","8,592,699",62.0,"300,606,606","2,725,053","274,439","65,635,809","415,394,142","38,241,072",24.0,"14,504",177,2.0,"8,128",5.0,"105,823,212","111,036",,"1,552,968",,1
Crazy What Love Can Do,Only Honest On The Weekend (Deluxe),David Guetta,3/18/2022,UKWLG2200001,"1,825",34.0,"371,288,040","69,527","53,951,706",69.0,"42,623,147","297,084","5,644","1,282,246","19,793,657","2,591,798,957",111.0,"205,826",348,56.0,"947,134",40.0,"4,516,525",729,,"2,246,791",,0
Barely Holdin' On,Barely Holdin' On,Polo G,8/18/2023,USSM12305651,"3,846",21.7,"49,246,411","22,225","4,792,493",59.0,"17,029,916","393,829","25,015","2,771,742","27,395,460","69,251,418",7.0,"1,985",155,14.0,"173,920",6.0,"14,681,138","2,843",,"278,504",,1
7 Summers,7 Summers,Morgan Wallen,8/14/2020,QZ22S1800133,"4,038",21.2,"433,429,705","47,966","7,954,524",73.0,"108,280,492","418,212","404,913","40,464,743","273,205,308","162,712,220",33.0,"44,492",14,2.0,"3,148",15.0,"77,905,510","39,530","5,301,405","667,963",,0
FREAK,YUQ1,YUQI,4/23/2024,KRA392400004,"2,604",27.7,"9,956,970",918,"11,306,595",66.0,"28,265,816","825,743",,"3,714,416","16,415,876",,6.0,95,8,2.0,"1,891",7.0,,,,"22,273",,0
Street Runner,Street Runner,Rod Wave,3/10/2021,USLD91730830,"1,961",32.5,"163,921,357","36,519","4,018,180",64.0,"296,510,850","1,746,888","55,925","13,288,490","64,791,187","273,349,430",22.0,"3,894",,3.0,"61,084",3.0,"65,254,347","37,085","31,365,926","806,043",,1
Something Just Like This,Something Just Like This,The Chainsmokers,2/22/2017,USQX91700278,273,94.0,"2,596,644,721","278,237","128,709,855",82.0,"2,822,804,239","15,242,846","350,848","80,813,727","631,258,708","277,516,825",315.0,"409,911",,420.0,"1,634,441",108.0,"588,568,899","197,928",,"16,040,973",,0
2Humpy is Back,2Humpy is Back,2Rare,4/5/2024,USWB12401052,"1,861",33.7,"299,871",71,"576,253",,,,"387,200","5,817,255","40,815,691",,1.0,1,,,,7.0,"82,867",56,,"20,511",,1
Hello Koun,Hello Koun,Ritesh Pandey,12/9/2019,INT501947392,"2,972",25.6,"4,078,322",178,"28,394",18.0,"987,792,547","3,856,264","38,386","947,262","10,568,686","23,808,458",,,,,,,,,,"14,707",,0
Sunroof,Sunroof,Nicky Youre,11/26/2021,QM24S2107064,279,92.3,"879,708,559","44,652","23,104,189",12.0,"74,610,328","807,333","11,172,130","1,672,193,890","22,086,963,233",,2.0,,"1,073",1.0,"11,899",,,,"6,305,169",,,0
Lonely At The Top,Work Of Art,Asake,6/15/2023,USUYG1490059,947,49.4,"84,655,991","13,107","7,678,884",69.0,"75,076,449","510,479","1,513,241","16,795,588","382,487,197","72,422,815",36.0,"11,861",89,6.0,"164,069",26.0,"779,288",650,"1,367,844","2,361,169",,0
Baila Baila Baila,Baila Baila Baila,Ozuna,1/5/2019,QM7281886206,"2,845",26.2,"563,326,343","71,108","14,798,709",64.0,"619,678,799","3,452,638","106,538","2,189,375","13,221,298","11,102,526",39.0,"18,970",456,19.0,"1,388,183",47.0,"102,464,905","21,059",,"2,360,573",,0
Fighting My Demons,A Great Chaos,Ken Carson,10/13/2023,USUM72314187,"2,015",32.1,"97,155,109","35,187","5,011,301",,"4,542,549","51,897",,"5,842,047","55,497,007",,1.0,50,327,2.0,"4,987",2.0,"332,422",876,,"275,363",,1
Aye (feat. Travis Scott),Pink Tape,Lil Uzi Vert,6/30/2023,USAT22306849,"3,204",24.3,"73,140,012","38,585","11,725,812",62.0,"4,645,872","99,384","20,079","9,396,584","75,770,759","161,789,590",30.0,"1,410",17,6.0,"91,343",4.0,"361,815",288,,"175,009",,1
ýýCýýmo Pasýý?,ýýCýýmo Pasýý?,Ela Taubert,2/14/2024,USUM72400711,"2,324",29.7,"61,288,751","3,662","17,901,827",,"41,942,760","443,004",,,,"17,589,313",10.0,"3,666",,15.0,"331,202",15.0,"73,018",166,,"610,292",,0
Whistle,Pioneer The Album (Vol.13),Flo Rida,9/27/2010,USAT21201745,"2,784",26.6,"814,272,136","180,832","45,770,125",72.0,"731,556,941","4,447,478","81,387","30,075,991","257,784,004","145,428,852",35.0,647,35,31.0,"288,330",9.0,"504,389,796","708,969",,"9,104,370",,0
Thinking out Loud,Full Circle: The Live Anthology,Ed Sheeran,11/20/2011,GBAHS1400099,"3,253",24.1,"2,502,925,593","212,574","119,020,197",76.0,"430,771,444","3,399,564","168,386","63,593,438","548,933,681","25,654,740",360.0,"197,343",100,346.0,"1,160,637",80.0,,,,"26,904,347",,0
F.N.F. (Let's Go),F.N.F. (Let's Go) - Single,Hitkidd,5/3/2022,QZRD92201643,"2,948",25.7,"68,460,285","16,340","2,772,856",54.0,"107,349,472","1,053,855","75,908","44,299,693","301,331,608","475,299,208",21.0,"168,821",976,1.0,891,30.0,,,"8,529,821","676,048",,1
Your Heart Or Mine,Mr. Saturday Night,Jon Pardi,9/2/2022,USUM72211354,"4,329",20.2,"129,531,779","14,019","7,342,329",69.0,"13,125,721","89,641","2,642","863,627","12,561,121","57,198",8.0,"153,263",144,1.0,"87,320",2.0,"34,744,597","3,651","893,347","446,529",,0
She Got the Best of Me,This One's for You Too (Deluxe Edition),Luke Combs,6/1/2018,US6XF1700267,"2,862",26.1,"572,628,080","58,161","18,234,682",79.0,"358,325,972","1,376,330","48,738","6,199,392","45,145,253","514,930,459",28.0,"188,483",19,3.0,"6,863",11.0,"343,169,820","50,137",,"1,096,110",,0
m y . l i f e (with 21 Savage & Morray),The Off-Season,J. Cole,5/14/2021,QMJMT2103634,"2,135",31.1,"436,133,194","124,236","21,455,262",68.0,"78,305,305","910,889",,,,"26,806,812",78.0,"30,793",14,7.0,"38,073",16.0,"42,756,940","16,650",,"1,399,160",,1
Somebody (2024),Somebody (2024),Gotye,2/9/2024,GBUM72311281,"2,378",29.2,"51,862,502","14,144","76,264,974",74.0,"1,992,397","46,818",,,,"786,338",32.0,"6,377",,40.0,"781,938",31.0,"102,841",99,,"230,260",,0
Seven (feat. Latto) (Explicit Ver.),Seven (feat. Latto),Jung Kook,7/14/2023,USA2P2330093,156,122.4,"1,673,557,134","54,950","91,343,768",80.0,"397,523,735","10,125,293","341,522","114,990,786","761,760,624","1,800,517,153",86.0,"23,714",861,54.0,"5,286,388",56.0,"6,442,882","4,352",,"2,310,409",,1
We Ride,We Ride - Single,Bryan Martin,10/28/2022,QMDPP2201707,"2,414",29.0,"200,017,368","30,976","8,143,503",76.0,"35,463,149","219,282","31,143","1,516,946","27,411,983","363,631,289",6.0,"74,959",,5.0,"1,596,411",12.0,"47,905,972","5,769","2,107,680","503,044",,1
Virginia Beach,For All The Dogs,Drake,10/6/2023,USUG12306066,981,48.8,"165,204,421","38,562","6,636,362",,"16,599,214","126,612",,,,"35,874",5.0,"1,751",,2.0,"1,924",8.0,"5,063,703","5,731","6,243,171","349,915",,1
Freestyle,Too Hard,Lil Baby,12/1/2017,QZ4JX1760834,"1,735",35.0,"706,489,684","169,855","37,807,345",75.0,"755,884,858","3,716,581","33,905","16,142,417","109,113,917","250,831,157",83.0,797,40,14.0,"258,389",10.0,"145,578,693","81,846",,"2,193,924",,1
Ranjha Maahi,Ranjha Maahi - Single,Siddhant,1/12/2023,INS172224058,"2,375",29.3,"40,654",75,"45,363",7.0,"361,176,372","4,152,958",,,,"251,709,559",1.0,29,,,,,,,,344,,0
Woah,Woah,Lil Baby,11/8/2019,USUG11902877,"1,851",33.8,"420,627,588","104,460","14,977,024",60.0,"448,194,116","3,160,800","203,312","26,617,282","225,572,938","9,769,097",76.0,"80,703",212,17.0,"114,900",25.0,"141,082,301","75,459",,"1,977,941",,1
Your Love (9PM),Your Love (9PM),ATB,1/15/2021,DECE72003523,976,48.9,"721,002,104","146,298","62,920,572",71.0,"118,729,044","952,700","25,400","5,772,644","81,735,548","153,714,110",201.0,"361,427",220,115.0,"2,519,598",27.0,"24,235,804","2,394","5,026,745","7,799,522",,0
Darkside,Darkside,Alan Walker,7/27/2018,NOG841806010,"2,173",30.8,"596,469,106","81,058","16,282,307",67.0,"919,443,352","9,060,446","155,324","14,285,955","127,865,814","254,564,290",32.0,"19,066",,16.0,"125,289",11.0,"35,950,795","54,690",,"2,538,154",,0
Sugar Rush Ride,The Name Chapter: TEMPTATION,TOMORROW X TOGETHER,1/27/2023,USA2P2243432,"3,672",22.4,"178,523,233","14,560","6,470,472",67.0,"140,763,661","2,394,273","144,009","133,503,343","697,618,053","53,703,779",11.0,"1,785",23,5.0,"36,012",36.0,"905,604",967,,"370,282",,0
Baarish,Baarish,Payal Dev,8/11/2020,INUM72000050,"2,244",30.2,"12,208,412","1,424","362,321",41.0,"135,529,803","1,794,516","5,941,101","17,311,643","278,475,456",,1.0,5,,,,,,,,"37,064",,0
Besito,Besito,Soy Pau,7/8/2023,QZNWQ2336916,"3,838",21.8,"6,220,250",458,"44,624",50.0,"114,811,395","851,776","353,400","9,369,979","155,823,199","9,555,714",,5,,,,,,,,"16,531",,0
Wild Ones (feat. Jelly Roll),Wild Ones (feat. Jelly Roll),Jessie Murph,10/6/2023,USQX92304180,936,49.8,"165,347,464","21,942","13,799,115",,"43,792,907","313,018","15,847","603,997","7,395,640","446,100,137",18.0,81,314,19.0,"7,719,621",47.0,"83,726,741","27,712","1,638,261","354,116",,1
Mon Amour,Mon Amour,Annalisa,3/31/2023,ITQ002300239,"2,488",28.5,"86,387,703","9,584","2,241,484",56.0,"98,278,396","404,177","757,539","21,805,849","376,919,346","260,464,298",23.0,"20,746",,4.0,"11,160",10.0,"10,290",,,"739,131",,0
Dancing in My Room,Dancing in My Room,347aidan,10/26/2020,USQX92004785,"2,976",25.5,"335,188,091","86,549","11,975,787",61.0,"122,687,107","2,529,521","1,154,302","413,677,323","3,434,097,182","1,051,743",54.0,"5,455",119,9.0,"18,086",,"7,989,935","19,258",,"1,709,213",,1
More than you know,More than you know,NoSpace,7/25/2022,QZMEM2268044,"1,397",39.7,"2,030",5,33,2.0,"679,269,509","4,540,153",,,,"343,047,125",,4,,,,,,,,5,,0
Moves Like Jagger - Studio Recording From The Voice Performance,Hands All Over (Revised Asia Standard Version),Maroon 5,1/1/2010,USUM71109132,"1,598",36.7,"1,461,578,587","216,137","99,533,361",76.0,"808,548,795","3,748,427","59,357","43,182,317","284,400,429","196,969,353",198.0,"1,132",,138.0,"1,551,892",70.0,"944,908,702","1,230,639","11,490,689","10,962,898",,0
Swear to God (feat. Future),Swear to God (feat. Future),Tee Grizzley,5/10/2024,USAT22402999,"2,011",32.1,"7,785,021","1,971","22,252,657",1.0,"3,973,551","90,879",,,,"381,728",17.0,2,5,7.0,"1,406,173",21.0,"3,918,627",222,"781,307","57,289",,1
Replay,Now! 15,Iyaz,1/1/2009,USRE10901161,"3,232",24.2,"941,989,512","202,958","78,141,768",74.0,"680,420,701","5,796,336","248,312","30,186,137","239,082,117","208,116,538",49.0,"37,387",58,24.0,"370,752",6.0,"505,346,500","567,747",,"6,223,045",,0
LA FAMA,LA FAMA (feat. The Weeknd) - Single,ROSALï¿½,11/11/2021,USSM12107750,"1,453",38.5,"459,476,092","79,169","20,678,333",69.0,"301,677,718","2,245,842","55,272","38,358,977","399,821,879","462,649,059",87.0,"63,710",464,46.0,"1,485,067",45.0,"3,528,286","5,647",,"3,574,604",,0
GMFU (w/ 6arelyhuman),GMFU (w/ 6arelyhuman),Odetari,7/26/2023,QZVFR2301503,"1,503",37.8,"199,444,237","31,285","5,660,364",72.0,"26,054,503","411,659","137,100","26,294,743","178,981,870",,1.0,,,2.0,"11,655",8.0,"1,000,492",67,"6,258,684","716,415",,1
The Spectre,The Spectre,Alan Walker,9/15/2017,NOG841713010,"1,395",39.7,"428,110,164","67,602","15,209,777",67.0,"1,517,036,583","14,141,233","2,369,610","157,496,340","1,924,971,468","342,164,180",25.0,"8,689",,18.0,"173,266",18.0,"24,331,598","26,516",,"3,283,494",,0
Calling My Phone,Calling My Phone,Lil Tjay,2/12/2021,USSM12100388,263,95.7,"777,064,903","213,153","29,437,172",71.0,"482,028,631","5,431,785","1,378,861","181,697,356","1,411,545,704","326,289,844",118.0,"147,120",117,33.0,"263,058",33.0,"105,932,632","53,956","69,864,802","4,012,749",,1
Friend of a Friend,Friend of a Friend (ft. M1KE),Mï¿½ï¿½lod,3/28/2023,GX4LG2101513,"3,126",24.7,,5,"6,700",,"274,862,350","604,907",,,,"26,664,062",,8,,,,,,,,12,,1
Sex Sounds,True 2 Myself,Lil Tjay,10/11/2019,USSM11909049,"1,495",37.9,"413,974,601","110,016","7,011,141",69.0,"157,947,172","1,678,467","1,100,476","57,769,616","438,050,984","5,828,058",9.0,159,2,5.0,"49,203",,"15,614,924","49,563","52,862,267","2,444,154",,1
Slime You Out (feat. SZA),Slime You Out,Drake,9/15/2023,USUG12306064,696,57.9,"202,169,670","54,946","23,594,885",,"4,800,069","76,129","3,206","3,251,632","26,954,111",,29.0,156,10,15.0,"1,651,235",16.0,"14,611,155","5,724","6,744,659","791,868",,1
Sobredosis (feat. Ozuna),Golden,Romeo Santos,7/21/2017,USSD11700341,"4,220",20.6,"433,074,753","46,083","14,763,723",69.0,"733,383,572","3,063,277","90,882","27,678,224","271,273,148","69,819,676",20.0,"3,824",39,11.0,"178,299",18.0,"105,783,651","31,025",,"2,169,286",,0
One Step Closer,Papercuts,Linkin Park,4/12/2024,USWB11201316,640,59.8,"687,919,107",91,"485,893",,,,,,,,,,,,,1.0,,,,,,0
ATM,ATM - Single,Nemzzz,5/16/2024,US38Y2409882,"4,523",19.6,"6,184,259","1,641","8,841,671",67.0,"1,090,122","43,929",,,,,5.0,102,6,4.0,"327,160",17.0,,,"373,165",965,,1
FRIENDS,Speak Your Mind,Marshmello,1/1/2015,GBAHS1800025,"1,399",39.6,"1,436,709,386","148,480","33,658,538",70.0,"1,135,381,625","14,015,049","4,146,562","86,991,331","930,637,366","2,019,493,544",121.0,"20,897",218,65.0,"674,117",26.0,"211,818,278","230,433",,"11,299,124",,1
Upside Down,Upside Down,JVKE,8/18/2020,QM24S2008283,925,50.1,"121,391,098","28,044","6,194,695",54.0,"19,099,476","465,493","10,318,700","164,374,946","1,710,758,827",517,24.0,"1,790",122,5.0,"12,865",2.0,"2,403,391","3,205",,"1,184,072",,0
Whole Lotta Choppas,Whole Lotta Choppas,Sada Baby,8/14/2020,US39N2000446,"2,731",26.9,"55,312,275","16,559","2,391,593",45.0,"39,808,873","574,179","5,063,590","297,105,838","2,188,871,458","61,820",19.0,"5,395",186,3.0,"1,550",,"4,746,084","9,297",,"732,768",,1
Young And Beautiful,Music From Baz Luhrmann's Film The Great Gatsby,Lana Del Rey,1/1/2013,GBUM71301823,"2,586",27.8,"1,256,488,099","158,078","59,355,964",80.0,"721,653,474","5,562,953","301,881","104,232,046","881,937,736","1,185,793,007",85.0,"7,063",38,53.0,"345,045",38.0,"437,188,269","353,499","1,084,712","6,185,418",,0
Girls Just Wanna Have Some,Girls Just Wanna Have Some,dreamsoda,5/30/2024,CA5KR2463646,"3,440",23.7,"51,035,638",,,,,,,,,,,,,,,,,,,,,0
Me Porto Bonito - Remix,Me Porto Bonito (Remix),ELITE Djs,10/20/2022,QZW9K2261810,"4,357",20.5,,10,359,7.0,,,,,,,,,,,,,,,,,,0
Ocean (feat. Khalid),Ocean (feat. Khalid),Martin Garrix,6/15/2018,NLM5S1800214,"4,443",19.8,"529,175,442","63,348","12,995,383",60.0,"352,484,517","2,091,823","1,019,151","8,797,464","102,987,831","354,785,232",44.0,"17,888",,24.0,"170,268",14.0,"36,710,143","35,559",,"2,849,471",,0
Yandel 150,Yandel 150,Yandel,12/20/2022,QMFMF2215173,247,98.1,"837,576,264","102,545","38,825,844",70.0,"472,335,529","1,511,715","632,917","43,022,167","631,781,362","443,395,467",60.0,"65,694",29,39.0,"5,582,630",63.0,"26,717,443","8,054",,"2,660,197",,1
Amor Na Praia,Amor Na Praia,NATTAN,3/7/2024,BKFGT2400043,"3,034",25.2,"45,545,495","1,965","21,917,356",74.0,"40,452,826","252,818",,,,"134,698,737",8.0,364,,26.0,"13,646,745",15.0,,,,"26,011",,0
Cuando La Vida Sea Trago,Cuando La Vida Sea Trago,Carin Leon,4/11/2024,USA2P2419596,"4,444",19.8,"17,237,503",943,"5,030,772",60.0,"16,792,844","122,453",,,,,4.0,241,,6.0,"1,044,989",3.0,"2,270,158",545,,"150,270",,1
Come and Say - Original Mix,Relyt Conections 3,"""XY""",11/14/2022,ES98I2200881,"2,379",29.2,,1,9,,"415,159,148","745,345",,,,,,1,,,,,,,,,,0
You & Me,JENNIE Special Single [You & Me],JENNIE,10/6/2023,KRA402300041,914,50.5,"183,134,509","12,210","12,194,109",,"164,326,447","3,483,743","319,200","56,468,580","518,880,479","1,663,397,140",15.0,"6,316",35,12.0,"265,865",29.0,"710,467",737,,"345,892",,0
Tu No Vive Asi (feat. Mambo Kingz & DJ Luian),Tu No Vive Asi (feat. Mambo Kingz & DJ Luian),Arcï¿½ï¿½,9/30/2016,TCACS1630643,"2,199",30.5,"462,055,272","54,302","17,847,539",71.0,"1,546,120,738","7,974,135","360,400","75,766,885","648,582,782","563,886,727",11.0,566,,7.0,"23,122",3.0,"52,143,549","25,408",,"1,569,987",,1
Jugaste y Sufrï¿,Corta Venas,Eslabon Armado,12/18/2020,USE7D2000268,"1,182",43.7,"492,509,763","83,013","10,228,918",70.0,"420,395,103","3,706,590","144,000","92,852,948","624,633,508","3,613,322",17.0,244,,2.0,156,13.0,"21,099,906","32,737","33,569,805","2,849,462",,0
Too Many Nights (feat. Don Toliver & with Future),HEROES & VILLAINS,Metro Boomin,12/2/2022,USUG12208784,269,94.5,"682,837,690","155,771","28,629,209",80.0,"191,823,612","1,853,827","41,044","23,532,424","185,584,934","201,674,659",56.0,"2,067",48,4.0,"5,523",12.0,"2,323,771","3,396","18,237,169","3,246,804",,1
UN PREVIEW,UN PREVIEW,Bad Bunny,9/25/2023,QMFME2329236,660,59.1,"253,455,087","45,343","26,714,184",,"71,940,311","1,117,686","19,800","9,088,147","96,982,970","9,888,742",32.0,"23,982",381,25.0,"1,747,573",12.0,"9,433,766","1,943","1,656,332","554,474",,1
SKEU SKEU (SPEED UP),SKEU SKEU (SPEED UP) (feat. Wilsko & 7ia) - Single,Jogga,9/20/2023,QZTAZ2365806,"1,956",32.6,"18,794,730","5,074","442,006",,"36,216,795","317,463","921,000","75,074,468","831,341,566","55,373,937",1.0,639,,1.0,"9,696",,,,,"335,476",,0
P*$$Y Fairy (OTW),P*$$Y Fairy (OTW),Jhenï¿½ï¿½ ,1/17/2020,USUM72000367,"3,394",23.5,"188,774,618","39,746","10,892,506",63.0,"175,882,087","1,473,683","110,353","13,089,939","91,057,232","23,752,121",19.0,"83,735",69,6.0,"13,858",8.0,"114,657,478","67,868","22,199,120",,,1
Higher Power,Higher Power,Coldplay,5/7/2021,GBAYE2100379,"2,016",32.1,"349,603,788","52,095","26,147,738",63.0,"137,534,459","1,529,839","276,352","33,048,101","343,629,235","364,653,532",151.0,"340,644",85,49.0,"833,844",43.0,"9,120,013","3,235","116,882","2,591,262",,0
Remember,Club House,Becky Hill,4/23/2021,GBUM72102420,"2,529",28.2,"453,644,642","78,241","59,982,572",67.0,"68,753,113","442,500","14,109","6,520,234","86,516,663","1,081,753,404",135.0,"227,360",583,64.0,"505,344",27.0,"3,974,042","1,957",,"1,721,093",,0
Own Brand Freestyle,Own Brand Freestyle,FelixThe1st,10/7/2021,QZK6J2144340,"1,718",35.3,"110,291,303","39,905","6,175,231",52.0,"32,448,901","528,302","3,800,778","1,197,306,073","11,216,028,216","87,467,213",18.0,662,,5.0,"9,091",3.0,"3,946,559","3,976",,"2,290,647",,1
Bodak Black,Young Sunny Boy 2,Young Sunny Boy,1/6/2023,QZSYP2279666,"3,133",24.6,"2,974",2,"1,913",,"321,063,828","2,131,997",,,,"524,059,745",,,,,,,,,,5,,1
brutal,SOUR,Olivia Rodrigo,5/21/2021,USUG12101242,"2,524",28.2,"639,900,946","87,550","20,272,841",73.0,"147,309,966","3,536,634","180,855","114,118,319","774,173,668","56,822,531",41.0,"8,153",85,8.0,"43,721",21.0,"17,091,110","32,850","278,311","820,892",,1
Touching The Sky,Touching The Sky,Rauw Alejandro,5/23/2024,USQX92401920,"3,127",24.7,"10,100,645","1,174","50,956,233",,"5,360,562","111,835",,,,"2,304,539",50.0,"1,400",4,40.0,"509,658",32.0,"274,196",33,,"27,382",,0
Lambiyan Raataan,Lambiyan Raataan - Single,Jubin Nautiyal,8/27/2021,QZ93L2125871,644,59.6,"53,437",4,16,,"1,498,796,051","11,372,639",580,"73,176","950,474","251,850,858",,,,,,,,,,,,0
Falling Down - Bonus Track,Falling Down,Lil Peep,9/19/2018,USQX91802294,541,66.1,"1,156,060,152","189,320","31,366,549",76.0,"402,381,959","5,703,867","71,568","19,623,543","153,710,600","15,276,414",31.0,"13,034",,13.0,"184,670",15.0,"76,107,776","61,292","163,972,594","3,142,956",,1
MANIAC,ODDINARY,Stray Kids,3/18/2022,US5TA2200027,"2,163",30.9,"293,724,552","27,089","8,506,820",68.0,"343,273,995","6,840,494","274,400","180,065,845","866,409,009","208,694,354",7.0,"2,041",255,6.0,"59,109",17.0,"2,234,511","6,341","2,091,055","591,662",,0
So Fine,So Fine,Realest Cram,7/8/2023,DGA052326707,"3,996",21.3,"52,265,945","3,957","3,289,713",62.0,"39,586,218","99,471","719,700","19,158,587","160,140,881",,,,,,,,,,,"9,518",,1
EL TONTO,EL DRAGï¿½,Lola Indigo,4/13/2023,ESUM72200152,"3,122",24.7,"153,105,498","29,888","12,288,087",63.0,"47,288,100","290,046","168,400","22,898,965","286,515,216","10,261,483",31.0,"12,333",,19.0,"162,668",23.0,"2,969",7,,"361,203",,0
girls like me don't cry,Girls Like Me Don't Cry,thï¿½ï,10/6/2022,QZLBC2200766,260,96.2,"69,931,412","13,220","8,876,286",61.0,"63,786,141","759,332","9,009,769","496,871,104","6,778,569,349","147,879",4.0,"4,180",29,,,15.0,"71,269",228,,"195,627",,0
REINA,ESTRELLA,Mora,8/28/2023,QMDA62341722,"1,706",35.4,"187,631,508","34,204","17,653,536",,"38,229,618","220,372",,,,"508,209",25.0,"12,369",,13.0,"352,098",35.0,"174,322",235,"713,188","296,318",,1
PILLOWTALK,Mind Of Mine (Deluxe Edition),ZAYN,3/25/2016,USRC11600042,"1,883",33.5,"1,320,205,697","124,827","38,410,821",71.0,"1,389,678,876","10,725,384","184,911","26,228,617","191,249,307","205,101,912",155.0,"43,881",64,67.0,"381,330",26.0,,,,"7,226,364",,1
23,23,Chayce Beckham,5/14/2021,QMRSZ2101045,"2,511",28.3,"217,524,988","52,661","12,543,368",69.0,"84,504,714","547,950","20,410","1,883,404","21,694,150","566,879,139",23.0,"165,757",,1.0,577,20.0,"99,882,249","21,221","4,858,338","1,269,712",,0
no tears left to cry,No Tears Left To Cry,Ariana Grande,4/20/2018,USUM71805289,923,50.2,"1,331,371,819","100,503","36,840,744",71.0,"1,426,855,223","11,706,422","698,131","30,791,124","219,920,452","1,865,455,236",143.0,"180,151",280,68.0,"735,006",67.0,"181,267,091","95,346",,"6,415,036",,0
Saami Saami,"Saami Saami (From ""Pushpa - The Rise Part - 01"") - Single",Mounika Yadav,10/28/2021,INA092117769,608,61.4,"43,286,859","3,192","1,364,915",49.0,"1,427,016,787","19,325,402",,,,"68,869,266",4.0,"1,275",,,,7.0,,,,"69,519",,0
Firework,Teenage Dream,Katy Perry,1/1/2010,USCA21001262,"1,534",37.5,"1,065,375,074","164,650","60,511,467",67.0,"1,634,743,568","9,202,767","1,219,259","73,578,788","686,049,802","537,338,959",218.0,"238,231",273,94.0,"1,066,131",96.0,"417,594,591","1,065,952","1,020,201","8,932,134",,0
After Hours,After Hours,Kehlani,4/4/2024,USAT22401034,"1,019",47.6,"34,629,239","3,962","55,053,444",14.0,"2,560,026","50,310",,"477,400","4,592,500","14,602,910",49.0,"36,465",7,17.0,"215,137",32.0,"4,067,131","1,027","603,693","349,619",,1
Joga o Bum Bum Tam Tam,Bum Bum Tam Tam,MC Fioti,6/14/2017,PTVI11700181,"2,019",32.1,"191,584,138","1,656","120,121",34.0,"1,924,788,325","15,940,525",,,,"151,086,411",10.0,,,,,,"9,035,349","7,602",,,,1
Suicidal,Melly vs. Melvin,YNW Melly,11/22/2019,QMCE31902585,"1,146",44.4,"572,441,305","113,061","13,801,176",67.0,"317,626,075","4,533,617","4,475,534","218,106,950","1,659,032,393","7,772,461",20.0,"2,061",54,4.0,"71,838",4.0,"25,773,932","131,617",,"2,287,665",,1
Push Ups,Push Ups,Drake,4/19/2024,USUG12402283,220,103.9,"107,762,230","14,601","74,447,627",,"14,792,036","301,396",,,,"26,026,257",42.0,157,6,12.0,"1,162,053",54.0,"5,661,793","2,749","3,092,295","432,776",,1
Nada,Error 93,Cazzu,6/3/2019,QM6N21901839,"4,053",21.2,"204,337,911","29,832","6,210,430",65.0,"640,084,081","3,105,166","332,100","16,093,699","157,858,644","126,606,682",9.0,280,1,1.0,"4,402",,"5,137,832","3,618",,"1,005,751",,1
Let Her Go,Let Her Go,Passenger,7/27/2012,GBMQN1200012,484,70.1,"2,252,713,547","84,884","25,149,126",69.0,"3,967,431,755","18,261,574",822,"19,565,297","198,665,893","1,802,593,895",153.0,"128,380",,12.0,"16,047",14.0,"992,473,803","965,474","57,076,563",,,0
Heartless (feat. Morgan Wallen),Heartless (feat. Morgan Wallen),Diplo,8/16/2019,USSM11905215,"2,977",25.5,"548,333,714","58,410","13,060,330",77.0,"191,331,224","1,256,178","91,540","32,004,747","256,819,834","2,267,674",35.0,19,26,6.0,"138,828",28.0,"252,841,658","89,920","12,131,149","952,624",,1
The Less I Know The Better,Currents,Tame Impala,7/17/2015,AUUM71500303,"1,644",36.1,"1,644,031,037","368,350","80,916,788",79.0,"339,312,309","3,947,876","247,174","105,078,099","947,781,800","16,921,302",244.0,"21,428",98,99.0,"587,158",33.0,"62,241,268","53,854",,"7,313,343",,1
Why Not,Why Not,Ghostface Playa,4/1/2022,QM4TX2235296,"2,099",31.5,"187,925,725","56,849","20,452,829",64.0,"132,788,074","1,959,343","86,033","73,834,050","790,515,512","1,740,665",12.0,6,,2.0,"83,044",1.0,,,"14,930,367","1,400,731",,1
Miss You,Miss You,Oliver Tree,8/5/2022,USAT22211992,261,96.2,"631,378,937","165,883","38,563,849",51.0,"32,628,348","615,240","1,905,732","363,515,584","5,776,425,361","13,558,530",75.0,"152,103",1,49.0,"893,762",19.0,,,"16,382,616","7,602,822",,1
MAï¿½ï¿½ANA SERï¿½ï¿,MAï¿½ï¿½ANA SERï¿½ï¿,KAROL G,2/23/2023,USUM72222550,"3,721",22.2,"132,811,353","12,970","4,805,498",66.0,"53,670,834","569,439","516,300","12,432,832","163,703,206",,9.0,"4,052",18,4.0,"79,090",20.0,"27,113,778","7,037",,"212,091",,0
Bad idea,Missing,Kurochuu,6/9/2024,CA5KR2466578,387,77.6,"86,203,995",2,"2,190",1.0,,,,,,,,,,,,,,,,,,0
Gimme Love,Gimme Love,Sia,9/13/2023,USAT22307798,843,52.9,"105,947,434","11,648","11,690,122",6.0,"27,707,323","325,476",688,"463,074","12,855,128","1,157,866,791",55.0,"224,009",172,40.0,"23,048,308",21.0,"1,319,886",112,,"1,684,376",,0
ýýýýýýýýýý,ýýýýýýýýýý - Single,NLO,5/2/2023,FRX452361306,"3,338",23.8,"7,900,402","4,782","367,497",1.0,"146,296,974","819,226","258,850","16,582,173","215,446,483","306,023,843",7.0,12,,,,,,,,"998,296",,0
100 MESSAGGI,100 MESSAGGI,Lazza,2/27/2024,ITUM72400349,"2,219",30.4,"69,972,816","5,282","6,183,983",73.0,"30,283,430","232,134",,,,"59,168,102",13.0,"11,835",,3.0,"3,785,899",25.0,"1,861",2,,,,1
UNFORGIVEN (feat. Nile Rodgers),UNFORGIVEN,LE SSERAFIM,5/1/2023,USA2P2310663,"2,639",27.4,"223,652,808","18,262","11,833,709",70.0,"129,099,788","2,078,161","85,400","75,312,218","705,088,821","266,676,222",29.0,"2,567",32,4.0,"24,189",38.0,"493,588",471,,"324,686",,0
Se Grita,Reinsertado,Morad,5/12/2023,QM6N22330624,"1,474",38.2,"142,131,977","47,009","7,163,568",69.0,"81,587,375","506,426","137,704","28,652,947","274,170,598",,10.0,"2,627",,8.0,"708,924",11.0,"1,115",9,,"1,158,542",,1
Bezos I,Inside (The Songs),Bo Burnham,6/10/2021,USA2P2122060,"4,050",21.2,"225,256,279","53,441","4,357,998",60.0,"76,742,047","1,632,194","1,026,966","452,348,294","3,664,416,923","995,889",11.0,105,291,1.0,"3,316",,"1,913,860","10,222",,"1,502,927",,1
Birds In The Sky,Birds In The Sky - Single,New Era,12/8/2023,GBAHT2301496,"3,480",23.1,"21,664,308","2,953","13,358,420",,,,,,,,22.0,"7,422",,14.0,"2,501,861",31.0,,,"7,548,568","126,086",,0
DIME QUE,DIME QUE,Ian G.,7/16/2021,QZS632157305,559,65.4,,,,,,,,,,,,,,,,,,,"210,524,496",5,,0
POR QUï¿½ï¿½ SE,POR QUï¿½ï¿½ SE,Grupo Frontera,5/9/2024,FRX452426440,"1,225",42.7,"29,906,024","1,596","46,272,988",76.0,"17,263,028","241,869",,,,"5,110,923",14.0,985,,9.0,"2,186,605",23.0,"3,921,881",273,,"151,296",,0
Close To You,Close To You,Gracie Abrams,6/7/2024,USUG12401775,"1,119",44.9,"13,700,065","1,162","89,144,538",74.0,"466,102","38,791",,,,,69.0,147,,16.0,"683,316",86.0,"39,776",59,18,"69,456",,0
"0 Sentimientos (Remix) [feat. Baby Rasta, Noriel, Darkiel, Messiah & Lyan]",Chosen Few: New Generation,Boy Wonder CF,11/21/2023,BK4DA2319487,"2,272",30.0,"272,261,201",871,"379,289",,,,,,,,2.0,1,,,,,"67,028,949","47,571",,,,0
Love Me Harder,So Fresh ï¿½ï¿½ï¿½ The Hits Of Summer 2015 + Best O,Ariana Grande,1/1/2014,USUM71409728,"3,655",22.4,"917,284,463","80,957","31,639,571",73.0,"930,161,541","5,513,057","18,522","2,323,429","18,428,812","504,598,711",84.0,"18,813",12,55.0,"778,510",19.0,"308,184,099","116,610",,"5,880,498",,0
penjaga hati,penjaga hati,Nadhif Basalamah,6/21/2023,DGA052306119,"3,304",23.9,"252,681,087","11,425","9,250,560",76.0,"99,627,762","516,029",,"35,520,433","341,258,424","45,212,529",10.0,"4,037",,,,,,,,"163,467",,0
ýýýýýýýýýýýýýýýýýýýýýýýýýýýýýýýýýýýýýýýýýýýýýýýýýýýýýý,ýýýýýýýýýýýýýýýýýýýýýýýýýýýýýýýýýýýýýýýýýýýýýýýýýýýýýý,ýýýýýýýýý ýýýýýýýýýýýýýýýýýýýýý,10/5/2023,THSOH2308099,"3,455",23.2,"3,872",5,3,,,,"917,800","4,413,567","135,542,729",,,,,,,,,,,146,,0
Sleep Well,Sleep Well - Single,CG5,2/16/2024,USA2P2406901,"1,086",45.9,"19,236,234","1,602","962,658",,"114,064,058","1,339,987",,,,"1,352,193,313",,,,,,,"516,534","3,014",,"71,078",,0
Param Param,""" PARAM PARAM """,NAMES 51,12/5/2022,ITT4X2200015,"1,618",36.5,,1,2,,"506,047,842","4,334,974",,,,"251,180,526",,106,,,,,,,,28,,0
Daechwita,D-2,Agust D,5/22/2020,QM6N22036182,"4,375",20.1,"313,507,248","26,753","16,233,508",67.0,"502,937,217","15,675,718",218,"955,832","4,863,938","133,268,690",9.0,208,7,5.0,"26,540",4.0,"2,618,702","2,413",,"587,656",,1
I CAN'T STOP ME,Eyes Wide Open,TWICE,10/26/2020,US5TA2000134,"2,200",30.5,"384,886,220","32,051","9,361,355",65.0,"681,682,229","7,966,863","243,659","94,368,004","666,762,692","63,358,966",31.0,"2,821",9,8.0,"56,015",7.0,"2,318,090","3,023","2,087,158","643,653",,0
Soak City (Do it),Soak City (Do it),310babii,6/3/2023,QZK6G2375527,"1,310",41.1,"128,855,739","26,723","26,216,067",65.0,"17,779,741","246,939","599,910","159,054,107","1,598,512,701","283,635,839",14.0,"1,318","1,893",3.0,"909,981",14.0,"12,625,658","6,542","6,657,861","2,066,168",,1
"DANï¿½ï¿½ARINA (feat. Nicky Jam, MC Pedrinho) - R",Cullinan,PEDRO SAMPAIO,5/13/2022,BRWMB2200601,"4,301",20.3,"100,491,006","20,334","8,731,399",59.0,"243,709","3,244","1,501,663","299,220,395","3,650,693,327",,11.0,"14,565",,26.0,"270,425",6.0,"155,438",,"60,644","1,111,153",,0
Down Bad,THE TORTURED POETS DEPARTMENT,Taylor Swift,4/18/2024,USUG12401031,504,68.7,"210,385,853","5,179","38,317,286",80.0,"18,713,330","225,439","46,800","9,697,319","65,541,536","934,654",92.0,"3,721",,6.0,"2,177,148",80.0,"6,242,005","4,341","166,934","84,774",,1
Gata Only,Gata Only,FloyyMenor,2/2/2024,QZL382406049,8,375.8,"675,079,153","40,094","211,236,940",92.0,"228,382,568","1,439,495","3,500,000","338,546,668","3,804,584,163","2,112,581,620",160.0,"17,221",30,87.0,"33,245,595",53.0,"3,372,428","5,762",,"6,063,523",,1
I Am Not Okay,I Am Not Okay,Jelly Roll,6/12/2024,USUG12403674,"1,603",36.6,"4,522",63,"11,074,150",,"252,324","19,441",,,,,10.0,"1,676",,1.0,"5,982,846",10.0,"277,638",157,"1,863","7,472",,0
NINNIN JACK,DEPARTURE,IMP.,5/29/2024,JPY932300076,"3,927",21.5,"207,454",23,"356,969",,"8,963,678","36,984",,,,,4.0,63,,,,4.0,,,,"2,055",,0
stellar,stellar,.diedlonely,6/23/2023,QM3DF2222961,"3,742",22.1,"44,235,866","6,022","1,268,699",66.0,"5,698,615","142,632","919,217","181,638,749","1,776,006,642",,4.0,6,,1.0,"43,207",,,,,"363,177",,0
Wildest Dreams,1989 (Deluxe),Taylor Swift,1/1/2014,USCJY1431379,"2,771",26.7,"964,058,806","102,916","33,415,141",70.0,"930,982,185","5,528,129","339,413","137,427,132","1,025,978,293","1,227,241,692",76.0,"5,572",150,9.0,"130,475",6.0,"450,171,421","240,224",,"5,306,715",,0
Arranca (feat. Omega),Arranca (feat. Omega),Becky G,3/10/2023,USRC12300209,"2,699",27.1,"161,172,707","23,604","23,467,570",66.0,"52,352,229","353,891","33,264","7,184,433","140,240,096","6,507,698",48.0,"71,615",534,45.0,"1,978,100",35.0,"12,462,344","1,009","37,415","1,364,052",,0
Flowers,Flowers,Lauren Spencer Smith,4/14/2022,USUG12202201,"4,000",21.3,"260,183,209","36,176","9,276,256",65.0,"64,169,463","486,007","106,827","32,754,226","295,540,554","2,547,376,419",31.0,"15,877",62,12.0,"298,664",15.0,"12,043,516","18,797","5,221,070","626,257",,1
Tell Em,Tell Em,Cochise,5/28/2021,USSM12103018,"1,442",38.7,"499,262,863","156,928","20,525,072",70.0,"131,002,845","1,651,190","210,388","100,113,236","685,647,449","16,171,132",22.0,272,53,7.0,"67,108",,"3,380,486","9,659",,"3,065,126",,1
Aigiri Nandini,Numinosum,Nagavalli,2/10/2023,QZFZ72331100,"1,998",32.3,,5,"4,173",,"392,842,852","1,919,579",,,,796,,1,,,,,,,,7,,0
Smart,EASY,LE SSERAFIM,2/19/2024,USA2P2402103,379,79.3,"159,256,689","6,829","20,291,074",74.0,"130,698,280","1,872,592","170,200","234,770,546","2,059,824,051","495,137,217",13.0,915,16,3.0,"20,293",,"264,369",676,"556,351","234,077",,0
if looks could kill,if looks could kill,Destroy Lonely,3/3/2023,USUM72302654,"3,618",22.6,"88,771,696","46,086","4,886,494",62.0,"11,580,205","273,458","3,641","2,217,176","13,785,559","2,668,776",3.0,27,35,,,7.0,"306,963",838,,"456,300",,1
BIZCOCHITO,Find Your Line: Official Music from GRAN TURISMO 7,ROSALï¿½,3/4/2022,USSM12109223,"2,192",30.6,"222,910,969","42,182","10,406,462",61.0,"69,332,188","971,738","1,874,811","1,019,396,452","11,257,489,400","20,397,038",34.0,"10,985","2,464",23.0,"134,321",28.0,"3,718,270","2,356",,"1,284,746",,1
La Triple M,La Triple M,Mawell,6/2/2023,QM6P42364524,671,58.8,"44,557,662","9,405","3,224,288",59.0,"88,674,781","431,451","2,644,100","87,005,227","1,729,443,890","54,141,730",1.0,"7,638",,1.0,210,,"336,332",689,,"497,340",,1
Zhurek,Zhurek,Adam,10/6/2023,DGA0M2333309,770,55.3,"8,893,883","1,745","385,351",,"238,585,397","1,478,754","59,100","107,018","1,640,900","628,241,049",8.0,"4,579",,,,,,,,"3,415,610",,0
Jom ka du me tï¿½ï¿,Jom ka du me tï¿½ï¿,Dafina Zeqiri,5/31/2024,QZNFJ2402633,"3,791",22.0,"1,196,257",208,"567,656",57.0,"7,023,287","34,395",,,,,2.0,1,,,,,634,,,"7,750",,0
Panini,Panini,Lil Nas X,6/20/2019,USSM11903948,"1,003",47.9,"741,766,886","96,241","16,599,790",62.0,"659,070,547","10,294,151","334,492","59,073,681","493,209,730","229,239,236",68.0,"46,553",504,22.0,"405,827",18.0,"132,924,483","229,717","43,940,834","2,409,985",,0
Fast,Death Race For Love (Bonus Track Version),Juice WRLD,3/8/2019,USUG11900385,"3,450",23.3,"392,674,468","73,288","11,414,109",62.0,"119,252,275","1,233,579","157,773","6,752,332","39,728,302","45,827,043",27.0,2,,5.0,"96,571",7.0,"14,217,098","31,942","45,171,143","780,444",,1
Si Supieras,Si Supieras,Daddy Yankee,6/28/2019,US2BU1900761,"3,677",22.4,"306,404,848","33,666","10,575,144",63.0,"605,370,523","2,987,290","410,825","4,557,282","56,631,793","131,730,572",47.0,"4,874",8,14.0,"108,812",14.0,"33,439,792","6,173",,"1,301,119",,0
STARGAZING,ASTROWORLD,Travis Scott,8/3/2018,USSM11806658,"3,887",21.7,"740,409,304","140,977","21,048,687",70.0,"211,251,366","2,171,021","11,019","5,798,688","50,313,512","1,332,906",50.0,"1,945",5,17.0,"210,105",12.0,"34,539,181","22,518",,"1,402,381",,1
Slide,Slide,Calvin Harris,2/24/2017,GBARL1700262,"3,555",22.8,"1,044,358,962","165,916","41,514,442",69.0,"37,191,231","380,168","65,020","31,332,915","323,428,098","402,464",255.0,"31,180",90,83.0,"635,921",30.0,"144,832,941","101,066",,"8,401,595",,1
Calm Down,Calm Down,Rema,2/10/2022,NGA3B2214004,66,180.1,"584,427,088","182,994","19,203,258",68.0,"1,141,904,909","8,766,235","6,129,450","856,216,952","18,216,656,774","2,952,879,912",138.0,"191,634",759,53.0,"3,481,756",45.0,"98,290,873","46,039","14,668,216","22,563,407",,0
LOOOVE (feat. Kid Cudi),UTOPIA,Travis Scott,7/28/2023,USSM12305018,"3,919",21.6,"72,380,469","32,141","3,198,359",63.0,"2,630,153","52,698","1,049","384,088","4,244,746",,4.0,19,,2.0,,8.0,"228,994",212,,"50,640",,1
Saiyaan Ji,Saiyaan Ji,Yo Yo Honey Singh,1/27/2021,INS182100158,"3,942",21.5,"39,793,463","5,646","1,398,949",48.0,"585,353,915","6,571,121",,,,"228,557,696",1.0,"1,059",,,,3.0,,,,"197,659",,0
Overwhelmed,Overwhelmed,Royal & the Serpent,6/26/2020,USAT22002973,"3,813",21.9,"189,175,699","49,325","8,000,164",62.0,"14,575,452","497,747","2,335,837","210,789,823","2,001,548,087",,14.0,"22,497",163,6.0,"74,359",6.0,"16,754,992","17,139","5,117,469","1,456,206",,0
Ophelia,Ophelia,The Lumineers,2/5/2016,USDMG1673802,"2,350",29.4,"1,274,848,626","213,943","47,156,566",70.0,"267,224,710","2,081,752","49,941","30,833,392","234,589,315","5,412,813",86.0,"56,784",195,34.0,"41,816",39.0,"347,987,957","153,704",,"3,480,225",,0
OUT WEST (feat. Young Thug),JACKBOYS,JACKBOYS,12/27/2019,USSM11914988,675,58.8,"709,850,383","165,912","33,706,762",70.0,"75,540,671","750,424","8,269,500","222,858,336","1,876,371,239","8,841,698",69.0,"29,239",103,24.0,"103,760",13.0,"36,432,352","55,187",,"3,068,690",,1
Red Ruby Da Sleeze,Red Ruby Da Sleeze,Nicki Minaj,3/3/2023,USUM72302705,"2,504",28.3,"148,574,146","25,770","27,326,995",59.0,"39,166,702","619,142","6,500","2,704,073","21,611,489","21,914,535",39.0,"90,970",156,8.0,"113,301",26.0,"21,922,593","6,693",,"1,090,214",,1
We're Good,Future Nostalgia (The Moonlight Edition),Dua Lipa,2/11/2021,GBAHT2001117,"2,049",31.8,"515,693,079","56,753","16,981,156",62.0,"139,617,172","1,511,209","76,990","24,650,112","200,621,230","346,012,847",106.0,"265,354",162,40.0,"409,034",28.0,"129,291,565","11,386",,"2,909,613",,0
Moto,Moto - Single,Diler Kharkiya,1/6/2020,INR731900731,778,54.9,,424,"60,155",,"706,716,815","3,418,527","10,000,000","79,580,452","1,357,260,180",,,,,,,,,,,,,0
Jingle Bell Rock,"Essential Classics, Vol. 141: Bobby Helms",Bobby Helms,11/3/2023,ES31E2304202,"3,478",23.1,"964,357,785",2,"21,523",,,,,,,,,,,,,,,,,,,0
GATï¿½ï¿½,GATï¿½ï¿½,KAROL G,8/26/2022,USUM72216070,623,61.0,"427,247,328","42,444","22,820,163",66.0,"547,409,394","3,332,851","333,197","26,378,245","275,273,861","708,455,030",38.0,"41,880",104,24.0,"6,138,492",41.0,"51,711,477","9,193",,"1,177,588",,0
double take,double take,Dhruv,5/24/2019,GBMJG1911043,"1,737",35.0,"826,685,494","106,975","21,112,809",76.0,"353,174,602","2,826,209","2,516,713","555,171,983","4,653,743,727","166,290,699",39.0,"13,341",9,7.0,"49,460",4.0,"433,712","1,592","10,994,470","1,873,276",,0
Thot Shit,Thot Shit,Megan Thee Stallion,6/11/2021,QMCE32100339,"2,176",30.8,"319,372,639","63,421","26,904,800",60.0,"166,781,349","2,497,154","711,938","542,884,940","3,757,736,116","50,913,560",91.0,"81,209",175,15.0,"143,489",39.0,"64,291,360","28,935",,"1,499,357",,1
BEBECITA,BEBECITA,Skolim,5/31/2024,FRX872472215,"4,042",21.2,"115,283",17,"9,351",,"7,869,218","72,222",,,,,,1,,,,,,,,"1,083",,0
Laung Laachi Title Track,"Laung Laachi Title Track (From ""Laung Laachi"")",Mannat Noor,2/22/2018,INS181800353,"2,422",29.0,"30,173,434","6,294","1,007,695",45.0,"1,535,932,925","6,444,235",,,,"27,338,879",6.0,,,,,2.0,,,,"256,247",,0
Too Easy,Too Easy,Gunna,9/24/2021,QMCE32100757,"3,452",23.2,"133,039,977","69,577","7,803,085",54.0,"21,842,375","250,732","33,573","29,171,201","241,202,185","27,878,588",17.0,"19,365",401,3.0,"7,731",9.0,"15,478,634","3,139","13,914,231","216,542",,1
Tacata (Remix),Tacata (Remix),Tiagz,12/22/2023,USA2P2363165,"4,178",20.7,"100,634,965","8,790","29,458,776",,"19,367,095","200,936",,,,"1,215,044,371",5.0,"1,910",,2.0,"3,193",5.0,"408,770","1,903",,"291,674",,1
River,Endless Summer Vacation,Miley Cyrus,3/10/2023,USSM12209783,"4,032",21.2,"132,653,623","15,227","7,111,182",59.0,"51,695,313","709,774","23,486","6,323,191","65,838,521","88,141,082",40.0,"71,387",634,31.0,"907,532",33.0,"7,371,225","1,092",,"434,881",,0
Young Dumb & Broke,The RCA-List (Vol. 5),Khalid,1/1/2017,USRC11700144,881,51.4,"1,527,159,800","187,813","83,108,168",76.0,"1,270,330,281","8,766,754","194,595","27,581,217","216,666,194","189,783,592",172.0,"31,081",185,47.0,"604,640",26.0,"410,189,803","283,135","9,133,063","6,513,209",,0
Lavender Haze,Midnights,Taylor Swift,10/21/2022,USUG12205734,"1,090",45.9,"711,138,043","42,535","28,394,531",73.0,"26,695,871","411,132","90,029","35,207,211","302,181,012",,66.0,"249,917","1,936",11.0,"844,207",54.0,"54,466,202","20,497",,"900,372",,1
Ride It,Ride It,Regard,7/26/2019,GBCEN1900047,382,78.2,"1,349,427,877","220,002","106,549,747",76.0,"564,022,753","3,884,141","3,646,762","362,781,709","5,118,900,832","49,285,616",357.0,"386,774",894,273.0,"2,339,277",65.0,"182,505,519","51,884","19,580,257","16,283,609",,0
Bi' Tek Ben Anlarï¿½,Bi' Tek Ben Anlarï¿½,Kï¿½ï,3/18/2022,TRAUR2200002,"2,480",28.6,"214,391,030","27,588","8,269,792",58.0,"301,701,293","1,063,678","315,600","8,311,405","196,090,529","16,824,491",12.0,"29,501",,3.0,"1,622,897",,,,,"861,877",,0
Dance Alone,Dance Alone,Sia,2/7/2024,USAT22400525,"3,660",22.4,"25,180,079","3,020","15,579,341",3.0,"4,405,480","64,658",,,,"2,050,084,502",46.0,"40,258",79,32.0,"6,943,957",45.0,"847,587",68,,"206,471",,0
Bidi Bidi Bom Bom (Remasterizado 2024/30th Anniversary),Amor Prohibido (Remasterizado 2024/30th Anniversary),Selena,3/22/2024,USUM72402910,277,93.0,"58,157,068",30,"171,325",,,,,,,,1.0,,,,,,"95,804,398","106,600",,,,0
The One That Got Away,Teenage Dream,Katy Perry,1/1/2010,USCA21001266,"4,172",20.7,"921,351,898","110,426","34,757,269",67.0,"1,126,799,119","5,603,400","110,393","54,883,634","397,746,382","528,140,571",40.0,"25,625",16,21.0,"81,354",16.0,"302,855,271","220,209",,"4,674,619",,0
SHEESH,BABYMONS7ER,BABYMONSTER,4/1/2024,KRA402400016,32,237.5,"124,893,397","3,479","25,936,342",82.0,"359,896,095","4,907,193","212,500","48,327,004","390,081,328","38,798,822",36.0,"2,188",32,3.0,"347,997",26.0,"130,743",592,"265,670","191,867",,0
ýýýýýý,ýýýýýý,SPRITE,4/29/2021,TH2DY2100061,"2,803",26.5,"9,126,545","2,349","139,340",41.0,"440,738,171","3,204,368","1,821,332","96,385,707","1,185,912,241","27,961,594",7.0,819,,,,,,,,"117,936",,1
DISPARA ***,DISPARA ***,Nicki Nicole,5/17/2023,UYB282300010,"2,301",29.8,"182,184,068","23,852","8,214,976",66.0,"132,049,541","854,994",,,,"523,463,948",11.0,"5,313",,22.0,"441,318",12.0,"182,885",107,,"176,341",,1
Tchuco Nela,Tchuco Nela,MC Rogerinho,4/8/2022,BCN5Z2200003,"3,727",22.2,"154,127,881","14,889","8,354,745",72.0,"233,659,337","1,167,552","585,700","74,359,518","1,245,591,509","499,045,923",5.0,216,,26.0,"213,644",8.0,,,,"136,448",,1
Fluxxwave,Fluxxwave,Clovis Reyes,5/7/2023,QZK6N2350050,"2,002",32.2,"88,673,935","17,012","6,135,810",69.0,"171,113,686","2,566,181","241,100","41,298,885","332,392,194","3,165",1.0,,,1.0,"128,640",,,,,"441,367",,0
X - Remix,X (Remix),Nicky Jam,6/19/2018,USSD11800257,605,61.5,"341,040,837","36,912","15,902,955",60.0,"2,922,815,312","10,451,653","16,100","3,472,949","24,802,266","234,524,144",23.0,"5,850",,19.0,"112,905",,"95,517,258","14,891",,"727,415",,0
Far Away (2020 Remaster),All The Right Reasons (15th Anniversary Expanded Edition),Nickelback,10/2/2020,USRH12000111,"3,661",22.4,"378,296,524","1,941","494,700",61.0,,,,,,,5.0,,,,,7.0,"519,451,782","175,525",,,,0
Con Altura,Con Altura,ROSALï¿½,3/28/2019,USSM11900950,566,63.9,"770,653,954","81,459","36,880,651",66.0,"2,296,478,541","10,488,884","216,000","24,907,115","353,024,939","485,556,969",194.0,"27,554",431,81.0,"940,235",66.0,"42,954,487","21,247",,"2,990,649",,0
Hurricane,Donda,Kanye West,8/29/2021,USUM72116311,"2,549",28.0,"404,497,617","108,795","16,231,758",62.0,"45,337,894","615,908","20,272","10,266,783","91,838,300","506,294",51.0,"33,710",185,16.0,"456,029",24.0,"11,239,141","5,307",,"1,304,734",,0
Need To Know,Need To Know,Doja Cat,6/11/2021,USRC12101120,344,82.5,"1,178,076,856","164,743","42,269,625",71.0,"507,790,705","6,169,368","734,932","365,523,934","2,422,643,413","2,099,921,417",195.0,"439,065","1,451",38.0,"870,717",28.0,"90,615,307","51,300",,"5,746,726",,1
Right On,Right On,Lil Baby,4/8/2022,USUG12200031,"3,106",24.8,"121,466,936","55,063","13,549,250",58.0,"124,159,378","927,806","25,206","5,807,741","46,858,425","484,729,091",34.0,"8,558",183,9.0,"464,892",9.0,"37,852,525","12,734",,"538,503",,1
Tï¿½ï¿½ OK (Re,Tï¿½ï¿½ OK (Remix) (feat. MC Kevin o Ch,DENNIS,8/3/2023,BRSME2301107,"2,775",26.7,"112,629,182","13,995","21,476,863",68.0,"45,525,215","604,580","367,300","37,624,994","569,736,479","21,091,552",16.0,"3,689",,43.0,"1,673,614",29.0,"5,997,084","1,423",,"488,961",,0
Dime Cï¿½ï¿½mo Qui,Dime Cï¿½ï¿½mo Qui,Christian Nodal,11/12/2020,MXUM72006106,"1,692",35.5,"261,261,845","25,570","7,968,718",65.0,"818,241,698","5,238,973","283,651","33,684,334","333,893,267","24,950,130",23.0,"13,271",224,21.0,"2,759,428",27.0,"35,336,195","10,178",,"937,662",,0
ýýýýýýýýýýýýýýýýýýýýýýýýýýýýýýýýýýýýýýýýýýýýýýýýýýýýýýýýýýýýýýýýýýýýýýýý,ýýýýýýýýýýýýýýýýýýýýýýýýýýýýýýýýýýýýýýýýýýýýýýýýýýýýýýýýýýýýýýýýýýýýýýýý,Bonnadol,3/15/2023,THSOH2301617,"2,652",27.4,"478,756",207,"18,460",21.0,"5,028,021","4,866","2,000,000","13,777,952","193,347,455",,,,,,,,,,,"4,666",,0
Sunshine,Sunshine,OneRepublic,11/10/2021,USUM72100506,"3,898",21.6,"426,609,723","59,377","40,654,330",73.0,"21,063,557","222,445","20,366","7,424,142","85,043,400","107,775,025",58.0,416,37,46.0,"360,130",15.0,"85,107,847","21,991",,"791,789",,0
ROLLIN N CONTROLLIN FREESTYLE,Woo Shit,DUSTY LOCANE,8/6/2020,USUYG1329885,"4,137",20.9,"153,213,678","70,131","7,126,412",53.0,"66,414,830","840,510","105,736","102,787,553","648,833,938","4,166,998",8.0,"1,242",,2.0,285,,"1,830,754","2,960","23,893,875","642,918",,1
Not Even Ghosts Are This Empty,I No Longer Fear The Razor Guarding My Heel (V) - Single,$uicideboy$,8/11/2023,QZAPK2000391,"3,216",24.3,"73,979,851","22,621","3,769,032",67.0,"50,747,796","693,723","3,709","675,392","3,352,332","4,164,938",,185,55,,,,"3,513,432","1,163",,"135,705",,1
Mon amour,Mon amour,Slimane,11/8/2023,FRDZ22300550,"4,157",20.8,"53,969,524","4,597","8,850,447",63.0,"33,219,103","317,942","8,208","197,907","4,711,140","109,136,641",30.0,"25,988",,36.0,"17,495,352",27.0,"9,595",26,,"470,221",,0
Counting stars,Until the morning 2,OneRepublic,8/4/2014,FR0Z50017635,"1,081",46.0,,,,,"4,069,201,723","18,144,051",,,,"399,937,303",,,,1.0,180,,,,,,,0
Me Enterï¿,Me Enterï¿,Tiago PZK,5/18/2023,USWL12300718,"3,077",25.0,"144,493,101","18,536","13,122,139",65.0,"109,364,201","460,758","32,956","4,979,403","58,143,056","389,898",18.0,"8,400",,9.0,"164,645",21.0,"47,014",23,"2,887","96,820",,0
Fight The Feeling,Fight The Feeling,Rod Wave,3/31/2023,USQX92301922,"1,128",44.8,"86,327,319","18,112","2,247,123",51.0,"65,828,097","457,580","179,400","15,991,452","137,960,911","377,095,739",18.0,"100,880","1,989",8.0,"929,184",10.0,"34,839,558","18,952","12,848,106","567,245",,1
Without Me,The Source - Hip Hop Hits Vol. 6,Eminem,1/1/2002,USIR10211038,"3,210",24.3,"2,146,682,342","397,228","83,160,830",83.0,"347,730,526","3,552,978","761,633","27,141,268","177,890,147","22,608,265",118.0,"2,668",69,83.0,"2,953,010",38.0,"424,694,899","223,248","36,224,403","13,371,463",,1
Dial Drunk (with Post Malone),Dial Drunk (with Post Malone),Noah Kahan,7/18/2023,USUM72308676,"1,533",37.5,"276,026,602","37,445","15,016,410",79.0,"2,065,849","27,184",31,"6,248","62,794",,20.0,"14,487",69,5.0,"263,887",41.0,"33,078,159","7,541","1,242,129","843,154",,1
Nevada,Nevada,YoungBoy Never Broke Again,1/30/2021,USAT22103399,"2,251",30.1,"163,974,630","60,031","4,503,801",64.0,"109,858,521","915,546","20,233","5,083,710","48,854,928","122,293,460",23.0,264,2,2.0,"55,679",,"44,161,281","27,622","38,396,480",,,1
She Make It Clap,She Make It Clap,Soulja Boy,3/12/2021,TCAFL2178806,"4,452",19.8,"87,813,373","35,497","4,333,964",51.0,"22,158,547","645,841","1,908,028","389,171,513","3,050,656,195","1,075,513",15.0,"11,520",147,1.0,458,3.0,"11,767,557","7,464","3,340,704","571,513",,1
Fancy Like,Country Stuff,Walker Hayes,6/4/2021,USQX92101534,835,53.1,"328,697,441","56,746","6,878,594",66.0,"174,775,864","1,192,058","796,309","174,360,135","2,074,178,281","774,476,433",53.0,"289,947","1,089",,,45.0,"242,860,151","274,465",,"2,520,013",,0
Chupï¿½,Chupï¿½,El Gudi,8/25/2023,PYC842302802,"1,597",36.7,"126,216,271","8,260","5,602,330",61.0,"144,392,606","1,240,106","381,384","195,604,072","2,031,974,901","360,142,040",4.0,673,,5.0,"4,851,209",4.0,,,,"233,859",,0
Sacrifice,The Highlights (Deluxe),The Weeknd,2/5/2021,USUG12106685,"3,240",24.2,"387,273,112","61,978","16,015,269",65.0,"103,938,760","1,316,097","21,110","10,221,959","179,105,827","2,664,563,656",59.0,"201,646",708,42.0,"2,095,389",39.0,"8,539,058","2,764",,"1,926,829",,1
OKLOSER,OKLOSER,Doja Cat,4/1/2024,USRC12400591,"4,362",20.1,"20,814,043","1,756","13,481,516",,,,,"401,100","1,470,700",,15.0,"20,773",75,17.0,"502,431",23.0,"133,333",287,,"71,723",,1
Lover,Lover,Taylor Swift,8/16/2019,USUG11901473,"1,507",37.8,"1,413,268,808","104,435","94,697,921",81.0,"492,503,095","6,305,357","400,078","142,555,742","921,980,357","445,323,991",201.0,"74,209",33,54.0,"1,301,097",91.0,"63,095,932","101,424",,"4,309,604",,0
I Hate U,I Hate U - Single,SZA,12/3/2021,USRC12103605,956,49.2,"456,871,037","71,261","34,724,014",66.0,"142,820,854","1,393,679","877,769","211,488,170","1,676,387,442","85,726,782",105.0,"136,784","1,324",29.0,"699,151",19.0,"92,133,806","29,242","15,212,609","1,854,776",,1
Love Is Gone - Acoustic,Love Is Gone (Acoustic),SLANDER,11/13/2019,CA5KR1969481,"3,993",21.3,"486,647,778","83,294","21,025,597",71.0,"239,866,189","2,910,072","78,646","21,105,667","147,581,751","245,093",6.0,"2,226",,1.0,380,,"15,700,689","21,904",,"3,817,868",,0
LET GO,LET GO,Central Cee,12/15/2022,US39N2203950,526,66.9,"415,699,405","131,562","25,729,246",70.0,"120,716,253","1,505,981","71,800","43,271,885","459,919,455","39,958,162",37.0,"59,291",271,24.0,"581,393",41.0,"3,691,271","1,120",,"1,781,022",,1
Havana (feat. Young Thug),Havana,Camila Cabello,8/3/2017,USSM11706905,177,112.8,"2,072,182,782","194,332","86,159,672",75.0,"3,952,909,529","32,333,846","1,314,091","53,911,465","546,650,805","2,137,655,536",342.0,"175,317",563,541.0,"1,593,590",95.0,"455,553,499","772,600",,"16,095,913",,0
Victoriaï¿½ï¿½ï¿½s ,Victoriaï¿½ï¿½ï¿½s ,Jax,6/30/2022,USAT22208037,"1,616",36.5,"161,267,092","28,607","7,345,512",62.0,"60,783,794","1,205,587","269,447","80,682,415","667,522,423","2,425,897,442",9.0,"234,760","1,543",2.0,"64,490",27.0,"71,491,331","56,598","1,800,837",,,1
Reggaeton Champagne,Kittyponeo,Bellakath,10/5/2023,BK4DA2319233,421,75.1,"224,429,894","17,159","11,316,048",,"250,897,173","2,121,068","545,900","64,561,650","456,323,777","911,150,246",8.0,"1,966",499,13.0,"597,691",28.0,"708,120","3,499",,"921,762",,1
Speed Drive (From Barbie The Album),Speed Drive (From Barbie The Album),Charli xcx,6/29/2023,USAT22306163,"2,943",25.7,"222,975,612","22,763","17,412,929",67.0,"22,571,591","343,660","163,194","71,994,032","770,931,522","13,940",,"20,572",821,12.0,"221,955",,"7,051,002","3,762",,,,0
Hips Don't Lie (feat. Wyclef Jean),Oral Fixation Vol. 2,Shakira,1/1/2005,USSM10600677,"2,257",30.1,"1,631,152,967","261,693","142,426,948",80.0,"1,663,636,127","9,345,192","2,393,712","306,451,930","2,939,466,349","1,850,350,995",261.0,"163,862",434,147.0,"3,150,258",84.0,"387,267,940","346,439",,"6,770,784",,0
Sleazy Flow (with Lil Baby) - Remix,Sleazy Flow (Remix),SleazyWorld Go,5/26/2022,USUG12202987,"4,129",20.9,"127,742,133","48,520","14,617,698",58.0,,,"17,628","4,707,388","45,573,722",,20.0,"49,234",133,,,18.0,"51,580,146","8,433",,"806,866",,1
Plain Jane,Plain Jane,A$AP Ferg,8/4/2017,USRC11701803,"2,752",26.8,"733,772,721","146,447","26,777,778",65.0,"251,008,598","3,281,866","1,638,742","86,025,556","707,393,379","4,519,334",104.0,362,28,13.0,"60,539",15.0,"98,462,005","71,224",,"7,570,376",,1
LDR,LDR,Shoti,8/27/2022,QZNWS2249445,"1,365",40.1,"37,027,643","5,646","1,050,088",57.0,"592,859,063","1,724,454","74,737","5,398,232","70,116,244","11,009,395",1.0,,,,,,,,,"44,360",,0
LA CANCIï¿½,OASIS,J Balvin,6/28/2019,USUM71911618,570,63.8,"1,706,325,903","149,957","78,600,154",79.0,"1,527,773,578","6,954,777","51,934","21,045,881","143,346,183","334,064,909",157.0,"19,418",24,118.0,"3,592,823",39.0,"150,953,996","62,582",,"3,149,000",,0
wiggy,wiggy,Young Miko,7/21/2023,QZXD92300012,"1,962",32.5,"135,841,710","22,636","7,652,807",61.0,"53,263,040","755,107","417,900","106,714,247","1,221,296,456","7,015,965",12.0,"10,927",690,7.0,"141,200",39.0,"868,108",732,,"404,918",,1
Someone To You,Someone to You,BANNERS,6/9/2017,USUM71705215,"3,312",23.9,"840,041,803","147,478","46,983,313",70.0,"219,305,472","2,631,856","479,639","177,285,316","1,133,729,550","38,730",69.0,"166,006",50,22.0,"154,103",16.0,"15,118,341","19,027",,"5,463,138",,0
Sal y Perrea,42,Sech,4/15/2021,QM9WM2100010,"2,952",25.6,"266,525,796","49,242","13,991,180",57.0,"195,376,978","1,221,210","1,345,600","137,030,763","1,268,200,579","8,141,977",37.0,"12,713",23,8.0,"36,046",17.0,"19,618,476","3,164",,"647,891",,0
SAD!,SAD!,XXXTENTACION,3/2/2018,USUG11800208,289,90.5,"2,218,531,106","263,801","60,437,070",75.0,"1,800,863,873","26,301,389","1,295,895","58,018,849","435,340,082","178,579,824",77.0,"21,340",107,45.0,"409,497",17.0,"187,658,592","508,457","79,154,715","3,798,652",,1
One Thing At A Time,One Thing At A Time (Sampler),Morgan Wallen,12/2/2022,USUG12209213,"2,057",31.8,"249,576,970","31,843","5,546,389",70.0,"39,198,931","239,096","9,602","2,953,745","37,058,831",,20.0,"101,754",46,3.0,"20,693",11.0,"59,261,739","12,242","2,193,718","410,037",,0
Dj Dayak Full Beat Lagu Malihi Janji,Dj Dayak Full Beat Lagu Malihi Janji,Jeremya Ginting,12/6/2022,SGB502295030,"2,095",31.5,"3,211,473",678,"245,209",,,,"2,851,400","64,372,906","1,451,994,379",,,,,,,,,,,,,0
Trampoline,Trampoline,SHAED,5/18/2018,QZ47A1800201,"3,615",22.6,"229,366,200","37,923","4,719,100",55.0,"96,307,326","1,364,046","598,075","72,671,267","815,192,203","6,201,413",47.0,"270,234",,13.0,"7,187",43.0,"241,661,372","124,369","16,351,257",,,0
Face Off,Face Off,Tech N9ne,10/7/2021,USZHR2100088,"2,347",29.5,"194,908,788","58,039","6,855,506",59.0,"140,886,656","3,277,009","1,004,500","614,002,238","5,338,367,302","277,022,606",4.0,"1,236",121,5.0,"10,634",2.0,"11,414,784","34,887","3,118,191","1,640,152",,1
By Your Side,By Your Side,Rod Wave,11/22/2021,USQX92105590,"2,303",29.8,"164,804,108","40,909","4,353,138",60.0,"111,437,165","932,922","24,901","7,795,076","50,358,850","212,457,530",20.0,"27,123",168,5.0,"26,308",3.0,"25,392,031","22,335","25,401,080","569,269",,1
Bado Badi,Bado Badi,Chahat Fateh Ali Khan,4/23/2024,GX5PW2400002,"2,708",27.0,"901,007",18,713,,"31,008,582","437,421",,,,,,5,,,,,,,,,,0
Maybe Youï¿½ï¿½ï¿½re The P,Maybe Youï¿½ï¿½ï¿½re The P,Ava Max,4/28/2022,USAT22203651,"3,761",22.1,"181,659,395","24,137","10,925,511",62.0,"50,640,948","470,130","7,766","5,336,041","87,012,707","2,764,048,939",53.0,"186,049",732,29.0,"602,060",12.0,"3,213,326","1,247",,"1,366,573",,0
Hide Away,Hide Away,Daya,4/22/2015,QM4ZV1500057,"4,327",20.2,"493,444,344","48,491","27,331,765",76.0,"110,108,631","979,538","669,052","189,101,077","1,951,015,670","11,818,751",63.0,"8,576",162,3.0,"120,251",11.0,"315,421,399","132,842","2,353,027","4,367,770",,0
Taaron Ke Shehar,Taaron Ke Shehar,Neha Kakkar,9/20/2020,INS182006274,"3,686",22.3,"95,962,246","7,017","3,232,549",58.0,"663,681,127","5,839,475",,,,"231,939,795",2.0,25,,,,5.0,,,,"198,978",,0
"High Rated Gabru (From ""High Rated Gabru"")",High Rated Gabru,Guru Randhawa,7/4/2017,INS181701138,"1,981",32.4,"37,248,788","8,023","1,580,067",50.0,"1,900,711,176","10,412,989",,,,"170,150,228",14.0,54,,,,2.0,,,,"276,435",,0
BRODYAGA FUNK,BRODYAGA FUNK - EP,Eternxlkz,11/17/2023,QMFMF2345384,"2,183",30.7,"73,316,998","6,863","23,952,817",75.0,"48,425,342","581,515","300,700","53,837,087","695,420,301",,2.0,,,,,,,,,"698,469",,1
Bellaquita,Bellaquita,Dalex,9/6/2019,QM9WM1900144,"3,396",23.5,"207,093,355","33,813","5,671,029",55.0,"683,691,095","3,379,761","333,046","52,979,754","534,205,330","5,645,399",17.0,"2,393",12,2.0,"2,945",6.0,"15,446,689","6,361",,"361,062",,1
Mwaki,SURRENDER,Zerb,9/27/2023,NLRD52339318,383,77.9,"121,234,000","36,468","76,765,385",42.0,"78,160,610","806,269","118,600","20,204,903","395,342,206","303,381,336",48.0,"90,542",163,51.0,"19,833,933",34.0,"1,553,861",760,"1,832,441","4,890,793",,0
House Of Lies,House Of Lies,Ikka,5/24/2024,INS182401441,"4,013",21.3,"5,200,791",137,"2,965,343",42.0,"10,354,894","189,908",,,,"19,904,542",9.0,9,,,,6.0,,,,"3,744",,0
Amor Prohibido - Remasterizado 2024/30th Anniversary,Amor Prohibido (Remasterizado 2024/30th Anniversary),Selena,3/22/2024,USUM72402905,369,79.9,"302,177,116",34,"224,573",,,,,,,,6.0,,,1.0,239,15.0,"92,486,209","42,531",,,,0
One in a Million,One in a Million,Bebe Rexha,8/4/2023,USWB12303800,"3,734",22.2,"109,868,838","17,147","65,679,098",70.0,"6,256,696","55,646","2,428","385,969","7,034,216",,48.0,"52,099",5,42.0,"866,250",36.0,"3,490,056",227,,"408,957",,0
My House,My House,Flo Rida,3/17/2015,USAT21500384,"4,205",20.6,"1,069,960,318","164,242","38,327,757",71.0,"475,719,992","3,512,318","834,432","157,571,123","1,824,623,443","207,197,068",81.0,"45,968",405,17.0,"16,555",13.0,,,,,,0
SOS (feat. Aloe Blacc),SOS (feat. Aloe Blacc),Avicii,4/10/2019,SE5R71900201,"3,839",21.8,"763,658,190","99,429","20,117,915",66.0,"155,980,021","1,735,488","179,239","19,576,729","258,338,520","327,849,531",143.0,"88,421",187,163.0,"847,295",28.0,"37,623,487","14,921",,"4,054,017",,0
'Till I Collapse,The Eminem Show,Eminem,5/26/2002,USIR10211066,"2,651",27.4,"1,958,809,069","282,888","74,055,843",79.0,"1,463,549,979","10,918,289","41,045","6,151,095","54,356,279","324,314,535",83.0,"1,714",25,37.0,"924,049",29.0,"618,998,662","1,209,416",,"4,812,702",,1
From The Start,Bewitched,Laufey,9/8/2023,QMDA62312093,"4,371",20.1,"367,151,355","16,239","5,016,080",82.0,,,,,,,,,,,,,,,,,,0
Alcohol-Free,Alcohol-Free,TWICE,6/9/2021,US5TA2100022,"3,634",22.5,"224,295,163","24,906","7,188,926",62.0,"398,036,555","5,248,109","154,492","122,614,400","811,061,720","162,479,822",25.0,"2,581",46,1.0,"32,602",25.0,"483,553","1,561",,"339,808",,0
Bubble Gum,How Sweet,NewJeans,5/24/2024,USA2P2414844,"1,101",45.6,"20,630,900","1,536","9,077,425",76.0,"14,185,984","119,016",,,,,21.0,3,5,2.0,"4,710",10.0,"48,314",41,"53,406","33,194",,0
Ley Seca,Ley Seca,Jhay Cortez,9/2/2021,USUM72113444,"2,462",28.7,"412,597,562","80,841","20,936,024",66.0,"209,120,821","1,034,481","54,784","15,795,689","201,664,757","101,896,667",76.0,"17,486",63,14.0,"26,817",41.0,"6,085,764","2,044",,"917,173",,0
Blood // Water,Blood / / Water,grandson,10/27/2017,TCADI1720999,"3,745",22.1,"658,966,178","132,079","18,302,636",68.0,"218,493,561","3,016,621","810,429","139,586,105","1,291,420,904","12,908,888",10.0,"2,220",7,19.0,"142,206",15.0,"37,447,857","81,404",,,,0
To the Bone,Flying Solo,Pamungkas,6/14/2019,FR2X41995983,"4,221",20.5,"442,614,126","39,861","12,416,351",72.0,"461,577,619","2,914,234","912,650","149,476,116","1,424,731,067","45,212,529",10.0,"3,292",,,,,,,,"403,782",,0
CYBERTRUCK,nadie sabe lo que va a pasar maï¿½ï¿,Bad Bunny,10/13/2023,QMFME2364186,"3,540",22.9,"99,022,909","18,212","7,936,625",,"14,594,444","227,707",,,,,8.0,378,,,,4.0,"2,375,239",611,"1,196,116","240,886",,1
Jedag Jedug Capcut 2024,Jedag Jedug Capcut 2024,Afrian Af,1/5/2024,ATR981312465,142,127.4,,1,47,,,,"3,528,100","37,591,836","688,302,023",,,,,,,,,,,,,1
In My Head,In My Head,Juice WRLD,10/28/2022,USUG12207965,"4,194",20.6,"136,878,823","44,098","14,028,444",62.0,"46,128,261","705,084","21,940","2,045,576","17,208,694","7,484,886",10.0,817,1,2.0,"113,827",7.0,"6,354,076","3,193",,"164,132",,1
Bandit,Bandit - Single,Don Toliver,2/1/2024,USAT22400561,490,69.6,"152,597,421","19,834","64,067,368",12.0,"6,556,571","181,948",,"5,037,290","98,100,600","578,162,886",27.0,"40,104","1,312",17.0,"1,282,315",37.0,"2,807,438","1,824","5,005,977","397,211",,1
Te Felicito,"Unas Mï¿½ï¿½as y Otras Prestadas, Vo",Gerardo Coronel,11/11/2022,QZDQH2204268,"2,308",29.8,"136,999,598","2,515","1,614,193",57.0,"352,276,536","848,233",,,,"38,327,211",2.0,"4,630",,,,1.0,,,,"772,708",,0
Headshot (feat. Polo G & Fivio Foreign),Headshot,Lil Tjay,3/19/2021,USSM12101091,"3,502",23.0,"331,506,695","116,321","15,413,876",65.0,"22,151,531","381,423","24,736","13,454,627","89,324,319","3,032,466",38.0,"4,038",,7.0,"224,129",3.0,"9,501,580","5,239",,"363,790",,1
"yes, and?","yes, and?",Ariana Grande,1/12/2024,USUM72400048,199,107.5,"416,813,996","22,468","101,875,097",,"115,105,080","2,893,111","77,900","5,912,130","10,072,539","2,382,932,899",106.0,"79,382",114,87.0,"6,747,701",92.0,"3,441,709","3,255","1,419,525","1,028,262",,1
Diosa,Easy Money Baby,Myke Towers,1/24/2020,QM4TW2040256,"2,484",28.6,"465,811,322","70,596","17,915,387",66.0,"574,401,770","3,127,746","342,400","17,063,916","196,656,614","110,280,462",42.0,"20,012",40,13.0,"213,289",16.0,"18,906,788","9,281",,"789,689",,1
Fadeaway,Fadeaway,BCD Studio,6/11/2021,FRX202154470,"4,488",19.7,"3,711",6,17,,,,"3,700,000","51,488,829","1,319,467,906",,,,,,,,,,,,,0
counting stars (speed up) - Remix,counting stars (speed up) [Remix],Muppet DJ,1/18/2023,ARIXB2300676,"4,441",19.8,,67,"9,593",,"225,116,235","1,646,808",,,,"380,345",,8,,,,,,,,,,0
Black Beatles,SremmLife 2 (Deluxe),Rae Sremmurd,8/12/2016,USUM71603293,"1,164",44.0,"972,005,229","186,174","27,470,180",69.0,"1,178,473,071","9,750,786","80,426","32,338,631","184,153,973","189,211,405",160.0,"37,555",108,45.0,"153,694",47.0,"372,431,461","173,599",,"12,673,047",,1
Ojapiano,Ojapiano - Single,KCee,6/3/2023,QZNJW2329848,"1,222",42.8,"27,444,985","8,182","3,092,737",56.0,"30,407,112","269,687","2,000,000","36,069,120","619,648,663",,18.0,"1,210",11,1.0,"112,183",4.0,"331,855",165,,"1,476,897",,0
On My Grind,Block Music,OG Eat,11/23/2022,QZTB22230138,"1,767",34.6,,,,,,,,,,,,,,,,,,,,"30,698,299",,0
Energy,Energy,Digga D,3/9/2023,GB2DY2300114,"4,113",21.0,"43,078,993","31,275","2,195,709",52.0,"10,699,230","123,634","134,000","30,597,301","306,310,318",,9.0,"3,645",103,,,5.0,"28,410",47,"4,102,693","128,246",,1
Accendio,IVE SWITCH,IVE,4/29/2024,QM4TX2478221,"1,418",39.2,"12,367,963","1,027","749,609",72.0,"33,432,764","738,560",,,,,7.0,102,,1.0,91,2.0,"33,910",15,"51,222","30,525",,0
Noticed,Noticed,Lil Mosey,7/20/2018,USUM71809565,"3,819",21.9,"727,014,998","114,135","13,562,882",65.0,"348,078,879","3,056,099","9,928","2,804,253","25,640,147","49,905,291",13.0,192,84,16.0,"43,022",1.0,"36,207,229","61,967",,"1,122,407",,1
Kiss Me More (feat. SZA),Kiss Me More (feat. SZA),Doja Cat,4/8/2021,USRC12100760,"2,083",31.6,"1,823,871,908","8,460","1,666,482",46.0,"462,218,257","4,949,298",,,,"2,309,356,254",90.0,"111,842",,2.0,"6,198",2.0,,,,,,0
How Did It End?,THE TORTURED POETS DEPARTMENT: THE ANTHOLOGY,Taylor Swift,4/19/2024,USUG12402543,"4,140",20.9,"72,634,553","2,185","14,312,275",,"6,010,840","84,048",,,,,6.0,48,,,,21.0,"651,838",393,,,,0
Montagem - Pr Funk,Montagem - Pr Funk - Single,BARATO NATION,12/27/2023,IEWNY2348674,"3,867",23.2,"332,936,854",6,22,,,,,,,,,,,,,,,,,,,0
Whatever,Whatever,Kygo,1/19/2024,USRC12302637,196,109.0,"222,354,971","17,551","159,961,203",83.0,"45,439,562","522,558",,,,"1,880,782,257",111.0,"191,358",278,171.0,"32,320,584",109.0,"10,225,886",568,,"1,421,900",,0
Style (Taylor's Version),1989 (Taylor's Version),Taylor Swift,10/26/2023,USUG12306674,"1,551",37.3,"211,462,881","15,136","20,309,268",,"19,719,217","318,628","402,600","28,481,462","315,337,428",,46.0,"13,351",,5.0,"443,013",42.0,"8,256,756","4,487",,"203,500",,0
Kitty,Kitty,Kenia OS,4/23/2024,MXF012400293,"3,680",22.3,"23,061,213",703,"18,729,564",77.0,"18,869,254","360,829",,,,"14,758,237",11.0,172,,18.0,"214,885",14.0,"11,507",21,,"37,878",,1
Lily,Different World,Alan Walker,12/14/2018,NOG841813040,870,51.8,"403,860,053","45,516","8,731,552",66.0,"1,057,546,150","7,402,999","7,210,674","89,296,676","1,297,576,376","3,130,304",6.0,"1,552",,1.0,310,9.0,"26,619,723","65,704",,"1,793,716",,0
Feel Special,Feel Special,TWICE,9/23/2019,US5TA1900074,"4,251",20.5,"361,382,812","27,358","7,905,495",64.0,"607,728,749","5,763,424","45,456","31,985,856","277,620,586","77,718,925",32.0,"1,147",8,7.0,"65,007",12.0,"2,155,171","5,260",,"392,812",,0
The EPA Song,Make It Myself,Ants on a Log,3/31/2023,QMFME2231905,"1,876",33.6,,3,56,,"369,121,448","410,669",,,,,,2,,,,,,,,1,,0
Earth,Earth,Lil Dicky,4/18/2019,QMRSZ1900492,"4,152",20.8,"211,158,013","32,331","3,138,494",54.0,"522,628,926","13,614,101","492,800","61,379,665","512,503,154","160,837,250",5.0,167,,5.0,"2,418",2.0,"4,932,099","113,373",,"1,007,773",,1
"Leke Prabhu Ka Naam (From ""Tiger 3"")","Leke Prabhu Ka Naam (From ""Tiger 3"")",Pritam,10/23/2023,INY092300060,"1,952",32.6,"31,783,195","1,189","1,483,697",,"172,518,289","1,926,806",,,,"87,239,915",3.0,600,,1.0,584,12.0,404,,,"41,934",,0
Fim de Semana no Rio,Fim de Semana no Rio,Teto,3/30/2022,BXW922200001,"3,856",21.7,"174,165,147","32,542","6,206,794",61.0,"228,106,838","2,216,911","18,664","12,238,437","119,676,469","25,110,655",16.0,34,,13.0,"95,640",4.0,,,,"50,042",,1
Qual ï¿½ï¿½ o seu des,Qual ï¿½ï¿½ seu des,Tz da Coronel,2/29/2024,BC2TS2400002,"1,244",42.4,"71,586,678","6,088","12,104,937",73.0,"68,170,959","616,414",,,,"196,516,221",17.0,15,,36.0,"7,534,674",23.0,,,,,,1
"I spoke to the devil in miami, he said everything would be fine",LOOK AT ME: THE ALBUM,XXXTENTACION,6/10/2022,USQX92202218,"1,979",32.4,"42,993,944","14,476","4,616,378",58.0,"7,064,950","182,381",813,"579,314","6,574,386","197,936",,,,,,,"13,068,280","13,415","45,955,540","363,684",,0
TO THE MOON,TO THE MOON,JNR CHOI,11/5/2021,QZNWW2131527,834,53.1,"274,647,899","96,137","14,188,085",60.0,"64,640,927","776,716","1,905,324","583,572,613","7,062,611,890","2,031,792,442",22.0,"161,374","2,397",16.0,"56,440",8.0,"139,439,113","21,327","3,308,660","3,786,029",,1
Crocodile Tearz,Might Delete Later,J. Cole,4/5/2024,USUG12402403,"2,600",27.7,"37,057,985","5,769","25,367,830",,"7,966,475","130,502",,,,"5,801,422",12.0,101,,1.0,"1,070,810",17.0,"4,380,830",498,,"88,038",,1
Friday (feat. Mufasa & Hypeman) - Dopamine Re-Edit,Friday (feat. Mufasa & Hypeman) [Dopamine Re-Edit],Riton,1/15/2021,GBCEN2000163,577,63.3,"979,440,925","257,132","93,789,915",72.0,"43,045,405","285,558","419,400","21,243,042","269,812,694","88,241",286.0,"238,633",,159.0,"4,203,809",46.0,"21,699,241","18,631","6,709,391","8,389,740",,0
Que Calor (with J Balvin & El Alfa),Major Lazer Essentials,Major Lazer,10/19/2018,QMUY41800271,"3,875",21.7,"433,664,050","78,546","20,739,392",59.0,"235,890,905","2,265,284","1,037,872","154,355,675","1,344,891,926","15,131,588",126.0,"28,247",277,55.0,"854,505",39.0,"26,759,367","14,775","8,083,227","4,070,551",,0
Un Desperdicio,Un Desperdicio,Rels B,4/25/2024,UYB282476008,"1,750",34.9,"62,552,825","3,045","44,211,129",78.0,"16,726,488","252,529",,,,"3,058,545",4.0,52,,4.0,"23,479",13.0,"133,038",56,,"95,975",,0
A La Antigï¿½ï¿,Vamos Bien,Calibre 50,2/5/2021,QM2EJ1500901,"1,636",36.2,"435,614,687","40,685","20,251,614",67.0,"611,062,174","2,855,683","451,172","67,870,968","823,863,869","6,950,165",28.0,"12,073",285,13.0,"1,824,707",28.0,"83,080,877","22,637",,"969,111",,0
Rake It Up,Rake It Up,Yo Gotti,6/23/2017,USSM11705366,"3,924",21.6,"365,789,171","47,875","14,327,367",58.0,"347,981,506","2,544,004","24,502","12,009,436","75,103,695","150,027,731",75.0,8,51,7.0,"28,364",16.0,"336,119,724","272,010","1,720,331","3,844,287",,1
Candy Shop,Candy Shop,50 Cent,1/1/2005,USIR10500072,"3,732",22.2,"954,807,024","219,091","69,258,950",75.0,"1,230,174,677","8,016,633","313,458","56,619,292","950,938,614","379,363,177",76.0,"44,539",122,49.0,"662,226",25.0,"336,378,328","387,818","18,800,874","6,300,407",,1
Nothing Breaks Like a Heart (feat. Miley Cyrus),Nothing Breaks Like a Heart (feat. Miley Cyrus),Mark Ronson,11/30/2018,GBARL1801571,"1,852",33.7,"942,092,206","129,847","59,476,416",68.0,"561,103,775","5,753,715","247,441","154,388,347","1,462,282,216","1,257,603,748",106.0,"19,349",17,89.0,"1,222,203",32.0,"33,775,179","23,653",,"11,510,830",,0
Always Remember Us This Way,A Star Is Born Soundtrack,Lady Gaga,10/5/2018,USUM71813195,901,50.9,"1,269,760,706","137,601","32,384,233",76.0,"824,308,720","4,676,578","1,213,771","33,512,447","573,562,180","1,951,219,741",88.0,"66,461",4,55.0,"606,748",27.0,"322,220,265","104,680","612,635","9,755,956",,0
act ii: date @ 8 (remix),act ii: date @ 8 (feat. Drake) [remix],4batz,3/8/2024,USLD91756695,627,60.8,"89,787,741","16,536","54,361,056",,,,,,,,49.0,"36,850",,34.0,"1,475,723",44.0,"6,065,308","1,556",,"585,899",,1
Fight Song,Fight Song,Rachel Platten,12/2/2014,USSM11500753,"2,670",27.3,"897,794,289","92,326","47,254,001",69.0,"101,998,780","1,084,274","2,209,428","115,034,762","1,021,462,418","2,330",2.0,"117,518",507,20.0,"59,768",47.0,"470,921,326","687,787",,,,0
"These Days (feat. Jess Glynne, Macklemore & Dan Caplen)","These Days (feat. Jess Glynne, Macklemore & Dan Caplen)",Rudimental,1/19/2018,GBAHS1701239,"1,893",33.3,"1,124,147,912","131,363","33,090,658",65.0,"705,027,078","3,320,463","718,998","18,900,715","202,227,585","250,146,204",13.0,"116,212",,65.0,"1,197,102",52.0,"3,075,862","3,013","12,018,131",,,0
good 4 u,good 4 u,Olivia Rodrigo,5/14/2021,USUG12101245,163,117.8,"2,167,768,056","309,421","72,787,213",79.0,"773,591,065","11,098,007","1,893,481","1,080,682,523","8,186,754,429","2,285,796,743",355.0,"4,835","1,283",98.0,"1,610,293",102.0,"119,030,447","170,032","19,263,268",,,1
Casper,The Last Rocket,Takeoff,11/2/2018,USUG11801771,"4,459",19.7,"234,838,690","72,603","7,243,039",63.0,"46,543,188","628,770","15,008","2,345,025","23,557,281","23,439,720",14.0,14,,5.0,"6,924",1.0,"8,870,437","10,603","49,145,984","687,210",,1
Orang Yang Salah - Sped Up Version,Orang Yang Salah (Sped Up Version),Luvia band,9/20/2023,IDA192303865,"2,552",28.0,"3,900,009",239,"152,396",,"2,001,200","23,163","1,200,000","21,126,908","529,234,742",,,,,,,,,,,"21,387",,0
Margiela,Margiela,Ezhel,10/26/2023,QMFME2377602,"4,135",20.9,"66,553,836","11,570","1,999,209",,"33,759,085","174,360","85,785","4,651,599","101,413,456","206,584,406",5.0,"1,632",,3.0,"6,799",,,,,"133,037",,1
Faint,Papercuts,Linkin Park,4/12/2024,USWB12401896,412,75.4,"670,009,914",3,81,,,,,,,,,,,,,,,,,"1,847,397",,0
SAD GIRLZ LUV MONEY Remix (feat. Kali Uchis and Moliy),SAD GIRLZ LUV MONEY Remix (feat. Kali Uchis and Moliy),Amaarae,9/16/2021,US23A1540104,610,61.3,"428,189,728","95,507","22,395,876",67.0,"84,966,187","868,089","5,406,735","1,021,159,104","11,653,604,916","98,142,716",100.0,"22,558",122,24.0,"101,103",33.0,"6,960,206","6,180",,"5,024,951",,1
Zombie,Zombie,Bad Wolves,1/19/2018,USDPK1800004,"3,718",22.2,"391,235,723","77,293","8,225,027",6.0,"133,338,318","1,407,929","104,019","14,567,512","193,481,131","2,330",9.0,"60,942",12,8.0,"9,221",33.0,"300,045,453","184,086",,"5,361,011",,0
After Hours,After Hours,The Weeknd,2/19/2020,USUG12000586,"1,424",39.0,"942,637,026","146,801","30,163,694",75.0,"335,729,967","2,785,787","93,883","65,547,896","663,247,978","103,976,790",77.0,"6,999",,25.0,"380,791",12.0,"21,963,852","20,198","11,959,953","5,916,135",,0
Waka Waka (This Time for Africa) [The Official 2010 FIFA World Cup (TM) Song] (feat. Freshlyground),So Fresh The Hits of Summer 2011 + The Best Of 2010,Shakira,1/1/2010,USSM11001353,921,50.4,"829,352,129","159,324","36,048,887",61.0,"4,062,829,308","23,606,907","2,250,587","417,038,157","5,938,511,405","269,751,922",109.0,"22,773",43,96.0,"1,215,762",33.0,"129,133,941","641,400","542,470",,,0
DANCE CRIP,DANCE CRIP,Trueno,11/17/2021,ARRWN2000082,"3,754",22.1,"265,253,887","50,642","5,259,227",61.0,"186,689,501","2,429,799","123,504","81,240,604","704,505,804","48,162,048",25.0,,,10.0,"117,988",10.0,,,,,,1
BREAK MY SOUL,BREAK MY SOUL,Beyoncï¿,6/21/2022,USSM12206234,544,65.7,"443,564,590","80,121","43,604,917",64.0,"122,345,818","1,753,026","247,082","93,051,722","1,231,848,412","4,088,928,383",210.0,"436,049","1,089",73.0,"1,986,611",115.0,"24,808,925","23,163","4,766,826","2,682,867",,0
SO DONE,SO DONE,The Kid LAROI,10/23/2020,USSM12005922,"2,820",26.4,"428,787,524","95,178","8,705,363",62.0,"63,666,862","1,060,419","39,225","15,383,747","116,127,311","26,679,235",69.0,"39,027",,18.0,"2,013",7.0,"30,609,251","13,139","17,250,455","636,078",,0
Ready For Love,BORN PINK,BLACKPINK,9/16/2022,KRA402200029,"4,163",20.8,"115,237,552","9,312","6,682,567",55.0,"243,509,528","5,870,222","12,395","7,237,020","51,526,563","7,676,873",2.0,834,,2.0,"80,569",15.0,"885,996",476,,"270,240",,0
The Motto,Take Care (Deluxe),Drake,11/15/2011,USCM51100731,"3,630",22.5,"549,699,659","89,323","25,996,675",68.0,"76,930,754","622,540","2,177","1,966,065","13,825,915","11,000,116",89.0,"39,594",118,21.0,"241,905",13.0,"856,303,899","1,008,460",,,,1
New Rules,Dua Lipa (Complete Edition),Dua Lipa,1/1/2015,GBAHT1600310,"1,561",37.1,"2,098,443,322","158,842","106,310,954",75.0,"465,005,054","3,549,062","4,551,367","132,602,419","1,171,223,563","222,121,489",387.0,"180,202",369,345.0,"1,063,913",72.0,"328,602,850","152,884",,"12,753,303",,0
STAYING ALIVE (feat. Drake & Lil Baby),STAYING ALIVE (feat. Drake & Lil Baby) - Single,DJ Khaled,8/5/2022,USSM12206682,"1,586",36.8,"204,471,704","72,788","16,063,916",55.0,"53,474,695","805,089","55,353","13,223,561","154,240,769","2,202,657,571",41.0,"121,514","2,223",20.0,"239,390",34.0,"39,439,965","4,541",,"813,790",,1
Runaway (U & I) [Dance],"This Is MELON, Vol. 1 (Dance)",MELON,2/24/2023,ZZOPM2342242,"3,961",21.5,"13,502,324","3,124","10,531,046",42.0,"212,073,431","567,112","36,441","6,215,572","136,579,723",,1.0,1,,3.0,"167,042",,"5,297",240,,"106,448",,0
You & Me (Coachella ver.),JENNIE Special Single [You & Me],JENNIE,10/6/2023,KRA402300042,"3,223",24.2,"68,266,114","3,723","4,165,912",,"110,533,031","640,587",,,,,4.0,,,,,,,,,"191,626",,0
Wide Awake,538 Hitzone 63,Katy Perry,1/1/2012,USCA21200932,"3,681",22.3,"447,997,798","47,976","35,749,050",73.0,"1,129,883,893","5,231,385","53,680","9,846,261","63,097,743","248,321,862",29.0,"29,375",115,14.0,"144,663",22.0,"486,860,037","304,919",,"4,506,047",,0
ten,ten,Fred again..,10/13/2023,GBAHS2301151,"2,110",31.3,"80,795,111","29,807","14,707,999",,"3,922,613","53,253",,,,,30.0,"5,576",45,11.0,"116,217",15.0,"415,038",218,"1,579,938","394,864",,0
In the morning,GUESS WHO,ITZY,4/30/2021,US5TA2100004,"4,499",19.6,"205,110,323","21,243","3,562,675",60.0,"371,693,639","6,571,826","85,629","98,044,796","550,643,662","137,260,316",18.0,"1,889",52,1.0,"1,353",11.0,"598,765","1,330",,"336,074",,0
"Cayï¿½ï¿½ La Noche (feat. Cruz Cafunï¿½ï¿½, Abhir Hathi, Bejo, EL IMA)","Cayï¿½ï¿½ La Noche (feat. Cruz Cafunï¿½ï¿½, Abhir Hathi, Bejo, EL IMA)",La Pantera,1/14/2022,ES5152101308,"2,924",25.8,"283,228,006","63,076","8,936,948",62.0,"169,044,728","998,010","147,165","84,459,330","906,688,195","237,830,514",13.0,"4,039",,8.0,"12,464",22.0,,,,"696,795",,1
679 (feat. Remy Boyz),679 (feat. Remy Boyz),Fetty Wap,6/29/2015,QMCE31500250,"1,863",33.7,"808,010,338","130,977","25,603,956",71.0,"690,889,020","4,272,301","1,014,761","52,308,653","243,314,330","258,112,509",1.0,"44,246",375,6.0,"4,160",,,,"91,184,574","4,663,057",,1
223's (feat. 9lokknine),223's (feat. 9lokknine),YNW Melly,8/9/2019,QMCE31902418,609,61.4,"484,542,375","97,431","11,914,330",64.0,"164,470,388","1,490,017","6,584,665","105,210,640","999,433,711","15,442,781",13.0,434,,5.0,"31,550",,"44,167,227","99,074","82,438,907","1,457,720",,1
Andrea,Un Verano Sin Ti,Bad Bunny,5/6/2022,QM6MZ2214893,"1,335",40.7,"432,885,913","51,912","12,241,438",71.0,"321,888,868","1,818,193","575,000","152,132,878","1,232,405,599","20,330,597",14.0,"2,673",42,2.0,"200,870",6.0,"17,790,574","5,179",,"901,897",,1
ýýýýýýýýýýýýýýýýýýýýýýýýýýý,ýýýýýýýýýýýýýýýýýýýýýýýýýýý - Single,ýýýýýýýýýýýýýýýýýý,4/28/2023,THSOH2302594,"4,222",20.5,"4,943,057","1,054","162,895",46.0,"127,116,431","446,428","433,600","9,609,256","140,922,309",,,,,,,,,,,"13,291",,0
Drama,Drama - The 4th Mini Album,aespa,11/10/2023,KRA302300350,634,60.4,"198,043,685","11,991","12,559,068",78.0,"203,832,651","2,922,155","43,265","64,109,374","442,468,610","1,241,723,341",26.0,"2,805",7,6.0,"573,116",24.0,"306,346",786,"829,911","261,344",,0
Crawling,Papercuts,Linkin Park,4/12/2024,USWB11201319,927,50.1,"570,290,910",174,"525,584",,,,,,,,,,,,,,,,,,,0
OJALï¿,OJALï¿,Maria Becerra,6/1/2022,USAT22205402,"2,579",27.8,"168,710,415","16,559","4,927,487",56.0,"358,805,694","1,890,653","72,000","24,990,011","248,098,853","365,354,168",12.0,"10,771",1,12.0,"232,266",16.0,"1,069,872",237,"6,806","182,061",,0
Sunrise,One Thing At A Time,Morgan Wallen,3/3/2023,USUG12300812,"3,579",22.7,"104,516,305","16,554","1,412,703",67.0,"44,535,669","284,688","32,776","2,219,054","23,849,216",,3.0,155,,,,,"68,775,651","10,824","2,664,322","153,036",,0
Automotivo Bibi Fogosa,Automotivo Bibi Fogosa,Bibi Babydoll,5/19/2023,QZMZ92361338,739,56.4,"267,867,000","47,406","32,423,214",36.0,"109,440,296","1,722,866","796,000","207,462,897","1,908,916,908",407,6.0,272,1,13.0,"298,723",7.0,,,845,"3,212,495",,1
PUNTO 40,PUNTO 40 - Single,Rauw Alejandro,9/22/2022,USSD12200965,635,60.4,"396,549,329","56,179","20,926,929",67.0,"185,441,424","1,023,796","2,400,609","377,165,558","5,233,247,603","19,049,338",43.0,"36,151",174,23.0,"368,136",46.0,"20,524,547","4,585",,"1,071,446",,1
Kiss Me,Songs of Sonder,Dermot Kennedy,9/2/2022,USUG12201963,"1,973",32.4,"149,237,160","22,036","6,228,907",65.0,"60,539,963","307,422","40,847","3,087,705","52,556,917","1,935,086,543",39.0,"262,744",,22.0,"662,373",20.0,"87,697",147,,"2,868,389",,0
Baby Me Atende,Baby Me Atende,Matheus Fernandes,2/26/2021,BRWNV2100001,"2,951",25.6,"258,464,933","26,029","9,231,717",50.0,"544,475,392","2,878,528","140,939","9,191,410","150,293,932","243,981,722",36.0,"9,835",,41.0,"371,980",6.0,,,,"289,070",,0
Chana Tera Shukriya,Jogiya Koe,Tanveer Anjum,7/15/2023,DGA062354084,"3,717",22.2,"9,015",4,95,6.0,,,"1,200,000","2,363,999","55,049,957",,,,,,,,,,,212,,0
Fruto,en dormir sin Madrid,Bizarrap,10/3/2023,UYB282301044,"2,938",25.7,"188,131,570","21,455","9,973,821",,"23,791,636","267,266","3,639","867,907","13,208,632","1,485,906",3.0,"2,131",,6.0,"28,215",20.0,"21,481",118,,"205,456",,0
Raining In Manila,Raining In Manila,Lola Amour,6/14/2023,PHW012300171,"2,633",27.5,"136,169,854","11,506","4,813,121",63.0,"117,339,013","473,732","279,014","57,862,276","567,845,644","46,522,818",4.0,"1,084",,,,,,,,"28,884",,0
Here's Your Perfect,Here's Your Perfect,Jamie Miller,4/30/2021,USAT22101294,"2,523",28.2,"418,998,816","42,598","8,678,739",69.0,"349,432,726","3,317,953","810,145","216,927,258","1,962,424,177","1,152,785,855",40.0,"19,753",,6.0,"6,309",,"1,401,958","1,877",,"1,072,765",,0
Glock In My Lap,SAVAGE MODE II,21 Savage,10/2/2020,USSM12006061,"1,088",45.9,"614,603,953","164,722","24,902,576",78.0,"164,711,656","1,799,801","45,186","22,453,063","162,296,330","40,458,162",25.0,940,,18.0,"196,078",3.0,"18,427,460","10,054","34,124,605","2,194,666",,1
Kya Hua,Blackout (Original Motion Picture Soundtrack),Vishal Mishra,5/31/2024,INP912410081,"2,497",28.4,"96,766",20,"1,453,389",,"10,605,392","57,310",,,,,,,,,,,,,,,,0
If We Ever Broke Up,If We Ever Broke Up,Mae Stephens,2/10/2023,GBUM72300969,49,203.6,"304,929,492","43,923","46,133,083",69.0,"61,986,821","921,044","13,872,768","390,207,653","5,684,815,935","19,218,089",78.0,"92,638",822,41.0,"3,467,570",36.0,"7,444,354","7,188",,"2,227,494",,1
dangerous,dangerous,21 Savage,1/10/2024,USSM12309167,"3,407",23.5,"47,098,347","15,845","17,899,427",,"1,767,046","28,517",,,,,7.0,198,,3.0,"32,708",12.0,"1,307,483",186,,"85,831",,1
TE MUDASTE,EL ï¿½ï¿½LTIMO TOUR DEL M,Bad Bunny,11/27/2020,QMFME2066837,"3,099",24.8,"717,202,437","80,289","19,161,838",71.0,"213,527,195","1,587,764","107,700","42,476,322","253,170,602","3,039,304",57.0,"4,112",249,30.0,"1,607,489",6.0,"37,604,869","5,455",,"556,069",,1
Clash (feat. Stormzy),Clash (feat. Stormzy),Dave,7/8/2021,GBUM72103840,"2,898",25.9,"237,619,076","109,634","9,288,222",61.0,"83,880,421","827,499","29,127","12,773,383","121,310,762","13,321,285",68.0,"6,889",6,10.0,"95,781",21.0,"248,457",109,,"995,591",,1
K-POP,K-POP (Chopped & Screwed),Travis Scott,7/18/2023,USSM12305652,917,50.5,"285,481,590","62,715","24,530,922",68.0,"40,688,228","817,018","4,427","3,170,160","129,035,232","331,318,025",46.0,"15,660",347,39.0,"587,945",37.0,"4,832,444","3,721",,"808,863",,1
Sability,Sability / Rush / Bloody Samaritan (with Kelly Rowland),Ayra Starr,2/9/2023,NGA3B2316001,"3,028",25.2,"44,122,161","13,796","2,652,844",57.0,"54,277,243","469,883","935,300","43,618,684","600,873,369","38,164,052",29.0,"7,557",163,9.0,"174,966",11.0,"816,650",222,,"1,366,850",,0
Wasted On You,Dangerous: The Double Album,Morgan Wallen,1/8/2021,USUG12004194,545,65.7,"717,226,454","73,851","11,500,647",79.0,"404,363,419","2,296,639","55,649","7,599,044","86,145,458","350,781,335",41.0,"391,795",273,3.0,"5,348",7.0,"431,750,490","127,122","14,272,948","2,061,209",,0
Magic Johnson,Valedictorian [Deluxe],ian,5/31/2024,USQX92402650,"3,110",24.8,"3,884,887",789,"6,746,829",,913,25,,"230,500","878,600",,13.0,,1,1.0,611,9.0,"12,947",21,"527,385",,,1
Save Me (with Lainey Wilson),Save Me (with Lainey Wilson),Jelly Roll,5/11/2023,QMRSZ2300359,"4,125",20.9,"95,946,720","13,156","15,537,858",6.0,,,,,,,,,,15.0,"7,631,939",,"99,124,323","25,582",,,,0
the boy is mine,eternal sunshine,Ariana Grande,3/8/2024,USUM72317268,752,56.0,"175,336,290","8,386","79,812,251",80.0,"44,458,370","1,448,800",225,"397,044","3,842,071","297,433,202",46.0,"4,569",18,18.0,"1,000,937",52.0,"1,253,330","1,313","873,706","209,987",,1
No Me Conoce - Remix,No Me Conoce (Remix),Jhay Cortez,5/17/2019,USUM71908293,"2,322",29.7,"1,367,265,268","135,811","46,929,639",75.0,"174,911,891","749,591","103,451","12,539,244","109,739,416",11,118.0,"23,126",16,45.0,"1,959,690",9.0,"180,776,836","46,279",,"2,785,821",,0
Never Lose Me (feat. SZA & Cardi B),"Fine Ho, Stay",Flo Milli,3/15/2024,USRC12400579,"3,531",22.9,"30,301,728","2,993","12,990,773",,,,,,,,34.0,"13,668",,19.0,"446,756",57.0,"5,212,163","1,607","707,782","165,367",,1
TUS Lï¿½ï¿½GR,Microdosis,Mora,4/1/2022,QM4TX2252947,"1,862",33.7,"231,258,162","42,133","12,601,998",64.0,"143,774,447","773,465","1,754,800","79,825,538","760,223,916","317,485,352",27.0,"5,833",368,1.0,"46,161",20.0,"3,321,809",662,,"616,275",,1
Antidote,Antidote,Travis Scott,7/28/2015,USSM11505661,"3,053",25.1,"693,552,475","148,244","28,799,004",68.0,"484,191,598","3,735,154","680,593","15,685,738","100,004,969","203,700,286",129.0,479,18,38.0,"365,775",29.0,"260,556,165","144,489","5,339,568","3,758,685",,1
Let's Love,Let's Love,Sia,9/11/2020,UKWLH2000001,"3,509",23.0,"222,571,023","44,252","11,141,387",57.0,"68,547,283","647,482","851,690","20,613,081","221,346,418","13,295,182",102.0,"229,947",,73.0,"896,662",22.0,"1,541,516",605,,"5,019,153",,0
Melhor Eu Ir / Ligando os Fatos / Sonho de Amor / Deixa Eu Te Querer (Ao Vivo),Churrasquinho do Menos ï¿½ï¿½ Mais (Ao V,Grupo Menos ï¿½ï¿½ ,4/23/2020,USDY42060410,"2,260",30.1,"270,944,683","6,608","2,522,207",,"996,737,706","4,480,282",66,"6,369","102,989","63,527,580",,,,7.0,"22,899",,,,,,,0
Shaky Shaky,Shaky Shaky,Daddy Yankee,4/8/2016,US2BU1600020,"1,872",33.6,"355,833,360","32,831","9,930,933",57.0,"1,841,152,614","6,950,519","673,957","68,853,618","580,818,135","246,854,508",32.0,"9,113",64,22.0,"84,506",22.0,"49,501,753","161,901",,"2,606,582",,0
Prayer in C - Robin Schulz Radio Edit,Los Nï¿½ï¿½meros 1 De 40 (El Disco De Los ï¿½ï,Lilly Wood and The Prick,1/1/2014,DEA621400286,"4,372",20.1,"1,074,583,619","152,685","43,023,486",69.0,"631,896","5,935","29,628","15,236,347","138,609,613",,118.0,"70,662",,107.0,"952,714",9.0,"242,929,188","27,275",,"30,826,278",,0
Castle on the Hill,Castle on the Hill,Ed Sheeran,1/6/2017,GBAHS1600462,"1,635",36.2,"1,340,305,216","128,114","42,923,398",73.0,"1,019,821,605","5,831,559","800,468","76,231,108","545,871,218","427,924,192",157.0,"121,979",38,35.0,"958,613",46.0,"170,688,260","99,246",,"23,833",,0
IDGAF (feat. Chris Brown and Mariah the Scientist),Tee's Coney Island,Tee Grizzley,11/2/2023,USAT22311000,"2,973",25.6,"20,520,983",65,"29,213",,,,,,,,1.0,"130,720",,,,,,,,,,0
Summer of Love (Shawn Mendes & Tainy),Summer Of Love,Shawn Mendes,8/20/2021,USUM72114707,"4,406",19.9,"392,730,501","43,113","32,173,215",65.0,"56,656,911","851,302","127,022","24,026,650","284,633,385","275,183,518",52.0,"107,015",39,21.0,"192,052",14.0,"12,162,884","2,574",,"1,619,318",,0
...Baby One More Time (from Kung Fu Panda 4),Kung Fu Panda 4 (Original Motion Picture Soundtrack),Tenacious D,3/8/2024,USQ4E2205653,"2,406",29.0,"28,423,160","5,020","3,964,955",,"33,548,614","846,916",,,,,12.0,"3,160",12,,,,"769,869",607,"152,405",,,0
Say Something (feat. Chris Stapleton),Say Something,Justin Timberlake,1/25/2018,USRC11703503,"3,891",21.6,"505,748,520","60,774","17,047,156",64.0,"468,137,682","2,074,706","8,387","368,047","7,107,254","173,549,014",61.0,"46,787",31,40.0,"461,856",61.0,"135,674,431","62,934",,"6,318,285",,0
august,folklore,Taylor Swift,7/24/2020,USUG12002842,"3,016",25.3,"1,101,296,591","84,267","76,240,482",79.0,"143,962,401","1,331,866","640,459","106,537,532","779,402,493","7,241,031",50.0,"2,616",9,16.0,"358,706",30.0,"10,172,679","11,371",,"909,574",,0
What Ifs (feat. Lauren Alaina),Kane Brown,Kane Brown,12/2/2016,USRN11600859,"3,696",22.3,"516,523,975","45,773","14,539,681",67.0,"407,784,529","2,047,661","82,745","1,643,842","10,506,569","471,650,737",39.0,"132,684",56,3.0,"4,887",18.0,"366,815,231","184,212","1,264,787","1,925,032",,0
Cham Cham,Baaghi,Meet Bros.,4/9/2016,INS181600477,"4,543",19.5,"21,092,086","3,414","1,082,794",45.0,"1,235,706,833","4,131,568","461,200","15,268,359","258,442,943","30,817,361",1.0,20,,,,2.0,,,,"53,500",,0
one of wun,One of Wun,Gunna,5/10/2024,USAT22403437,831,53.2,"58,469,975","7,073","108,431,155",82.0,"4,436,805","59,189",,,,"381,728",,,41,,,,,,,,,1
Braten,Braten,Steps,12/22/2022,TCAGR2271048,"4,562",19.5,"242,231",390,"6,228",25.0,"240,491,474","1,805,305",,,,"166,682,612",,1,,,,,,,,544,,1
In The Stars,In The Stars,Benson Boone,4/29/2022,USWB12201574,597,61.9,"725,214,939","107,667","48,040,727",74.0,"204,956,968","2,396,003","626,129","233,812,388","2,046,007,902","2,723,304,479",48.0,"98,191",47,19.0,"576,576",14.0,"10,018,684","12,905","6,084,222","3,629,083",,0
Sinceramente,E POI SIAMO FINITI NEL VORTICE,Annalisa,9/29/2023,ITQ002301128,"4,204",20.6,"67,967,157","3,843","8,133,274",62.0,"64,206,693","380,795",,,,"976,254,552",25.0,"19,331",,6.0,"3,796,345",25.0,"3,969",55,,"501,689",,0
Semangat Kerjanya Kawan,Semangat Kerjanya Kawan,Aldo Zee,9/19/2022,SGB502242208,"1,891",33.4,"32,642",7,"2,063",1.0,"50,391",373,"3,622,500","8,929,235","235,913,641",,,,,,,,,,,,,0
Savage,Savage - The 1st Mini Album - EP,aespa,10/5/2021,KRA302100326,"3,247",24.1,"222,400,657","19,680","9,854,978",68.0,"399,807,694","5,239,967","113,542","141,153,423","936,285,256","145,924,225",21.0,"3,257",148,1.0,"4,799",17.0,"577,999",666,,"400,154",,0
No Hay Nadie Mï¿½,No Hay Nadie Mï¿½,Sebastian Yatra,1/26/2018,USUM71713890,"2,239",30.3,"546,219,103","43,372","12,705,005",69.0,"1,289,314,157","6,163,163","274,799","25,654,892","222,363,120","223,743,334",21.0,"13,300",102,31.0,"123,304",18.0,"18,098,372","4,619",,"24,199",,0
Alone (with Nicki Minaj),Alone,Kim Petras,4/21/2023,USUG12302442,"3,622",22.6,"79,045,342","18,284","6,628,769",55.0,"34,142,538","565,870","19,430","9,297,727","105,037,367","711,554,335",42.0,"61,153",858,18.0,"214,894",44.0,"12,737,821",856,,"994,509",,1
Un Besito Mï¿½,Un Besito Mï¿½,Salastkbron,3/14/2024,AR5UH2302301,"1,581",36.9,"39,026,522","4,463","10,235,789",72.0,"52,315,903","279,494",,,,,1.0,306,,2.0,"6,018",13.0,,,,"32,814",,0
Caramelo - Remix,Caramelo (Remix),Leoo Remix,10/1/2020,QZNJV2032699,"3,733",22.2,"144,767",82,"2,477",,"697,719,336","3,167,472",,,,"171,565,650",,,,,,,,,,,,0
Fulanito,Fulanito,Becky G,6/3/2021,USRC12100954,"2,151",31.0,"254,118,106","38,980","11,054,219",58.0,"404,064,054","2,732,944","951,433","333,664,664","2,737,871,422","74,410,741",70.0,"21,512",421,13.0,"97,011",20.0,"13,501,079","3,852",,"821,982",,0
El Cielo,El Cielo - Single,Sky Rompiendo,6/2/2023,USSD12300241,"1,068",46.4,"354,097,795","53,606","50,446,311",74.0,"89,166,241","599,270","26,367","10,289,035","107,126,101","9,653,765",64.0,"18,198",53,37.0,"398,533",19.0,"5,226,972",391,,"542,456",,1
SAY MY GRACE (feat. Travis Scott),SET IT OFF,Offset,10/13/2023,USUM72313167,"1,770",34.6,"118,851,626","37,413","40,394,035",,"9,045,800","253,282",,"602,272","5,441,741","259,031,618",23.0,"1,577",43,15.0,"316,542",3.0,"2,172,626",508,,,,1
"Ruaan (From ""Tiger 3"")","Ruaan (From ""Tiger 3"")",Pritam,11/6/2023,INY092300063,"4,419",19.9,"25,820,250","1,732","2,016,667",,"88,129,485","562,556",,4,490,"87,015,787",,321,,,,17.0,352,,,"57,373",,0
Come & Go (with Marshmello),Come & Go (with Marshmello),Juice WRLD,7/9/2020,USUG12001904,"1,277",41.8,"959,313,617","180,366","25,884,639",71.0,"135,893,380","1,681,113","162,507","9,358,347","37,813,204","132,565,766",55.0,"87,770",23,18.0,"72,159",30.0,"104,188,774","65,410",,"3,451,067",,1
Bejeweled,Midnights,Taylor Swift,10/21/2022,USUG12205715,"2,577",27.8,"536,110,386","32,472","22,834,672",71.0,"19,011,964","168,023","791,802","171,672,855","1,573,795,763","120,036,973",46.0,"6,686",84,5.0,"282,241",46.0,"12,812,687","11,319","118,548","361,280",,0
Piya Chhod Dihin Na,Piya Chhod Dihin Na,Pawan Singh,4/11/2024,INS182401138,"3,136",24.6,"1,540,667",28,"177,865",,"35,669,549","389,761",,,,,,,,,,,,,,,,0
Over the Rainbow,Alone In Iz World,Israel Kamakawiwo'ole,9/25/2001,USMAC0100119,"4,361",20.1,"399,145,178","94,038","14,869,138",68.0,"1,632,844,702","11,706,967","70,375","19,778,665","167,032,445","192,230,927",51.0,"10,999",,39.0,"143,486",17.0,"749,033,130","690,053",,"3,385,807",,0
Love Galore,Love Galore,SZA,4/27/2017,USRC11700886,"4,313",20.3,"817,054,014","105,515","29,991,191",71.0,"211,546,057","1,832,143","24,952","14,991,486","63,600,775","20,771,301",204.0,"30,527",27,46.0,"380,092",60.0,"200,840,895","102,325",,"3,518,675",,1
Fever,Future Nostalgia,Dua Lipa,3/27/2020,GBAHT2000834,"3,532",22.9,"381,166,294","50,838","9,475,236",57.0,"168,485,708","1,688,852","1,500,542","51,527,633","728,998,950","67,708,098",102.0,"80,249",,72.0,"1,529,225",17.0,"24,075,812","4,290",,"2,185,831",,0
The Last Goodbye (feat. Bettye LaVette),The Last Goodbye (feat. Bettye LaVette) - Single,ODESZA,2/8/2022,GBCFB2100832,"3,905",21.6,"122,957,173","65,839","15,313,309",58.0,"35,159,391","434,406","115,114","56,371,535","1,408,619,017","1,484,274",27.0,"5,136",19,3.0,"92,265",26.0,"1,757,068","1,442","1,860,975","1,713,873",,0
23 Preguntas,23 Preguntas - Single,Anuel AA,8/23/2021,QMFME2196017,"4,158",20.8,"154,250,706","31,969","7,964,623",66.0,"284,578,688","1,844,499","48,300","5,657,914","57,372,493","25,292,068",20.0,"1,699",,7.0,"2,284,818",6.0,"8,480,611","2,227",,"435,928",,1
Party In The U.S.A.,The Time Of Our Lives (International Version),Miley Cyrus,1/1/2009,USHR10924519,"2,695",27.1,"1,587,114,096","210,519","147,125,974",76.0,"993,529,828","4,526,606","428,033","49,702,880","338,781,002","292,478,893",185.0,"123,744",578,56.0,"1,708,084",33.0,"313,563,554","535,359",,"3,960,920",,0
Wrecking Ball,538 Hitzone Best Of 2013,Miley Cyrus,1/1/2013,USRC11301214,"1,316",41.0,"930,004,605","113,036","73,538,856",73.0,"1,694,450,676","11,543,620","735,137","110,364,036","1,460,975,398","553,346,151",168.0,"91,227",101,99.0,"530,866",88.0,"449,482,152","959,495",,"10,011,230",,0
You should be sad,You should be sad,Halsey,11/8/2019,USUM71918343,"4,490",19.7,"557,921,212","56,240","15,063,771",64.0,"61,717,959","619,110","27,870","5,508,696","41,811,499","36,612",73.0,"118,637",338,26.0,"118,382",7.0,"105,657,255","42,730","5,930,140","2,538,528",,1
Smile (with The Weeknd),Legends Never Die,Juice WRLD,7/10/2020,USUG12002597,"3,984",21.4,"463,970,393","92,879","13,210,421",62.0,"130,269,657","1,671,937","5,289","125,617","1,309,847","14,422,648",46.0,"10,816",,16.0,"6,406",11.0,"42,898,693","20,772",,"793,274",,1
