VendorID,tpep_pickup_datetime,tpep_dropoff_datetime,passenger_count,trip_distance,RatecodeID,store_and_fwd_flag,PULocationID,DOLocationID,payment_type,fare_amount,extra,mta_tax,tip_amount,tolls_amount,improvement_surcharge,total_amount,congestion_surcharge,Airport_fee
2,2024-01-20 13:31:30,2024-01-20 14:03:25,2.0,17.14,2.0,N,132,233,1,70.0,0.0,0.5,8.27,6.94,1.0,90.96,2.5,1.75
2,2024-01-18 21:52:46,2024-01-18 22:03:21,1.0,2.49,1.0,N,163,75,1,13.5,1.0,0.5,4.0,0.0,1.0,22.5,2.5,0.0
2,2024-01-01 03:43:58,2024-01-01 03:50:47,2.0,1.84,1.0,N,127,20,2,10.0,1.0,0.5,0.0,0.0,1.0,12.5,0.0,0.0
1,2024-01-19 22:20:12,2024-01-19 22:50:12,1.0,3.6,1.0,N,186,263,1,23.3,3.5,0.5,5.65,0.0,1.0,33.95,2.5,0.0
2,2024-01-06 22:41:50,2024-01-06 22:43:24,1.0,0.04,1.0,N,238,238,2,3.7,1.0,0.5,0.0,0.0,1.0,6.2,0.0,0.0
1,2024-01-11 08:00:34,2024-01-11 08:07:21,1.0,0.7,1.0,N,161,163,1,7.2,2.5,0.5,2.8,0.0,1.0,14.0,2.5,0.0
2,2024-01-13 08:10:30,2024-01-13 08:13:05,1.0,0.66,1.0,N,140,141,2,5.1,0.0,0.5,0.0,0.0,1.0,9.1,2.5,0.0
1,2024-01-16 18:31:29,2024-01-16 18:44:49,1.0,2.7,1.0,N,161,239,1,16.3,5.0,0.5,2.5,0.0,1.0,25.3,2.5,0.0
2,2024-01-04 20:52:19,2024-01-04 21:03:31,1.0,2.0,1.0,N,239,141,1,13.5,1.0,0.5,0.0,0.0,1.0,18.5,2.5,0.0
2,2024-01-12 15:08:58,2024-01-12 15:45:39,1.0,9.33,1.0,N,138,61,1,43.6,5.0,0.5,7.78,0.0,1.0,59.63,0.0,1.75
2,2024-01-28 18:00:22,2024-01-28 18:05:05,1.0,1.26,1.0,N,233,141,1,7.9,0.0,0.5,2.38,0.0,1.0,14.28,2.5,0.0
2,2024-01-12 08:49:27,2024-01-12 08:57:05,1.0,1.32,1.0,N,236,141,1,9.3,0.0,0.5,2.66,0.0,1.0,15.96,2.5,0.0
2,2024-01-23 20:35:05,2024-01-23 20:56:08,1.0,3.39,1.0,N,144,230,1,21.2,1.0,0.5,5.24,0.0,1.0,31.44,2.5,0.0
1,2024-01-09 13:30:59,2024-01-09 13:34:53,1.0,0.7,1.0,N,238,151,2,6.5,2.5,0.5,0.0,0.0,1.0,10.5,2.5,0.0
2,2024-01-11 18:34:38,2024-01-11 18:43:07,1.0,1.31,1.0,N,90,114,1,9.3,2.5,0.5,1.58,0.0,1.0,17.38,2.5,0.0
1,2024-01-29 09:58:44,2024-01-29 10:20:47,1.0,2.4,1.0,N,236,170,1,19.8,2.5,0.5,7.1,0.0,1.0,30.9,2.5,0.0
1,2024-01-05 13:11:30,2024-01-05 13:42:03,1.0,4.5,1.0,N,186,75,2,28.9,2.5,0.5,0.0,0.0,1.0,32.9,2.5,0.0
2,2024-01-28 12:36:23,2024-01-28 12:46:22,6.0,1.39,1.0,N,229,233,1,10.7,0.0,0.5,1.47,0.0,1.0,16.17,2.5,0.0
2,2024-01-05 18:39:29,2024-01-05 18:52:35,1.0,2.61,1.0,N,141,239,1,14.9,2.5,0.5,2.14,0.0,1.0,23.54,2.5,0.0
1,2024-01-30 06:36:32,2024-01-30 07:14:42,1.0,0.0,99.0,N,165,162,1,41.5,0.0,0.5,0.0,6.94,1.0,49.94,0.0,0.0
2,2024-01-09 20:35:15,2024-01-09 20:58:34,1.0,3.71,1.0,N,246,237,2,23.3,1.0,0.5,0.0,0.0,1.0,28.3,2.5,0.0
2,2024-01-05 21:54:31,2024-01-05 21:56:55,1.0,0.56,1.0,N,230,142,1,5.1,1.0,0.5,2.02,0.0,1.0,12.12,2.5,0.0
2,2024-01-28 00:51:53,2024-01-28 01:26:09,2.0,20.21,2.0,N,132,261,1,70.0,0.0,0.5,14.8,0.0,1.0,90.55,2.5,1.75
2,2024-01-23 16:58:21,2024-01-23 17:06:36,1.0,0.93,1.0,N,230,68,1,9.3,2.5,0.5,3.16,0.0,1.0,18.96,2.5,0.0
2,2024-01-04 21:16:56,2024-01-04 21:37:13,1.0,3.43,1.0,N,142,113,1,20.5,1.0,0.5,5.1,0.0,1.0,30.6,2.5,0.0
1,2024-01-28 06:50:18,2024-01-28 07:00:27,1.0,2.8,1.0,N,262,24,1,14.2,2.5,0.5,4.5,0.0,1.0,22.7,2.5,0.0
2,2024-01-14 00:47:34,2024-01-14 00:55:39,2.0,1.51,1.0,N,114,107,1,10.0,1.0,0.5,3.0,0.0,1.0,18.0,2.5,0.0
2,2024-01-01 16:49:46,2024-01-01 16:54:35,1.0,0.8,1.0,N,249,113,2,6.5,0.0,0.5,0.0,0.0,1.0,10.5,2.5,0.0
2,2024-01-06 21:50:37,2024-01-06 22:17:53,1.0,14.5,1.0,N,132,226,2,55.5,1.0,0.5,0.0,0.0,1.0,59.75,0.0,1.75
1,2024-01-23 22:28:56,2024-01-23 22:46:20,1.0,2.5,1.0,N,48,239,1,15.6,3.5,0.5,3.0,0.0,1.0,23.6,2.5,0.0
2,2024-01-02 21:03:07,2024-01-02 21:21:52,4.0,6.35,5.0,N,163,265,2,50.0,0.0,0.0,0.0,12.75,1.0,63.75,0.0,0.0
2,2024-01-20 22:15:51,2024-01-20 22:20:10,1.0,0.48,1.0,N,162,229,1,5.8,1.0,0.5,1.5,0.0,1.0,12.3,2.5,0.0
2,2024-01-19 19:39:22,2024-01-19 19:43:40,1.0,0.64,1.0,N,144,114,1,5.8,2.5,0.5,1.7,0.0,1.0,14.0,2.5,0.0
1,2024-01-18 14:28:42,2024-01-18 14:51:38,2.0,2.6,1.0,N,142,162,2,20.5,2.5,0.5,0.0,0.0,1.0,24.5,2.5,0.0
2,2024-01-20 17:07:21,2024-01-20 17:31:06,2.0,6.45,1.0,N,234,231,1,31.0,0.0,0.5,7.0,0.0,1.0,42.0,2.5,0.0
2,2024-01-16 08:09:16,2024-01-16 08:28:25,1.0,0.95,1.0,N,237,162,1,16.3,0.0,0.5,3.04,0.0,1.0,23.34,2.5,0.0
2,2024-01-12 20:38:31,2024-01-12 20:45:38,1.0,1.23,1.0,N,231,249,1,8.6,1.0,0.5,2.72,0.0,1.0,16.32,2.5,0.0
2,2024-01-24 06:46:40,2024-01-24 07:05:55,1.0,9.35,1.0,N,164,138,1,37.3,5.0,0.5,10.65,6.94,1.0,63.89,2.5,0.0
2,2024-01-06 10:14:25,2024-01-06 10:35:03,1.0,5.0,1.0,N,48,12,2,26.1,0.0,0.5,0.0,0.0,1.0,30.1,2.5,0.0
1,2024-01-31 22:00:04,2024-01-31 22:11:27,0.0,1.2,1.0,N,158,113,1,10.7,3.5,0.5,3.1,0.0,1.0,18.8,2.5,0.0
2,2024-01-06 18:54:58,2024-01-06 19:00:11,1.0,0.74,1.0,N,238,238,1,6.5,0.0,0.5,2.0,0.0,1.0,12.5,2.5,0.0
2,2024-01-29 15:02:45,2024-01-29 15:03:48,1.0,0.18,1.0,N,90,90,2,3.7,0.0,0.5,0.0,0.0,1.0,7.7,2.5,0.0
2,2024-01-31 15:19:43,2024-01-31 15:34:53,1.0,2.14,1.0,N,68,107,1,14.9,0.0,0.5,3.78,0.0,1.0,22.68,2.5,0.0
2,2024-01-15 13:33:11,2024-01-15 13:41:08,1.0,1.25,1.0,N,90,114,1,9.3,0.0,0.5,2.66,0.0,1.0,15.96,2.5,0.0
2,2024-01-25 18:01:11,2024-01-25 18:30:35,1.0,2.79,1.0,N,239,141,1,25.4,2.5,0.5,2.5,0.0,1.0,34.4,2.5,0.0
2,2024-01-17 10:08:06,2024-01-17 10:12:29,1.0,0.51,1.0,N,237,236,1,6.5,0.0,0.5,3.15,0.0,1.0,13.65,2.5,0.0
2,2024-01-30 00:49:36,2024-01-30 01:23:56,1.0,17.48,2.0,N,132,234,1,70.0,0.0,0.5,20.23,6.94,1.0,102.92,2.5,1.75
2,2024-01-13 15:31:48,2024-01-13 15:44:06,1.0,2.24,1.0,N,236,230,1,14.2,0.0,0.5,3.64,0.0,1.0,21.84,2.5,0.0
1,2024-01-16 07:06:38,2024-01-16 07:11:42,1.0,1.2,1.0,N,236,237,1,7.9,2.5,0.5,1.19,0.0,1.0,13.09,2.5,0.0
1,2024-01-20 11:53:37,2024-01-20 11:58:27,,0.7,,,237,237,0,6.5,0.0,0.5,2.1,0.0,1.0,12.6,,
2,2024-01-28 19:49:36,2024-01-28 20:08:37,1.0,4.93,1.0,N,209,164,1,25.4,0.0,0.5,5.88,0.0,1.0,35.28,2.5,0.0
2,2024-01-06 23:23:07,2024-01-06 23:27:56,1.0,0.74,1.0,N,137,234,2,7.2,1.0,0.5,0.0,0.0,1.0,12.2,2.5,0.0
1,2024-01-25 18:44:13,2024-01-25 18:55:15,,2.9,,,143,238,0,15.6,2.5,0.5,3.31,0.0,1.0,25.41,,
2,2024-01-11 17:10:27,2024-01-11 17:29:15,1.0,2.68,1.0,N,142,236,1,17.7,2.5,0.5,4.84,0.0,1.0,29.04,2.5,0.0
2,2024-01-02 10:54:31,2024-01-02 11:02:58,1.0,1.03,1.0,N,262,237,2,9.3,0.0,0.5,0.0,0.0,1.0,13.3,2.5,0.0
2,2024-01-29 20:32:31,2024-01-29 20:38:12,,1.27,,,144,107,0,11.74,0.0,0.5,3.15,0.0,1.0,18.89,,
2,2024-01-27 23:41:27,2024-01-27 23:47:10,1.0,0.79,1.0,N,163,161,1,7.2,1.0,0.5,2.44,0.0,1.0,14.64,2.5,0.0
2,2024-01-04 18:06:45,2024-01-04 18:23:04,2.0,1.98,1.0,N,163,140,2,15.6,2.5,0.5,0.0,0.0,1.0,22.1,2.5,0.0
1,2024-01-11 08:42:41,2024-01-11 09:07:52,1.0,4.4,99.0,N,213,174,1,25.5,0.0,0.5,0.0,0.0,1.0,27.0,0.0,0.0
2,2024-01-09 08:56:25,2024-01-09 09:17:53,1.0,2.23,1.0,N,143,162,1,19.1,0.0,0.5,4.62,0.0,1.0,27.72,2.5,0.0
2,2024-01-19 10:22:29,2024-01-19 10:39:57,1.0,4.46,1.0,N,262,79,1,22.6,0.0,0.5,2.0,0.0,1.0,28.6,2.5,0.0
2,2024-01-12 13:20:45,2024-01-12 13:31:58,2.0,2.19,1.0,N,148,162,1,12.8,0.0,0.5,3.36,0.0,1.0,20.16,2.5,0.0
2,2024-01-09 12:26:50,2024-01-09 12:31:36,1.0,0.53,1.0,N,238,238,1,6.5,0.0,0.5,2.62,0.0,1.0,13.12,2.5,0.0
2,2024-01-12 23:16:59,2024-01-12 23:45:29,1.0,5.71,1.0,N,148,239,1,29.6,1.0,0.5,6.92,0.0,1.0,41.52,2.5,0.0
2,2024-01-24 17:06:10,2024-01-24 17:36:24,1.0,3.31,1.0,N,48,262,1,26.8,2.5,0.5,8.32,0.0,1.0,41.62,2.5,0.0
2,2024-01-10 18:17:47,2024-01-10 18:21:51,1.0,0.81,1.0,N,68,249,1,6.5,2.5,0.5,0.0,0.0,1.0,13.0,2.5,0.0
2,2024-01-13 11:38:23,2024-01-13 11:43:06,2.0,1.12,1.0,N,236,239,1,7.2,0.0,0.5,1.68,0.0,1.0,12.88,2.5,0.0
2,2024-01-17 16:34:24,2024-01-17 16:50:02,1.0,1.61,1.0,N,161,186,2,14.9,2.5,0.5,0.0,0.0,1.0,21.4,2.5,0.0
2,2024-01-30 18:47:14,2024-01-30 18:53:12,1.0,0.49,1.0,N,233,137,1,7.2,2.5,0.5,1.37,0.0,1.0,15.07,2.5,0.0
2,2024-01-11 22:54:11,2024-01-11 23:07:33,1.0,3.27,1.0,N,237,74,1,17.0,1.0,0.5,4.4,0.0,1.0,26.4,2.5,0.0
2,2024-01-20 04:01:46,2024-01-20 04:19:44,1.0,4.56,1.0,N,50,148,2,21.9,1.0,0.5,0.0,0.0,1.0,26.9,2.5,0.0
2,2024-01-03 08:43:41,2024-01-03 08:50:24,1.0,0.95,1.0,N,100,246,1,8.6,0.0,0.5,2.52,0.0,1.0,15.12,2.5,0.0
2,2024-01-26 18:30:07,2024-01-26 18:37:34,1.0,1.28,1.0,N,68,234,1,9.3,2.5,0.5,3.16,0.0,1.0,18.96,2.5,0.0
2,2024-01-22 11:47:49,2024-01-22 12:42:54,2.0,20.83,2.0,N,132,88,1,70.0,0.0,0.5,11.36,0.0,1.0,87.11,2.5,1.75
2,2024-01-28 19:47:22,2024-01-28 20:01:09,2.0,2.42,1.0,N,141,170,1,14.9,0.0,0.5,3.0,0.0,1.0,21.9,2.5,0.0
2,2024-01-11 08:24:46,2024-01-11 08:33:35,1.0,0.72,1.0,N,162,161,1,9.3,0.0,0.5,5.0,0.0,1.0,18.3,2.5,0.0
2,2024-01-01 00:38:50,2024-01-01 01:07:11,1.0,3.18,1.0,N,90,141,1,24.7,1.0,0.5,1.0,0.0,1.0,30.7,2.5,0.0
1,2024-01-16 08:50:34,2024-01-16 09:18:11,1.0,1.6,1.0,N,140,237,1,23.3,2.5,0.5,3.5,0.0,1.0,30.8,2.5,0.0
2,2024-01-10 14:38:00,2024-01-10 14:45:00,,0.52,,,238,238,0,11.74,0.0,0.5,3.15,0.0,1.0,18.89,,
2,2024-01-27 00:52:49,2024-01-27 00:52:55,1.0,0.0,5.0,N,170,170,1,15.0,0.0,0.0,3.7,0.0,1.0,22.2,2.5,0.0
2,2024-01-31 12:19:54,2024-01-31 12:38:18,1.0,0.93,1.0,N,162,230,1,15.6,0.0,0.5,3.92,0.0,1.0,23.52,2.5,0.0
2,2024-01-08 17:53:11,2024-01-08 18:32:31,2.0,17.46,2.0,N,132,234,1,70.0,5.0,0.5,10.0,6.94,1.0,97.69,2.5,1.75
2,2024-01-25 15:20:48,2024-01-25 15:32:39,1.0,0.9,1.0,N,161,186,1,11.4,0.0,0.5,3.08,0.0,1.0,18.48,2.5,0.0
2,2024-01-02 11:48:09,2024-01-02 12:04:50,1.0,5.39,1.0,N,137,65,2,24.0,0.0,0.5,0.0,0.0,1.0,28.0,2.5,0.0
2,2024-01-25 00:16:09,2024-01-25 00:30:02,1.0,3.93,1.0,N,164,262,1,18.4,1.0,0.5,4.68,0.0,1.0,28.08,2.5,0.0
2,2024-01-17 11:27:57,2024-01-17 11:39:32,1.0,0.8,1.0,N,162,163,1,11.4,0.0,0.5,3.08,0.0,1.0,18.48,2.5,0.0
2,2024-01-21 09:22:01,2024-01-21 09:27:31,1.0,1.39,1.0,N,74,168,1,8.6,0.0,0.5,3.03,0.0,1.0,13.13,0.0,0.0
2,2024-01-08 13:15:42,2024-01-08 13:28:26,1.0,1.82,1.0,N,90,230,1,13.5,0.0,0.5,3.5,0.0,1.0,21.0,2.5,0.0
1,2024-01-17 08:42:14,2024-01-17 08:47:12,0.0,0.6,1.0,N,164,230,1,6.5,2.5,0.5,2.0,0.0,1.0,12.5,2.5,0.0
1,2024-01-10 11:55:36,2024-01-10 12:03:06,1.0,0.8,1.0,N,246,234,1,7.9,2.5,0.5,2.4,0.0,1.0,14.3,2.5,0.0
2,2024-01-13 23:13:05,2024-01-13 23:16:59,1.0,0.61,1.0,N,234,164,1,6.5,1.0,0.5,1.5,0.0,1.0,13.0,2.5,0.0
2,2024-01-13 18:35:26,2024-01-13 18:49:28,3.0,1.54,1.0,N,161,142,1,13.5,0.0,0.5,0.0,0.0,1.0,17.5,2.5,0.0
2,2024-01-12 18:54:15,2024-01-12 19:14:27,1.0,2.89,1.0,N,148,233,1,19.1,2.5,0.5,3.0,0.0,1.0,28.6,2.5,0.0
2,2024-01-25 17:55:32,2024-01-25 18:07:14,1.0,1.7,1.0,N,141,262,1,12.1,2.5,0.5,3.72,0.0,1.0,22.32,2.5,0.0
2,2024-01-18 18:01:21,2024-01-18 18:26:13,1.0,3.32,1.0,N,68,143,1,23.3,2.5,0.5,5.96,0.0,1.0,35.76,2.5,0.0
2,2024-01-11 19:38:37,2024-01-11 19:46:22,2.0,1.1,1.0,N,263,237,1,8.6,2.5,0.5,3.02,0.0,1.0,18.12,2.5,0.0
2,2024-01-18 22:21:38,2024-01-18 22:30:46,1.0,1.8,1.0,N,209,66,1,12.1,1.0,0.5,3.42,0.0,1.0,20.52,2.5,0.0
2,2024-01-28 12:59:22,2024-01-28 13:16:21,4.0,1.85,1.0,N,246,142,1,16.3,0.0,0.5,5.08,0.0,1.0,25.38,2.5,0.0
2,2024-01-27 13:08:23,2024-01-27 13:16:59,1.0,0.79,1.0,N,232,148,1,9.3,0.0,0.5,2.66,0.0,1.0,15.96,2.5,0.0
2,2024-01-09 20:37:27,2024-01-09 20:42:53,2.0,1.08,1.0,N,238,24,1,7.9,1.0,0.5,2.58,0.0,1.0,15.48,2.5,0.0
1,2024-01-19 21:58:27,2024-01-19 22:04:51,2.0,1.1,1.0,N,161,237,1,7.9,3.5,0.5,0.0,0.0,1.0,12.9,2.5,0.0
2,2024-01-13 17:17:30,2024-01-13 17:34:05,1.0,2.86,1.0,N,229,114,1,17.0,0.0,0.5,4.2,0.0,1.0,25.2,2.5,0.0
2,2024-01-19 12:10:48,2024-01-19 12:39:06,2.0,3.78,1.0,N,162,158,1,26.1,0.0,0.5,7.53,0.0,1.0,37.63,2.5,0.0
2,2024-01-13 16:34:30,2024-01-13 16:38:04,1.0,0.68,1.0,N,162,162,1,5.8,0.0,0.5,1.96,0.0,1.0,11.76,2.5,0.0
2,2024-01-10 10:19:04,2024-01-10 10:26:02,1.0,1.1,1.0,N,48,161,1,7.9,0.0,0.5,2.38,0.0,1.0,14.28,2.5,0.0
2,2024-01-25 23:10:18,2024-01-25 23:26:29,1.0,2.36,1.0,N,90,233,1,17.0,1.0,0.5,5.5,0.0,1.0,27.5,2.5,0.0
2,2024-01-02 01:47:23,2024-01-02 02:01:53,1.0,3.69,1.0,N,148,48,1,18.4,1.0,0.5,4.68,0.0,1.0,28.08,2.5,0.0
2,2024-01-12 18:34:33,2024-01-12 18:46:11,2.0,1.41,1.0,N,162,164,1,12.1,2.5,0.5,4.65,0.0,1.0,23.25,2.5,0.0
2,2024-01-27 00:56:49,2024-01-27 01:12:22,1.0,2.43,1.0,N,158,170,1,16.3,1.0,0.5,2.13,0.0,1.0,23.43,2.5,0.0
2,2024-01-18 21:46:25,2024-01-18 22:06:36,2.0,2.75,1.0,N,107,48,1,19.8,1.0,0.5,3.72,0.0,1.0,28.52,2.5,0.0
2,2024-01-17 22:32:19,2024-01-17 23:05:18,3.0,18.97,2.0,N,132,90,1,70.0,0.0,0.5,16.19,6.94,1.0,98.88,2.5,1.75
2,2024-01-28 22:46:56,2024-01-28 23:17:31,1.0,12.39,1.0,N,161,133,2,51.3,1.0,0.5,0.0,6.94,1.0,63.24,2.5,0.0
2,2024-01-14 16:32:10,2024-01-14 16:38:31,1.0,1.02,1.0,N,113,79,1,7.9,0.0,0.5,2.38,0.0,1.0,14.28,2.5,0.0
1,2024-01-13 23:21:17,2024-01-13 23:37:04,1.0,2.1,1.0,N,239,141,1,16.3,3.5,0.5,5.3,0.0,1.0,26.6,2.5,0.0
2,2024-01-08 10:52:15,2024-01-08 11:02:30,1.0,0.76,1.0,N,79,144,1,10.0,0.0,0.5,2.8,0.0,1.0,16.8,2.5,0.0
2,2024-01-19 13:27:52,2024-01-19 13:32:06,1.0,0.81,1.0,N,233,137,1,6.5,0.0,0.5,2.1,0.0,1.0,12.6,2.5,0.0
1,2024-01-20 23:19:24,2024-01-20 23:22:37,2.0,0.4,1.0,N,234,107,1,5.1,3.5,0.5,1.0,0.0,1.0,11.1,2.5,0.0
1,2024-01-01 04:12:17,2024-01-01 04:13:45,1.0,0.5,1.0,N,141,141,1,4.4,3.5,0.5,0.0,0.0,1.0,9.4,2.5,0.0
1,2024-01-12 14:37:03,2024-01-12 14:45:41,1.0,1.3,1.0,N,162,141,1,10.0,2.5,0.5,2.8,0.0,1.0,16.8,2.5,0.0
2,2024-01-11 01:22:31,2024-01-11 01:30:19,1.0,2.16,1.0,N,48,238,1,11.4,1.0,0.5,3.28,0.0,1.0,19.68,2.5,0.0
2,2024-01-20 18:35:54,2024-01-20 18:44:31,1.0,1.63,1.0,N,48,239,1,10.7,0.0,0.5,2.94,0.0,1.0,17.64,2.5,0.0
2,2024-01-19 19:12:31,2024-01-19 19:18:41,1.0,0.98,1.0,N,264,264,1,7.9,2.5,0.5,4.32,0.0,1.0,18.72,2.5,0.0
1,2024-01-11 18:10:36,2024-01-11 18:31:25,1.0,2.3,1.0,N,43,107,1,19.1,5.0,0.5,5.1,0.0,1.0,30.7,2.5,0.0
2,2024-01-23 07:08:44,2024-01-23 07:18:09,1.0,1.69,1.0,N,162,140,1,11.4,0.0,0.5,3.08,0.0,1.0,18.48,2.5,0.0
1,2024-01-28 17:28:47,2024-01-28 18:13:36,1.0,16.1,1.0,N,132,255,1,65.3,1.75,0.5,13.7,0.0,1.0,82.25,0.0,1.75
1,2024-01-29 15:06:49,2024-01-29 16:01:21,1.0,17.3,2.0,N,132,161,1,70.0,4.25,0.5,16.55,6.94,1.0,99.24,2.5,1.75
1,2024-01-04 10:45:38,2024-01-04 11:28:14,2.0,16.3,1.0,N,132,123,2,69.5,1.75,0.5,0.0,0.0,1.0,72.75,0.0,1.75
1,2024-01-04 19:29:57,2024-01-04 19:39:28,1.0,1.6,1.0,N,161,107,1,10.0,5.0,0.5,3.3,0.0,1.0,19.8,2.5,0.0
2,2024-01-02 15:26:07,2024-01-02 16:29:39,1.0,16.38,1.0,N,138,14,1,77.2,5.0,0.5,16.74,0.0,1.0,102.19,0.0,1.75
2,2024-01-08 10:56:44,2024-01-08 11:07:24,1.0,1.47,1.0,N,68,137,1,11.4,0.0,0.5,3.08,0.0,1.0,18.48,2.5,0.0
2,2024-01-28 01:55:06,2024-01-28 02:02:06,4.0,0.96,1.0,N,211,79,1,8.6,1.0,0.5,1.0,0.0,1.0,14.6,2.5,0.0
2,2024-01-23 22:17:29,2024-01-23 22:28:12,1.0,1.27,1.0,N,230,50,1,11.4,1.0,0.5,3.28,0.0,1.0,19.68,2.5,0.0
1,2024-01-22 09:59:22,2024-01-22 10:04:29,0.0,1.2,1.0,N,264,229,1,7.9,2.5,0.5,1.0,0.0,1.0,12.9,2.5,0.0
2,2024-01-06 14:01:32,2024-01-06 14:05:53,1.0,1.06,1.0,N,186,107,1,7.2,0.0,0.5,2.24,0.0,1.0,13.44,2.5,0.0
1,2024-01-26 06:35:59,2024-01-26 06:57:35,1.0,4.1,99.0,N,218,121,1,23.5,0.0,0.5,0.0,0.0,1.0,25.0,0.0,0.0
2,2024-01-17 07:50:31,2024-01-17 08:21:33,1.0,3.96,1.0,N,236,234,1,29.6,0.0,0.5,6.72,0.0,1.0,40.32,2.5,0.0
1,2024-01-14 22:33:43,2024-01-14 22:42:40,1.0,0.9,1.0,N,74,74,2,5.8,1.0,0.5,0.0,0.0,1.0,8.3,0.0,0.0
2,2024-01-14 21:52:24,2024-01-14 22:20:14,1.0,18.24,1.0,N,132,33,1,67.4,1.0,0.5,17.48,0.0,1.0,89.13,0.0,1.75
2,2024-01-30 20:14:22,2024-01-30 20:40:51,,5.58,,,166,234,0,33.94,0.0,0.5,0.0,0.0,1.0,37.94,,
2,2024-01-23 17:27:43,2024-01-23 17:31:37,1.0,0.49,1.0,N,142,48,1,5.8,2.5,0.5,3.0,0.0,1.0,15.3,2.5,0.0
2,2024-01-06 20:59:10,2024-01-06 21:34:20,2.0,17.67,2.0,N,132,224,1,70.0,0.0,0.5,12.0,6.94,1.0,94.69,2.5,1.75
2,2024-01-10 20:49:02,2024-01-10 20:52:44,1.0,0.6,1.0,N,141,43,1,5.8,1.0,0.5,3.2,0.0,1.0,14.0,2.5,0.0
2,2024-01-08 12:22:13,2024-01-08 12:40:13,1.0,2.59,1.0,N,163,107,1,17.7,0.0,0.5,4.34,0.0,1.0,26.04,2.5,0.0
2,2024-01-17 18:17:00,2024-01-17 18:22:19,1.0,0.8,1.0,N,249,158,4,-7.2,-2.5,-0.5,0.0,0.0,-1.0,-13.7,-2.5,0.0
2,2024-01-13 21:12:19,2024-01-13 21:27:32,1.0,2.19,1.0,N,237,50,1,15.6,1.0,0.5,6.18,0.0,1.0,26.78,2.5,0.0
2,2024-01-16 18:04:13,2024-01-16 18:17:40,1.0,2.57,1.0,N,48,236,1,14.9,2.5,0.5,4.28,0.0,1.0,25.68,2.5,0.0
2,2024-01-04 14:16:05,2024-01-04 14:25:52,1.0,0.75,1.0,N,170,186,1,10.0,0.0,0.5,2.8,0.0,1.0,16.8,2.5,0.0
2,2024-01-12 16:24:58,2024-01-12 16:41:31,,1.84,,,33,49,0,15.29,0.0,0.5,0.0,0.0,1.0,16.79,,
2,2024-01-04 20:00:20,2024-01-04 20:45:03,1.0,22.05,2.0,N,132,143,1,70.0,0.0,0.5,16.19,6.94,1.0,98.88,2.5,1.75
2,2024-01-07 01:26:23,2024-01-07 01:39:40,2.0,2.87,1.0,N,249,162,1,14.9,1.0,0.5,3.98,0.0,1.0,23.88,2.5,0.0
2,2024-01-26 19:21:00,2024-01-26 19:35:39,1.0,2.44,1.0,N,262,161,1,16.3,2.5,0.5,2.0,0.0,1.0,24.8,2.5,0.0
2,2024-01-02 13:44:07,2024-01-02 13:57:26,1.0,2.14,1.0,N,143,237,1,14.9,0.0,0.5,0.0,0.0,1.0,18.9,2.5,0.0
2,2024-01-09 15:40:18,2024-01-09 15:53:47,1.0,2.09,1.0,N,43,151,1,14.2,0.0,0.5,3.64,0.0,1.0,21.84,2.5,0.0
2,2024-01-21 11:59:05,2024-01-21 12:14:39,1.0,7.14,1.0,N,239,127,2,31.0,0.0,0.5,0.0,0.0,1.0,35.0,2.5,0.0
2,2024-01-18 11:54:46,2024-01-18 12:05:04,1.0,0.96,1.0,N,107,234,1,10.7,0.0,0.5,1.0,0.0,1.0,15.7,2.5,0.0
1,2024-01-18 18:32:09,2024-01-18 18:43:08,1.0,1.9,1.0,N,238,142,2,12.8,5.0,0.5,0.0,0.0,1.0,19.3,2.5,0.0
1,2024-01-03 22:07:31,2024-01-03 22:31:23,1.0,6.2,1.0,N,249,236,1,28.2,3.5,0.5,6.6,0.0,1.0,39.8,2.5,0.0
2,2024-01-13 01:41:37,2024-01-13 01:55:07,1.0,3.06,1.0,N,144,162,1,16.3,1.0,0.5,4.26,0.0,1.0,25.56,2.5,0.0
2,2024-01-16 20:29:26,2024-01-16 20:40:06,1.0,2.08,1.0,N,140,161,1,12.8,1.0,0.5,3.56,0.0,1.0,21.36,2.5,0.0
2,2024-01-13 05:54:49,2024-01-13 05:57:32,1.0,0.94,1.0,N,186,90,1,5.8,1.0,0.5,2.16,0.0,1.0,12.96,2.5,0.0
1,2024-01-18 15:53:43,2024-01-18 16:31:36,1.0,1.3,99.0,N,151,232,1,28.5,0.0,0.5,0.0,0.0,1.0,30.0,0.0,0.0
2,2024-01-13 19:49:34,2024-01-13 20:03:06,2.0,1.08,1.0,N,230,170,1,12.8,0.0,0.5,3.36,0.0,1.0,20.16,2.5,0.0
1,2024-01-13 16:40:47,2024-01-13 16:51:05,2.0,1.5,1.0,N,107,170,2,10.7,2.5,0.5,0.0,0.0,1.0,14.7,2.5,0.0
2,2024-01-15 11:06:50,2024-01-15 11:21:17,1.0,2.7,1.0,N,239,162,2,15.6,0.0,0.5,0.0,0.0,1.0,19.6,2.5,0.0
1,2024-01-24 19:00:15,2024-01-24 19:21:34,,2.7,,,170,262,0,20.5,2.5,0.5,4.05,0.0,1.0,31.05,,
2,2024-01-19 12:30:20,2024-01-19 12:46:35,2.0,2.94,1.0,N,233,45,1,17.7,0.0,0.5,6.51,0.0,1.0,28.21,2.5,0.0
2,2024-01-09 18:00:33,2024-01-09 18:12:51,,1.92,,,68,186,0,-0.12,0.0,0.5,0.0,0.0,1.0,3.88,,
1,2024-01-31 15:50:07,2024-01-31 16:02:23,1.0,0.8,1.0,N,239,43,1,10.7,2.5,0.5,2.95,0.0,1.0,17.65,2.5,0.0
1,2024-01-31 11:13:34,2024-01-31 11:15:24,1.0,0.6,1.0,N,237,43,1,5.1,2.5,0.5,1.8,0.0,1.0,10.9,2.5,0.0
2,2024-01-28 18:16:07,2024-01-28 18:28:48,5.0,2.01,1.0,N,230,158,1,13.5,0.0,0.5,3.0,0.0,1.0,20.5,2.5,0.0
2,2024-01-10 14:26:36,2024-01-10 14:31:52,6.0,0.86,1.0,N,162,237,1,7.2,0.0,0.5,2.24,0.0,1.0,13.44,2.5,0.0
2,2024-01-02 19:56:15,2024-01-02 20:38:12,4.0,19.97,2.0,N,132,249,1,70.0,5.0,0.5,15.8,0.0,1.0,96.55,2.5,1.75
2,2024-01-06 16:59:35,2024-01-06 17:05:53,1.0,0.59,1.0,N,234,79,1,7.2,0.0,0.5,1.0,0.0,1.0,12.2,2.5,0.0
1,2024-01-09 12:13:17,2024-01-09 12:25:24,1.0,1.7,1.0,N,211,4,1,13.5,2.5,0.5,3.5,0.0,1.0,21.0,2.5,0.0
2,2024-01-23 13:17:05,2024-01-23 13:39:47,1.0,1.48,1.0,N,161,48,4,19.8,0.0,0.5,0.0,0.0,1.0,23.8,2.5,0.0
2,2024-01-27 15:01:35,2024-01-27 15:09:38,2.0,1.27,1.0,N,239,238,2,10.0,0.0,0.5,0.0,0.0,1.0,14.0,2.5,0.0
1,2024-01-17 11:20:17,2024-01-17 11:29:48,,1.0,,,263,140,0,10.0,0.0,0.5,2.1,0.0,1.0,16.1,,
2,2024-01-17 14:02:03,2024-01-17 14:14:08,1.0,1.7,1.0,N,231,90,1,12.8,0.0,0.5,3.36,0.0,1.0,20.16,2.5,0.0
2,2024-01-15 14:45:25,2024-01-15 15:03:42,1.0,2.68,1.0,N,162,236,1,17.7,0.0,0.5,1.08,0.0,1.0,22.78,2.5,0.0
2,2024-01-15 23:29:25,2024-01-15 23:52:45,1.0,12.49,4.0,N,132,265,1,68.8,1.0,0.5,14.61,0.0,1.0,87.66,0.0,1.75
1,2024-01-17 16:50:46,2024-01-17 17:04:53,1.0,3.1,1.0,N,246,211,1,16.3,5.0,0.5,4.55,0.0,1.0,27.35,2.5,0.0
1,2024-01-14 03:08:04,2024-01-14 03:15:35,2.0,0.7,1.0,N,249,79,1,7.2,3.5,0.5,2.45,0.0,1.0,14.65,2.5,0.0
2,2024-01-11 13:23:12,2024-01-11 13:27:54,1.0,0.91,1.0,N,170,234,1,7.2,0.0,0.5,2.24,0.0,1.0,13.44,2.5,0.0
2,2024-01-21 18:20:42,2024-01-21 18:37:54,1.0,2.13,1.0,N,170,113,1,16.3,0.0,0.5,3.0,0.0,1.0,23.3,2.5,0.0
2,2024-01-15 17:07:37,2024-01-15 17:16:47,2.0,1.67,1.0,N,246,163,1,10.0,0.0,0.5,2.8,0.0,1.0,16.8,2.5,0.0
2,2024-01-01 16:41:32,2024-01-01 16:47:48,1.0,0.98,1.0,N,142,239,2,7.9,0.0,0.5,0.0,0.0,1.0,11.9,2.5,0.0
1,2024-01-03 22:15:55,2024-01-03 22:23:17,4.0,0.9,1.0,N,162,163,2,7.9,3.5,0.5,0.0,0.0,1.0,12.9,2.5,0.0
1,2024-01-02 16:08:57,2024-01-02 17:09:55,1.0,15.1,2.0,N,132,209,1,70.0,9.25,0.5,8.0,0.0,1.0,88.75,2.5,1.75
1,2024-01-15 13:02:27,2024-01-15 13:30:40,1.0,0.0,99.0,N,232,92,1,38.5,0.0,0.5,0.0,0.0,1.0,40.0,0.0,0.0
2,2024-01-17 21:15:29,2024-01-17 21:26:11,,1.39,,,161,50,0,14.05,0.0,0.5,0.0,0.0,1.0,18.05,,
2,2024-01-10 09:00:20,2024-01-10 09:40:28,2.0,18.97,1.0,N,132,26,2,74.4,0.0,0.5,0.0,0.0,1.0,77.65,0.0,1.75
2,2024-01-09 09:11:05,2024-01-09 09:24:55,1.0,2.79,1.0,N,166,236,2,16.3,0.0,0.5,0.0,0.0,1.0,20.3,2.5,0.0
2,2024-01-26 18:19:06,2024-01-26 18:49:52,1.0,10.72,1.0,N,161,138,1,45.0,2.5,0.5,11.69,6.94,1.0,70.13,2.5,0.0
2,2024-01-14 20:10:00,2024-01-14 20:20:39,1.0,1.11,1.0,N,79,249,1,10.7,1.0,0.5,3.14,0.0,1.0,18.84,2.5,0.0
2,2024-01-28 01:35:05,2024-01-28 01:53:27,1.0,3.38,1.0,N,48,79,1,19.8,1.0,0.5,4.96,0.0,1.0,29.76,2.5,0.0
1,2024-01-29 07:52:37,2024-01-29 08:01:59,1.0,2.2,1.0,N,236,161,1,12.1,2.5,0.5,1.5,0.0,1.0,17.6,2.5,0.0
1,2024-01-27 13:29:46,2024-01-27 13:56:45,1.0,3.1,1.0,N,79,246,1,20.5,2.5,0.5,3.0,0.0,1.0,27.5,2.5,0.0
2,2024-01-16 13:53:33,2024-01-16 13:59:40,1.0,1.42,1.0,N,137,229,1,8.6,0.0,0.5,2.52,0.0,1.0,15.12,2.5,0.0
2,2024-01-30 13:37:28,2024-01-30 13:45:34,1.0,1.02,1.0,N,141,236,2,8.6,0.0,0.5,0.0,0.0,1.0,12.6,2.5,0.0
2,2024-01-04 14:51:08,2024-01-04 14:59:59,1.0,5.55,1.0,N,132,132,2,21.9,0.0,0.5,0.0,0.0,1.0,25.15,0.0,1.75
1,2024-01-08 20:47:37,2024-01-08 21:14:29,1.0,4.4,1.0,N,239,107,1,24.0,3.5,0.5,5.8,0.0,1.0,34.8,2.5,0.0
1,2024-01-22 12:40:22,2024-01-22 12:47:28,1.0,0.4,1.0,N,161,161,1,7.2,2.5,0.5,2.25,0.0,1.0,13.45,2.5,0.0
1,2024-01-28 15:48:14,2024-01-28 15:55:32,1.0,1.5,1.0,N,142,141,1,8.6,2.5,0.5,1.26,0.0,1.0,13.86,2.5,0.0
2,2024-01-01 04:15:53,2024-01-01 04:23:43,2.0,1.7,1.0,N,148,107,1,10.0,1.0,0.5,3.75,0.0,1.0,18.75,2.5,0.0
2,2024-01-29 16:08:59,2024-01-29 16:19:14,1.0,2.11,1.0,N,143,43,1,12.1,2.5,0.5,3.72,0.0,1.0,22.32,2.5,0.0
2,2024-01-23 09:11:09,2024-01-23 09:14:59,1.0,0.66,1.0,N,162,164,1,5.8,0.0,0.5,1.96,0.0,1.0,11.76,2.5,0.0
2,2024-01-09 22:10:25,2024-01-09 22:29:15,,3.31,,,48,45,0,26.52,0.0,0.5,0.0,0.0,1.0,30.52,,
1,2024-01-31 16:56:03,2024-01-31 17:03:21,3.0,1.2,1.0,N,68,48,1,8.6,5.0,0.5,4.0,0.0,1.0,19.1,2.5,0.0
2,2024-01-24 20:03:50,2024-01-24 20:05:44,2.0,0.32,1.0,N,236,236,1,4.4,1.0,0.5,1.0,0.0,1.0,10.4,2.5,0.0
1,2024-01-03 15:10:57,2024-01-03 15:21:52,1.0,1.7,1.0,N,161,107,1,12.1,2.5,0.5,3.2,0.0,1.0,19.3,2.5,0.0
2,2024-01-26 10:23:50,2024-01-26 10:30:11,5.0,0.85,1.0,N,233,229,1,7.9,0.0,0.5,2.38,0.0,1.0,14.28,2.5,0.0
2,2024-01-15 19:40:50,2024-01-15 20:07:03,1.0,9.23,1.0,N,70,236,1,40.8,5.0,0.5,5.0,0.0,1.0,56.55,2.5,1.75
2,2024-01-04 16:42:03,2024-01-04 16:47:19,1.0,0.79,1.0,N,43,237,2,7.2,2.5,0.5,0.0,0.0,1.0,13.7,2.5,0.0
1,2024-01-07 12:08:47,2024-01-07 12:23:05,1.0,2.0,1.0,N,68,230,1,13.5,2.5,0.5,3.5,0.0,1.0,21.0,2.5,0.0
2,2024-01-02 21:12:19,2024-01-02 21:20:04,2.0,1.17,1.0,N,236,140,1,9.3,1.0,0.5,2.86,0.0,1.0,17.16,2.5,0.0
1,2024-01-11 13:07:26,2024-01-11 13:11:01,1.0,0.2,1.0,N,249,90,1,4.4,2.5,0.5,1.65,0.0,1.0,10.05,2.5,0.0
1,2024-01-26 23:17:04,2024-01-26 23:22:14,1.0,1.4,1.0,N,151,236,1,8.6,3.5,0.5,2.7,0.0,1.0,16.3,2.5,0.0
2,2024-01-20 18:57:23,2024-01-20 19:06:25,1.0,0.97,1.0,N,162,170,2,10.0,0.0,0.5,0.0,0.0,1.0,14.0,2.5,0.0
2,2024-01-18 17:22:39,2024-01-18 17:39:40,1.0,2.26,1.0,N,234,50,1,16.3,2.5,0.5,5.7,0.0,1.0,28.5,2.5,0.0
2,2024-01-03 14:14:24,2024-01-03 14:27:01,1.0,1.6,1.0,N,234,161,1,12.8,0.0,0.5,2.0,0.0,1.0,18.8,2.5,0.0
2,2024-01-26 21:16:52,2024-01-26 21:26:48,1.0,2.15,1.0,N,238,75,1,12.8,1.0,0.5,3.56,0.0,1.0,21.36,2.5,0.0
2,2024-01-09 12:24:10,2024-01-09 12:31:19,2.0,0.97,1.0,N,79,148,2,8.6,0.0,0.5,0.0,0.0,1.0,12.6,2.5,0.0
1,2024-01-26 05:45:00,2024-01-26 06:18:44,1.0,2.9,99.0,N,203,10,1,29.5,0.0,0.5,0.0,0.0,1.0,31.0,0.0,0.0
2,2024-01-27 12:26:56,2024-01-27 12:30:41,1.0,0.95,1.0,N,237,233,1,6.5,0.0,0.5,1.5,0.0,1.0,12.0,2.5,0.0
2,2024-01-20 12:46:19,2024-01-20 12:51:54,1.0,1.0,1.0,N,239,151,1,7.9,0.0,0.5,2.38,0.0,1.0,14.28,2.5,0.0
2,2024-01-22 13:00:35,2024-01-22 13:21:49,6.0,3.35,1.0,N,237,151,1,21.9,0.0,0.5,6.48,0.0,1.0,32.38,2.5,0.0
2,2024-01-05 19:56:29,2024-01-05 20:01:23,1.0,1.17,1.0,N,236,239,1,7.9,2.5,0.5,2.88,0.0,1.0,17.28,2.5,0.0
2,2024-01-09 17:57:05,2024-01-09 18:01:40,1.0,0.6,1.0,N,161,162,1,5.8,2.5,0.5,1.23,0.0,1.0,13.53,2.5,0.0
2,2024-01-20 11:46:43,2024-01-20 11:53:19,1.0,0.76,1.0,N,234,170,2,7.9,0.0,0.5,0.0,0.0,1.0,11.9,2.5,0.0
2,2024-01-26 18:14:59,2024-01-26 18:35:42,1.0,6.23,1.0,N,13,164,1,28.9,2.5,0.5,7.08,0.0,1.0,42.48,2.5,0.0
2,2024-01-09 14:28:00,2024-01-09 14:32:10,1.0,0.66,1.0,N,239,239,1,6.5,0.0,0.5,3.15,0.0,1.0,13.65,2.5,0.0
2,2024-01-27 16:46:34,2024-01-27 17:07:35,1.0,3.34,1.0,N,161,238,1,21.2,0.0,0.5,5.04,0.0,1.0,30.24,2.5,0.0
1,2024-01-06 19:58:32,2024-01-06 20:02:57,1.0,0.6,1.0,N,142,142,1,6.5,3.5,0.5,2.3,0.0,1.0,13.8,2.5,0.0
2,2024-01-20 19:22:34,2024-01-20 19:34:02,,2.27,,,166,239,0,15.82,0.0,0.5,0.0,0.0,1.0,19.82,,
2,2024-01-16 20:37:16,2024-01-16 20:44:48,1.0,0.89,1.0,N,114,148,1,8.6,1.0,0.5,1.0,0.0,1.0,14.6,2.5,0.0
2,2024-01-29 14:22:52,2024-01-29 14:39:08,1.0,1.94,1.0,N,236,141,1,15.6,0.0,0.5,3.92,0.0,1.0,23.52,2.5,0.0
2,2024-01-25 00:39:11,2024-01-25 00:42:32,1.0,0.46,1.0,N,90,249,1,5.1,1.0,0.5,1.52,0.0,1.0,11.62,2.5,0.0
2,2024-01-11 18:26:20,2024-01-11 18:38:47,1.0,4.89,1.0,N,132,10,1,22.6,2.5,0.5,5.0,0.0,1.0,33.35,0.0,1.75
2,2024-01-20 10:55:17,2024-01-20 10:59:19,,0.55,,,262,263,0,6.83,0.0,0.5,0.0,0.0,1.0,10.83,,
1,2024-01-02 16:59:42,2024-01-02 17:04:15,1.0,1.5,1.0,N,140,233,1,7.9,5.0,0.5,0.0,0.0,1.0,14.4,2.5,0.0
2,2024-01-17 07:41:25,2024-01-17 07:59:21,1.0,2.98,1.0,N,152,236,1,19.1,0.0,0.5,2.0,0.0,1.0,22.6,0.0,0.0
2,2024-01-28 23:37:01,2024-01-28 23:43:04,1.0,1.08,1.0,N,144,4,1,7.9,1.0,0.5,2.58,0.0,1.0,15.48,2.5,0.0
2,2024-01-20 11:09:15,2024-01-20 11:14:17,1.0,0.72,1.0,N,237,236,1,7.2,0.0,0.5,3.36,0.0,1.0,14.56,2.5,0.0
2,2024-01-11 16:58:33,2024-01-11 17:15:51,1.0,2.57,1.0,N,186,144,1,17.0,2.5,0.5,4.7,0.0,1.0,28.2,2.5,0.0
2,2024-01-28 20:39:11,2024-01-28 20:51:54,1.0,2.64,2.0,N,145,161,1,70.0,0.0,0.5,10.0,6.94,1.0,90.94,2.5,0.0
2,2024-01-09 20:16:50,2024-01-09 20:22:43,1.0,1.03,1.0,N,107,249,1,7.9,1.0,0.5,2.58,0.0,1.0,15.48,2.5,0.0
2,2024-01-21 20:13:11,2024-01-21 20:21:57,2.0,1.94,1.0,N,43,263,2,10.7,1.0,0.5,0.0,0.0,1.0,15.7,2.5,0.0
1,2024-01-25 11:08:24,2024-01-25 11:37:42,3.0,9.1,1.0,N,70,186,1,42.2,9.25,0.5,11.95,6.94,1.0,71.84,2.5,1.75
1,2024-01-08 14:50:23,2024-01-08 14:59:14,1.0,1.6,1.0,N,230,43,2,10.7,2.5,0.5,0.0,0.0,1.0,14.7,2.5,0.0
2,2024-01-19 22:24:34,2024-01-19 22:31:46,1.0,0.94,1.0,N,68,234,2,7.9,1.0,0.5,0.0,0.0,1.0,12.9,2.5,0.0
2,2024-01-25 19:09:52,2024-01-25 19:21:08,1.0,3.0,1.0,N,246,239,1,15.6,2.5,0.5,4.42,0.0,1.0,26.52,2.5,0.0
2,2024-01-27 04:06:39,2024-01-27 04:10:46,1.0,0.8,1.0,N,170,230,1,6.5,1.0,0.5,0.0,0.0,1.0,11.5,2.5,0.0
2,2024-01-11 15:31:51,2024-01-11 16:22:31,1.0,17.38,2.0,N,132,164,1,70.0,0.0,0.5,16.54,6.94,1.0,99.23,2.5,1.75
2,2024-01-18 15:52:31,2024-01-18 16:08:43,1.0,1.41,1.0,N,237,236,1,14.9,0.0,0.5,1.89,0.0,1.0,20.79,2.5,0.0
1,2024-01-08 16:16:43,2024-01-08 16:32:10,2.0,1.7,1.0,N,141,163,1,14.9,5.0,0.5,4.25,0.0,1.0,25.65,2.5,0.0
2,2024-01-06 14:24:40,2024-01-06 14:32:31,5.0,1.36,1.0,N,236,237,1,10.0,0.0,0.5,2.8,0.0,1.0,16.8,2.5,0.0
1,2024-01-06 01:51:08,2024-01-06 02:12:57,4.0,4.6,1.0,N,114,239,1,22.6,3.5,0.5,5.0,0.0,1.0,32.6,2.5,0.0
2,2024-01-18 08:07:16,2024-01-18 08:12:38,6.0,0.81,1.0,N,151,238,1,7.2,0.0,0.5,2.0,0.0,1.0,13.2,2.5,0.0
2,2024-01-29 18:29:10,2024-01-29 18:47:55,1.0,5.38,1.0,N,114,239,1,25.4,2.5,0.5,4.0,0.0,1.0,35.9,2.5,0.0
2,2024-01-31 08:18:13,2024-01-31 08:31:46,1.0,1.51,1.0,N,263,163,1,12.8,0.0,0.5,2.0,0.0,1.0,18.8,2.5,0.0
2,2024-01-31 11:56:08,2024-01-31 12:04:34,1.0,1.4,1.0,N,186,158,1,10.0,0.0,0.5,4.2,0.0,1.0,18.2,2.5,0.0
2,2024-01-25 19:29:53,2024-01-25 19:37:53,1.0,0.85,1.0,N,263,141,1,8.6,2.5,0.5,3.02,0.0,1.0,18.12,2.5,0.0
2,2024-01-07 17:24:27,2024-01-07 17:47:40,3.0,3.33,1.0,N,144,17,2,24.0,0.0,0.5,0.0,0.0,1.0,28.0,2.5,0.0
2,2024-01-30 20:21:22,2024-01-30 20:30:44,1.0,2.19,1.0,N,161,236,1,12.1,1.0,0.5,1.5,0.0,1.0,18.6,2.5,0.0
1,2024-01-23 22:55:07,2024-01-23 23:08:06,3.0,5.2,1.0,N,137,261,1,23.3,3.5,0.5,5.65,0.0,1.0,33.95,2.5,0.0
2,2024-01-23 16:13:48,2024-01-23 16:26:38,1.0,2.33,1.0,N,234,229,1,14.2,2.5,0.5,4.14,0.0,1.0,24.84,2.5,0.0
2,2024-01-24 11:06:00,2024-01-24 11:36:24,2.0,2.85,1.0,N,230,231,1,25.4,0.0,0.5,0.01,0.0,1.0,29.41,2.5,0.0
2,2024-01-01 12:55:37,2024-01-01 13:02:57,1.0,1.44,1.0,N,230,246,2,9.3,0.0,0.5,0.0,0.0,1.0,13.3,2.5,0.0
2,2024-01-16 18:56:01,2024-01-16 19:05:35,1.0,2.22,1.0,N,162,68,1,12.1,2.5,0.5,3.72,0.0,1.0,22.32,2.5,0.0
2,2024-01-26 22:45:24,2024-01-26 23:05:09,2.0,2.44,1.0,N,113,87,1,11.4,1.0,0.5,1.0,0.0,1.0,17.4,2.5,0.0
2,2024-01-07 08:59:24,2024-01-07 09:03:00,1.0,0.65,1.0,N,237,43,1,5.8,0.0,0.5,1.96,0.0,1.0,11.76,2.5,0.0
2,2024-01-15 12:15:16,2024-01-15 12:27:21,1.0,1.42,1.0,N,261,88,2,12.8,0.0,0.5,0.0,0.0,1.0,16.8,2.5,0.0
2,2024-01-25 17:38:23,2024-01-25 17:44:01,2.0,0.71,1.0,N,237,161,4,-7.2,-2.5,-0.5,0.0,0.0,-1.0,-13.7,-2.5,0.0
2,2024-01-03 10:01:33,2024-01-03 10:15:24,1.0,1.84,1.0,N,87,114,2,13.5,0.0,0.5,0.0,0.0,1.0,17.5,2.5,0.0
2,2024-01-07 13:45:57,2024-01-07 13:58:10,1.0,2.2,1.0,N,263,161,1,13.5,0.0,0.5,1.0,0.0,1.0,18.5,2.5,0.0
2,2024-01-09 15:10:25,2024-01-09 15:41:58,2.0,3.96,1.0,N,186,75,1,27.5,0.0,0.5,6.3,0.0,1.0,37.8,2.5,0.0
1,2024-01-03 17:40:54,2024-01-03 17:49:42,2.0,0.8,1.0,N,170,186,1,9.3,5.0,0.5,3.15,0.0,1.0,18.95,2.5,0.0
2,2024-01-04 23:29:46,2024-01-04 23:42:05,1.0,1.86,1.0,N,234,230,2,-12.8,-1.0,-0.5,0.0,0.0,-1.0,-17.8,-2.5,0.0
2,2024-01-26 09:45:45,2024-01-26 09:53:29,1.0,1.26,1.0,N,231,113,1,9.3,0.0,0.5,3.32,0.0,1.0,16.62,2.5,0.0
2,2024-01-31 19:04:53,2024-01-31 19:41:21,1.0,16.78,1.0,N,132,17,2,66.0,2.5,0.5,0.0,0.0,1.0,74.25,2.5,1.75
2,2024-01-11 19:16:58,2024-01-11 19:21:17,2.0,0.37,1.0,N,162,170,1,5.8,2.5,0.5,2.46,0.0,1.0,14.76,2.5,0.0
2,2024-01-01 19:23:16,2024-01-01 19:38:13,1.0,1.46,1.0,N,161,141,1,14.9,0.0,0.5,3.0,0.0,1.0,21.9,2.5,0.0
2,2024-01-03 09:50:36,2024-01-03 10:21:13,1.0,14.95,5.0,N,132,170,1,80.0,0.0,0.0,13.83,6.94,1.0,106.02,2.5,1.75
2,2024-01-11 23:12:11,2024-01-11 23:21:57,1.0,1.54,1.0,N,161,68,1,10.7,1.0,0.5,3.14,0.0,1.0,18.84,2.5,0.0
2,2024-01-10 22:36:51,2024-01-10 22:40:05,1.0,0.69,1.0,N,236,236,1,5.8,1.0,0.5,2.16,0.0,1.0,12.96,2.5,0.0
2,2024-01-11 14:17:56,2024-01-11 14:35:37,1.0,2.64,1.0,N,230,43,2,17.7,0.0,0.5,0.0,0.0,1.0,21.7,2.5,0.0
1,2024-01-09 10:05:39,2024-01-09 10:12:04,1.0,0.9,1.0,N,143,238,1,7.9,2.5,0.5,2.35,0.0,1.0,14.25,2.5,0.0
2,2024-01-25 08:14:33,2024-01-25 08:22:10,1.0,0.94,1.0,N,246,48,1,8.6,0.0,0.5,3.15,0.0,1.0,15.75,2.5,0.0
2,2024-01-01 03:48:14,2024-01-01 03:52:55,1.0,0.98,1.0,N,234,100,1,7.2,1.0,0.5,2.44,0.0,1.0,14.64,2.5,0.0
1,2024-01-14 01:53:11,2024-01-14 02:03:41,2.0,1.5,1.0,N,231,79,1,11.4,3.5,0.5,2.46,0.0,1.0,18.86,2.5,0.0
2,2024-01-31 21:45:40,2024-01-31 21:50:34,2.0,0.95,1.0,N,162,229,1,7.2,1.0,0.5,2.44,0.0,1.0,14.64,2.5,0.0
2,2024-01-03 08:46:08,2024-01-03 08:48:36,1.0,0.46,1.0,N,161,164,1,5.1,0.0,0.5,0.0,0.0,1.0,9.1,2.5,0.0
2,2024-01-09 10:39:28,2024-01-09 11:00:44,1.0,7.76,1.0,N,141,231,1,34.5,0.0,0.5,5.78,0.0,1.0,44.28,2.5,0.0
2,2024-01-05 01:03:59,2024-01-05 01:29:28,1.0,5.49,1.0,N,186,112,2,28.2,1.0,0.5,0.0,0.0,1.0,33.2,2.5,0.0
2,2024-01-28 18:57:08,2024-01-28 19:04:22,2.0,1.31,1.0,N,237,142,1,9.3,0.0,0.5,3.32,0.0,1.0,16.62,2.5,0.0
1,2024-01-21 15:04:19,2024-01-21 15:19:36,2.0,2.7,1.0,N,246,142,1,17.0,2.5,0.5,4.2,0.0,1.0,25.2,2.5,0.0
1,2024-01-04 07:27:59,2024-01-04 09:02:25,1.0,3.9,99.0,N,150,140,1,55.5,0.0,0.5,0.0,0.0,1.0,57.0,0.0,0.0
1,2024-01-03 10:39:31,2024-01-03 10:45:42,1.0,1.5,1.0,N,231,79,1,9.3,2.5,0.5,2.65,0.0,1.0,15.95,2.5,0.0
2,2024-01-12 19:41:15,2024-01-12 20:04:59,1.0,3.8,1.0,N,43,144,1,23.3,2.5,0.5,4.0,0.0,1.0,33.8,2.5,0.0
2,2024-01-26 13:10:44,2024-01-26 13:25:24,1.0,2.58,1.0,N,170,236,1,15.6,0.0,0.5,4.9,0.0,1.0,24.5,2.5,0.0
2,2024-01-09 16:42:45,2024-01-09 16:49:36,1.0,1.02,1.0,N,114,4,1,7.9,2.5,0.5,1.0,0.0,1.0,15.4,2.5,0.0
2,2024-01-05 00:52:33,2024-01-05 00:56:11,1.0,0.5,1.0,N,237,237,1,5.8,1.0,0.5,1.19,0.0,1.0,11.99,2.5,0.0
1,2024-01-15 19:01:49,2024-01-15 19:21:36,0.0,4.1,1.0,N,158,237,1,19.8,2.5,0.5,4.75,0.0,1.0,28.55,2.5,0.0
1,2024-01-07 11:16:52,2024-01-07 11:24:35,0.0,1.3,1.0,N,238,142,1,10.0,2.5,0.5,3.5,0.0,1.0,17.5,2.5,0.0
2,2024-01-04 16:29:03,2024-01-04 16:43:38,2.0,2.1,1.0,N,141,239,1,14.9,2.5,0.5,4.28,0.0,1.0,25.68,2.5,0.0
2,2024-01-13 23:16:44,2024-01-13 23:25:13,1.0,1.5,1.0,N,249,246,1,10.7,1.0,0.5,3.92,0.0,1.0,19.62,2.5,0.0
2,2024-01-25 19:51:50,2024-01-25 19:56:40,6.0,0.33,1.0,N,237,237,1,6.5,2.5,0.5,2.6,0.0,1.0,15.6,2.5,0.0
1,2024-01-07 10:47:55,2024-01-07 10:51:42,2.0,0.6,1.0,N,234,186,2,5.8,2.5,0.5,0.0,0.0,1.0,9.8,2.5,0.0
2,2024-01-03 20:54:08,2024-01-03 21:16:56,1.0,5.81,1.0,N,114,238,1,28.2,1.0,0.5,6.64,0.0,1.0,39.84,2.5,0.0
2,2024-01-01 17:17:54,2024-01-01 17:33:37,2.0,2.89,1.0,N,236,143,1,17.7,0.0,0.5,5.42,0.0,1.0,27.12,2.5,0.0
2,2024-01-18 19:44:34,2024-01-18 19:52:11,1.0,0.66,1.0,N,162,230,1,7.9,2.5,0.5,2.88,0.0,1.0,17.28,2.5,0.0
2,2024-01-31 20:35:42,2024-01-31 20:49:23,2.0,2.61,1.0,N,68,239,1,14.9,1.0,0.5,3.98,0.0,1.0,23.88,2.5,0.0
1,2024-01-25 22:38:27,2024-01-25 22:45:10,1.0,1.0,1.0,N,231,13,1,7.9,3.5,0.5,2.6,0.0,1.0,15.5,2.5,0.0
2,2024-01-12 02:16:27,2024-01-12 02:25:02,1.0,1.47,1.0,N,249,148,2,10.7,1.0,0.5,0.0,0.0,1.0,15.7,2.5,0.0
2,2024-01-25 18:31:58,2024-01-25 19:17:46,,5.31,,,260,230,0,37.34,0.0,0.5,0.0,0.0,1.0,41.34,,
1,2024-01-22 22:18:27,2024-01-22 22:28:12,1.0,1.6,1.0,N,230,107,1,11.4,3.5,0.5,3.25,0.0,1.0,19.65,2.5,0.0
1,2024-01-04 13:35:12,2024-01-04 13:42:57,1.0,2.5,1.0,N,262,170,1,12.8,2.5,0.5,3.35,0.0,1.0,20.15,2.5,0.0
2,2024-01-23 22:15:37,2024-01-23 22:31:49,2.0,4.21,1.0,N,229,231,1,21.2,1.0,0.5,3.93,0.0,1.0,30.13,2.5,0.0
1,2024-01-10 08:04:31,2024-01-10 08:11:31,2.0,0.7,1.0,N,140,141,2,7.9,2.5,0.5,0.0,0.0,1.0,11.9,2.5,0.0
1,2024-01-27 16:34:28,2024-01-27 16:45:46,1.0,2.0,1.0,N,161,263,1,12.8,2.5,0.5,4.2,0.0,1.0,21.0,2.5,0.0
1,2024-01-23 20:51:21,2024-01-23 21:14:49,2.0,3.5,1.0,N,114,181,1,24.7,3.5,0.5,5.9,0.0,1.0,35.6,2.5,0.0
2,2024-01-23 11:04:50,2024-01-23 11:12:15,1.0,1.1,1.0,N,163,50,2,8.6,0.0,0.5,0.0,0.0,1.0,12.6,2.5,0.0
2,2024-01-16 13:50:07,2024-01-16 14:03:36,2.0,1.36,1.0,N,230,170,1,12.8,0.0,0.5,3.36,0.0,1.0,20.16,2.5,0.0
1,2024-01-13 12:38:02,2024-01-13 12:47:36,0.0,1.5,1.0,N,211,234,1,10.0,2.5,0.5,3.5,0.0,1.0,17.5,2.5,0.0
2,2024-01-28 23:27:51,2024-01-28 23:31:34,1.0,0.69,1.0,N,249,249,1,5.8,1.0,0.5,2.16,0.0,1.0,12.96,2.5,0.0
1,2024-01-01 04:08:18,2024-01-01 04:36:08,1.0,3.8,1.0,N,79,37,1,26.1,3.5,0.5,6.2,0.0,1.0,37.3,2.5,0.0
1,2024-01-22 17:25:46,2024-01-22 17:40:11,1.0,1.8,1.0,N,229,107,1,12.8,5.0,0.5,3.85,0.0,1.0,23.15,2.5,0.0
2,2024-01-04 08:19:14,2024-01-04 08:29:54,1.0,1.77,1.0,N,140,161,1,12.1,0.0,0.5,3.22,0.0,1.0,19.32,2.5,0.0
2,2024-01-22 00:45:54,2024-01-22 00:51:27,1.0,1.04,1.0,N,144,232,2,7.9,1.0,0.5,0.0,0.0,1.0,12.9,2.5,0.0
2,2024-01-20 13:23:23,2024-01-20 13:38:08,6.0,2.39,1.0,N,229,68,2,15.6,0.0,0.5,0.0,0.0,1.0,19.6,2.5,0.0
2,2024-01-28 09:50:55,2024-01-28 09:58:28,1.0,1.32,1.0,N,162,140,1,10.0,0.0,0.5,3.5,0.0,1.0,17.5,2.5,0.0
2,2024-01-13 12:04:39,2024-01-13 12:14:36,1.0,1.51,1.0,N,48,50,4,11.4,0.0,0.5,0.0,0.0,1.0,15.4,2.5,0.0
2,2024-01-18 20:34:46,2024-01-18 20:43:15,1.0,1.49,1.0,N,141,236,1,10.7,1.0,0.5,2.0,0.0,1.0,17.7,2.5,0.0
1,2024-01-16 05:20:43,2024-01-16 05:31:10,1.0,1.5,1.0,N,237,142,1,10.0,3.5,0.5,3.75,0.0,1.0,18.75,2.5,0.0
2,2024-01-21 12:55:46,2024-01-21 13:00:22,1.0,0.99,1.0,N,161,237,1,7.2,0.0,0.5,2.24,0.0,1.0,13.44,2.5,0.0
2,2024-01-10 17:25:50,2024-01-10 17:41:00,,2.63,,,236,166,0,14.98,0.0,0.5,0.0,0.0,1.0,18.98,,
2,2024-01-22 17:10:39,2024-01-22 17:27:41,1.0,3.08,1.0,N,163,211,1,18.4,2.5,0.5,2.49,0.0,1.0,27.39,2.5,0.0
2,2024-01-08 18:50:28,2024-01-08 19:01:31,1.0,1.78,1.0,N,231,113,1,12.1,2.5,0.5,2.5,0.0,1.0,21.1,2.5,0.0
1,2024-01-07 20:23:56,2024-01-07 20:35:41,1.0,2.8,1.0,N,162,239,1,13.5,3.5,0.5,3.7,0.0,1.0,22.2,2.5,0.0
2,2024-01-05 05:57:57,2024-01-05 06:02:16,1.0,0.95,1.0,N,142,163,1,7.2,1.0,0.5,2.44,0.0,1.0,14.64,2.5,0.0
2,2024-01-08 20:05:27,2024-01-08 20:13:17,1.0,0.33,1.0,N,162,161,2,4.4,2.5,0.5,0.0,0.0,1.0,10.9,2.5,0.0
2,2024-01-11 22:03:21,2024-01-11 22:05:25,3.0,0.51,1.0,N,211,249,4,4.4,1.0,0.5,0.0,0.0,1.0,9.4,2.5,0.0
2,2024-01-01 08:24:53,2024-01-01 08:43:10,1.0,10.84,1.0,N,162,138,1,42.9,5.0,0.5,17.65,6.94,1.0,76.49,2.5,0.0
1,2024-01-17 10:35:27,2024-01-17 10:58:17,1.0,1.2,1.0,N,161,141,1,17.7,2.5,0.5,4.35,0.0,1.0,26.05,2.5,0.0
2,2024-01-26 00:53:58,2024-01-26 01:18:29,1.0,6.38,1.0,N,249,255,1,31.0,1.0,0.5,7.2,0.0,1.0,43.2,2.5,0.0
2,2024-01-18 15:05:51,2024-01-18 15:08:45,1.0,0.71,1.0,N,163,161,1,5.8,0.0,0.5,1.96,0.0,1.0,11.76,2.5,0.0
1,2024-01-09 22:17:53,2024-01-09 22:28:07,1.0,1.8,1.0,N,163,237,1,12.1,3.5,0.5,3.4,0.0,1.0,20.5,2.5,0.0
1,2024-01-26 18:45:14,2024-01-26 19:09:05,1.0,6.4,1.0,N,113,24,1,30.3,5.0,0.5,7.36,0.0,1.0,44.16,2.5,0.0
2,2024-01-22 13:00:08,2024-01-22 13:07:03,6.0,0.89,1.0,N,13,231,1,7.9,0.0,0.5,2.38,0.0,1.0,14.28,2.5,0.0
2,2024-01-27 02:39:56,2024-01-27 02:48:40,2.0,1.33,1.0,N,164,79,1,10.0,1.0,0.5,0.0,0.0,1.0,15.0,2.5,0.0
2,2024-01-03 23:08:03,2024-01-03 23:21:03,2.0,1.52,1.0,N,142,141,1,13.5,1.0,0.5,0.0,0.0,1.0,18.5,2.5,0.0
1,2024-01-02 14:25:01,2024-01-02 14:59:05,1.0,8.5,1.0,N,138,186,1,40.8,9.25,0.5,11.7,6.94,1.0,70.19,2.5,1.75
2,2024-01-24 23:13:00,2024-01-24 23:20:17,1.0,1.36,1.0,N,142,237,1,10.0,1.0,0.5,3.0,0.0,1.0,18.0,2.5,0.0
2,2024-01-31 21:12:42,2024-01-31 21:19:53,1.0,1.47,1.0,N,237,236,1,9.3,1.0,0.5,2.0,0.0,1.0,16.3,2.5,0.0
2,2024-01-13 11:07:15,2024-01-13 11:10:44,1.0,0.66,1.0,N,143,143,1,5.8,0.0,0.5,1.0,0.0,1.0,10.8,2.5,0.0
1,2024-01-22 11:09:20,2024-01-22 11:27:26,1.0,2.2,1.0,N,231,25,1,15.6,2.5,0.5,4.9,0.0,1.0,24.5,2.5,0.0
2,2024-01-27 19:20:20,2024-01-27 19:44:08,1.0,3.54,1.0,N,113,52,2,21.2,0.0,0.5,0.0,0.0,1.0,25.2,2.5,0.0
2,2024-01-13 19:18:26,2024-01-13 19:47:31,,2.63,,,114,230,0,33.16,0.0,0.5,0.0,0.0,1.0,37.16,,
2,2024-01-30 14:04:00,2024-01-30 14:24:00,,2.41,,,162,263,0,20.75,0.0,0.5,4.95,0.0,1.0,29.7,,
1,2024-01-21 18:10:38,2024-01-21 18:56:13,2.0,20.1,2.0,N,261,132,2,70.0,2.5,0.5,0.0,0.0,1.0,74.0,2.5,0.0
2,2024-01-27 21:34:15,2024-01-27 22:08:12,1.0,2.4,1.0,N,232,246,1,27.5,1.0,0.5,0.0,0.0,1.0,32.5,2.5,0.0
2,2024-01-22 09:53:13,2024-01-22 10:01:32,1.0,1.18,1.0,N,237,163,1,9.3,0.0,0.5,2.66,0.0,1.0,15.96,2.5,0.0
2,2024-01-28 14:50:58,2024-01-28 15:20:44,1.0,17.72,3.0,N,100,1,1,86.0,0.0,0.0,0.0,20.37,1.0,107.37,0.0,0.0
2,2024-01-07 06:55:16,2024-01-07 07:03:20,1.0,2.38,1.0,N,100,236,2,12.8,0.0,0.5,0.0,0.0,1.0,16.8,2.5,0.0
2,2024-01-31 21:59:53,2024-01-31 22:09:28,1.0,1.69,1.0,N,234,229,1,11.4,1.0,0.5,3.28,0.0,1.0,19.68,2.5,0.0
2,2024-01-13 12:10:24,2024-01-13 12:19:39,1.0,1.59,1.0,N,236,24,1,11.4,0.0,0.5,3.08,0.0,1.0,18.48,2.5,0.0
1,2024-01-16 19:22:29,2024-01-16 19:36:28,1.0,2.4,1.0,N,43,141,1,14.2,5.0,0.5,2.0,0.0,1.0,22.7,2.5,0.0
2,2024-01-01 21:09:44,2024-01-01 21:17:54,3.0,1.41,1.0,N,161,142,1,10.0,1.0,0.5,1.5,0.0,1.0,16.5,2.5,0.0
2,2024-01-29 05:33:23,2024-01-29 06:11:55,2.0,18.92,2.0,N,141,132,1,70.0,0.0,0.5,20.23,6.94,1.0,101.17,2.5,0.0
1,2024-01-20 14:33:02,2024-01-20 15:09:28,2.0,17.4,2.0,N,230,132,1,70.0,2.5,0.5,14.0,6.94,1.0,94.94,2.5,0.0
2,2024-01-24 15:31:17,2024-01-24 15:37:33,2.0,0.65,1.0,N,234,164,1,7.2,0.0,0.5,1.68,0.0,1.0,12.88,2.5,0.0
2,2024-01-22 09:28:48,2024-01-22 09:40:43,1.0,0.97,1.0,N,161,162,1,11.4,0.0,0.5,3.08,0.0,1.0,18.48,2.5,0.0
1,2024-01-11 10:00:44,2024-01-11 10:25:02,2.0,3.3,1.0,N,236,137,1,21.9,2.5,0.5,4.0,0.0,1.0,29.9,2.5,0.0
2,2024-01-26 15:38:07,2024-01-26 16:03:32,1.0,3.22,1.0,N,164,231,1,23.3,0.0,0.5,5.46,0.0,1.0,32.76,2.5,0.0
1,2024-01-15 19:48:37,2024-01-15 19:52:30,1.0,1.0,1.0,N,140,262,2,6.5,2.5,0.5,0.0,0.0,1.0,10.5,2.5,0.0
2,2024-01-18 16:56:29,2024-01-18 17:07:39,2.0,1.66,1.0,N,100,234,1,11.4,2.5,0.5,3.58,0.0,1.0,21.48,2.5,0.0
2,2024-01-26 18:50:05,2024-01-26 18:55:51,1.0,0.81,1.0,N,236,237,2,7.9,2.5,0.5,0.0,0.0,1.0,14.4,2.5,0.0
2,2024-01-01 15:07:41,2024-01-01 15:21:18,2.0,2.89,1.0,N,43,229,1,15.6,0.0,0.5,4.9,0.0,1.0,24.5,2.5,0.0
2,2024-01-31 15:51:52,2024-01-31 16:25:10,1.0,10.05,1.0,N,138,10,1,42.2,5.0,0.5,9.74,0.0,1.0,60.19,0.0,1.75
2,2024-01-26 19:25:41,2024-01-26 19:33:14,2.0,0.82,1.0,N,161,142,1,8.6,2.5,0.5,3.02,0.0,1.0,18.12,2.5,0.0
2,2024-01-10 06:55:59,2024-01-10 07:08:23,,2.65,,,238,74,0,15.96,0.0,0.5,2.99,0.0,1.0,22.95,,
2,2024-01-04 16:35:00,2024-01-04 16:43:43,4.0,1.05,1.0,N,142,143,1,10.0,2.5,0.5,3.3,0.0,1.0,19.8,2.5,0.0
2,2024-01-17 21:36:54,2024-01-17 22:01:05,,8.05,,,68,74,0,35.86,0.0,0.5,0.0,0.0,1.0,39.86,,
1,2024-01-31 09:37:38,2024-01-31 09:58:03,1.0,2.5,1.0,N,170,158,1,16.3,2.5,0.5,4.05,0.0,1.0,24.35,2.5,0.0
2,2024-01-20 11:46:47,2024-01-20 11:55:37,1.0,1.42,1.0,N,236,163,1,10.7,0.0,0.5,2.94,0.0,1.0,17.64,2.5,0.0
2,2024-01-28 20:13:22,2024-01-28 20:30:14,1.0,4.42,1.0,N,246,88,1,22.6,1.0,0.5,5.52,0.0,1.0,33.12,2.5,0.0
1,2024-01-04 11:53:28,2024-01-04 12:13:47,1.0,2.7,1.0,N,262,237,1,20.5,2.5,0.5,0.0,0.0,1.0,24.5,2.5,0.0
2,2024-01-19 23:06:02,2024-01-19 23:14:49,1.0,2.0,1.0,N,163,238,1,12.1,1.0,0.5,0.86,0.0,1.0,17.96,2.5,0.0
1,2024-01-11 12:22:55,2024-01-11 12:26:15,1.0,0.7,1.0,N,90,249,2,5.8,2.5,0.5,0.0,0.0,1.0,9.8,2.5,0.0
1,2024-01-29 04:02:57,2024-01-29 04:27:40,1.0,0.4,99.0,N,91,91,1,27.5,0.0,0.5,0.0,0.0,1.0,29.0,0.0,0.0
2,2024-01-30 11:29:40,2024-01-30 11:38:42,2.0,1.61,1.0,N,141,162,1,11.4,0.0,0.5,2.0,0.0,1.0,17.4,2.5,0.0
1,2024-01-31 09:09:28,2024-01-31 09:13:44,1.0,0.7,1.0,N,90,68,1,6.5,2.5,0.5,3.1,0.0,1.0,13.6,2.5,0.0
2,2024-01-27 07:47:44,2024-01-27 07:50:20,3.0,0.6,1.0,N,170,233,1,5.1,0.0,0.5,1.82,0.0,1.0,10.92,2.5,0.0
2,2024-01-04 17:58:03,2024-01-04 18:00:27,1.0,0.31,1.0,N,211,125,1,4.4,2.5,0.5,2.73,0.0,1.0,13.63,2.5,0.0
2,2024-01-14 11:33:54,2024-01-14 11:39:52,1.0,0.86,1.0,N,141,237,1,7.9,0.0,0.5,2.38,0.0,1.0,14.28,2.5,0.0
2,2024-01-14 17:39:24,2024-01-14 17:46:44,2.0,0.96,1.0,N,234,79,1,8.6,0.0,0.5,3.4,0.0,1.0,16.0,2.5,0.0
1,2024-01-04 19:08:38,2024-01-04 19:14:22,1.0,1.0,1.0,N,249,234,2,7.9,5.0,0.5,0.0,0.0,1.0,14.4,2.5,0.0
2,2024-01-19 11:37:35,2024-01-19 11:52:57,1.0,2.18,1.0,N,238,48,2,15.6,0.0,0.5,0.0,0.0,1.0,19.6,2.5,0.0
2,2024-01-19 16:28:33,2024-01-19 17:06:39,1.0,17.48,2.0,N,132,42,1,70.0,5.0,0.5,10.0,6.94,1.0,95.19,0.0,1.75
2,2024-01-22 19:34:29,2024-01-22 20:14:37,2.0,22.01,2.0,N,132,142,1,70.0,5.0,0.5,17.19,6.94,1.0,104.88,2.5,1.75
1,2024-01-20 12:58:06,2024-01-20 13:05:17,1.0,1.5,1.0,N,263,233,1,8.6,2.5,0.5,2.5,0.0,1.0,15.1,2.5,0.0
1,2024-01-02 21:31:24,2024-01-02 21:55:30,1.0,5.7,1.0,N,113,112,2,30.3,3.5,0.5,0.0,0.0,1.0,35.3,2.5,0.0
2,2024-01-03 16:56:22,2024-01-03 17:09:09,1.0,1.69,1.0,N,162,43,1,13.5,2.5,0.5,4.0,0.0,1.0,24.0,2.5,0.0
2,2024-01-05 19:36:08,2024-01-05 20:11:49,1.0,15.91,1.0,N,138,163,2,61.8,7.5,0.5,0.0,6.94,1.0,81.99,2.5,1.75
2,2024-01-17 18:02:25,2024-01-17 18:21:44,1.0,2.09,1.0,N,142,170,2,17.7,2.5,0.5,0.0,0.0,1.0,24.2,2.5,0.0
2,2024-01-27 13:22:40,2024-01-27 13:39:28,1.0,2.68,1.0,N,239,230,1,17.7,0.0,0.5,4.34,0.0,1.0,26.04,2.5,0.0
2,2024-01-26 07:43:06,2024-01-26 07:54:35,,1.61,,,249,137,0,12.19,0.0,0.5,0.0,0.0,1.0,16.19,,
1,2024-01-16 22:16:08,2024-01-16 22:29:45,1.0,3.2,1.0,N,161,79,1,15.6,3.5,0.5,2.0,0.0,1.0,22.6,2.5,0.0
2,2024-01-12 08:35:22,2024-01-12 08:40:20,1.0,0.47,1.0,N,141,141,1,6.5,0.0,0.5,2.1,0.0,1.0,12.6,2.5,0.0
2,2024-01-22 14:06:58,2024-01-22 14:17:45,1.0,1.63,1.0,N,230,137,2,12.1,0.0,0.5,0.0,0.0,1.0,16.1,2.5,0.0
2,2024-01-06 14:54:31,2024-01-06 15:01:01,2.0,1.38,1.0,N,229,107,1,9.3,0.0,0.5,2.0,0.0,1.0,15.3,2.5,0.0
2,2024-01-10 09:04:09,2024-01-10 09:17:09,1.0,1.53,1.0,N,186,162,1,12.8,0.0,0.5,3.36,0.0,1.0,20.16,2.5,0.0
2,2024-01-20 19:05:22,2024-01-20 19:31:43,2.0,3.41,1.0,N,141,142,1,24.0,0.0,0.5,1.0,0.0,1.0,29.0,2.5,0.0
1,2024-01-01 20:46:10,2024-01-01 21:01:57,1.0,8.0,1.0,N,138,170,1,33.1,10.25,0.5,10.35,6.94,1.0,62.14,2.5,1.75
1,2024-01-13 15:31:56,2024-01-13 15:36:54,4.0,0.7,1.0,N,68,90,1,6.5,2.5,0.5,2.1,0.0,1.0,12.6,2.5,0.0
1,2024-01-09 18:55:12,2024-01-09 19:01:45,1.0,0.8,1.0,N,113,211,1,6.5,5.0,0.5,1.0,0.0,1.0,14.0,2.5,0.0
2,2024-01-11 22:30:58,2024-01-11 22:36:17,1.0,1.41,1.0,N,158,231,1,8.6,1.0,0.5,2.72,0.0,1.0,16.32,2.5,0.0
2,2024-01-08 10:47:38,2024-01-08 10:54:17,1.0,2.17,1.0,N,263,140,1,12.1,0.0,0.5,2.0,0.0,1.0,18.1,2.5,0.0
2,2024-01-21 14:15:32,2024-01-21 14:22:13,2.0,1.49,1.0,N,142,238,2,9.3,0.0,0.5,0.0,0.0,1.0,13.3,2.5,0.0
1,2024-01-02 15:19:54,2024-01-02 15:24:01,2.0,0.7,1.0,N,142,142,1,6.5,2.5,0.5,2.1,0.0,1.0,12.6,2.5,0.0
2,2024-01-27 23:23:22,2024-01-27 23:28:04,1.0,1.11,1.0,N,48,186,1,7.2,1.0,0.5,2.44,0.0,1.0,14.64,2.5,0.0
1,2024-01-29 12:49:45,2024-01-29 12:52:39,1.0,0.3,1.0,N,166,166,1,3.7,0.0,0.5,0.0,0.0,1.0,5.2,0.0,0.0
2,2024-01-23 22:02:32,2024-01-23 22:27:02,,5.23,,,163,209,0,1.84,0.0,0.5,0.0,0.0,1.0,5.84,,
1,2024-01-05 14:08:27,2024-01-05 15:13:45,1.0,6.5,99.0,N,72,7,1,32.5,0.0,0.5,0.0,0.0,1.0,34.0,0.0,0.0
2,2024-01-04 09:45:01,2024-01-04 10:03:38,1.0,2.02,1.0,N,107,68,1,17.0,0.0,0.5,3.0,0.0,1.0,24.0,2.5,0.0
2,2024-01-13 11:51:39,2024-01-13 12:00:55,4.0,2.05,1.0,N,164,211,1,12.1,0.0,0.5,3.22,0.0,1.0,19.32,2.5,0.0
2,2024-01-11 15:08:09,2024-01-11 15:28:45,1.0,4.21,1.0,N,138,226,1,22.6,5.0,0.5,422.7,0.0,1.0,453.55,0.0,1.75
2,2024-01-05 17:26:47,2024-01-05 17:35:33,1.0,1.38,1.0,N,161,141,1,10.0,2.5,0.5,2.0,0.0,1.0,18.5,2.5,0.0
1,2024-01-11 22:47:23,2024-01-11 22:55:10,2.0,1.5,1.0,N,161,233,1,10.0,3.5,0.5,3.0,0.0,1.0,18.0,2.5,0.0
2,2024-01-12 12:41:38,2024-01-12 12:48:52,1.0,0.84,1.0,N,229,170,1,7.9,0.0,0.5,4.76,0.0,1.0,16.66,2.5,0.0
2,2024-01-22 15:29:55,2024-01-22 16:09:15,1.0,4.24,1.0,N,137,226,1,34.5,0.0,0.5,9.62,0.0,1.0,48.12,2.5,0.0
2,2024-01-21 23:39:11,2024-01-21 23:44:55,1.0,1.61,1.0,N,230,239,2,9.3,1.0,0.5,0.0,0.0,1.0,14.3,2.5,0.0
2,2024-01-18 18:22:43,2024-01-18 18:32:56,1.0,1.44,1.0,N,234,249,1,11.4,2.5,0.5,3.58,0.0,1.0,21.48,2.5,0.0
1,2024-01-16 12:16:56,2024-01-16 12:24:09,1.0,0.8,1.0,N,48,142,1,8.6,2.5,0.5,3.1,0.0,1.0,15.7,2.5,0.0
1,2024-01-17 22:30:26,2024-01-17 22:51:05,1.0,4.7,1.0,N,161,263,1,21.2,3.5,0.5,5.25,0.0,1.0,31.45,2.5,0.0
2,2024-01-08 11:29:48,2024-01-08 11:34:43,1.0,0.8,1.0,N,43,161,1,6.5,0.0,0.5,2.1,0.0,1.0,12.6,2.5,0.0
2,2024-01-11 23:10:50,2024-01-11 23:28:04,1.0,9.88,1.0,N,162,95,1,38.0,1.0,0.5,14.98,6.94,1.0,64.92,2.5,0.0
2,2024-01-30 07:02:59,2024-01-30 07:20:13,1.0,3.62,1.0,N,229,75,1,20.5,0.0,0.5,7.35,0.0,1.0,31.85,2.5,0.0
2,2024-01-13 15:27:36,2024-01-13 16:19:36,1.0,19.9,1.0,N,70,203,2,80.0,5.0,0.5,0.0,0.0,1.0,88.25,0.0,1.75
2,2024-01-28 17:46:08,2024-01-28 17:57:30,1.0,1.19,1.0,N,48,170,1,11.4,0.0,0.5,3.08,0.0,1.0,18.48,2.5,0.0
2,2024-01-23 21:13:40,2024-01-23 21:21:30,1.0,1.36,1.0,N,142,186,1,9.3,1.0,0.5,2.86,0.0,1.0,17.16,2.5,0.0
2,2024-01-24 13:24:09,2024-01-24 13:26:58,1.0,0.25,1.0,N,236,236,2,4.4,0.0,0.5,0.0,0.0,1.0,8.4,2.5,0.0
1,2024-01-08 07:41:53,2024-01-08 07:51:39,1.0,1.8,1.0,N,142,162,1,10.7,2.5,0.5,2.95,0.0,1.0,17.65,2.5,0.0
1,2024-01-30 16:05:52,2024-01-30 16:12:25,2.0,1.1,1.0,N,211,249,1,8.6,5.0,0.5,4.5,0.0,1.0,19.6,2.5,0.0
1,2024-01-18 14:07:05,2024-01-18 14:22:59,1.0,2.1,1.0,N,141,238,1,16.3,2.5,0.5,4.05,0.0,1.0,24.35,2.5,0.0
2,2024-01-26 10:00:15,2024-01-26 10:43:42,1.0,13.06,1.0,N,142,138,1,58.3,5.0,0.5,8.0,6.94,1.0,82.24,2.5,0.0
1,2024-01-20 10:50:35,2024-01-20 11:03:42,1.0,2.0,1.0,N,224,68,1,12.8,2.5,0.5,2.0,0.0,1.0,18.8,2.5,0.0
2,2024-01-29 19:50:43,2024-01-29 20:03:11,2.0,2.34,1.0,N,236,161,1,13.5,2.5,0.5,3.0,0.0,1.0,23.0,2.5,0.0
2,2024-01-27 15:33:51,2024-01-27 15:42:29,1.0,1.4,1.0,N,229,164,1,10.0,0.0,0.5,3.5,0.0,1.0,17.5,2.5,0.0
2,2024-01-04 10:21:25,2024-01-04 10:25:58,1.0,0.65,1.0,N,236,75,1,6.5,0.0,0.5,1.0,0.0,1.0,11.5,2.5,0.0
2,2024-01-11 13:50:23,2024-01-11 14:01:42,1.0,0.85,1.0,N,100,170,3,-10.7,0.0,-0.5,0.0,0.0,-1.0,-14.7,-2.5,0.0
1,2024-01-30 06:19:30,2024-01-30 07:11:35,1.0,17.9,2.0,N,132,234,1,70.0,4.25,0.5,10.0,6.94,1.0,92.69,2.5,1.75
2,2024-01-14 14:19:57,2024-01-14 14:56:17,1.0,17.68,2.0,N,132,164,2,70.0,0.0,0.5,0.0,6.94,1.0,82.69,2.5,1.75
2,2024-01-04 23:07:40,2024-01-04 23:17:26,2.0,1.84,1.0,N,237,233,1,12.1,1.0,0.5,1.0,0.0,1.0,18.1,2.5,0.0
2,2024-01-24 11:22:38,2024-01-24 11:37:08,1.0,0.86,1.0,N,161,237,1,12.8,0.0,0.5,2.0,0.0,1.0,18.8,2.5,0.0
1,2024-01-31 16:45:03,2024-01-31 16:50:23,1.0,0.0,1.0,N,145,145,2,6.5,2.5,0.5,0.0,0.0,1.0,10.5,0.0,0.0
2,2024-01-11 20:37:28,2024-01-11 21:19:53,2.0,18.63,2.0,N,132,163,2,70.0,0.0,0.5,0.0,6.94,1.0,82.69,2.5,1.75
2,2024-01-30 18:43:27,2024-01-30 18:59:17,1.0,3.18,1.0,N,234,48,1,17.7,2.5,0.5,4.84,0.0,1.0,29.04,2.5,0.0
2,2024-01-08 18:41:14,2024-01-08 18:51:05,1.0,1.28,1.0,N,161,234,1,10.7,2.5,0.5,3.44,0.0,1.0,20.64,2.5,0.0
1,2024-01-31 23:11:39,2024-01-31 23:23:01,1.0,2.4,1.0,N,238,48,2,12.8,3.5,0.5,0.0,0.0,1.0,17.8,2.5,0.0
2,2024-01-06 07:23:15,2024-01-06 07:42:19,4.0,6.48,1.0,N,100,88,2,29.6,0.0,0.5,0.0,0.0,1.0,33.6,2.5,0.0
2,2024-01-14 14:47:44,2024-01-14 15:29:31,2.0,17.27,2.0,N,132,230,1,70.0,0.0,0.5,16.19,6.94,1.0,98.88,2.5,1.75
2,2024-01-25 15:09:20,2024-01-25 15:15:02,1.0,0.71,1.0,N,48,246,1,7.2,0.0,0.5,2.24,0.0,1.0,13.44,2.5,0.0
2,2024-01-15 10:41:21,2024-01-15 10:48:07,1.0,0.82,1.0,N,48,246,1,8.6,0.0,0.5,2.52,0.0,1.0,15.12,2.5,0.0
1,2024-01-29 17:16:08,2024-01-29 18:03:45,1.0,16.6,2.0,N,132,164,1,70.0,9.25,0.5,17.5,6.94,1.0,105.19,2.5,1.75
2,2024-01-09 17:36:08,2024-01-09 18:37:19,1.0,17.67,2.0,N,10,231,1,70.0,5.0,0.5,19.75,0.0,1.0,98.75,2.5,0.0
2,2024-01-28 17:04:59,2024-01-28 17:11:28,1.0,1.06,1.0,N,237,162,1,8.6,0.0,0.5,2.52,0.0,1.0,15.12,2.5,0.0
2,2024-01-23 18:32:45,2024-01-23 18:40:24,1.0,1.49,1.0,N,237,43,1,10.0,2.5,0.5,3.3,0.0,1.0,19.8,2.5,0.0
2,2024-01-05 20:18:49,2024-01-05 20:27:26,1.0,1.38,1.0,N,162,48,1,10.0,1.0,0.5,3.75,0.0,1.0,18.75,2.5,0.0
1,2024-01-24 18:17:03,2024-01-24 18:37:15,1.0,1.9,1.0,N,186,163,1,17.7,5.0,0.5,7.25,0.0,1.0,31.45,2.5,0.0
2,2024-01-06 16:36:39,2024-01-06 17:18:33,2.0,4.38,1.0,N,261,164,2,35.2,0.0,0.5,0.0,0.0,1.0,39.2,2.5,0.0
2,2024-01-14 02:27:17,2024-01-14 02:36:42,1.0,1.93,1.0,N,158,13,1,12.1,1.0,0.5,0.0,0.0,1.0,17.1,2.5,0.0
2,2024-01-09 12:54:54,2024-01-09 13:03:07,1.0,1.08,1.0,N,263,141,1,9.3,0.0,0.5,2.66,0.0,1.0,15.96,2.5,0.0
2,2024-01-22 19:15:19,2024-01-22 19:24:27,5.0,1.14,1.0,N,90,164,1,10.0,2.5,0.5,2.0,0.0,1.0,18.5,2.5,0.0
2,2024-01-01 18:13:39,2024-01-01 18:30:58,2.0,1.01,1.0,N,43,230,2,15.6,0.0,0.5,0.0,0.0,1.0,19.6,2.5,0.0
2,2024-01-25 21:32:43,2024-01-25 21:38:16,2.0,1.17,1.0,N,90,246,1,7.9,1.0,0.5,2.58,0.0,1.0,15.48,2.5,0.0
1,2024-01-16 10:06:15,2024-01-16 10:58:06,,17.1,,,233,1,0,71.76,0.0,0.0,0.0,13.38,1.0,86.14,,
1,2024-01-18 13:15:23,2024-01-18 13:17:03,2.0,0.3,1.0,N,24,24,2,4.4,0.0,0.5,0.0,0.0,1.0,5.9,0.0,0.0
2,2024-01-14 09:01:59,2024-01-14 09:10:49,1.0,1.58,1.0,N,50,186,1,10.7,0.0,0.5,2.94,0.0,1.0,17.64,2.5,0.0
2,2024-01-18 00:53:43,2024-01-18 01:31:13,1.0,25.43,1.0,N,132,248,2,94.0,1.0,0.5,0.0,6.94,1.0,105.19,0.0,1.75
1,2024-01-26 23:14:03,2024-01-26 23:24:05,1.0,1.5,1.0,N,48,90,1,10.0,3.5,0.5,3.0,0.0,1.0,18.0,2.5,0.0
2,2024-01-05 19:32:42,2024-01-05 19:41:04,1.0,2.03,1.0,N,237,238,1,11.4,2.5,0.5,3.58,0.0,1.0,21.48,2.5,0.0
2,2024-01-19 13:18:27,2024-01-19 13:35:58,1.0,9.57,1.0,N,138,141,1,36.6,5.0,0.5,15.76,6.94,1.0,70.05,2.5,1.75
1,2024-01-12 14:05:22,2024-01-12 14:14:08,1.0,1.3,1.0,N,246,107,1,9.3,2.5,0.5,2.65,0.0,1.0,15.95,2.5,0.0
2,2024-01-31 17:47:06,2024-01-31 18:01:17,2.0,1.01,1.0,N,161,164,1,12.8,2.5,0.5,3.86,0.0,1.0,23.16,2.5,0.0
2,2024-01-24 18:34:47,2024-01-24 18:50:08,1.0,1.51,1.0,N,230,164,1,14.2,2.5,0.5,4.14,0.0,1.0,24.84,2.5,0.0
2,2024-01-19 07:56:21,2024-01-19 08:02:09,2.0,1.19,1.0,N,43,142,1,7.9,0.0,0.5,2.38,0.0,1.0,14.28,2.5,0.0
2,2024-01-12 09:40:58,2024-01-12 09:50:51,1.0,1.37,1.0,N,148,113,2,10.7,0.0,0.5,0.0,0.0,1.0,14.7,2.5,0.0
2,2024-01-25 13:28:37,2024-01-25 13:35:02,1.0,0.57,1.0,N,113,211,1,7.2,0.0,0.5,2.24,0.0,1.0,13.44,2.5,0.0
1,2024-01-16 12:29:59,2024-01-16 12:36:52,1.0,0.9,1.0,N,141,236,1,8.6,2.5,0.5,2.0,0.0,1.0,14.6,2.5,0.0
2,2024-01-10 23:58:29,2024-01-11 00:04:27,1.0,2.55,1.0,N,132,216,1,12.1,1.0,0.5,3.65,0.0,1.0,20.0,0.0,1.75
2,2024-01-24 16:20:11,2024-01-24 16:28:09,1.0,0.3,1.0,N,140,140,1,8.6,2.5,0.5,0.0,0.0,1.0,15.1,2.5,0.0
2,2024-01-12 12:56:43,2024-01-12 12:59:51,1.0,0.44,1.0,N,236,236,1,5.1,0.0,0.5,2.73,0.0,1.0,11.83,2.5,0.0
1,2024-01-19 09:45:04,2024-01-19 09:55:17,1.0,1.6,1.0,N,236,161,1,11.4,2.5,0.5,2.0,0.0,1.0,17.4,2.5,0.0
2,2024-01-20 18:00:41,2024-01-20 18:38:24,2.0,18.88,2.0,N,132,263,1,70.0,0.0,0.5,16.19,6.94,1.0,98.88,2.5,1.75
2,2024-01-15 21:15:00,2024-01-15 21:41:00,,5.66,,,239,148,0,32.16,0.0,0.5,9.04,0.0,1.0,45.2,,
2,2024-01-20 15:27:20,2024-01-20 15:42:32,3.0,2.44,1.0,N,211,246,2,14.9,0.0,0.5,0.0,0.0,1.0,18.9,2.5,0.0
2,2024-01-10 10:13:15,2024-01-10 10:32:12,1.0,6.1,1.0,N,132,197,2,28.9,0.0,0.5,0.0,0.0,1.0,32.15,0.0,1.75
2,2024-01-31 19:27:28,2024-01-31 19:31:07,1.0,0.6,1.0,N,263,141,1,5.8,2.5,0.5,1.23,0.0,1.0,13.53,2.5,0.0
2,2024-01-28 00:16:56,2024-01-28 00:41:13,2.0,2.21,1.0,N,249,148,1,21.2,1.0,0.5,5.24,0.0,1.0,31.44,2.5,0.0
2,2024-01-04 14:28:29,2024-01-04 14:34:58,1.0,0.98,1.0,N,161,237,1,7.9,0.0,0.5,1.19,0.0,1.0,13.09,2.5,0.0
2,2024-01-16 16:16:24,2024-01-16 16:28:05,1.0,0.79,1.0,N,237,141,2,10.7,2.5,0.5,0.0,0.0,1.0,17.2,2.5,0.0
2,2024-01-05 20:42:22,2024-01-05 20:59:03,1.0,3.8,1.0,N,163,166,1,19.1,1.0,0.5,3.0,0.0,1.0,27.1,2.5,0.0
2,2024-01-13 21:52:45,2024-01-13 22:33:20,1.0,19.16,2.0,N,132,114,1,70.0,0.0,0.5,14.8,0.0,1.0,90.55,2.5,1.75
1,2024-01-26 23:56:46,2024-01-27 00:08:13,1.0,1.2,1.0,N,164,68,1,11.4,3.5,0.5,4.05,0.0,1.0,20.45,2.5,0.0
2,2024-01-05 13:50:16,2024-01-05 13:59:01,1.0,1.34,1.0,N,230,142,1,10.0,0.0,0.5,2.0,0.0,1.0,16.0,2.5,0.0
2,2024-01-30 15:27:44,2024-01-30 15:39:19,1.0,1.24,1.0,N,166,166,2,12.1,0.0,0.5,0.0,0.0,1.0,13.6,0.0,0.0
1,2024-01-12 21:12:32,2024-01-12 21:24:14,1.0,1.9,1.0,N,161,236,1,13.5,3.5,0.5,2.5,0.0,1.0,21.0,2.5,0.0
2,2024-01-19 18:07:57,2024-01-19 18:27:40,1.0,3.38,1.0,N,170,263,1,20.5,2.5,0.5,5.0,0.0,1.0,32.0,2.5,0.0
2,2024-01-23 14:40:49,2024-01-23 14:45:51,1.0,0.55,1.0,N,239,238,1,6.5,0.0,0.5,2.0,0.0,1.0,12.5,2.5,0.0
2,2024-01-25 16:58:43,2024-01-25 17:08:48,1.0,0.64,1.0,N,164,230,1,10.0,2.5,0.5,4.12,0.0,1.0,20.62,2.5,0.0
2,2024-01-26 16:37:24,2024-01-26 17:12:41,1.0,7.96,1.0,N,137,181,1,38.7,2.5,0.5,13.56,0.0,1.0,58.76,2.5,0.0
2,2024-01-02 18:01:51,2024-01-02 18:10:38,1.0,1.51,1.0,N,48,143,1,10.0,2.5,0.5,3.0,0.0,1.0,19.5,2.5,0.0
1,2024-01-17 07:22:57,2024-01-17 07:29:08,1.0,0.9,1.0,N,249,234,1,7.2,2.5,0.5,2.75,0.0,1.0,13.95,2.5,0.0
1,2024-01-14 18:08:17,2024-01-14 18:22:03,1.0,0.8,1.0,N,161,100,1,12.8,2.5,0.5,0.0,0.0,1.0,16.8,2.5,0.0
2,2024-01-09 06:56:14,2024-01-09 07:32:10,1.0,13.44,1.0,N,48,138,1,56.9,5.0,0.5,14.57,6.94,1.0,87.41,2.5,0.0
2,2024-01-17 19:00:31,2024-01-17 19:08:12,1.0,0.88,1.0,N,233,230,2,8.6,2.5,0.5,0.0,0.0,1.0,15.1,2.5,0.0
1,2024-01-25 17:38:13,2024-01-25 17:51:41,1.0,2.0,1.0,N,238,237,1,14.2,5.0,0.5,4.1,0.0,1.0,24.8,2.5,0.0
1,2024-01-26 16:58:36,2024-01-26 17:09:14,1.0,0.8,1.0,N,164,161,2,9.3,5.0,0.5,0.0,0.0,1.0,15.8,2.5,0.0
2,2024-01-22 19:40:12,2024-01-22 19:48:09,1.0,1.15,1.0,N,142,237,1,9.3,2.5,0.5,2.37,0.0,1.0,18.17,2.5,0.0
2,2024-01-01 05:19:04,2024-01-01 05:24:29,1.0,2.47,1.0,N,132,132,2,11.4,1.0,0.5,0.0,0.0,1.0,15.65,0.0,1.75
2,2024-01-26 12:15:43,2024-01-26 12:27:11,1.0,1.97,1.0,N,236,142,1,13.5,0.0,0.5,3.5,0.0,1.0,21.0,2.5,0.0
2,2024-01-18 13:05:13,2024-01-18 13:19:47,1.0,1.64,1.0,N,234,161,1,14.2,0.0,0.5,4.55,0.0,1.0,22.75,2.5,0.0
2,2024-01-23 11:03:32,2024-01-23 11:11:01,1.0,1.08,1.0,N,48,246,1,8.6,0.0,0.5,3.15,0.0,1.0,15.75,2.5,0.0
2,2024-01-27 07:38:30,2024-01-27 08:00:14,1.0,8.81,1.0,N,138,234,1,35.9,5.0,0.5,10.72,6.94,1.0,64.31,2.5,1.75
2,2024-01-11 15:27:11,2024-01-11 15:47:45,1.0,2.62,1.0,N,45,186,1,19.8,0.0,0.5,4.76,0.0,1.0,28.56,2.5,0.0
2,2024-01-26 20:54:26,2024-01-26 21:06:48,1.0,1.38,1.0,N,246,100,1,12.8,1.0,0.5,3.56,0.0,1.0,21.36,2.5,0.0
2,2024-01-17 22:12:37,2024-01-17 22:19:58,1.0,0.83,1.0,N,137,107,4,8.6,1.0,0.5,0.0,0.0,1.0,13.6,2.5,0.0
2,2024-01-08 07:48:18,2024-01-08 07:59:33,1.0,2.37,1.0,N,249,161,1,13.5,0.0,0.5,3.5,0.0,1.0,21.0,2.5,0.0
2,2024-01-21 12:18:27,2024-01-21 12:26:14,1.0,1.01,1.0,N,114,113,1,8.6,0.0,0.5,2.52,0.0,1.0,15.12,2.5,0.0
2,2024-01-18 17:02:01,2024-01-18 17:22:18,,4.15,,,88,90,0,25.54,0.0,0.5,0.0,0.0,1.0,29.54,,
2,2024-01-17 10:15:35,2024-01-17 10:24:51,1.0,0.92,1.0,N,230,100,1,10.0,0.0,0.5,2.8,0.0,1.0,16.8,2.5,0.0
2,2024-01-13 22:46:53,2024-01-13 22:55:30,1.0,1.45,1.0,N,249,231,1,10.0,1.0,0.5,0.0,0.0,1.0,15.0,2.5,0.0
2,2024-01-03 09:20:35,2024-01-03 09:24:32,1.0,0.5,1.0,N,236,236,2,5.8,0.0,0.5,0.0,0.0,1.0,9.8,2.5,0.0
2,2024-01-22 20:59:05,2024-01-22 21:38:13,3.0,21.56,2.0,N,132,20,1,70.0,0.0,0.5,5.0,6.94,1.0,85.19,0.0,1.75
2,2024-01-08 10:48:10,2024-01-08 10:59:11,1.0,2.0,1.0,N,237,170,1,12.8,0.0,0.5,2.0,0.0,1.0,18.8,2.5,0.0
2,2024-01-14 00:50:35,2024-01-14 00:57:07,1.0,1.18,1.0,N,114,234,1,8.6,1.0,0.5,2.72,0.0,1.0,16.32,2.5,0.0
1,2024-01-09 19:20:03,2024-01-09 19:34:37,,1.8,,,163,186,0,13.5,2.5,0.5,4.0,0.0,1.0,24.0,,
1,2024-01-03 07:01:11,2024-01-03 07:15:57,1.0,1.7,1.0,N,100,237,1,12.8,2.5,0.5,2.0,0.0,1.0,18.8,2.5,0.0
2,2024-01-27 12:35:41,2024-01-27 13:01:23,1.0,4.06,1.0,N,234,239,1,24.7,0.0,0.5,0.0,0.0,1.0,28.7,2.5,0.0
2,2024-01-28 17:10:13,2024-01-28 17:34:46,1.0,4.14,1.0,N,161,179,1,24.0,0.0,0.5,5.6,0.0,1.0,33.6,2.5,0.0
2,2024-01-26 16:09:56,2024-01-26 16:40:25,1.0,3.47,1.0,N,186,148,2,26.1,2.5,0.5,0.0,0.0,1.0,32.6,2.5,0.0
2,2024-01-13 13:18:51,2024-01-13 13:25:47,1.0,0.77,1.0,N,170,161,1,7.9,0.0,0.5,2.38,0.0,1.0,14.28,2.5,0.0
1,2024-01-21 15:12:41,2024-01-21 15:22:35,1.0,1.7,1.0,N,107,170,1,10.7,2.5,0.5,3.7,0.0,1.0,18.4,2.5,0.0
2,2024-01-01 13:40:56,2024-01-01 13:52:18,2.0,2.66,1.0,N,224,231,1,14.9,0.0,0.5,3.78,0.0,1.0,22.68,2.5,0.0
2,2024-01-12 06:42:05,2024-01-12 06:49:57,1.0,2.15,1.0,N,144,65,1,12.1,0.0,0.5,2.0,0.0,1.0,18.1,2.5,0.0
2,2024-01-21 14:35:25,2024-01-21 14:50:33,1.0,2.21,1.0,N,107,114,2,15.6,0.0,0.5,0.0,0.0,1.0,19.6,2.5,0.0
2,2024-01-14 23:05:25,2024-01-14 23:15:18,1.0,1.15,1.0,N,230,234,1,10.7,1.0,0.5,3.92,0.0,1.0,19.62,2.5,0.0
1,2024-01-24 13:13:07,2024-01-24 13:18:14,1.0,0.5,1.0,N,164,233,1,5.1,2.5,0.5,3.0,0.0,1.0,12.1,2.5,0.0
2,2024-01-17 21:05:42,2024-01-17 21:18:21,,2.15,,,170,79,0,15.86,0.0,0.5,0.0,0.0,1.0,19.86,,
2,2024-01-23 08:42:20,2024-01-23 08:48:36,1.0,2.09,1.0,N,151,152,1,11.4,0.0,0.5,2.58,0.0,1.0,15.48,0.0,0.0
2,2024-01-02 16:53:37,2024-01-02 17:00:47,1.0,1.08,1.0,N,170,107,1,8.6,2.5,0.5,2.0,0.0,1.0,17.1,2.5,0.0
2,2024-01-22 20:06:37,2024-01-22 20:12:40,3.0,1.4,1.0,N,161,137,1,8.6,1.0,0.5,2.72,0.0,1.0,16.32,2.5,0.0
2,2024-01-29 16:42:54,2024-01-29 16:56:05,1.0,1.64,1.0,N,162,140,1,12.8,2.5,0.5,3.86,0.0,1.0,23.16,2.5,0.0
1,2024-01-12 22:44:44,2024-01-12 23:05:41,1.0,2.5,1.0,N,186,148,1,17.0,3.5,0.5,4.4,0.0,1.0,26.4,2.5,0.0
1,2024-01-13 20:12:17,2024-01-13 20:22:20,1.0,1.5,1.0,N,164,249,1,10.7,3.5,0.5,3.1,0.0,1.0,18.8,2.5,0.0
2,2024-01-28 11:52:55,2024-01-28 11:54:44,1.0,0.49,1.0,N,125,114,1,4.4,0.0,0.5,1.68,0.0,1.0,10.08,2.5,0.0
1,2024-01-02 09:50:18,2024-01-02 10:08:37,1.0,3.0,1.0,N,229,226,2,19.8,2.5,0.5,0.0,0.0,1.0,23.8,2.5,0.0
2,2024-01-16 21:26:28,2024-01-16 21:31:54,1.0,0.68,1.0,N,161,43,2,7.2,1.0,0.5,0.0,0.0,1.0,12.2,2.5,0.0
2,2024-01-03 12:31:31,2024-01-03 12:42:27,1.0,1.91,1.0,N,237,239,1,12.8,0.0,0.5,3.36,0.0,1.0,20.16,2.5,0.0
2,2024-01-18 10:46:18,2024-01-18 10:46:35,1.0,0.0,1.0,N,264,264,3,3.0,0.0,0.5,0.0,0.0,1.0,7.0,2.5,0.0
2,2024-01-03 18:33:53,2024-01-03 18:39:21,1.0,0.68,1.0,N,162,162,1,7.2,2.5,0.5,2.74,0.0,1.0,16.44,2.5,0.0
1,2024-01-02 20:37:17,2024-01-02 20:47:37,1.0,2.3,1.0,N,48,158,1,12.1,3.5,0.5,3.4,0.0,1.0,20.5,2.5,0.0
1,2024-01-24 12:44:50,2024-01-24 13:03:37,1.0,1.2,1.0,N,229,236,2,12.8,2.5,0.5,0.0,0.0,1.0,16.8,2.5,0.0
1,2024-01-21 12:05:43,2024-01-21 12:13:27,0.0,1.1,1.0,N,161,100,2,9.3,2.5,0.5,0.0,0.0,1.0,13.3,2.5,0.0
2,2024-01-26 15:25:17,2024-01-26 15:33:26,1.0,1.09,1.0,N,236,141,1,10.0,0.0,0.5,1.4,0.0,1.0,15.4,2.5,0.0
2,2024-01-20 15:43:00,2024-01-20 16:00:34,2.0,2.59,1.0,N,239,262,1,17.7,0.0,0.5,3.26,0.0,1.0,24.96,2.5,0.0
2,2024-01-19 08:01:00,2024-01-19 08:32:51,,8.89,,,166,261,0,40.56,0.0,0.5,8.91,0.0,1.0,53.47,,
2,2024-01-13 18:27:28,2024-01-13 18:35:22,1.0,0.87,1.0,N,239,142,2,8.6,0.0,0.5,0.0,0.0,1.0,12.6,2.5,0.0
1,2024-01-26 19:06:41,2024-01-26 19:21:25,1.0,2.6,1.0,N,161,263,1,16.3,5.0,0.5,4.55,0.0,1.0,27.35,2.5,0.0
2,2024-01-10 11:03:20,2024-01-10 11:07:22,2.0,0.94,1.0,N,170,107,2,6.5,0.0,0.5,0.0,0.0,1.0,10.5,2.5,0.0
2,2024-01-31 17:00:04,2024-01-31 17:21:45,1.0,1.89,1.0,N,137,48,2,18.4,2.5,0.5,0.0,0.0,1.0,24.9,2.5,0.0
2,2024-01-20 16:55:46,2024-01-20 17:07:51,1.0,2.18,1.0,N,79,229,1,13.5,0.0,0.5,3.5,0.0,1.0,21.0,2.5,0.0
2,2024-01-17 19:33:11,2024-01-17 19:52:07,1.0,3.58,1.0,N,140,90,1,21.2,2.5,0.5,5.54,0.0,1.0,33.24,2.5,0.0
2,2024-01-25 12:08:13,2024-01-25 12:33:00,1.0,2.54,1.0,N,239,161,1,21.9,0.0,0.5,3.0,0.0,1.0,28.9,2.5,0.0
2,2024-01-23 14:18:48,2024-01-23 14:21:09,1.0,0.33,1.0,N,140,140,1,4.4,0.0,0.5,1.68,0.0,1.0,10.08,2.5,0.0
2,2024-01-28 12:58:55,2024-01-28 13:02:27,3.0,0.63,1.0,N,237,236,1,5.8,0.0,0.5,1.0,0.0,1.0,10.8,2.5,0.0
2,2024-01-10 07:49:32,2024-01-10 08:07:28,,3.92,,,263,116,0,21.65,0.0,0.5,0.0,0.0,1.0,25.65,,
2,2024-01-31 23:35:33,2024-01-31 23:38:34,2.0,0.92,1.0,N,142,238,1,6.5,1.0,0.5,3.45,0.0,1.0,14.95,2.5,0.0
2,2024-01-09 12:56:30,2024-01-09 13:12:45,1.0,1.51,1.0,N,170,163,1,15.6,0.0,0.5,3.92,0.0,1.0,23.52,2.5,0.0
2,2024-01-27 17:02:21,2024-01-27 17:12:06,4.0,1.43,1.0,N,142,230,2,10.7,0.0,0.5,0.0,0.0,1.0,14.7,2.5,0.0
2,2024-01-24 07:23:15,2024-01-24 08:15:18,2.0,19.76,2.0,N,237,132,1,70.0,0.0,0.5,20.23,6.94,1.0,101.17,2.5,0.0
2,2024-01-25 12:27:48,2024-01-25 12:57:07,1.0,7.95,1.0,N,166,13,1,39.4,0.0,0.5,8.68,0.0,1.0,52.08,2.5,0.0
2,2024-01-31 17:49:42,2024-01-31 18:17:27,1.0,2.25,1.0,N,237,164,1,23.3,2.5,0.5,5.96,0.0,1.0,35.76,2.5,0.0
2,2024-01-10 16:15:07,2024-01-10 16:27:13,1.0,1.74,1.0,N,234,144,1,12.1,2.5,0.5,2.0,0.0,1.0,20.6,2.5,0.0
2,2024-01-01 07:38:30,2024-01-01 08:01:46,1.0,10.88,1.0,N,249,179,2,44.3,0.0,0.5,0.0,0.0,1.0,48.3,2.5,0.0
2,2024-01-04 11:23:13,2024-01-04 11:30:34,1.0,1.13,1.0,N,140,236,2,9.3,0.0,0.5,0.0,0.0,1.0,13.3,2.5,0.0
2,2024-01-10 18:25:32,2024-01-10 18:35:58,2.0,1.17,1.0,N,163,141,1,10.7,2.5,0.5,3.44,0.0,1.0,20.64,2.5,0.0
1,2024-01-09 09:12:57,2024-01-09 09:22:40,1.0,1.5,99.0,N,71,71,1,17.5,0.0,0.5,0.0,0.0,1.0,19.0,0.0,0.0
2,2024-01-29 07:49:56,2024-01-29 07:59:32,1.0,1.77,1.0,N,233,163,2,11.4,0.0,0.5,0.0,0.0,1.0,15.4,2.5,0.0
2,2024-01-13 13:31:16,2024-01-13 13:44:19,2.0,1.53,1.0,N,68,90,1,12.8,0.0,0.5,5.04,0.0,1.0,21.84,2.5,0.0
2,2024-01-23 19:50:05,2024-01-23 20:13:05,1.0,2.55,1.0,N,237,186,1,20.5,2.5,0.5,5.4,0.0,1.0,32.4,2.5,0.0
1,2024-01-23 16:58:18,2024-01-23 17:17:25,1.0,1.6,1.0,N,230,236,1,15.6,5.0,0.5,5.55,0.0,1.0,27.65,2.5,0.0
2,2024-01-22 18:02:47,2024-01-22 18:20:33,1.0,4.89,1.0,N,138,53,2,21.9,7.5,0.5,0.0,0.0,1.0,32.65,0.0,1.75
1,2024-01-29 04:21:56,2024-01-29 04:25:45,1.0,1.5,1.0,N,164,90,1,7.9,3.5,0.5,3.0,0.0,1.0,15.9,2.5,0.0
2,2024-01-05 18:01:57,2024-01-05 18:20:05,1.0,2.54,1.0,N,143,170,1,17.7,2.5,0.5,6.05,0.0,1.0,30.25,2.5,0.0
2,2024-01-25 18:37:46,2024-01-25 18:43:32,1.0,0.86,1.0,N,237,237,1,7.9,2.5,0.5,2.88,0.0,1.0,17.28,2.5,0.0
2,2024-01-18 10:56:51,2024-01-18 11:07:28,1.0,0.51,1.0,N,162,233,1,10.7,0.0,0.5,0.0,0.0,1.0,14.7,2.5,0.0
2,2024-01-04 19:13:56,2024-01-04 19:26:45,3.0,2.12,1.0,N,163,238,1,14.2,2.5,0.5,4.14,0.0,1.0,24.84,2.5,0.0
2,2024-01-29 11:00:21,2024-01-29 11:07:35,1.0,1.02,1.0,N,237,161,1,8.6,0.0,0.5,2.52,0.0,1.0,15.12,2.5,0.0
2,2024-01-09 19:03:24,2024-01-09 19:41:12,1.0,19.0,1.0,N,132,33,1,71.6,2.5,0.5,15.12,0.0,1.0,90.72,0.0,0.0
1,2024-01-01 02:53:44,2024-01-01 03:22:43,1.0,4.4,1.0,N,163,148,1,26.1,3.5,0.5,6.2,0.0,1.0,37.3,2.5,0.0
1,2024-01-09 16:56:49,2024-01-09 17:12:44,1.0,1.9,1.0,N,90,161,1,12.8,5.0,0.5,3.85,0.0,1.0,23.15,2.5,0.0
2,2024-01-11 22:40:12,2024-01-11 22:51:06,1.0,3.07,1.0,N,142,166,1,14.9,1.0,0.5,4.98,0.0,1.0,24.88,2.5,0.0
2,2024-01-29 19:25:20,2024-01-29 19:57:22,1.0,6.59,1.0,N,68,61,1,34.5,2.5,0.5,8.2,0.0,1.0,49.2,2.5,0.0
2,2024-01-11 19:25:58,2024-01-11 19:31:50,2.0,0.55,1.0,N,90,186,1,7.2,2.5,0.5,2.74,0.0,1.0,16.44,2.5,0.0
2,2024-01-05 22:16:25,2024-01-05 22:30:02,1.0,2.97,1.0,N,161,75,1,16.3,1.0,0.5,4.26,0.0,1.0,25.56,2.5,0.0
2,2024-01-14 13:34:54,2024-01-14 13:44:05,1.0,2.29,1.0,N,142,166,1,12.8,0.0,0.5,4.2,0.0,1.0,21.0,2.5,0.0
2,2024-01-04 17:33:35,2024-01-04 17:47:10,1.0,1.7,1.0,N,24,239,4,14.2,2.5,0.5,0.0,0.0,1.0,20.7,2.5,0.0
1,2024-01-07 08:58:10,2024-01-07 09:06:05,1.0,1.6,1.0,N,238,143,1,9.3,2.5,0.5,2.65,0.0,1.0,15.95,2.5,0.0
2,2024-01-01 21:14:03,2024-01-01 21:25:28,1.0,0.99,1.0,N,68,161,1,11.4,1.0,0.5,3.28,0.0,1.0,19.68,2.5,0.0
2,2024-01-22 22:53:03,2024-01-22 23:18:57,2.0,10.63,1.0,N,138,239,1,43.6,6.0,0.5,18.69,6.94,1.0,80.98,2.5,1.75
2,2024-01-29 14:53:47,2024-01-29 15:05:44,1.0,1.52,1.0,N,162,234,1,12.8,0.0,0.5,3.36,0.0,1.0,20.16,2.5,0.0
2,2024-01-24 15:00:47,2024-01-24 15:30:54,2.0,10.5,1.0,N,233,138,1,42.2,5.0,0.5,11.63,6.94,1.0,69.77,2.5,0.0
2,2024-01-15 17:33:38,2024-01-15 17:36:59,1.0,0.91,1.0,N,239,238,1,6.5,0.0,0.5,2.62,0.0,1.0,13.12,2.5,0.0
1,2024-01-23 19:06:16,2024-01-23 19:17:17,1.0,2.4,1.0,N,161,236,1,13.5,5.0,0.5,0.0,0.0,1.0,20.0,2.5,0.0
2,2024-01-18 10:23:05,2024-01-18 10:36:59,1.0,1.77,1.0,N,234,163,1,14.2,0.0,0.5,2.73,0.0,1.0,20.93,2.5,0.0
1,2024-01-27 19:39:43,2024-01-27 20:06:54,4.0,3.8,1.0,N,249,237,1,25.4,2.5,0.5,2.0,0.0,1.0,31.4,2.5,0.0
2,2024-01-24 11:47:31,2024-01-24 12:00:44,2.0,2.21,1.0,N,238,161,1,14.2,0.0,0.5,5.46,0.0,1.0,23.66,2.5,0.0
2,2024-01-04 19:26:51,2024-01-04 19:42:24,1.0,2.58,1.0,N,186,231,1,15.6,2.5,0.5,4.42,0.0,1.0,26.52,2.5,0.0
2,2024-01-07 12:20:32,2024-01-07 12:47:40,3.0,16.49,2.0,N,100,132,2,70.0,0.0,0.5,0.0,6.94,1.0,83.44,2.5,0.0
2,2024-01-03 21:13:21,2024-01-03 21:19:07,1.0,0.84,1.0,N,230,186,1,7.2,1.0,0.5,2.44,0.0,1.0,14.64,2.5,0.0
1,2024-01-04 14:43:15,2024-01-04 14:43:50,1.0,0.1,1.0,N,166,166,1,3.0,0.0,0.5,0.0,0.0,1.0,4.5,0.0,0.0
2,2024-01-11 13:40:25,2024-01-11 14:06:41,1.0,5.76,1.0,N,100,87,1,30.3,0.0,0.5,6.86,0.0,1.0,41.16,2.5,0.0
2,2024-01-08 21:52:42,2024-01-08 22:29:49,2.0,22.51,2.0,N,132,125,1,70.0,0.0,0.5,14.8,0.0,1.0,90.55,2.5,1.75
2,2024-01-09 18:14:06,2024-01-09 18:19:41,1.0,1.35,1.0,N,132,132,3,7.9,2.5,0.5,0.0,0.0,1.0,11.9,0.0,0.0
2,2024-01-29 17:28:35,2024-01-29 18:00:09,1.0,8.5,1.0,N,140,127,1,39.4,2.5,0.5,9.18,0.0,1.0,55.08,2.5,0.0
2,2024-01-23 17:31:07,2024-01-23 17:41:35,1.0,1.66,1.0,N,142,246,1,12.1,2.5,0.5,2.79,0.0,1.0,21.39,2.5,0.0
2,2024-01-22 18:28:48,2024-01-22 18:42:05,2.0,1.66,1.0,N,249,4,1,12.1,2.5,0.5,3.72,0.0,1.0,22.32,2.5,0.0
1,2024-01-13 19:38:14,2024-01-13 20:04:03,1.0,4.8,1.0,Y,79,239,1,26.8,2.5,0.5,2.0,0.0,1.0,32.8,2.5,0.0
1,2024-01-18 18:11:14,2024-01-18 18:30:30,1.0,2.8,1.0,N,162,238,1,17.7,5.0,0.5,4.85,0.0,1.0,29.05,2.5,0.0
2,2024-01-03 10:41:11,2024-01-03 10:46:02,2.0,0.85,1.0,N,170,107,1,7.2,0.0,0.5,1.0,0.0,1.0,12.2,2.5,0.0
2,2024-01-05 22:14:35,2024-01-05 22:31:32,1.0,6.76,1.0,N,162,33,1,28.9,1.0,0.5,6.78,0.0,1.0,40.68,2.5,0.0
2,2024-01-08 18:18:56,2024-01-08 19:01:11,1.0,18.58,2.0,N,238,132,1,70.0,5.0,0.5,17.19,6.94,1.0,103.13,2.5,0.0
2,2024-01-09 08:01:02,2024-01-09 08:09:35,1.0,1.35,1.0,N,162,107,1,10.0,0.0,0.5,3.5,0.0,1.0,17.5,2.5,0.0
2,2024-01-10 19:13:31,2024-01-10 19:21:22,2.0,1.5,1.0,N,161,234,1,10.0,2.5,0.5,3.0,0.0,1.0,19.5,2.5,0.0
2,2024-01-03 19:05:06,2024-01-03 19:15:04,1.0,1.85,1.0,N,170,4,1,12.1,2.5,0.5,5.58,0.0,1.0,24.18,2.5,0.0
2,2024-01-14 20:06:58,2024-01-14 20:40:57,1.0,5.4,1.0,N,249,190,2,32.4,1.0,0.5,0.0,0.0,1.0,37.4,2.5,0.0
1,2024-01-04 13:12:38,2024-01-04 13:48:19,1.0,24.7,4.0,N,70,265,1,131.1,6.75,0.5,0.0,0.0,1.0,139.35,0.0,1.75
1,2024-01-05 18:29:34,2024-01-05 18:32:05,1.0,0.3,1.0,N,100,186,1,4.4,5.0,0.5,2.0,0.0,1.0,12.9,2.5,0.0
2,2024-01-30 12:31:53,2024-01-30 12:34:42,1.0,0.55,1.0,N,148,79,2,-5.1,0.0,-0.5,0.0,0.0,-1.0,-9.1,-2.5,0.0
2,2024-01-04 11:02:24,2024-01-04 11:25:18,1.0,3.51,1.0,N,151,162,1,23.3,0.0,0.5,5.46,0.0,1.0,32.76,2.5,0.0
2,2024-01-04 18:51:49,2024-01-04 18:58:03,1.0,0.55,1.0,N,143,142,2,7.2,2.5,0.5,0.0,0.0,1.0,13.7,2.5,0.0
2,2024-01-01 13:57:41,2024-01-01 14:11:52,3.0,2.77,1.0,N,249,162,1,15.6,0.0,0.5,2.5,0.0,1.0,22.1,2.5,0.0
2,2024-01-27 13:39:24,2024-01-27 14:01:29,1.0,3.17,1.0,N,79,163,1,21.9,0.0,0.5,1.3,0.0,1.0,27.2,2.5,0.0
2,2024-01-23 21:57:25,2024-01-23 22:19:09,1.0,9.74,1.0,N,138,68,1,40.1,6.0,0.5,17.64,6.94,1.0,76.43,2.5,1.75
2,2024-01-20 01:53:38,2024-01-20 02:14:18,1.0,5.33,1.0,N,48,179,1,25.4,1.0,0.5,8.0,0.0,1.0,38.4,2.5,0.0
2,2024-01-14 16:59:11,2024-01-14 17:45:17,1.0,16.1,2.0,N,132,229,1,70.0,0.0,0.5,12.0,0.0,1.0,86.0,2.5,0.0
2,2024-01-16 15:35:56,2024-01-16 15:53:54,2.0,2.19,1.0,N,141,143,1,17.7,0.0,0.5,4.5,0.0,1.0,26.2,2.5,0.0
2,2024-01-17 08:29:05,2024-01-17 08:44:43,1.0,4.91,1.0,N,140,114,2,23.3,0.0,0.5,0.0,0.0,1.0,27.3,2.5,0.0
2,2024-01-15 21:33:26,2024-01-15 21:42:49,2.0,1.59,1.0,N,114,107,1,11.4,1.0,0.5,2.46,0.0,1.0,18.86,2.5,0.0
2,2024-01-18 22:49:43,2024-01-18 23:07:02,1.0,3.96,1.0,N,125,229,1,20.5,1.0,0.5,5.1,0.0,1.0,30.6,2.5,0.0
2,2024-01-09 16:59:50,2024-01-09 17:07:57,1.0,1.06,1.0,N,163,230,2,9.3,2.5,0.5,0.0,0.0,1.0,15.8,2.5,0.0
1,2024-01-08 13:59:46,2024-01-08 14:19:56,2.0,6.1,1.0,N,231,230,3,27.5,2.5,0.5,0.0,0.0,1.0,31.5,2.5,0.0
2,2024-01-06 19:47:40,2024-01-06 19:52:09,1.0,0.6,1.0,N,249,90,1,6.5,0.0,0.5,2.1,0.0,1.0,12.6,2.5,0.0
2,2024-01-28 03:13:01,2024-01-28 03:24:24,1.0,2.14,1.0,N,137,144,1,12.8,1.0,0.5,3.56,0.0,1.0,21.36,2.5,0.0
1,2024-01-21 17:44:11,2024-01-21 17:53:38,1.0,0.7,1.0,N,230,186,1,7.9,5.0,0.5,2.0,0.0,1.0,16.4,2.5,0.0
2,2024-01-02 12:25:30,2024-01-02 12:46:58,1.0,1.23,1.0,N,100,162,2,18.4,0.0,0.5,0.0,0.0,1.0,24.9,2.5,0.0
2,2024-01-04 17:29:03,2024-01-04 17:38:22,1.0,1.26,1.0,N,68,113,1,10.0,2.5,0.5,3.3,0.0,1.0,19.8,2.5,0.0
2,2024-01-29 15:10:37,2024-01-29 15:54:27,1.0,10.58,1.0,N,70,164,1,49.2,5.0,0.5,13.03,6.94,1.0,79.92,2.5,1.75
1,2024-01-10 15:01:41,2024-01-10 15:10:05,1.0,0.7,1.0,N,237,263,1,8.6,2.5,0.5,1.75,0.0,1.0,14.35,2.5,0.0
2,2024-01-07 13:00:02,2024-01-07 13:26:52,1.0,9.69,1.0,N,237,138,1,42.2,5.0,0.5,11.63,6.94,1.0,69.77,2.5,0.0
2,2024-01-12 18:16:58,2024-01-12 18:28:30,1.0,2.35,1.0,N,143,236,1,13.5,2.5,0.5,0.0,0.0,1.0,20.0,2.5,0.0
1,2024-01-08 11:17:06,2024-01-08 11:27:43,0.0,1.8,1.0,N,43,238,1,12.8,2.5,0.5,3.35,0.0,1.0,20.15,2.5,0.0
2,2024-01-07 17:31:31,2024-01-07 17:35:07,1.0,0.86,1.0,N,141,140,1,6.5,0.0,0.5,2.1,0.0,1.0,12.6,2.5,0.0
2,2024-01-15 16:54:33,2024-01-15 17:42:29,2.0,17.98,2.0,N,132,230,2,70.0,0.0,0.5,0.0,6.94,1.0,82.69,2.5,1.75
2,2024-01-19 10:46:16,2024-01-19 10:58:58,1.0,1.37,1.0,N,163,141,4,12.1,0.0,0.5,0.0,0.0,1.0,16.1,2.5,0.0
1,2024-01-28 10:30:48,2024-01-28 10:33:43,1.0,0.7,1.0,N,236,236,1,5.8,3.5,0.5,1.08,0.0,1.0,11.88,2.5,0.0
2,2024-01-24 22:18:20,2024-01-24 22:25:17,3.0,1.18,1.0,N,90,161,1,8.6,1.0,0.5,2.72,0.0,1.0,16.32,2.5,0.0
2,2024-01-23 10:49:23,2024-01-23 11:16:43,1.0,3.05,1.0,N,141,68,1,24.0,0.0,0.5,5.6,0.0,1.0,33.6,2.5,0.0
2,2024-01-29 08:05:46,2024-01-29 08:46:21,1.0,10.9,1.0,N,142,138,1,54.8,5.0,0.5,14.15,6.94,1.0,84.89,2.5,0.0
2,2024-01-23 00:02:53,2024-01-23 00:11:30,1.0,1.84,1.0,N,230,239,1,11.4,1.0,0.5,3.28,0.0,1.0,19.68,2.5,0.0
2,2024-01-18 14:39:56,2024-01-18 14:43:36,1.0,0.41,1.0,N,237,237,1,5.1,0.0,0.5,1.82,0.0,1.0,10.92,2.5,0.0
2,2024-01-19 15:44:41,2024-01-19 15:57:04,3.0,1.34,1.0,N,186,50,1,12.1,0.0,0.5,3.22,0.0,1.0,19.32,2.5,0.0
2,2024-01-14 23:12:02,2024-01-14 23:27:21,1.0,2.13,1.0,N,161,100,1,15.6,1.0,0.5,4.12,0.0,1.0,24.72,2.5,0.0
2,2024-01-28 10:22:52,2024-01-28 10:30:22,3.0,1.69,1.0,N,151,142,1,10.0,0.0,0.5,3.5,0.0,1.0,17.5,2.5,0.0
2,2024-01-08 11:09:25,2024-01-08 11:13:26,1.0,0.82,1.0,N,164,161,1,6.5,0.0,0.5,2.1,0.0,1.0,12.6,2.5,0.0
2,2024-01-05 23:22:48,2024-01-05 23:34:23,1.0,2.11,1.0,N,249,107,1,12.8,1.0,0.5,3.56,0.0,1.0,21.36,2.5,0.0
2,2024-01-26 08:27:53,2024-01-26 08:37:02,1.0,0.84,1.0,N,164,186,1,10.0,0.0,0.5,2.8,0.0,1.0,16.8,2.5,0.0
2,2024-01-23 20:49:15,2024-01-23 20:59:51,1.0,2.26,1.0,N,163,236,1,12.8,1.0,0.5,3.56,0.0,1.0,21.36,2.5,0.0
2,2024-01-08 21:08:25,2024-01-08 21:20:35,1.0,8.19,1.0,N,138,262,1,31.7,6.0,0.5,9.73,6.94,1.0,60.12,2.5,1.75
1,2024-01-13 02:09:04,2024-01-13 02:30:48,3.0,5.4,1.0,N,144,239,1,26.1,3.5,0.5,6.2,0.0,1.0,37.3,2.5,0.0
2,2024-01-31 08:15:21,2024-01-31 08:29:24,1.0,2.25,1.0,N,237,170,1,14.9,0.0,0.5,3.0,0.0,1.0,21.9,2.5,0.0
2,2024-01-25 14:46:58,2024-01-25 15:06:41,1.0,2.69,1.0,N,161,79,1,19.1,0.0,0.5,4.62,0.0,1.0,27.72,2.5,0.0
2,2024-01-22 22:24:09,2024-01-22 22:44:07,1.0,7.33,1.0,N,161,129,1,32.4,1.0,0.5,5.0,6.94,1.0,49.34,2.5,0.0
1,2024-01-12 14:08:42,2024-01-12 14:33:48,1.0,3.4,1.0,N,236,164,1,23.3,2.5,0.5,5.45,0.0,1.0,32.75,2.5,0.0
2,2024-01-27 14:45:21,2024-01-27 15:46:08,2.0,11.88,1.0,N,138,181,2,66.0,5.0,0.5,0.0,0.0,1.0,74.25,0.0,1.75
1,2024-01-05 12:20:29,2024-01-05 12:27:48,1.0,1.0,1.0,N,234,249,1,7.9,2.5,0.5,2.95,0.0,1.0,14.85,2.5,0.0
2,2024-01-01 16:56:54,2024-01-01 17:01:27,1.0,0.68,1.0,N,141,263,1,6.5,0.0,0.5,2.0,0.0,1.0,12.5,2.5,0.0
2,2024-01-08 09:55:30,2024-01-08 10:10:47,3.0,1.15,1.0,N,161,237,2,14.2,0.0,0.5,0.0,0.0,1.0,18.2,2.5,0.0
1,2024-01-09 09:06:19,2024-01-09 09:09:32,1.0,0.8,1.0,N,237,162,1,5.8,2.5,0.5,1.0,0.0,1.0,10.8,2.5,0.0
2,2024-01-06 09:53:12,2024-01-06 10:17:52,2.0,11.1,1.0,N,161,138,1,46.4,5.0,0.5,12.47,6.94,1.0,74.81,2.5,0.0
2,2024-01-24 17:02:03,2024-01-24 17:17:40,1.0,2.12,1.0,N,141,229,1,15.6,2.5,0.5,4.42,0.0,1.0,26.52,2.5,0.0
2,2024-01-17 13:08:58,2024-01-17 13:43:33,1.0,10.1,1.0,N,70,239,1,45.7,5.0,0.5,9.51,6.94,1.0,72.9,2.5,1.75
2,2024-01-13 17:41:57,2024-01-13 17:53:58,1.0,1.7,1.0,N,162,234,1,12.1,0.0,0.5,3.22,0.0,1.0,19.32,2.5,0.0
1,2024-01-18 12:57:58,2024-01-18 13:00:44,1.0,0.2,1.0,N,236,236,1,4.4,2.5,0.5,1.0,0.0,1.0,9.4,2.5,0.0
2,2024-01-20 15:19:40,2024-01-20 15:47:18,1.0,2.76,1.0,N,261,68,1,24.7,0.0,0.5,3.0,0.0,1.0,31.7,2.5,0.0
1,2024-01-22 19:10:11,2024-01-22 19:20:19,1.0,1.5,1.0,N,233,164,1,10.7,5.0,0.5,3.4,0.0,1.0,20.6,2.5,0.0
1,2024-01-07 19:30:33,2024-01-07 19:37:23,0.0,0.6,1.0,N,162,48,1,7.2,2.5,0.5,2.2,0.0,1.0,13.4,2.5,0.0
2,2024-01-16 17:34:54,2024-01-16 18:29:54,1.0,18.99,2.0,N,132,231,1,70.0,5.0,0.5,15.0,0.0,1.0,95.75,2.5,1.75
2,2024-01-09 22:16:16,2024-01-09 22:24:43,1.0,4.66,1.0,N,132,203,2,19.1,1.0,0.5,0.0,0.0,1.0,23.35,0.0,1.75
2,2024-01-11 17:36:50,2024-01-11 17:59:48,1.0,3.57,1.0,N,161,4,1,22.6,2.5,0.5,5.82,0.0,1.0,34.92,2.5,0.0
2,2024-01-21 00:20:42,2024-01-21 00:31:03,1.0,1.38,1.0,N,79,249,1,11.4,1.0,0.5,2.0,0.0,1.0,18.4,2.5,0.0
1,2024-01-17 20:46:19,2024-01-17 20:56:42,1.0,2.2,1.0,N,162,236,1,12.8,3.5,0.5,2.67,0.0,1.0,20.47,2.5,0.0
2,2024-01-31 15:03:19,2024-01-31 15:05:47,1.0,0.23,1.0,N,238,238,1,4.4,0.0,0.5,2.1,0.0,1.0,10.5,2.5,0.0
2,2024-01-09 21:39:13,2024-01-09 21:45:23,,1.35,,,246,48,0,11.74,0.0,0.5,1.0,0.0,1.0,16.74,,
1,2024-01-24 13:22:41,2024-01-24 13:35:46,1.0,1.5,1.0,N,170,141,1,13.5,2.5,0.5,3.5,0.0,1.0,21.0,2.5,0.0
1,2024-01-20 21:44:50,2024-01-20 21:54:47,1.0,2.1,1.0,N,142,68,1,11.4,3.5,0.5,3.3,0.0,1.0,19.7,2.5,0.0
1,2024-01-14 17:13:34,2024-01-14 17:54:11,1.0,10.6,1.0,N,230,138,1,52.7,7.5,0.5,0.0,6.94,1.0,68.64,2.5,0.0
2,2024-01-16 14:13:09,2024-01-16 14:23:02,1.0,1.54,1.0,N,238,236,1,11.4,0.0,0.5,3.08,0.0,1.0,18.48,2.5,0.0
1,2024-01-05 15:53:11,2024-01-05 16:13:19,1.0,3.1,1.0,N,143,246,1,21.2,5.0,0.5,5.5,0.0,1.0,33.2,2.5,0.0
1,2024-01-28 16:23:42,2024-01-28 16:28:50,1.0,0.7,1.0,N,238,238,1,7.2,2.5,0.5,1.0,0.0,1.0,12.2,2.5,0.0
1,2024-01-27 20:22:29,2024-01-27 20:45:51,1.0,4.2,1.0,N,90,239,1,21.9,3.5,0.5,8.05,0.0,1.0,34.95,2.5,0.0
2,2024-01-10 04:14:06,2024-01-10 04:23:08,,1.72,,,79,45,0,13.6,0.0,0.5,0.0,0.0,1.0,17.6,,
2,2024-01-20 14:17:14,2024-01-20 14:36:18,1.0,3.09,1.0,N,230,140,1,19.8,0.0,0.5,4.76,0.0,1.0,28.56,2.5,0.0
2,2024-01-04 19:55:20,2024-01-04 20:08:05,1.0,1.83,1.0,N,238,43,1,12.8,2.5,0.5,3.86,0.0,1.0,23.16,2.5,0.0
2,2024-01-23 21:07:55,2024-01-23 21:19:19,2.0,2.34,1.0,N,141,238,1,13.5,1.0,0.5,4.62,0.0,1.0,23.12,2.5,0.0
2,2024-01-04 18:01:43,2024-01-04 18:07:00,1.0,1.06,1.0,N,170,107,2,7.9,2.5,0.5,0.0,0.0,1.0,14.4,2.5,0.0
2,2024-01-04 22:04:52,2024-01-04 22:11:42,1.0,1.07,1.0,N,48,142,1,8.6,1.0,0.5,2.72,0.0,1.0,16.32,2.5,0.0
2,2024-01-31 16:29:03,2024-01-31 16:42:27,1.0,1.42,1.0,N,48,170,1,12.8,2.5,0.5,3.86,0.0,1.0,23.16,2.5,0.0
1,2024-01-17 11:05:00,2024-01-17 11:24:34,1.0,2.7,1.0,N,231,186,2,19.1,2.5,0.5,0.0,0.0,1.0,23.1,2.5,0.0
1,2024-01-07 14:26:03,2024-01-07 14:51:28,2.0,6.3,1.0,N,88,43,1,31.7,2.5,0.5,6.0,0.0,1.0,41.7,2.5,0.0
2,2024-01-30 10:37:03,2024-01-30 10:50:14,1.0,2.49,1.0,N,262,233,1,15.6,0.0,0.5,3.92,0.0,1.0,23.52,2.5,0.0
2,2024-01-25 13:14:33,2024-01-25 13:17:10,1.0,0.61,1.0,N,262,140,1,5.1,0.0,0.5,1.82,0.0,1.0,10.92,2.5,0.0
2,2024-01-14 16:19:33,2024-01-14 16:47:54,1.0,2.97,1.0,N,186,141,1,24.7,0.0,0.5,5.74,0.0,1.0,34.44,2.5,0.0
2,2024-01-20 23:50:47,2024-01-21 00:03:51,,1.52,,,148,164,0,16.38,0.0,0.5,4.08,0.0,1.0,24.46,,
1,2024-01-11 08:05:30,2024-01-11 08:26:53,1.0,3.0,1.0,N,68,125,1,21.2,2.5,0.5,5.0,0.0,1.0,30.2,2.5,0.0
2,2024-01-07 12:56:28,2024-01-07 13:01:49,2.0,0.84,1.0,N,239,238,1,7.2,0.0,0.5,2.24,0.0,1.0,13.44,2.5,0.0
2,2024-01-11 09:17:12,2024-01-11 09:35:20,1.0,2.68,1.0,N,236,164,1,18.4,0.0,0.5,3.36,0.0,1.0,25.76,2.5,0.0
1,2024-01-28 17:53:58,2024-01-28 18:04:20,,1.3,,,68,249,0,10.0,0.0,0.5,2.8,0.0,1.0,16.8,,
1,2024-01-27 21:10:24,2024-01-27 21:43:51,1.0,17.9,2.0,N,132,42,1,70.0,1.75,0.5,7.0,6.94,1.0,87.19,0.0,1.75
1,2024-01-02 14:30:51,2024-01-02 15:10:43,1.0,16.8,2.0,N,132,170,1,70.0,4.25,0.5,16.5,6.94,1.0,99.19,2.5,1.75
1,2024-01-12 04:38:10,2024-01-12 04:54:09,,0.0,,,79,74,0,26.52,0.0,0.5,0.0,0.0,1.0,30.52,,
2,2024-01-12 19:32:06,2024-01-12 20:01:13,2.0,4.31,1.0,N,90,256,1,28.9,2.5,0.5,7.08,0.0,1.0,42.48,2.5,0.0
1,2024-01-22 10:42:02,2024-01-22 11:05:15,1.0,3.1,1.0,N,238,74,1,20.5,2.5,0.5,4.0,0.0,1.0,28.5,2.5,0.0
2,2024-01-30 21:29:37,2024-01-30 21:43:35,1.0,2.86,1.0,N,230,151,1,17.0,1.0,0.5,4.4,0.0,1.0,26.4,2.5,0.0
2,2024-01-14 14:21:06,2024-01-14 14:31:37,1.0,1.64,1.0,N,161,234,1,11.4,0.0,0.5,3.08,0.0,1.0,18.48,2.5,0.0
2,2024-01-23 15:33:32,2024-01-23 15:38:32,1.0,0.76,1.0,N,143,239,1,6.5,0.0,0.5,2.1,0.0,1.0,12.6,2.5,0.0
2,2024-01-27 15:05:13,2024-01-27 15:10:17,1.0,0.73,1.0,N,229,170,1,6.5,0.0,0.5,2.1,0.0,1.0,12.6,2.5,0.0
2,2024-01-13 02:50:08,2024-01-13 03:09:46,2.0,5.74,1.0,N,234,179,1,26.1,1.0,0.5,3.0,0.0,1.0,34.1,2.5,0.0
2,2024-01-13 22:47:29,2024-01-13 23:12:17,1.0,3.61,1.0,N,100,4,1,23.3,1.0,0.5,3.0,0.0,1.0,31.3,2.5,0.0
1,2024-01-10 10:42:19,2024-01-10 10:57:23,1.0,2.0,1.0,N,151,142,1,14.9,2.5,0.5,3.0,0.0,1.0,21.9,2.5,0.0
2,2024-01-24 18:53:58,2024-01-24 19:21:29,1.0,3.72,1.0,N,162,231,1,25.4,2.5,0.5,4.78,0.0,1.0,36.68,2.5,0.0
2,2024-01-24 18:32:01,2024-01-24 18:38:40,1.0,1.12,1.0,N,246,50,1,8.6,2.5,0.5,0.5,0.0,1.0,15.6,2.5,0.0
2,2024-01-30 21:02:45,2024-01-30 21:09:39,1.0,1.24,1.0,N,238,263,1,8.6,1.0,0.5,3.4,0.0,1.0,17.0,2.5,0.0
1,2024-01-17 01:18:35,2024-01-17 01:42:17,1.0,10.6,1.0,N,132,225,1,40.8,2.75,0.5,11.25,0.0,1.0,56.3,0.0,1.75
2,2024-01-16 13:53:31,2024-01-16 14:18:20,1.0,4.51,1.0,N,170,75,1,25.4,0.0,0.5,0.0,0.0,1.0,29.4,2.5,0.0
2,2024-01-13 22:09:06,2024-01-13 22:27:13,1.0,4.7,1.0,N,249,239,1,24.7,1.0,0.5,5.94,0.0,1.0,35.64,2.5,0.0
2,2024-01-19 15:30:13,2024-01-19 15:46:06,1.0,2.57,1.0,N,237,90,1,16.3,0.0,0.5,2.0,0.0,1.0,22.3,2.5,0.0
2,2024-01-16 09:34:49,2024-01-16 10:01:22,1.0,2.08,1.0,N,262,229,2,21.9,0.0,0.5,0.0,0.0,1.0,25.9,2.5,0.0
1,2024-01-08 13:20:30,2024-01-08 13:41:00,1.0,0.0,1.0,N,239,161,1,19.5,0.0,0.5,0.0,0.0,1.0,21.0,0.0,0.0
2,2024-01-11 12:05:56,2024-01-11 12:26:28,2.0,2.56,1.0,N,231,68,1,19.1,0.0,0.5,2.5,0.0,1.0,28.1,2.5,0.0
2,2024-01-28 12:21:46,2024-01-28 12:34:12,1.0,7.36,1.0,N,229,244,1,29.6,0.0,0.5,2.0,0.0,1.0,35.6,2.5,0.0
2,2024-01-03 18:15:09,2024-01-03 18:24:32,1.0,1.82,1.0,N,68,230,1,11.4,2.5,0.5,3.58,0.0,1.0,21.48,2.5,0.0
2,2024-01-14 17:41:25,2024-01-14 18:07:30,1.0,4.05,1.0,N,158,239,1,26.8,0.0,0.5,7.7,0.0,1.0,38.5,2.5,0.0
1,2024-01-04 18:44:32,2024-01-04 19:17:29,1.0,14.3,2.0,N,145,132,1,70.0,5.0,0.5,7.0,6.94,1.0,90.44,0.0,0.0
2,2024-01-16 18:03:10,2024-01-16 18:22:56,1.0,2.66,1.0,N,161,75,1,19.1,2.5,0.5,1.5,0.0,1.0,27.1,2.5,0.0
1,2024-01-31 08:42:24,2024-01-31 08:55:45,1.0,1.0,1.0,N,141,163,1,12.1,2.5,0.5,3.2,0.0,1.0,19.3,2.5,0.0
2,2024-01-20 17:03:29,2024-01-20 17:20:41,2.0,4.15,1.0,N,229,43,1,20.5,0.0,0.5,6.12,0.0,1.0,30.62,2.5,0.0
2,2024-01-12 16:54:51,2024-01-12 17:02:50,1.0,1.32,1.0,N,262,141,1,10.0,2.5,0.5,3.3,0.0,1.0,19.8,2.5,0.0
2,2024-01-27 15:15:17,2024-01-27 15:35:48,1.0,1.56,1.0,N,231,148,2,18.4,0.0,0.5,0.0,0.0,1.0,22.4,2.5,0.0
1,2024-01-22 17:29:35,2024-01-22 17:41:42,1.0,2.1,1.0,N,262,237,1,13.5,5.0,0.5,3.0,0.0,1.0,23.0,2.5,0.0
2,2024-01-29 15:23:56,2024-01-29 16:04:22,1.0,17.94,1.0,N,132,80,1,70.2,0.0,0.5,14.34,0.0,1.0,87.79,0.0,1.75
1,2024-01-11 23:34:11,2024-01-11 23:45:35,1.0,3.1,1.0,N,161,238,1,15.6,3.5,0.5,4.1,0.0,1.0,24.7,2.5,0.0
2,2024-01-27 00:08:34,2024-01-27 00:22:23,1.0,5.36,1.0,N,229,87,2,23.3,1.0,0.5,0.0,0.0,1.0,28.3,2.5,0.0
2,2024-01-08 12:12:06,2024-01-08 12:17:28,1.0,0.56,1.0,N,68,234,1,6.5,0.0,0.5,2.1,0.0,1.0,12.6,2.5,0.0
2,2024-01-18 16:56:26,2024-01-18 17:11:04,1.0,1.9,1.0,N,230,142,1,14.9,2.5,0.5,4.28,0.0,1.0,25.68,2.5,0.0
2,2024-01-30 09:41:29,2024-01-30 09:50:27,1.0,1.09,1.0,N,229,140,1,10.0,0.0,0.5,2.0,0.0,1.0,16.0,2.5,0.0
1,2024-01-18 08:18:32,2024-01-18 08:37:31,1.0,1.2,1.0,N,170,100,1,16.3,2.5,0.5,4.05,0.0,1.0,24.35,2.5,0.0
1,2024-01-11 08:43:29,2024-01-11 09:00:04,1.0,1.8,1.0,N,141,264,1,14.9,2.5,0.5,1.0,0.0,1.0,19.9,2.5,0.0
2,2024-01-16 17:58:27,2024-01-16 18:09:18,1.0,2.26,1.0,N,236,24,1,13.5,2.5,0.5,4.0,0.0,1.0,24.0,2.5,0.0
2,2024-01-28 11:49:40,2024-01-28 12:06:55,2.0,2.36,1.0,N,68,79,1,17.0,0.0,0.5,4.2,0.0,1.0,25.2,2.5,0.0
2,2024-01-20 16:53:45,2024-01-20 17:03:56,1.0,1.6,1.0,N,142,140,1,11.4,0.0,0.5,3.08,0.0,1.0,18.48,2.5,0.0
1,2024-01-05 06:45:15,2024-01-05 06:53:50,1.0,1.8,1.0,N,100,143,1,11.4,2.5,0.5,3.85,0.0,1.0,19.25,2.5,0.0
1,2024-01-15 11:44:46,2024-01-15 11:51:03,1.0,1.0,1.0,N,140,162,1,7.9,2.5,0.5,2.35,0.0,1.0,14.25,2.5,0.0
2,2024-01-05 14:56:40,2024-01-05 15:11:17,1.0,1.7,1.0,N,170,237,1,14.2,0.0,0.5,4.55,0.0,1.0,22.75,2.5,0.0
2,2024-01-13 18:15:09,2024-01-13 18:27:49,1.0,4.92,1.0,N,132,216,1,21.2,0.0,0.5,4.54,0.0,1.0,28.99,0.0,1.75
2,2024-01-11 13:05:31,2024-01-11 13:31:06,1.0,7.94,1.0,N,138,151,1,35.9,5.0,0.5,0.0,6.94,1.0,51.09,0.0,1.75
1,2024-01-13 16:39:05,2024-01-13 17:03:21,1.0,4.4,1.0,N,13,48,1,23.3,2.5,0.5,5.45,0.0,1.0,32.75,2.5,0.0
2,2024-01-31 14:26:01,2024-01-31 14:37:27,1.0,0.88,1.0,N,113,234,1,10.7,0.0,0.5,3.67,0.0,1.0,18.37,2.5,0.0
2,2024-01-31 11:30:52,2024-01-31 11:55:09,1.0,4.39,1.0,N,244,75,1,25.4,0.0,0.5,5.38,0.0,1.0,32.28,0.0,0.0
2,2024-01-04 17:28:20,2024-01-04 17:48:06,1.0,2.93,1.0,N,162,239,1,19.8,2.5,0.5,2.0,0.0,1.0,28.3,2.5,0.0
1,2024-01-29 12:54:06,2024-01-29 13:03:50,2.0,0.9,1.0,N,237,141,1,10.0,2.5,0.5,2.8,0.0,1.0,16.8,2.5,0.0
2,2024-01-20 11:30:01,2024-01-20 11:36:48,1.0,1.15,1.0,N,236,163,1,9.3,0.0,0.5,1.6,0.0,1.0,14.9,2.5,0.0
1,2024-01-07 20:26:49,2024-01-07 20:32:21,1.0,0.6,1.0,Y,158,113,1,5.8,3.5,0.5,2.15,0.0,1.0,12.95,2.5,0.0
2,2024-01-03 18:16:29,2024-01-03 18:27:56,2.0,1.62,1.0,N,236,141,2,12.1,2.5,0.5,0.0,0.0,1.0,18.6,2.5,0.0
1,2024-01-24 07:29:36,2024-01-24 07:48:48,1.0,2.4,1.0,N,125,230,1,17.7,2.5,0.5,2.5,0.0,1.0,24.2,2.5,0.0
2,2024-01-03 08:55:09,2024-01-03 09:04:17,6.0,1.0,1.0,N,162,100,1,10.0,0.0,0.5,2.8,0.0,1.0,16.8,2.5,0.0
2,2024-01-12 18:58:48,2024-01-12 19:11:20,1.0,2.05,1.0,N,162,79,1,13.5,2.5,0.5,4.0,0.0,1.0,24.0,2.5,0.0
2,2024-01-24 12:30:40,2024-01-24 12:42:41,3.0,1.61,1.0,N,237,143,1,12.1,0.0,0.5,3.22,0.0,1.0,19.32,2.5,0.0
2,2024-01-17 16:28:50,2024-01-17 16:50:46,3.0,2.08,1.0,N,246,142,1,19.8,2.5,0.5,4.0,0.0,1.0,30.3,2.5,0.0
2,2024-01-31 15:49:06,2024-01-31 16:03:12,1.0,1.33,1.0,N,237,236,1,13.5,0.0,0.5,3.5,0.0,1.0,21.0,2.5,0.0
2,2024-01-24 11:26:24,2024-01-24 11:46:47,2.0,4.61,1.0,N,186,209,1,24.0,0.0,0.5,5.6,0.0,1.0,33.6,2.5,0.0
2,2024-01-05 21:06:12,2024-01-05 21:10:34,2.0,0.58,1.0,N,231,144,1,6.5,1.0,0.5,2.3,0.0,1.0,13.8,2.5,0.0
2,2024-01-27 07:30:02,2024-01-27 07:54:01,1.0,5.76,1.0,N,193,68,2,28.9,0.0,0.5,0.0,0.0,1.0,32.9,2.5,0.0
1,2024-01-10 14:08:31,2024-01-10 14:12:59,1.0,0.6,1.0,N,237,162,1,6.5,2.5,0.5,3.1,0.0,1.0,13.6,2.5,0.0
2,2024-01-22 16:27:15,2024-01-22 16:38:22,1.0,0.67,1.0,N,68,164,1,10.7,2.5,0.5,3.44,0.0,1.0,20.64,2.5,0.0
2,2024-01-28 13:45:36,2024-01-28 14:04:59,1.0,9.56,1.0,N,138,140,1,36.6,5.0,0.5,10.86,6.94,1.0,65.15,2.5,1.75
1,2024-01-18 12:58:00,2024-01-18 14:12:50,1.0,0.2,99.0,N,76,61,1,23.5,0.0,0.5,0.0,0.0,1.0,25.0,0.0,0.0
2,2024-01-25 23:54:47,2024-01-26 00:01:33,1.0,1.01,1.0,N,164,170,1,7.9,1.0,0.5,2.0,0.0,1.0,14.9,2.5,0.0
2,2024-01-03 19:36:50,2024-01-03 19:43:35,2.0,1.18,1.0,N,68,234,1,7.9,2.5,0.5,2.88,0.0,1.0,17.28,2.5,0.0
2,2024-01-27 11:23:55,2024-01-27 11:41:25,,2.73,,,170,236,0,18.89,0.0,0.5,0.0,0.0,1.0,22.89,,
2,2024-01-18 19:27:40,2024-01-18 20:03:21,1.0,7.37,1.0,N,161,66,1,38.0,2.5,0.5,11.12,0.0,1.0,55.62,2.5,0.0
2,2024-01-18 14:11:26,2024-01-18 14:43:12,1.0,3.45,1.0,N,161,148,1,27.5,0.0,0.5,6.3,0.0,1.0,37.8,2.5,0.0
2,2024-01-01 02:15:12,2024-01-01 02:17:16,2.0,0.3,1.0,N,162,162,1,4.4,1.0,0.5,1.88,0.0,1.0,11.28,2.5,0.0
2,2024-01-02 12:16:37,2024-01-02 13:04:59,1.0,18.58,2.0,N,236,132,1,70.0,0.0,0.5,20.23,6.94,1.0,101.17,2.5,0.0
1,2024-01-04 15:43:01,2024-01-04 15:46:17,1.0,0.5,1.0,N,113,107,1,5.8,2.5,0.5,1.95,0.0,1.0,11.75,2.5,0.0
2,2024-01-15 21:46:15,2024-01-15 21:58:17,1.0,2.75,1.0,N,162,236,1,14.2,1.0,0.5,3.84,0.0,1.0,23.04,2.5,0.0
2,2024-01-19 19:44:48,2024-01-19 19:55:44,2.0,2.87,1.0,N,234,50,2,14.9,2.5,0.5,0.0,0.0,1.0,21.4,2.5,0.0
2,2024-01-23 13:57:23,2024-01-23 14:08:16,1.0,0.91,1.0,N,234,170,1,10.7,0.0,0.5,0.0,0.0,1.0,14.7,2.5,0.0
2,2024-01-20 22:12:55,2024-01-20 22:33:17,1.0,5.85,1.0,N,263,79,1,28.2,1.0,0.5,6.64,0.0,1.0,39.84,2.5,0.0
2,2024-01-18 19:34:44,2024-01-18 19:41:48,3.0,0.94,1.0,N,230,48,1,8.6,2.5,0.5,3.02,0.0,1.0,18.12,2.5,0.0
1,2024-01-13 17:25:58,2024-01-13 17:30:31,0.0,0.7,1.0,N,24,238,2,6.5,2.5,0.5,0.0,0.0,1.0,10.5,2.5,0.0
2,2024-01-10 19:22:28,2024-01-10 19:30:49,,1.13,,,232,144,0,8.13,0.0,0.5,0.0,0.0,1.0,12.13,,
2,2024-01-17 19:44:40,2024-01-17 19:53:09,1.0,1.49,1.0,N,158,13,1,10.7,2.5,0.5,3.44,0.0,1.0,20.64,2.5,0.0
2,2024-01-28 17:35:07,2024-01-28 18:12:50,1.0,17.98,2.0,N,132,230,1,70.0,0.0,0.5,20.23,6.94,1.0,102.92,2.5,1.75
2,2024-01-18 13:45:47,2024-01-18 14:06:51,,3.25,,,144,48,0,20.88,0.0,0.5,0.0,0.0,1.0,24.88,,
2,2024-01-16 18:24:03,2024-01-16 18:48:06,1.0,2.7,1.0,N,249,161,1,21.9,2.5,0.5,5.68,0.0,1.0,34.08,2.5,0.0
2,2024-01-09 18:01:48,2024-01-09 18:02:19,4.0,0.0,5.0,N,87,87,1,46.0,0.0,0.0,0.01,0.0,1.0,49.51,2.5,0.0
2,2024-01-25 12:37:35,2024-01-25 12:57:29,5.0,3.05,1.0,N,263,163,1,20.5,0.0,0.5,4.9,0.0,1.0,29.4,2.5,0.0
2,2024-01-18 16:10:57,2024-01-18 16:33:25,1.0,3.97,1.0,N,79,140,1,22.6,2.5,0.5,5.82,0.0,1.0,34.92,2.5,0.0
2,2024-01-30 23:58:37,2024-01-31 00:05:28,1.0,1.19,1.0,N,90,158,1,8.6,1.0,0.5,3.0,0.0,1.0,16.6,2.5,0.0
2,2024-01-27 22:11:17,2024-01-27 22:44:42,1.0,11.41,1.0,N,132,17,2,48.5,1.0,0.5,0.0,0.0,1.0,52.75,0.0,1.75
1,2024-01-12 15:36:16,2024-01-12 15:49:19,1.0,0.8,1.0,N,229,162,1,12.1,2.5,0.5,3.2,0.0,1.0,19.3,2.5,0.0
2,2024-01-22 16:55:13,2024-01-22 17:12:34,1.0,4.08,1.0,N,138,226,1,21.9,7.5,0.5,6.18,0.0,1.0,38.83,0.0,1.75
1,2024-01-21 11:19:06,2024-01-21 11:25:41,,1.2,,,141,236,0,8.6,0.0,0.5,3.75,0.0,1.0,16.35,,
2,2024-01-14 13:36:54,2024-01-14 13:43:37,1.0,1.31,1.0,N,237,75,1,8.6,0.0,0.5,2.52,0.0,1.0,15.12,2.5,0.0
2,2024-01-09 21:03:17,2024-01-09 21:14:27,1.0,2.58,1.0,N,48,141,1,13.5,1.0,0.5,2.78,0.0,1.0,21.28,2.5,0.0
2,2024-01-09 09:20:26,2024-01-09 09:38:33,1.0,1.84,1.0,N,234,161,1,17.0,0.0,0.5,4.2,0.0,1.0,25.2,2.5,0.0
1,2024-01-06 14:57:33,2024-01-06 15:12:13,2.0,1.4,1.0,N,142,161,1,13.5,2.5,0.5,2.0,0.0,1.0,19.5,2.5,0.0
2,2024-01-15 08:36:55,2024-01-15 08:54:08,1.0,2.88,1.0,N,186,141,1,17.7,0.0,0.5,4.34,0.0,1.0,26.04,2.5,0.0
2,2024-01-01 21:40:16,2024-01-01 21:47:11,1.0,1.37,1.0,N,114,107,2,9.3,1.0,0.5,0.0,0.0,1.0,14.3,2.5,0.0
2,2024-01-26 23:11:22,2024-01-26 23:14:55,1.0,0.82,1.0,N,237,43,1,6.5,1.0,0.5,2.88,0.0,1.0,14.38,2.5,0.0
2,2024-01-04 05:47:16,2024-01-04 06:07:41,1.0,7.56,1.0,N,132,205,2,33.1,1.0,0.5,0.0,0.0,1.0,37.35,0.0,1.75
1,2024-01-26 14:19:13,2024-01-26 14:35:53,1.0,2.2,1.0,N,114,137,2,16.3,2.5,0.5,0.0,0.0,1.0,20.3,2.5,0.0
2,2024-01-01 20:39:12,2024-01-01 21:01:20,2.0,2.99,1.0,N,163,68,2,21.2,1.0,0.5,0.0,0.0,1.0,26.2,2.5,0.0
2,2024-01-20 19:02:20,2024-01-20 19:19:12,1.0,1.62,1.0,N,161,234,1,15.6,0.0,0.5,1.5,0.0,1.0,21.1,2.5,0.0
2,2024-01-16 08:53:17,2024-01-16 09:10:14,1.0,1.2,1.0,N,68,234,1,11.4,0.0,0.5,25.0,0.0,1.0,40.4,2.5,0.0
1,2024-01-07 18:20:07,2024-01-07 18:25:19,1.0,0.0,1.0,N,143,142,1,6.5,5.0,0.5,2.6,0.0,1.0,15.6,2.5,0.0
2,2024-01-01 13:49:53,2024-01-01 14:01:24,1.0,1.48,1.0,N,43,239,2,12.1,0.0,0.5,0.0,0.0,1.0,16.1,2.5,0.0
2,2024-01-06 02:47:30,2024-01-06 03:00:26,1.0,3.97,1.0,N,158,141,1,17.7,1.0,0.5,1.5,0.0,1.0,24.2,2.5,0.0
2,2024-01-23 07:37:00,2024-01-23 07:58:31,3.0,3.99,1.0,N,141,143,1,22.6,0.0,0.5,5.32,0.0,1.0,31.92,2.5,0.0
2,2024-01-04 16:46:22,2024-01-04 17:02:45,5.0,1.67,1.0,N,264,264,1,14.9,2.5,0.5,5.35,0.0,1.0,26.75,2.5,0.0
1,2024-01-20 19:41:52,2024-01-20 20:05:10,4.0,2.7,1.0,N,164,142,2,21.2,2.5,0.5,0.0,0.0,1.0,25.2,2.5,0.0
1,2024-01-26 14:38:09,2024-01-26 14:50:34,1.0,1.2,1.0,N,158,114,1,11.4,2.5,0.5,3.1,0.0,1.0,18.5,2.5,0.0
2,2024-01-15 13:34:06,2024-01-15 13:36:28,1.0,0.59,1.0,N,263,140,1,5.1,0.0,0.5,0.91,0.0,1.0,10.01,2.5,0.0
2,2024-01-13 16:32:35,2024-01-13 16:38:42,1.0,0.99,1.0,N,237,162,1,7.9,0.0,0.5,2.38,0.0,1.0,14.28,2.5,0.0
2,2024-01-30 23:29:08,2024-01-30 23:37:11,1.0,1.4,1.0,N,90,164,1,10.0,1.0,0.5,3.0,0.0,1.0,18.0,2.5,0.0
2,2024-01-02 16:46:16,2024-01-02 16:54:39,4.0,0.87,1.0,N,162,161,2,9.3,2.5,0.5,0.0,0.0,1.0,15.8,2.5,0.0
2,2024-01-28 00:17:18,2024-01-28 00:33:18,,1.97,,,68,211,0,17.85,0.0,0.5,0.0,0.0,1.0,21.85,,
2,2024-01-01 20:14:01,2024-01-01 20:18:30,1.0,0.63,1.0,N,239,238,1,6.5,1.0,0.5,2.88,0.0,1.0,14.38,2.5,0.0
1,2024-01-18 12:22:05,2024-01-18 12:34:57,1.0,3.0,1.0,N,142,166,1,16.3,2.5,0.5,4.05,0.0,1.0,24.35,2.5,0.0
2,2024-01-09 21:46:13,2024-01-09 22:01:18,1.0,1.29,1.0,N,230,186,4,-14.2,-1.0,-0.5,0.0,0.0,-1.0,-19.2,-2.5,0.0
2,2024-01-12 23:00:17,2024-01-12 23:12:30,1.0,1.62,1.0,N,90,114,2,12.1,1.0,0.5,0.0,0.0,1.0,17.1,2.5,0.0
2,2024-01-19 19:14:40,2024-01-19 19:25:51,2.0,4.73,1.0,N,70,252,4,-20.5,-7.5,-0.5,0.0,0.0,-1.0,-31.25,0.0,-1.75
2,2024-01-26 15:35:48,2024-01-26 15:48:44,1.0,1.69,1.0,N,161,140,1,13.5,0.0,0.5,2.0,0.0,1.0,19.5,2.5,0.0
2,2024-01-09 13:30:08,2024-01-09 13:36:35,1.0,0.6,1.0,N,234,90,1,7.2,0.0,0.5,1.0,0.0,1.0,12.2,2.5,0.0
1,2024-01-05 12:09:23,2024-01-05 12:50:14,1.0,13.2,1.0,N,132,181,1,56.2,1.75,0.5,8.0,0.0,1.0,67.45,0.0,1.75
1,2024-01-30 21:00:27,2024-01-30 21:09:35,1.0,1.7,1.0,N,161,234,1,11.4,3.5,0.5,3.25,0.0,1.0,19.65,2.5,0.0
1,2024-01-01 16:50:22,2024-01-01 17:01:33,2.0,1.1,1.0,N,142,161,2,10.7,2.5,0.5,0.0,0.0,1.0,14.7,2.5,0.0
1,2024-01-03 15:24:19,2024-01-03 15:53:17,1.0,11.2,1.0,N,138,68,1,45.7,9.25,0.5,12.7,6.94,1.0,76.09,2.5,1.75
2,2024-01-27 10:58:10,2024-01-27 11:19:07,1.0,8.09,1.0,N,186,223,2,35.2,0.0,0.5,0.0,6.94,1.0,46.14,2.5,0.0
2,2024-01-25 18:23:14,2024-01-25 18:29:09,,0.65,,,48,100,0,10.12,0.0,0.5,0.0,0.0,1.0,14.12,,
2,2024-01-09 15:03:15,2024-01-09 15:09:36,1.0,0.98,1.0,N,107,233,1,7.9,0.0,0.5,1.0,0.0,1.0,12.9,2.5,0.0
2,2024-01-09 09:13:20,2024-01-09 09:19:30,1.0,0.69,1.0,N,43,236,1,7.9,0.0,0.5,2.38,0.0,1.0,14.28,2.5,0.0
1,2024-01-18 20:02:17,2024-01-18 20:04:07,1.0,0.2,1.0,N,68,48,1,4.4,3.5,0.5,0.0,0.0,1.0,9.4,2.5,0.0
2,2024-01-27 02:01:30,2024-01-27 02:19:12,,2.85,,,79,231,0,20.35,0.0,0.5,0.0,0.0,1.0,24.35,,
1,2024-01-21 11:18:59,2024-01-21 11:40:57,1.0,4.2,1.0,N,143,249,1,24.7,2.5,0.5,3.5,0.0,1.0,32.2,2.5,0.0
1,2024-01-06 12:30:52,2024-01-06 12:41:03,1.0,1.6,1.0,N,239,75,1,10.7,2.5,0.5,2.95,0.0,1.0,17.65,2.5,0.0
2,2024-01-12 15:02:16,2024-01-12 15:41:18,2.0,10.59,1.0,N,138,144,1,48.5,5.0,0.5,13.24,6.94,1.0,79.43,2.5,1.75
2,2024-01-23 14:20:21,2024-01-23 14:32:26,2.0,0.91,1.0,N,141,140,1,11.4,0.0,0.5,3.0,0.0,1.0,18.4,2.5,0.0
2,2024-01-05 15:30:34,2024-01-05 15:54:07,1.0,7.47,1.0,N,238,220,1,34.5,0.0,0.5,10.42,3.18,1.0,52.1,2.5,0.0
2,2024-01-21 17:50:45,2024-01-21 17:55:49,,1.09,,,142,238,0,6.83,0.0,0.5,0.0,0.0,1.0,10.83,,
1,2024-01-02 16:13:47,2024-01-02 16:54:56,2.0,5.5,1.0,N,163,164,1,32.4,5.0,0.5,7.8,0.0,1.0,46.7,2.5,0.0
2,2024-01-22 21:14:55,2024-01-22 21:50:39,1.0,19.58,2.0,N,132,261,1,70.0,0.0,0.5,14.8,0.0,1.0,90.55,2.5,1.75
2,2024-01-18 16:52:32,2024-01-18 17:22:20,1.0,8.17,1.0,N,138,166,1,38.0,7.5,0.5,11.0,6.94,1.0,66.69,0.0,1.75
1,2024-01-27 14:28:18,2024-01-27 14:43:16,1.0,3.9,1.0,N,107,209,1,18.4,2.5,0.5,4.45,0.0,1.0,26.85,2.5,0.0
2,2024-01-05 10:06:38,2024-01-05 10:12:06,1.0,0.93,1.0,N,239,142,1,7.2,0.0,0.5,2.24,0.0,1.0,13.44,2.5,0.0
2,2024-01-09 20:35:32,2024-01-09 20:40:23,1.0,1.1,1.0,N,161,237,1,7.2,1.0,0.5,2.2,0.0,1.0,14.4,2.5,0.0
2,2024-01-09 14:38:55,2024-01-09 14:52:53,1.0,1.42,1.0,N,237,140,1,12.8,0.0,0.5,1.0,0.0,1.0,17.8,2.5,0.0
1,2024-01-16 21:00:29,2024-01-16 21:14:37,1.0,2.9,1.0,N,229,249,1,14.9,3.5,0.5,5.0,0.0,1.0,24.9,2.5,0.0
2,2024-01-16 16:41:19,2024-01-16 16:48:15,1.0,1.7,1.0,N,151,166,1,9.3,2.5,0.5,3.99,0.0,1.0,17.29,0.0,0.0
2,2024-01-12 22:06:55,2024-01-12 22:25:26,2.0,7.41,1.0,N,87,236,1,31.0,1.0,0.5,7.2,0.0,1.0,43.2,2.5,0.0
2,2024-01-26 19:42:58,2024-01-26 19:51:50,1.0,0.94,1.0,N,230,170,1,9.3,2.5,0.5,3.16,0.0,1.0,18.96,2.5,0.0
2,2024-01-12 16:26:11,2024-01-12 16:36:43,1.0,1.97,1.0,N,125,186,1,12.8,2.5,0.5,3.86,0.0,1.0,23.16,2.5,0.0
2,2024-01-15 12:25:13,2024-01-15 12:29:42,1.0,0.8,1.0,N,263,262,1,6.5,0.0,0.5,1.55,0.0,1.0,12.05,2.5,0.0
2,2024-01-12 20:32:57,2024-01-12 20:38:46,4.0,0.47,1.0,N,164,186,1,7.2,1.0,0.5,2.44,0.0,1.0,14.64,2.5,0.0
2,2024-01-25 07:06:00,2024-01-25 07:21:00,,3.4,,,43,234,0,20.06,0.0,0.5,4.81,0.0,1.0,28.87,,
2,2024-01-09 07:20:53,2024-01-09 07:27:22,1.0,0.98,1.0,N,163,143,1,7.9,0.0,0.5,1.5,0.0,1.0,13.4,2.5,0.0
2,2024-01-26 18:10:11,2024-01-26 18:23:54,1.0,2.41,1.0,N,234,125,1,14.9,2.5,0.5,4.28,0.0,1.0,25.68,2.5,0.0
1,2024-01-25 09:02:44,2024-01-25 10:00:21,1.0,8.7,1.0,N,138,230,1,52.7,9.25,0.5,14.1,6.94,1.0,84.49,2.5,1.75
2,2024-01-30 20:52:32,2024-01-30 21:00:10,2.0,1.39,1.0,N,162,141,1,9.3,1.0,0.5,2.86,0.0,1.0,17.16,2.5,0.0
2,2024-01-27 12:33:24,2024-01-27 12:48:02,1.0,3.2,1.0,N,263,48,1,17.0,0.0,0.5,4.2,0.0,1.0,25.2,2.5,0.0
2,2024-01-16 13:38:40,2024-01-16 13:44:58,1.0,1.16,1.0,N,229,137,1,8.6,0.0,0.5,2.52,0.0,1.0,15.12,2.5,0.0
2,2024-01-19 21:56:08,2024-01-19 22:04:05,2.0,1.39,1.0,N,230,246,1,10.0,1.0,0.5,3.0,0.0,1.0,18.0,2.5,0.0
2,2024-01-19 18:53:59,2024-01-19 19:07:53,2.0,1.0,1.0,N,163,230,1,12.8,2.5,0.5,3.86,0.0,1.0,23.16,2.5,0.0
2,2024-01-24 17:05:17,2024-01-24 17:28:14,2.0,1.7,1.0,N,186,43,1,19.1,2.5,0.5,5.12,0.0,1.0,30.72,2.5,0.0
2,2024-01-25 18:34:19,2024-01-25 18:55:46,,5.65,,,88,164,0,24.62,0.0,0.5,0.0,0.0,1.0,28.62,,
1,2024-01-14 11:56:10,2024-01-14 12:06:07,2.0,1.8,1.0,N,238,230,1,11.4,2.5,0.5,3.05,0.0,1.0,18.45,2.5,0.0
2,2024-01-14 18:01:09,2024-01-14 18:05:29,4.0,1.32,1.0,N,237,162,1,7.9,0.0,0.5,2.98,0.0,1.0,14.88,2.5,0.0
1,2024-01-31 19:01:37,2024-01-31 19:21:40,1.0,5.0,1.0,N,13,79,1,25.4,5.0,0.5,0.0,0.0,1.0,31.9,2.5,0.0
1,2024-01-20 02:13:13,2024-01-20 02:23:48,2.0,1.9,1.0,N,249,232,1,12.8,3.5,0.5,3.55,0.0,1.0,21.35,2.5,0.0
2,2024-01-07 11:10:12,2024-01-07 11:21:27,1.0,1.56,1.0,N,238,142,2,12.1,0.0,0.5,0.0,0.0,1.0,16.1,2.5,0.0
1,2024-01-14 13:34:54,2024-01-14 13:42:24,2.0,1.2,1.0,N,238,142,1,9.3,2.5,0.5,2.66,0.0,1.0,15.96,2.5,0.0
2,2024-01-26 12:55:21,2024-01-26 13:05:48,1.0,3.86,1.0,N,238,244,2,18.4,0.0,0.5,0.0,0.0,1.0,19.9,0.0,0.0
2,2024-01-10 21:52:00,2024-01-10 22:14:27,1.0,4.31,1.0,N,162,179,1,24.0,1.0,0.5,5.8,0.0,1.0,34.8,2.5,0.0
1,2024-01-17 16:15:59,2024-01-17 16:58:08,1.0,10.0,1.0,N,70,163,1,45.7,11.75,0.5,13.2,6.94,1.0,79.09,2.5,1.75
1,2024-01-09 21:41:23,2024-01-09 21:57:57,,0.0,,,262,143,0,16.39,0.0,0.5,0.0,0.0,1.0,20.39,,
1,2024-01-23 09:39:24,2024-01-23 09:44:11,1.0,0.6,1.0,N,162,164,1,6.5,2.5,0.5,2.6,0.0,1.0,13.1,2.5,0.0
1,2024-01-15 19:49:12,2024-01-15 20:17:25,1.0,4.0,1.0,N,141,7,1,26.1,2.5,0.5,6.0,0.0,1.0,36.1,2.5,0.0
1,2024-01-03 07:47:55,2024-01-03 07:55:01,1.0,0.9,1.0,N,48,163,1,7.9,2.5,0.5,1.79,0.0,1.0,13.69,2.5,0.0
2,2024-01-21 19:34:27,2024-01-21 19:50:00,1.0,2.52,1.0,N,170,143,2,16.3,0.0,0.5,0.0,0.0,1.0,20.3,2.5,0.0
2,2024-01-09 16:16:22,2024-01-09 16:21:36,1.0,0.68,1.0,N,90,164,1,6.5,2.5,0.5,2.6,0.0,1.0,15.6,2.5,0.0
2,2024-01-30 17:45:45,2024-01-30 17:51:13,1.0,1.74,1.0,N,13,87,1,9.3,2.5,0.5,4.74,0.0,1.0,20.54,2.5,0.0
1,2024-01-11 08:00:50,2024-01-11 08:36:00,1.0,9.1,1.0,N,138,230,1,41.5,9.25,0.5,7.0,6.94,1.0,66.19,2.5,1.75
2,2024-01-10 09:45:41,2024-01-10 09:53:52,1.0,1.5,1.0,N,262,141,2,10.0,0.0,0.5,0.0,0.0,1.0,14.0,2.5,0.0
2,2024-01-25 19:02:49,2024-01-25 19:07:00,1.0,1.04,1.0,N,43,43,1,7.2,2.5,0.5,2.0,0.0,1.0,15.7,2.5,0.0
1,2024-01-20 16:51:50,2024-01-20 17:03:19,1.0,1.9,1.0,N,48,239,1,12.1,2.5,0.5,4.05,0.0,1.0,20.15,2.5,0.0
1,2024-01-18 12:10:34,2024-01-18 12:34:07,1.0,1.7,1.0,N,237,234,1,19.1,2.5,0.5,4.6,0.0,1.0,27.7,2.5,0.0
1,2024-01-30 18:27:19,2024-01-30 18:38:45,1.0,1.1,1.0,N,237,163,1,11.4,5.0,0.5,1.5,0.0,1.0,19.4,2.5,0.0
1,2024-01-06 18:21:15,2024-01-06 18:29:17,2.0,1.4,1.0,N,162,140,1,10.0,2.5,0.5,2.8,0.0,1.0,16.8,2.5,0.0
2,2024-01-22 21:03:59,2024-01-22 21:13:11,1.0,1.64,1.0,N,68,158,1,11.4,1.0,0.5,4.92,0.0,1.0,21.32,2.5,0.0
2,2024-01-21 18:43:29,2024-01-21 18:56:03,1.0,1.42,1.0,N,113,158,1,12.1,0.0,0.5,3.22,0.0,1.0,19.32,2.5,0.0
2,2024-01-13 17:59:03,2024-01-13 18:10:39,5.0,1.77,1.0,N,238,41,1,12.8,0.0,0.5,3.36,0.0,1.0,20.16,2.5,0.0
2,2024-01-20 19:15:16,2024-01-20 19:19:08,1.0,0.87,1.0,N,141,141,1,6.5,0.0,0.5,1.0,0.0,1.0,11.5,2.5,0.0
2,2024-01-30 12:49:22,2024-01-30 12:57:23,1.0,1.67,1.0,N,90,125,1,10.0,0.0,0.5,2.1,0.0,1.0,16.1,2.5,0.0
2,2024-01-09 16:17:25,2024-01-09 16:36:11,1.0,1.37,1.0,N,236,237,1,16.3,2.5,0.5,5.7,0.0,1.0,28.5,2.5,0.0
2,2024-01-21 18:18:44,2024-01-21 18:25:16,1.0,1.14,1.0,N,107,113,1,8.6,0.0,0.5,2.52,0.0,1.0,15.12,2.5,0.0
2,2024-01-10 15:12:54,2024-01-10 15:15:16,1.0,0.57,1.0,N,100,90,1,5.1,0.0,0.5,0.0,0.0,1.0,9.1,2.5,0.0
2,2024-01-19 14:41:51,2024-01-19 14:46:56,2.0,1.18,1.0,N,90,114,1,7.9,0.0,0.5,2.38,0.0,1.0,14.28,2.5,0.0
2,2024-01-27 02:40:11,2024-01-27 02:42:30,1.0,0.83,1.0,N,263,141,1,5.8,1.0,0.5,2.16,0.0,1.0,12.96,2.5,0.0
2,2024-01-18 18:07:29,2024-01-18 18:16:04,2.0,1.22,1.0,N,142,163,1,9.3,2.5,0.5,3.16,0.0,1.0,18.96,2.5,0.0
2,2024-01-07 15:38:40,2024-01-07 15:55:32,1.0,3.42,1.0,N,43,233,1,20.5,0.0,0.5,3.68,0.0,1.0,28.18,2.5,0.0
2,2024-01-17 06:32:24,2024-01-17 06:57:09,2.0,11.71,1.0,N,230,138,1,45.7,5.0,0.5,12.33,6.94,1.0,73.97,2.5,0.0
2,2024-01-14 17:57:36,2024-01-14 18:10:31,3.0,1.93,1.0,N,113,161,1,13.5,0.0,0.5,3.5,0.0,1.0,21.0,2.5,0.0
2,2024-01-15 05:54:42,2024-01-15 05:54:54,1.0,0.0,5.0,N,48,48,4,-11.0,0.0,0.0,0.0,0.0,-1.0,-12.0,0.0,0.0
2,2024-01-04 20:51:19,2024-01-04 21:02:47,1.0,1.94,1.0,N,161,79,1,13.5,1.0,0.5,3.7,0.0,1.0,22.2,2.5,0.0
2,2024-01-11 19:40:26,2024-01-11 19:46:57,2.0,1.09,1.0,N,107,170,1,8.6,2.5,0.5,3.0,0.0,1.0,18.1,2.5,0.0
2,2024-01-08 14:03:44,2024-01-08 15:09:46,1.0,16.31,2.0,N,170,132,1,70.0,0.0,0.5,20.23,6.94,1.0,101.17,2.5,0.0
1,2024-01-08 22:38:40,2024-01-08 22:58:35,1.0,9.1,1.0,N,138,17,2,35.9,7.75,0.5,0.0,0.0,1.0,45.15,0.0,1.75
2,2024-01-08 02:39:40,2024-01-08 02:52:55,5.0,4.73,1.0,N,137,74,1,20.5,1.0,0.5,5.1,0.0,1.0,30.6,2.5,0.0
1,2024-01-06 09:39:02,2024-01-06 09:48:24,1.0,2.4,1.0,N,107,163,1,13.5,2.5,0.5,5.25,0.0,1.0,22.75,2.5,0.0
2,2024-01-03 10:50:44,2024-01-03 10:56:45,1.0,0.69,1.0,N,229,237,1,7.2,0.0,0.5,2.0,0.0,1.0,13.2,2.5,0.0
2,2024-01-10 09:06:42,2024-01-10 09:20:47,1.0,2.26,1.0,N,239,113,1,14.9,0.0,0.5,3.78,0.0,1.0,22.68,2.5,0.0
2,2024-01-18 15:15:18,2024-01-18 15:35:10,1.0,3.06,1.0,N,163,151,1,20.5,0.0,0.5,3.0,0.0,1.0,27.5,2.5,0.0
2,2024-01-28 02:44:41,2024-01-28 02:53:12,4.0,1.44,1.0,N,79,164,1,10.0,1.0,0.5,3.0,0.0,1.0,18.0,2.5,0.0
1,2024-01-19 19:59:58,2024-01-19 20:17:09,2.0,1.5,1.0,N,230,234,2,14.2,5.0,0.5,0.0,0.0,1.0,20.7,2.5,0.0
2,2024-01-03 22:25:41,2024-01-03 22:49:22,2.0,16.5,1.0,N,138,48,1,61.1,6.0,0.5,19.51,6.94,1.0,99.3,2.5,1.75
2,2024-01-14 00:29:28,2024-01-14 00:41:56,1.0,2.02,1.0,N,164,237,1,12.1,1.0,0.5,1.0,0.0,1.0,18.1,2.5,0.0
2,2024-01-18 21:25:25,2024-01-18 21:33:00,1.0,1.14,1.0,N,162,170,1,9.3,1.0,0.5,2.86,0.0,1.0,17.16,2.5,0.0
1,2024-01-22 07:15:34,2024-01-22 07:26:29,1.0,2.2,1.0,N,211,161,1,12.1,2.5,0.5,3.0,0.0,1.0,19.1,2.5,0.0
1,2024-01-24 21:06:15,2024-01-24 21:23:15,1.0,2.4,1.0,N,137,163,1,15.6,3.5,0.5,4.1,0.0,1.0,24.7,2.5,0.0
2,2024-01-09 16:21:31,2024-01-09 16:35:27,,1.75,,,237,262,0,15.39,0.0,0.5,1.0,0.0,1.0,20.39,,
1,2024-01-04 16:19:39,2024-01-04 16:53:49,1.0,8.2,1.0,N,24,126,2,40.8,2.5,0.5,0.0,0.0,1.0,44.8,0.0,0.0
2,2024-01-26 23:08:26,2024-01-26 23:21:47,1.0,2.26,1.0,N,43,68,1,14.2,1.0,0.5,4.8,0.0,1.0,24.0,2.5,0.0
2,2024-01-21 00:15:20,2024-01-21 00:43:15,1.0,8.02,1.0,N,186,160,1,37.3,1.0,0.5,9.85,6.94,1.0,59.09,2.5,0.0
1,2024-01-04 11:39:40,2024-01-04 11:53:53,1.0,2.7,1.0,N,13,90,1,16.3,2.5,0.5,4.05,0.0,1.0,24.35,2.5,0.0
2,2024-01-27 21:11:44,2024-01-27 21:17:43,2.0,0.83,1.0,N,230,142,1,7.2,1.0,0.5,0.61,0.0,1.0,12.81,2.5,0.0
2,2024-01-15 13:57:41,2024-01-15 14:04:16,3.0,0.68,1.0,N,164,170,1,7.9,0.0,0.5,2.38,0.0,1.0,14.28,2.5,0.0
2,2024-01-05 17:22:31,2024-01-05 17:30:31,3.0,1.51,1.0,N,236,43,1,10.7,2.5,0.5,3.44,0.0,1.0,20.64,2.5,0.0
1,2024-01-19 10:46:41,2024-01-19 11:12:30,1.0,2.9,1.0,N,161,236,2,22.6,2.5,0.5,0.0,0.0,1.0,26.6,2.5,0.0
2,2024-01-05 00:09:34,2024-01-05 00:17:13,1.0,2.65,1.0,N,234,231,1,12.1,1.0,0.5,3.42,0.0,1.0,20.52,2.5,0.0
2,2024-01-02 10:02:02,2024-01-02 10:18:30,1.0,0.8,1.0,N,100,230,1,14.9,0.0,0.5,3.78,0.0,1.0,22.68,2.5,0.0
2,2024-01-10 13:46:26,2024-01-10 13:50:43,1.0,0.81,1.0,N,236,236,1,7.2,0.0,0.5,2.24,0.0,1.0,13.44,2.5,0.0
1,2024-01-19 15:21:21,2024-01-19 15:27:03,1.0,0.7,1.0,N,140,140,2,6.5,2.5,0.5,0.0,0.0,1.0,10.5,2.5,0.0
2,2024-01-12 23:17:04,2024-01-12 23:32:18,1.0,2.38,1.0,N,114,163,1,16.3,1.0,0.5,4.26,0.0,1.0,25.56,2.5,0.0
2,2024-01-02 11:34:17,2024-01-02 11:50:54,1.0,1.77,1.0,N,88,232,2,15.6,0.0,0.5,0.0,0.0,1.0,19.6,2.5,0.0
1,2024-01-04 20:11:16,2024-01-04 20:21:32,1.0,1.5,1.0,N,231,114,1,11.4,3.5,0.5,1.0,0.0,1.0,17.4,2.5,0.0
1,2024-01-27 00:45:51,2024-01-27 01:03:09,2.0,3.4,1.0,N,114,163,1,19.1,3.5,0.5,5.0,0.0,1.0,29.1,2.5,0.0
2,2024-01-24 21:58:05,2024-01-24 22:04:38,2.0,1.58,1.0,N,142,238,1,9.3,1.0,0.5,2.86,0.0,1.0,17.16,2.5,0.0
2,2024-01-12 09:58:50,2024-01-12 10:36:28,1.0,9.0,1.0,N,70,230,1,43.6,5.0,0.5,10.52,0.0,1.0,64.87,2.5,1.75
2,2024-01-05 23:28:06,2024-01-05 23:44:21,1.0,10.67,1.0,N,138,33,1,41.5,6.0,0.5,9.8,0.0,1.0,60.55,0.0,1.75
2,2024-01-05 15:31:21,2024-01-05 15:43:25,,1.09,,,152,42,0,13.17,0.0,0.5,0.0,0.0,1.0,14.67,,
2,2024-01-18 13:27:00,2024-01-18 13:42:48,1.0,3.31,1.0,N,13,68,1,19.1,0.0,0.5,4.62,0.0,1.0,27.72,2.5,0.0
1,2024-01-26 20:27:47,2024-01-26 20:40:43,1.0,2.4,1.0,N,246,142,1,12.8,3.5,0.5,3.55,0.0,1.0,21.35,2.5,0.0
2,2024-01-31 14:43:58,2024-01-31 15:00:53,1.0,2.03,1.0,N,246,231,1,16.3,0.0,0.5,2.0,0.0,1.0,22.3,2.5,0.0
2,2024-01-17 21:50:51,2024-01-17 22:14:13,,3.7,,,230,148,0,24.44,0.0,0.5,0.0,0.0,1.0,28.44,,
2,2024-01-22 11:28:48,2024-01-22 12:10:38,1.0,17.25,2.0,N,132,170,1,70.0,0.0,0.5,16.19,6.94,1.0,98.88,2.5,1.75
2,2024-01-25 21:50:05,2024-01-25 22:26:19,1.0,16.17,1.0,N,132,165,2,-65.3,-1.0,-0.5,0.0,0.0,-1.0,-69.55,0.0,-1.75
2,2024-01-18 22:40:00,2024-01-18 23:04:51,1.0,13.65,5.0,N,48,265,1,100.0,0.0,0.0,34.31,13.38,1.0,148.69,0.0,0.0
2,2024-01-13 00:35:09,2024-01-13 00:39:05,1.0,0.79,1.0,N,48,48,1,6.5,1.0,0.5,2.3,0.0,1.0,13.8,2.5,0.0
2,2024-01-20 19:47:20,2024-01-20 19:58:54,1.0,1.81,1.0,N,141,142,1,12.8,0.0,0.5,2.2,0.0,1.0,19.0,2.5,0.0
2,2024-01-15 19:26:55,2024-01-15 19:33:40,1.0,0.66,1.0,N,211,148,1,7.9,0.0,0.5,2.0,0.0,1.0,13.9,2.5,0.0
1,2024-01-23 07:59:18,2024-01-23 08:06:33,1.0,0.9,1.0,N,48,246,2,7.9,2.5,0.5,0.0,0.0,1.0,11.9,2.5,0.0
2,2024-01-12 08:28:02,2024-01-12 08:32:15,1.0,0.67,1.0,N,236,237,1,5.8,0.0,0.5,0.49,0.0,1.0,10.29,2.5,0.0
1,2024-01-28 22:43:49,2024-01-28 22:48:51,1.0,1.1,1.0,N,163,68,1,7.2,3.5,0.5,2.45,0.0,1.0,14.65,2.5,0.0
2,2024-01-15 20:30:23,2024-01-15 20:42:25,2.0,1.36,1.0,N,161,48,1,12.1,1.0,0.5,1.5,0.0,1.0,18.6,2.5,0.0
2,2024-01-12 11:21:35,2024-01-12 11:26:06,1.0,1.25,1.0,N,239,238,2,7.2,0.0,0.5,0.0,0.0,1.0,11.2,2.5,0.0
2,2024-01-23 18:02:33,2024-01-23 18:23:18,2.0,1.49,1.0,N,229,161,1,17.7,2.5,0.5,4.84,0.0,1.0,29.04,2.5,0.0
2,2024-01-22 19:25:16,2024-01-22 19:44:59,1.0,3.36,1.0,N,137,143,1,20.5,2.5,0.5,2.0,0.0,1.0,29.0,2.5,0.0
2,2024-01-05 13:36:15,2024-01-05 13:46:37,6.0,1.18,1.0,N,234,186,2,10.0,0.0,0.5,0.0,0.0,1.0,14.0,2.5,0.0
2,2024-01-29 20:50:00,2024-01-29 21:13:35,1.0,5.44,1.0,N,113,239,1,28.9,1.0,0.5,10.17,0.0,1.0,44.07,2.5,0.0
1,2024-01-27 15:25:21,2024-01-27 15:36:41,1.0,2.2,1.0,N,246,249,1,13.5,2.5,0.5,3.5,0.0,1.0,21.0,2.5,0.0
2,2024-01-23 22:35:47,2024-01-23 22:40:09,1.0,1.15,1.0,N,237,236,1,7.2,1.0,0.5,3.66,0.0,1.0,15.86,2.5,0.0
1,2024-01-17 18:54:20,2024-01-17 18:54:43,,0.0,,,237,237,0,26.52,0.0,0.5,0.0,0.0,1.0,30.52,,
1,2024-01-21 11:58:36,2024-01-21 12:03:19,1.0,0.8,1.0,N,166,238,1,6.5,0.0,0.5,1.6,0.0,1.0,9.6,0.0,0.0
1,2024-01-13 20:58:30,2024-01-13 21:24:12,1.0,12.7,1.0,N,142,185,1,49.2,3.5,0.5,10.8,0.0,1.0,65.0,2.5,0.0
2,2024-01-18 14:39:44,2024-01-18 14:45:48,1.0,0.89,1.0,N,261,261,1,7.9,0.0,0.5,2.38,0.0,1.0,14.28,2.5,0.0
2,2024-01-16 18:20:09,2024-01-16 18:25:37,2.0,1.23,1.0,N,68,48,1,7.9,2.5,0.5,2.88,0.0,1.0,17.28,2.5,0.0
2,2024-01-10 17:26:21,2024-01-10 17:49:20,1.0,5.28,1.0,N,88,164,1,26.8,2.5,0.5,6.66,0.0,1.0,39.96,2.5,0.0
2,2024-01-30 23:46:25,2024-01-30 23:50:57,1.0,0.71,1.0,N,211,231,1,6.5,1.0,0.5,2.3,0.0,1.0,13.8,2.5,0.0
2,2024-01-18 18:05:23,2024-01-18 18:19:26,1.0,1.78,1.0,N,162,143,1,14.2,2.5,0.5,5.18,0.0,1.0,25.88,2.5,0.0
1,2024-01-12 18:43:52,2024-01-12 19:32:38,1.0,7.2,1.0,N,113,113,1,44.3,5.0,0.5,12.65,0.0,1.0,63.45,2.5,0.0
1,2024-01-04 13:20:34,2024-01-04 13:26:04,1.0,0.6,1.0,N,237,161,1,7.2,2.5,0.5,1.68,0.0,1.0,12.88,2.5,0.0
1,2024-01-10 18:35:27,2024-01-10 18:48:12,1.0,1.8,1.0,N,113,231,1,12.8,5.0,0.5,3.0,0.0,1.0,22.3,2.5,0.0
2,2024-01-10 20:30:04,2024-01-10 20:52:37,,3.88,,,170,13,0,27.94,0.0,0.5,3.83,0.0,1.0,35.77,,
2,2024-01-15 22:25:42,2024-01-15 22:34:59,1.0,1.48,1.0,N,48,143,1,11.4,1.0,0.5,3.28,0.0,1.0,19.68,2.5,0.0
1,2024-01-06 10:53:28,2024-01-06 11:16:40,1.0,6.6,99.0,N,182,42,1,27.5,0.0,0.5,0.0,0.0,1.0,29.0,0.0,0.0
2,2024-01-07 01:58:51,2024-01-07 02:03:58,1.0,1.04,1.0,N,158,68,1,7.2,1.0,0.5,1.94,0.0,1.0,11.64,0.0,0.0
2,2024-01-31 18:53:09,2024-01-31 18:57:25,1.0,0.92,1.0,N,237,236,1,6.5,2.5,0.5,3.25,0.0,1.0,16.25,2.5,0.0
1,2024-01-05 21:39:38,2024-01-05 21:54:01,1.0,2.8,1.0,N,234,264,1,16.3,3.5,0.5,4.26,0.0,1.0,25.56,2.5,0.0
2,2024-01-21 11:54:51,2024-01-21 12:04:11,,1.44,,,13,114,0,10.41,0.0,0.5,0.0,0.0,1.0,14.41,,
2,2024-01-03 01:24:02,2024-01-03 01:36:17,1.0,2.97,1.0,N,164,226,2,15.6,1.0,0.5,0.0,6.94,1.0,27.54,2.5,0.0
2,2024-01-16 10:48:30,2024-01-16 11:04:17,2.0,2.01,1.0,N,79,170,1,15.6,0.0,0.5,3.92,0.0,1.0,23.52,2.5,0.0
2,2024-01-03 18:44:36,2024-01-03 18:48:26,1.0,0.51,1.0,N,151,238,1,5.8,2.5,0.5,3.69,0.0,1.0,15.99,2.5,0.0
2,2024-01-21 02:46:50,2024-01-21 03:00:03,1.0,3.95,1.0,N,107,238,1,18.4,1.0,0.5,3.5,0.0,1.0,26.9,2.5,0.0
1,2024-01-11 10:26:51,2024-01-11 10:34:11,1.0,0.9,1.0,N,249,186,1,8.6,2.5,0.5,3.1,0.0,1.0,15.7,2.5,0.0
1,2024-01-13 22:15:21,2024-01-13 22:25:25,0.0,4.1,1.0,N,4,13,1,18.4,3.5,0.5,5.8,0.0,1.0,29.2,2.5,0.0
1,2024-01-27 17:16:39,2024-01-27 17:21:21,0.0,0.9,1.0,N,233,137,1,6.5,5.0,0.5,2.6,0.0,1.0,15.6,2.5,0.0
2,2024-01-28 00:07:23,2024-01-28 00:20:43,2.0,2.66,1.0,N,164,141,1,15.6,1.0,0.5,2.0,0.0,1.0,22.6,2.5,0.0
1,2024-01-17 22:59:27,2024-01-17 23:43:01,1.0,15.7,1.0,N,138,26,2,68.1,7.75,0.5,0.0,0.0,1.0,77.35,0.0,1.75
2,2024-01-12 11:41:12,2024-01-12 11:47:55,1.0,1.36,1.0,N,249,158,1,9.3,0.0,0.5,2.66,0.0,1.0,15.96,2.5,0.0
2,2024-01-03 14:41:05,2024-01-03 15:07:12,1.0,3.81,1.0,N,162,151,1,24.7,0.0,0.5,5.74,0.0,1.0,34.44,2.5,0.0
2,2024-01-13 11:59:58,2024-01-13 12:25:10,1.0,6.63,1.0,N,161,256,1,33.1,0.0,0.5,8.81,6.94,1.0,52.85,2.5,0.0
2,2024-01-12 18:07:14,2024-01-12 18:15:56,1.0,1.31,1.0,N,162,237,1,10.0,2.5,0.5,3.3,0.0,1.0,19.8,2.5,0.0
1,2024-01-27 08:46:15,2024-01-27 09:13:41,1.0,10.3,1.0,N,233,138,1,42.2,7.5,0.5,10.2,0.0,1.0,61.4,2.5,0.0
2,2024-01-09 18:45:47,2024-01-09 18:54:22,1.0,1.68,1.0,N,141,263,1,10.7,2.5,0.5,3.0,0.0,1.0,20.2,2.5,0.0
2,2024-01-24 05:49:11,2024-01-24 05:53:27,1.0,1.44,1.0,N,48,163,1,7.9,1.0,0.5,2.58,0.0,1.0,15.48,2.5,0.0
2,2024-01-06 17:49:37,2024-01-06 17:58:24,3.0,0.95,1.0,N,237,161,2,9.3,0.0,0.5,0.0,0.0,1.0,13.3,2.5,0.0
2,2024-01-09 18:11:02,2024-01-09 18:31:19,1.0,0.71,1.0,N,239,143,4,-17.7,-2.5,-0.5,0.0,0.0,-1.0,-24.2,-2.5,0.0
2,2024-01-24 07:52:50,2024-01-24 08:07:03,3.0,1.9,1.0,N,142,236,1,14.9,0.0,0.5,3.78,0.0,1.0,22.68,2.5,0.0
2,2024-01-12 17:01:15,2024-01-12 17:05:48,2.0,0.56,1.0,N,163,162,1,5.8,2.5,0.5,1.84,0.0,1.0,14.14,2.5,0.0
2,2024-01-11 21:57:34,2024-01-11 22:15:01,1.0,2.57,1.0,N,68,100,2,17.7,1.0,0.5,0.0,0.0,1.0,22.7,2.5,0.0
2,2024-01-03 11:24:45,2024-01-03 11:52:24,1.0,2.46,1.0,N,186,43,1,24.0,0.0,0.5,5.6,0.0,1.0,33.6,2.5,0.0
1,2024-01-23 00:11:48,2024-01-23 00:25:52,1.0,4.1,1.0,N,164,43,2,18.4,3.5,0.5,0.0,0.0,1.0,23.4,2.5,0.0
1,2024-01-26 08:41:39,2024-01-26 09:14:26,1.0,5.8,1.0,N,140,87,1,35.2,2.5,0.5,7.84,0.0,1.0,47.04,2.5,0.0
2,2024-01-13 11:35:34,2024-01-13 11:43:30,2.0,1.6,1.0,N,13,87,1,10.7,0.0,0.5,3.0,0.0,1.0,17.7,2.5,0.0
2,2024-01-04 14:06:11,2024-01-04 14:18:22,1.0,1.86,1.0,N,239,237,2,13.5,0.0,0.5,0.0,0.0,1.0,17.5,2.5,0.0
2,2024-01-26 18:43:48,2024-01-26 18:54:11,1.0,1.3,1.0,N,233,137,1,10.7,2.5,0.5,4.3,0.0,1.0,21.5,2.5,0.0
2,2024-01-18 13:11:33,2024-01-18 13:29:25,1.0,2.7,1.0,N,163,262,1,18.4,0.0,0.5,4.48,0.0,1.0,26.88,2.5,0.0
2,2024-01-28 22:28:49,2024-01-28 23:03:50,1.0,20.54,2.0,N,132,87,1,70.0,0.0,0.5,14.8,0.0,1.0,90.55,2.5,1.75
2,2024-01-24 22:14:46,2024-01-24 22:27:34,1.0,1.65,1.0,N,162,50,1,12.8,1.0,0.5,4.45,0.0,1.0,22.25,2.5,0.0
2,2024-01-20 07:32:09,2024-01-20 08:06:53,1.0,18.5,2.0,N,132,79,1,70.0,0.0,0.5,15.15,0.0,1.0,90.9,2.5,1.75
2,2024-01-11 21:19:44,2024-01-11 21:24:41,2.0,0.6,1.0,N,140,237,1,6.5,1.0,0.5,2.25,0.0,1.0,13.75,2.5,0.0
1,2024-01-01 16:50:56,2024-01-01 16:58:09,2.0,1.0,1.0,N,249,264,1,8.6,2.5,0.5,2.5,0.0,1.0,15.1,2.5,0.0
1,2024-01-27 20:18:00,2024-01-27 20:33:26,2.0,1.6,1.0,N,148,231,1,12.1,3.5,0.5,3.4,0.0,1.0,20.5,2.5,0.0
2,2024-01-02 21:13:19,2024-01-02 21:46:42,1.0,18.97,2.0,N,132,113,1,70.0,0.0,0.5,20.23,6.94,1.0,102.92,2.5,1.75
2,2024-01-12 11:19:04,2024-01-12 11:40:39,1.0,2.06,1.0,N,233,142,1,19.1,0.0,0.5,4.62,0.0,1.0,27.72,2.5,0.0
2,2024-01-31 19:28:52,2024-01-31 19:56:24,1.0,3.79,1.0,N,140,249,1,24.7,2.5,0.5,6.24,0.0,1.0,37.44,2.5,0.0
2,2024-01-06 18:30:56,2024-01-06 18:53:08,3.0,9.28,1.0,N,138,237,1,37.3,5.0,0.5,5.0,6.94,1.0,59.99,2.5,1.75
1,2024-01-11 23:49:20,2024-01-12 00:20:22,1.0,27.5,4.0,N,138,265,1,117.1,7.75,0.5,26.65,6.94,1.0,159.94,0.0,1.75
2,2024-01-03 18:05:04,2024-01-03 18:25:35,1.0,2.63,1.0,N,162,143,1,19.1,2.5,0.5,1.28,0.0,1.0,26.88,2.5,0.0
1,2024-01-29 12:51:26,2024-01-29 13:23:00,1.0,3.1,1.0,N,231,170,1,25.4,2.5,0.5,5.9,0.0,1.0,35.3,2.5,0.0
2,2024-01-17 20:54:49,2024-01-17 21:24:12,1.0,16.13,1.0,N,132,80,1,61.8,1.0,0.5,11.23,0.0,1.0,77.28,0.0,1.75
1,2024-01-16 12:18:12,2024-01-16 12:47:58,1.0,10.4,1.0,N,132,61,2,42.9,1.75,0.5,0.0,0.0,1.0,46.15,0.0,1.75
2,2024-01-12 07:40:45,2024-01-12 07:51:18,1.0,1.75,1.0,N,162,186,1,11.4,0.0,0.5,3.08,0.0,1.0,18.48,2.5,0.0
2,2024-01-25 23:33:26,2024-01-25 23:39:46,1.0,0.99,1.0,N,148,232,1,7.9,1.0,0.5,2.58,0.0,1.0,15.48,2.5,0.0
2,2024-01-06 00:57:20,2024-01-06 01:03:02,1.0,1.56,1.0,N,229,140,1,9.3,1.0,0.5,2.14,0.0,1.0,16.44,2.5,0.0
2,2024-01-05 08:56:19,2024-01-05 09:08:52,4.0,2.95,1.0,N,113,229,1,14.9,0.0,0.5,1.5,0.0,1.0,20.4,2.5,0.0
2,2024-01-27 15:32:00,2024-01-27 15:46:00,,2.16,,,162,236,0,15.26,0.0,0.5,5.0,0.0,1.0,24.26,,
2,2024-01-10 18:38:54,2024-01-10 18:50:53,1.0,1.78,1.0,N,162,107,1,12.8,2.5,0.5,4.83,0.0,1.0,24.13,2.5,0.0
2,2024-01-02 10:29:09,2024-01-02 10:37:51,4.0,1.46,1.0,N,237,161,1,10.0,0.0,0.5,2.1,0.0,1.0,16.1,2.5,0.0
2,2024-01-19 16:09:37,2024-01-19 16:11:57,1.0,0.48,1.0,N,107,137,1,5.1,2.5,0.5,2.32,0.0,1.0,13.92,2.5,0.0
2,2024-01-03 16:03:05,2024-01-03 16:25:04,1.0,3.39,1.0,N,144,100,2,21.9,2.5,0.5,0.0,0.0,1.0,28.4,2.5,0.0
1,2024-01-25 12:50:13,2024-01-25 12:52:34,1.0,0.4,1.0,N,234,170,1,4.4,2.5,0.5,1.65,0.0,1.0,10.05,2.5,0.0
1,2024-01-31 23:48:43,2024-02-01 00:03:39,1.0,8.3,1.0,N,138,141,1,33.1,10.25,0.5,10.35,6.94,1.0,62.14,2.5,1.75
2,2024-01-04 16:59:22,2024-01-04 17:13:06,1.0,2.21,1.0,N,234,162,1,14.9,2.5,0.5,4.28,0.0,1.0,25.68,2.5,0.0
2,2024-01-15 19:10:30,2024-01-15 19:15:49,2.0,1.05,1.0,N,43,230,1,7.9,0.0,0.5,2.0,0.0,1.0,13.9,2.5,0.0
2,2024-01-22 18:15:52,2024-01-22 18:27:15,1.0,1.45,1.0,N,142,229,1,11.4,2.5,0.5,3.58,0.0,1.0,21.48,2.5,0.0
2,2024-01-21 09:41:35,2024-01-21 09:53:37,2.0,3.68,1.0,N,164,100,1,17.0,0.0,0.5,4.2,0.0,1.0,25.2,2.5,0.0
2,2024-01-26 10:08:42,2024-01-26 10:21:19,1.0,1.51,1.0,N,186,249,2,12.8,0.0,0.5,0.0,0.0,1.0,16.8,2.5,0.0
1,2024-01-25 21:12:53,2024-01-25 21:28:18,1.0,1.8,1.0,N,234,144,1,14.9,3.5,0.5,3.95,0.0,1.0,23.85,2.5,0.0
2,2024-01-05 19:35:26,2024-01-05 19:47:38,1.0,1.06,1.0,N,162,48,2,12.1,2.5,0.5,0.0,0.0,1.0,18.6,2.5,0.0
2,2024-01-09 18:38:22,2024-01-09 18:49:16,,1.64,,,211,4,0,10.96,0.0,0.5,0.0,0.0,1.0,14.96,,
1,2024-01-30 13:03:14,2024-01-30 13:03:41,1.0,0.0,1.0,N,146,146,2,3.0,0.0,0.5,0.0,0.0,1.0,4.5,0.0,0.0
2,2024-01-04 09:38:16,2024-01-04 09:53:04,1.0,2.52,1.0,N,239,229,1,16.3,0.0,0.5,5.08,0.0,1.0,25.38,2.5,0.0
2,2024-01-20 17:44:51,2024-01-20 17:55:23,1.0,1.77,1.0,N,262,229,1,11.4,0.0,0.5,0.0,0.0,1.0,15.4,2.5,0.0
2,2024-01-17 17:02:18,2024-01-17 17:09:05,1.0,1.01,1.0,N,237,263,2,7.9,2.5,0.5,0.0,0.0,1.0,14.4,2.5,0.0
2,2024-01-14 17:05:28,2024-01-14 17:10:02,1.0,1.14,1.0,N,239,238,2,7.2,0.0,0.5,0.0,0.0,1.0,11.2,2.5,0.0
2,2024-01-25 10:16:10,2024-01-25 10:35:28,1.0,3.0,1.0,N,246,163,2,19.1,0.0,0.5,0.0,0.0,1.0,25.6,2.5,0.0
1,2024-01-06 14:25:08,2024-01-06 14:54:11,1.0,0.9,99.0,N,89,89,1,15.5,0.0,0.5,0.0,0.0,1.0,17.0,0.0,0.0
2,2024-01-08 14:19:07,2024-01-08 14:32:05,1.0,1.72,1.0,N,163,140,1,13.5,0.0,0.5,1.0,0.0,1.0,18.5,2.5,0.0
2,2024-01-11 14:21:13,2024-01-11 14:26:18,1.0,0.75,1.0,N,100,90,1,6.5,0.0,0.5,1.05,0.0,1.0,11.55,2.5,0.0
2,2024-01-17 13:11:55,2024-01-17 13:28:49,1.0,2.18,1.0,N,239,237,1,17.0,0.0,0.5,3.57,0.0,1.0,24.57,2.5,0.0
2,2024-01-26 11:49:16,2024-01-26 11:52:16,1.0,0.71,1.0,N,68,90,1,5.8,0.0,0.5,2.45,0.0,1.0,12.25,2.5,0.0
2,2024-01-05 08:45:16,2024-01-05 09:04:15,1.0,3.29,1.0,N,68,231,1,19.8,0.0,0.5,4.76,0.0,1.0,28.56,2.5,0.0
2,2024-01-30 17:50:16,2024-01-30 17:58:26,1.0,1.39,1.0,N,239,237,1,10.0,2.5,0.5,7.77,0.0,1.0,24.27,2.5,0.0
2,2024-01-01 19:53:18,2024-01-01 19:58:24,1.0,1.53,1.0,N,163,236,1,8.6,0.0,0.5,5.0,0.0,1.0,17.6,2.5,0.0
2,2024-01-02 09:32:07,2024-01-02 09:36:27,1.0,0.72,1.0,N,237,162,1,6.5,0.0,0.5,2.1,0.0,1.0,12.6,2.5,0.0
2,2024-01-05 02:17:34,2024-01-05 02:25:55,1.0,1.51,1.0,N,144,90,2,10.7,1.0,0.5,0.0,0.0,1.0,15.7,2.5,0.0
2,2024-01-19 22:35:19,2024-01-19 22:41:05,1.0,0.89,1.0,N,234,114,1,7.2,1.0,0.5,1.46,0.0,1.0,13.66,2.5,0.0
2,2024-01-29 20:38:30,2024-01-29 20:58:46,1.0,4.28,1.0,N,48,179,1,22.6,1.0,0.5,4.0,0.0,1.0,31.6,2.5,0.0
2,2024-01-25 18:43:49,2024-01-25 18:49:58,1.0,1.19,1.0,N,42,74,1,7.9,2.5,0.5,1.78,0.0,1.0,13.68,0.0,0.0
2,2024-01-13 19:10:19,2024-01-13 19:21:16,1.0,2.13,1.0,N,43,43,1,12.8,0.0,0.5,5.04,0.0,1.0,21.84,2.5,0.0
2,2024-01-13 22:50:30,2024-01-13 23:09:24,1.0,1.73,1.0,N,48,229,1,17.0,1.0,0.5,4.4,0.0,1.0,26.4,2.5,0.0
1,2024-01-28 17:40:12,2024-01-28 17:47:42,0.0,1.1,1.0,N,161,50,2,8.6,2.5,0.5,0.0,0.0,1.0,12.6,2.5,0.0
2,2024-01-23 10:32:04,2024-01-23 10:46:31,1.0,1.48,1.0,N,140,233,1,13.5,0.0,0.5,3.5,0.0,1.0,21.0,2.5,0.0
2,2024-01-29 15:42:48,2024-01-29 15:57:03,2.0,2.04,1.0,N,236,142,1,14.9,0.0,0.5,3.78,0.0,1.0,22.68,2.5,0.0
1,2024-01-02 19:45:26,2024-01-02 20:00:09,1.0,2.3,1.0,N,162,90,1,14.9,5.0,0.5,2.1,0.0,1.0,23.5,2.5,0.0
2,2024-01-11 18:35:54,2024-01-11 18:46:00,1.0,1.13,1.0,N,234,246,1,10.0,2.5,0.5,3.3,0.0,1.0,19.8,2.5,0.0
2,2024-01-15 12:29:25,2024-01-15 12:33:33,1.0,0.68,1.0,N,48,230,2,5.8,0.0,0.5,0.0,0.0,1.0,9.8,2.5,0.0
2,2024-01-31 18:31:10,2024-01-31 18:58:25,1.0,4.15,1.0,N,107,239,1,26.1,2.5,0.5,6.52,0.0,1.0,39.12,2.5,0.0
2,2024-01-14 14:59:38,2024-01-14 15:31:42,1.0,8.7,1.0,N,132,132,2,36.6,0.0,0.5,0.0,0.0,1.0,39.85,0.0,1.75
1,2024-01-03 22:36:47,2024-01-03 22:46:18,,1.7,,,237,236,0,10.0,1.0,0.5,2.25,0.0,1.0,17.25,,
2,2024-01-30 09:51:27,2024-01-30 09:55:25,1.0,0.51,1.0,N,229,229,4,5.8,0.0,0.5,0.0,0.0,1.0,9.8,2.5,0.0
2,2024-01-05 17:58:13,2024-01-05 18:06:40,5.0,0.97,1.0,N,162,170,2,8.6,2.5,0.5,0.0,0.0,1.0,15.1,2.5,0.0
2,2024-01-20 00:39:23,2024-01-20 00:51:59,1.0,1.86,1.0,N,148,249,1,12.8,1.0,0.5,3.56,0.0,1.0,21.36,2.5,0.0
1,2024-01-01 22:35:15,2024-01-01 22:42:22,1.0,1.4,1.0,N,263,237,1,9.3,3.5,0.5,2.85,0.0,1.0,17.15,2.5,0.0
1,2024-01-15 19:16:19,2024-01-15 19:24:58,2.0,1.1,1.0,N,186,48,1,9.3,2.5,0.5,2.65,0.0,1.0,15.95,2.5,0.0
1,2024-01-11 21:13:20,2024-01-11 21:29:37,,2.2,,,164,141,0,14.9,1.0,0.5,3.98,0.0,1.0,23.88,,
1,2024-01-07 18:01:51,2024-01-07 18:45:36,1.0,28.5,2.0,N,10,13,1,70.0,2.5,0.5,5.0,7.94,1.0,86.94,2.5,0.0
2,2024-01-11 07:49:52,2024-01-11 08:12:37,1.0,2.2,1.0,N,246,162,1,19.8,0.0,0.5,5.95,0.0,1.0,29.75,2.5,0.0
2,2024-01-17 15:15:21,2024-01-17 15:36:41,1.0,1.77,1.0,N,233,141,1,18.4,0.0,0.5,2.24,0.0,1.0,24.64,2.5,0.0
2,2024-01-13 13:33:19,2024-01-13 13:51:54,1.0,1.65,1.0,N,170,161,1,17.0,0.0,0.5,2.0,0.0,1.0,23.0,2.5,0.0
2,2024-01-17 18:43:51,2024-01-17 18:56:56,,6.45,,,129,75,0,23.7,0.0,0.5,0.0,6.94,1.0,32.14,,
2,2024-01-26 12:14:27,2024-01-26 12:50:40,2.0,4.3,1.0,N,246,236,1,31.7,0.0,0.5,7.14,0.0,1.0,42.84,2.5,0.0
2,2024-01-31 18:41:36,2024-01-31 18:44:45,5.0,0.52,1.0,N,249,125,1,5.1,2.5,0.5,2.32,0.0,1.0,13.92,2.5,0.0
2,2024-01-05 14:56:18,2024-01-05 15:20:39,1.0,3.46,1.0,N,231,161,1,23.3,0.0,0.5,5.46,0.0,1.0,32.76,2.5,0.0
2,2024-01-30 10:07:37,2024-01-30 10:29:44,1.0,3.79,1.0,N,87,170,1,23.3,0.0,0.5,5.46,0.0,1.0,32.76,2.5,0.0
2,2024-01-20 01:49:26,2024-01-20 01:59:56,3.0,1.51,1.0,N,249,148,1,11.4,1.0,0.5,2.0,0.0,1.0,18.4,2.5,0.0
1,2024-01-28 01:42:35,2024-01-28 02:17:37,0.0,23.4,1.0,N,186,265,1,86.3,3.5,0.5,5.0,6.94,1.0,103.24,2.5,0.0
2,2024-01-09 12:42:38,2024-01-09 12:57:35,1.0,3.07,1.0,N,144,229,1,17.0,0.0,0.5,4.2,0.0,1.0,25.2,2.5,0.0
2,2024-01-21 10:08:44,2024-01-21 10:26:40,1.0,5.86,1.0,N,132,205,2,28.2,0.0,0.5,0.0,0.0,1.0,31.45,0.0,1.75
2,2024-01-15 14:49:02,2024-01-15 14:55:40,1.0,1.21,1.0,N,229,170,1,8.6,0.0,0.5,1.0,0.0,1.0,13.6,2.5,0.0
1,2024-01-06 05:28:13,2024-01-06 06:14:59,3.0,22.0,2.0,N,100,132,2,70.0,2.5,0.5,0.0,6.94,1.0,80.94,2.5,0.0
2,2024-01-08 13:19:32,2024-01-08 13:22:07,5.0,0.57,1.0,N,239,239,1,5.8,0.0,0.5,2.45,0.0,1.0,12.25,2.5,0.0
2,2024-01-09 11:19:12,2024-01-09 11:26:19,1.0,0.83,1.0,N,107,233,2,7.9,0.0,0.5,0.0,0.0,1.0,11.9,2.5,0.0
1,2024-01-29 13:37:30,2024-01-29 13:56:31,1.0,4.0,1.0,N,263,137,1,20.5,2.5,0.5,1.22,0.0,1.0,25.72,2.5,0.0
2,2024-01-27 13:52:59,2024-01-27 14:00:43,1.0,0.63,1.0,N,142,143,1,8.6,0.0,0.5,2.52,0.0,1.0,15.12,2.5,0.0
2,2024-01-09 08:40:55,2024-01-09 09:06:03,1.0,3.54,1.0,N,236,68,1,23.3,0.0,0.5,3.0,0.0,1.0,30.3,2.5,0.0
2,2024-01-20 19:20:09,2024-01-20 19:57:13,2.0,10.94,1.0,N,238,33,1,48.5,0.0,0.5,11.89,6.94,1.0,71.33,2.5,0.0
2,2024-01-26 22:15:22,2024-01-26 22:41:26,2.0,5.5,1.0,N,186,88,1,31.7,1.0,0.5,7.34,0.0,1.0,44.04,2.5,0.0
1,2024-01-11 16:24:41,2024-01-11 16:44:38,1.0,4.2,1.0,N,107,87,1,21.2,5.0,0.5,3.0,0.0,1.0,30.7,2.5,0.0
2,2024-01-12 16:13:51,2024-01-12 16:36:06,1.0,2.26,1.0,N,236,161,1,19.8,2.5,0.5,5.26,0.0,1.0,31.56,2.5,0.0
1,2024-01-26 17:47:53,2024-01-26 18:23:58,1.0,8.1,1.0,N,70,43,1,39.4,11.75,0.5,10.55,0.0,1.0,63.2,2.5,1.75
2,2024-01-05 23:51:22,2024-01-06 00:06:59,1.0,3.62,1.0,N,249,52,2,18.4,1.0,0.5,0.0,0.0,1.0,23.4,2.5,0.0
2,2024-01-14 12:41:16,2024-01-14 12:44:29,1.0,0.53,1.0,N,236,236,1,5.1,0.0,0.5,2.27,0.0,1.0,11.37,2.5,0.0
2,2024-01-16 20:00:50,2024-01-16 20:10:09,1.0,1.66,1.0,N,125,246,1,10.7,1.0,0.5,3.14,0.0,1.0,18.84,2.5,0.0
2,2024-01-02 13:53:19,2024-01-02 14:06:10,1.0,2.62,1.0,N,234,231,1,14.9,0.0,0.5,2.0,0.0,1.0,20.9,2.5,0.0
2,2024-01-05 17:23:37,2024-01-05 17:44:30,1.0,3.73,1.0,N,161,7,1,21.9,2.5,0.5,5.0,0.0,1.0,33.4,2.5,0.0
2,2024-01-27 17:50:38,2024-01-27 18:01:47,1.0,1.53,1.0,N,230,142,2,12.1,0.0,0.5,0.0,0.0,1.0,16.1,2.5,0.0
2,2024-01-04 06:36:07,2024-01-04 07:32:28,1.0,18.21,2.0,N,132,68,1,70.0,0.0,0.5,16.19,6.94,1.0,98.88,2.5,1.75
2,2024-01-30 15:38:55,2024-01-30 15:47:49,2.0,1.06,1.0,N,141,262,1,9.3,0.0,0.5,2.66,0.0,1.0,15.96,2.5,0.0
2,2024-01-31 22:38:32,2024-01-31 22:58:24,2.0,1.99,1.0,N,107,48,1,18.4,1.0,0.5,4.68,0.0,1.0,28.08,2.5,0.0
2,2024-01-13 22:57:52,2024-01-13 23:18:27,1.0,3.77,1.0,N,141,79,1,21.2,1.0,0.5,5.24,0.0,1.0,31.44,2.5,0.0
1,2024-01-23 08:08:05,2024-01-23 08:22:29,1.0,1.9,1.0,N,234,237,1,13.5,2.5,0.5,3.0,0.0,1.0,20.5,2.5,0.0
2,2024-01-18 12:28:14,2024-01-18 12:35:05,1.0,0.71,1.0,N,237,237,1,7.9,0.0,0.5,2.38,0.0,1.0,14.28,2.5,0.0
1,2024-01-31 11:17:25,2024-01-31 11:57:07,1.0,8.3,99.0,N,174,51,1,20.5,0.0,0.5,0.0,0.0,1.0,22.0,0.0,0.0
2,2024-01-31 14:23:23,2024-01-31 14:32:34,2.0,1.01,1.0,N,107,137,2,10.0,0.0,0.5,0.0,0.0,1.0,14.0,2.5,0.0
2,2024-01-12 09:27:54,2024-01-12 09:42:42,1.0,1.77,1.0,N,229,262,1,14.9,0.0,0.5,5.0,0.0,1.0,23.9,2.5,0.0
2,2024-01-20 14:10:15,2024-01-20 14:23:50,1.0,0.95,1.0,N,229,163,1,12.8,0.0,0.5,3.36,0.0,1.0,20.16,2.5,0.0
2,2024-01-29 17:36:10,2024-01-29 17:50:08,6.0,2.55,1.0,N,231,107,2,15.6,2.5,0.5,0.0,0.0,1.0,22.1,2.5,0.0
1,2024-01-22 07:28:34,2024-01-22 07:36:55,1.0,0.9,1.0,N,107,90,1,7.9,2.5,0.5,1.0,0.0,1.0,12.9,2.5,0.0
2,2024-01-04 23:09:56,2024-01-04 23:17:46,1.0,1.26,1.0,N,113,68,1,9.3,1.0,0.5,2.86,0.0,1.0,17.16,2.5,0.0
2,2024-01-05 22:06:17,2024-01-05 22:08:34,1.0,0.51,1.0,N,50,48,1,5.1,1.0,0.5,1.0,0.0,1.0,11.1,2.5,0.0
2,2024-01-24 23:00:32,2024-01-24 23:16:37,,3.44,,,239,42,0,19.89,0.0,0.5,0.0,0.0,1.0,23.89,,
2,2024-01-25 08:51:05,2024-01-25 09:15:52,1.0,8.01,1.0,N,132,132,2,35.9,0.0,0.5,0.0,0.0,1.0,39.15,0.0,1.75
1,2024-01-22 16:09:50,2024-01-22 16:16:19,1.0,0.7,1.0,N,234,249,1,7.2,5.0,0.5,2.7,0.0,1.0,16.4,2.5,0.0
2,2024-01-13 14:18:24,2024-01-13 14:22:02,1.0,0.82,1.0,N,229,137,1,6.5,0.0,0.5,1.89,0.0,1.0,12.39,2.5,0.0
2,2024-01-20 15:40:40,2024-01-20 15:59:25,2.0,2.59,1.0,N,231,68,2,19.1,0.0,0.5,0.0,0.0,1.0,23.1,2.5,0.0
2,2024-01-09 09:00:17,2024-01-09 09:22:05,2.0,0.8,1.0,N,186,170,1,18.4,0.0,0.5,4.48,0.0,1.0,26.88,2.5,0.0
1,2024-01-18 15:14:04,2024-01-18 15:21:58,1.0,0.6,1.0,N,161,161,1,8.6,2.5,0.5,1.64,0.0,1.0,14.24,2.5,0.0
2,2024-01-06 13:07:54,2024-01-06 13:25:36,1.0,2.35,1.0,N,249,170,2,17.0,0.0,0.5,0.0,0.0,1.0,21.0,2.5,0.0
2,2024-01-14 15:48:12,2024-01-14 16:21:24,1.0,3.01,1.0,N,114,48,1,28.2,0.0,0.5,5.8,0.0,1.0,38.0,2.5,0.0
1,2024-01-08 07:43:09,2024-01-08 07:48:26,1.0,1.1,1.0,N,186,113,1,7.9,2.5,0.5,2.35,0.0,1.0,14.25,2.5,0.0
2,2024-01-30 21:04:26,2024-01-30 21:12:09,2.0,1.29,1.0,N,236,162,1,9.3,1.0,0.5,2.86,0.0,1.0,17.16,2.5,0.0
2,2024-01-19 18:13:30,2024-01-19 18:19:39,6.0,1.25,1.0,N,239,151,1,8.6,2.5,0.5,3.02,0.0,1.0,18.12,2.5,0.0
2,2024-01-12 22:48:52,2024-01-12 22:55:30,1.0,1.29,1.0,N,249,234,1,8.6,1.0,0.5,2.0,0.0,1.0,15.6,2.5,0.0
2,2024-01-09 10:31:14,2024-01-09 10:40:21,1.0,1.25,1.0,N,140,236,1,10.0,0.0,0.5,2.8,0.0,1.0,16.8,2.5,0.0
2,2024-01-18 12:20:39,2024-01-18 13:12:35,1.0,17.18,2.0,N,132,162,1,70.0,0.0,0.5,16.19,6.94,1.0,98.88,2.5,1.75
2,2024-01-20 17:32:35,2024-01-20 17:57:10,1.0,3.11,1.0,N,236,230,1,24.0,0.0,0.5,5.6,0.0,1.0,33.6,2.5,0.0
1,2024-01-11 17:27:51,2024-01-11 17:53:21,2.0,2.9,1.0,N,163,249,1,20.5,5.0,0.5,5.4,0.0,1.0,32.4,2.5,0.0
2,2024-01-23 22:58:17,2024-01-23 23:23:54,1.0,6.24,1.0,N,48,25,1,28.9,1.0,0.5,8.47,0.0,1.0,42.37,2.5,0.0
2,2024-01-13 13:34:07,2024-01-13 13:42:37,1.0,1.44,1.0,N,107,162,1,10.0,0.0,0.5,2.8,0.0,1.0,16.8,2.5,0.0
2,2024-01-25 07:52:03,2024-01-25 08:01:49,1.0,0.7,1.0,N,186,230,1,9.3,0.0,0.5,2.66,0.0,1.0,15.96,2.5,0.0
2,2024-01-03 08:32:48,2024-01-03 08:37:59,1.0,1.11,1.0,N,107,170,1,7.9,0.0,0.5,1.0,0.0,1.0,12.9,2.5,0.0
2,2024-01-03 15:05:57,2024-01-03 15:17:02,1.0,1.29,1.0,N,164,230,1,11.4,0.0,0.5,3.08,0.0,1.0,18.48,2.5,0.0
2,2024-01-04 14:59:58,2024-01-04 16:00:07,4.0,16.41,2.0,N,163,132,1,70.0,0.0,0.5,10.0,6.94,1.0,90.94,2.5,0.0
2,2024-01-10 19:27:38,2024-01-10 19:35:00,1.0,1.1,1.0,N,164,161,1,8.6,2.5,0.5,3.02,0.0,1.0,18.12,2.5,0.0
2,2024-01-24 17:18:28,2024-01-24 17:26:26,1.0,0.88,1.0,N,164,90,1,8.6,2.5,0.5,3.02,0.0,1.0,18.12,2.5,0.0
1,2024-01-05 17:15:46,2024-01-05 17:18:21,1.0,0.2,1.0,N,170,170,1,4.4,5.0,0.5,2.15,0.0,1.0,13.05,2.5,0.0
2,2024-01-11 22:48:26,2024-01-11 22:57:06,4.0,1.25,1.0,N,186,161,1,10.0,1.0,0.5,3.75,0.0,1.0,18.75,2.5,0.0
1,2024-01-10 19:58:23,2024-01-10 20:07:03,2.0,1.8,1.0,N,229,263,1,10.7,3.5,0.5,2.0,0.0,1.0,17.7,2.5,0.0
2,2024-01-21 07:55:34,2024-01-21 08:03:27,2.0,2.23,1.0,N,142,186,1,11.4,0.0,0.5,1.54,0.0,1.0,16.94,2.5,0.0
1,2024-01-31 09:44:18,2024-01-31 10:00:00,1.0,2.8,1.0,N,151,237,1,17.7,2.5,0.5,2.17,0.0,1.0,23.87,2.5,0.0
2,2024-01-17 14:56:42,2024-01-17 15:03:31,1.0,0.68,1.0,N,237,229,1,7.9,0.0,0.5,2.38,0.0,1.0,14.28,2.5,0.0
2,2024-01-08 18:13:20,2024-01-08 18:18:24,1.0,0.89,1.0,N,107,170,1,7.2,2.5,0.5,3.42,0.0,1.0,17.12,2.5,0.0
2,2024-01-25 09:35:21,2024-01-25 10:22:29,2.0,10.3,1.0,N,163,138,1,56.2,5.0,0.5,0.0,6.94,1.0,72.14,2.5,0.0
2,2024-01-27 12:21:00,2024-01-27 12:47:17,1.0,3.22,1.0,N,144,230,1,24.0,0.0,0.5,5.6,0.0,1.0,33.6,2.5,0.0
2,2024-01-06 15:34:55,2024-01-06 15:42:46,2.0,0.76,1.0,N,186,68,1,8.6,0.0,0.5,4.0,0.0,1.0,16.6,2.5,0.0
2,2024-01-02 16:05:03,2024-01-02 16:14:22,1.0,1.11,1.0,N,249,79,1,10.0,2.5,0.5,3.3,0.0,1.0,19.8,2.5,0.0
1,2024-01-11 00:26:19,2024-01-11 00:38:23,0.0,2.8,1.0,N,114,264,2,15.6,3.5,0.5,0.0,0.0,1.0,20.6,2.5,0.0
2,2024-01-14 21:14:42,2024-01-14 21:22:55,1.0,1.69,1.0,N,234,48,1,10.7,1.0,0.5,3.92,0.0,1.0,19.62,2.5,0.0
2,2024-01-03 12:36:46,2024-01-03 12:43:15,1.0,0.77,1.0,N,237,161,1,7.9,0.0,0.5,2.38,0.0,1.0,14.28,2.5,0.0
2,2024-01-26 16:22:00,2024-01-26 16:52:19,,4.33,,,68,263,0,30.81,0.0,0.5,0.0,0.0,1.0,34.81,,
2,2024-01-24 09:42:55,2024-01-24 10:04:15,1.0,3.6,1.0,N,143,41,2,22.6,0.0,0.5,0.0,0.0,1.0,26.6,2.5,0.0
2,2024-01-27 14:58:41,2024-01-27 15:15:05,1.0,1.51,1.0,N,113,4,1,14.9,0.0,0.5,3.78,0.0,1.0,22.68,2.5,0.0
2,2024-01-18 20:41:47,2024-01-18 21:13:08,1.0,9.42,1.0,N,261,116,1,42.9,1.0,0.5,11.97,0.0,1.0,59.87,2.5,0.0
2,2024-01-31 12:52:03,2024-01-31 13:06:51,1.0,0.85,1.0,N,229,237,1,13.5,0.0,0.5,3.5,0.0,1.0,21.0,2.5,0.0
2,2024-01-26 15:51:38,2024-01-26 16:09:33,1.0,2.51,1.0,N,170,236,1,18.4,2.5,0.5,4.98,0.0,1.0,29.88,2.5,0.0
1,2024-01-28 17:27:48,2024-01-28 17:34:11,1.0,0.2,1.0,N,186,90,1,5.8,2.5,0.5,0.0,0.0,1.0,9.8,2.5,0.0
2,2024-01-28 10:39:13,2024-01-28 11:02:00,1.0,4.37,1.0,N,142,79,1,24.7,0.0,0.5,5.74,0.0,1.0,34.44,2.5,0.0
2,2024-01-25 12:55:00,2024-01-25 13:40:41,1.0,17.81,2.0,N,132,100,1,70.0,0.0,0.5,16.54,6.94,1.0,99.23,2.5,1.75
2,2024-01-06 14:53:05,2024-01-06 15:08:22,1.0,2.98,1.0,N,100,239,1,17.7,0.0,0.5,4.34,0.0,1.0,26.04,2.5,0.0
2,2024-01-17 14:54:44,2024-01-17 15:06:21,1.0,0.94,1.0,N,161,161,1,11.4,0.0,0.5,1.0,0.0,1.0,16.4,2.5,0.0
1,2024-01-23 22:52:29,2024-01-23 22:56:38,1.0,1.1,1.0,N,249,231,1,7.2,3.5,0.5,2.0,0.0,1.0,14.2,2.5,0.0
1,2024-01-09 11:59:57,2024-01-09 12:07:18,1.0,0.9,1.0,N,163,100,1,8.6,2.5,0.5,2.5,0.0,1.0,15.1,2.5,0.0
2,2024-01-04 10:23:24,2024-01-04 10:32:03,3.0,1.23,1.0,N,237,263,1,10.0,0.0,0.5,2.8,0.0,1.0,16.8,2.5,0.0
2,2024-01-16 17:20:35,2024-01-16 17:37:41,1.0,0.3,1.0,N,162,141,1,14.9,2.5,0.5,1.6,0.0,1.0,23.0,2.5,0.0
2,2024-01-29 21:29:50,2024-01-29 21:34:19,2.0,0.9,1.0,N,249,100,1,7.2,1.0,0.5,1.5,0.0,1.0,13.7,2.5,0.0
1,2024-01-24 11:36:25,2024-01-24 11:59:35,1.0,2.7,1.0,N,233,158,1,20.5,2.5,0.5,7.3,0.0,1.0,31.8,2.5,0.0
2,2024-01-24 21:09:19,2024-01-24 21:15:26,1.0,1.15,1.0,N,107,170,1,8.6,1.0,0.5,3.4,0.0,1.0,17.0,2.5,0.0
2,2024-01-13 13:52:10,2024-01-13 14:05:03,1.0,1.89,1.0,N,231,90,1,13.5,0.0,0.5,4.38,0.0,1.0,21.88,2.5,0.0
2,2024-01-05 11:13:22,2024-01-05 11:24:37,1.0,1.61,1.0,N,263,140,2,12.1,0.0,0.5,0.0,0.0,1.0,16.1,2.5,0.0
2,2024-01-13 15:55:55,2024-01-13 15:56:15,1.0,0.01,1.0,N,234,234,2,3.0,0.0,0.5,0.0,0.0,1.0,7.0,2.5,0.0
2,2024-01-25 14:55:44,2024-01-25 15:13:28,1.0,2.16,1.0,N,237,239,1,17.7,0.0,0.5,4.34,0.0,1.0,26.04,2.5,0.0
2,2024-01-02 09:32:43,2024-01-02 09:39:41,1.0,0.8,1.0,N,50,143,1,7.9,0.0,0.5,2.38,0.0,1.0,14.28,2.5,0.0
1,2024-01-17 22:09:50,2024-01-17 22:25:39,1.0,2.8,1.0,N,239,186,1,15.6,3.5,0.5,6.2,0.0,1.0,26.8,2.5,0.0
2,2024-01-26 13:41:58,2024-01-26 14:18:08,1.0,11.88,1.0,N,70,230,2,50.6,0.0,0.5,0.0,6.94,1.0,63.29,2.5,1.75
1,2024-01-25 19:14:27,2024-01-25 19:17:42,1.0,0.5,1.0,N,239,142,1,4.4,5.0,0.5,2.2,0.0,1.0,13.1,2.5,0.0
2,2024-01-02 20:55:24,2024-01-02 21:06:57,1.0,7.45,1.0,N,138,80,1,28.9,6.0,0.5,7.28,0.0,1.0,45.43,0.0,1.75
1,2024-01-09 15:21:44,2024-01-09 15:51:49,1.0,9.8,1.0,N,138,141,1,40.1,9.25,0.5,11.55,6.94,1.0,69.34,2.5,1.75
1,2024-01-21 12:42:59,2024-01-21 12:51:01,1.0,1.2,1.0,Y,148,4,2,10.0,2.5,0.5,0.0,0.0,1.0,14.0,2.5,0.0
1,2024-01-23 09:40:41,2024-01-23 10:25:25,1.0,18.3,2.0,Y,68,132,1,70.0,2.5,0.5,16.15,6.94,1.0,97.09,2.5,0.0
2,2024-01-26 13:01:16,2024-01-26 13:16:04,1.0,2.1,1.0,N,143,230,1,14.9,0.0,0.5,3.78,0.0,1.0,22.68,2.5,0.0
2,2024-01-25 07:25:16,2024-01-25 07:35:59,1.0,1.9,1.0,N,263,229,1,12.8,0.0,0.5,3.36,0.0,1.0,20.16,2.5,0.0
2,2024-01-17 21:16:51,2024-01-17 21:23:43,1.0,0.89,1.0,N,107,234,1,8.6,1.0,0.5,2.72,0.0,1.0,16.32,2.5,0.0
2,2024-01-05 17:10:18,2024-01-05 17:16:04,1.0,0.56,1.0,N,144,148,1,7.2,2.5,0.5,2.74,0.0,1.0,16.44,2.5,0.0
2,2024-01-09 14:35:45,2024-01-09 14:41:26,1.0,0.84,1.0,N,249,114,1,7.2,0.0,0.5,2.24,0.0,1.0,13.44,2.5,0.0
2,2024-01-17 16:20:29,2024-01-17 16:31:36,1.0,1.05,1.0,N,236,238,1,12.1,2.5,0.5,3.72,0.0,1.0,22.32,2.5,0.0
2,2024-01-22 18:19:17,2024-01-22 18:30:11,2.0,1.95,1.0,N,140,230,1,12.8,2.5,0.5,3.86,0.0,1.0,23.16,2.5,0.0
1,2024-01-08 07:58:54,2024-01-08 08:08:08,,1.4,,,239,166,0,11.4,0.0,0.5,2.31,0.0,1.0,17.71,,
1,2024-01-28 00:17:36,2024-01-28 00:33:06,1.0,2.8,1.0,N,237,170,1,14.9,3.5,0.5,2.0,0.0,1.0,21.9,2.5,0.0
1,2024-01-08 12:19:16,2024-01-08 12:27:54,1.0,1.5,1.0,N,236,239,1,10.7,2.5,0.5,2.9,0.0,1.0,17.6,2.5,0.0
2,2024-01-25 07:26:19,2024-01-25 07:30:11,1.0,0.43,1.0,N,48,246,1,5.8,0.0,0.5,1.96,0.0,1.0,11.76,2.5,0.0
2,2024-01-11 16:29:42,2024-01-11 16:48:15,4.0,2.66,1.0,N,48,237,1,18.4,2.5,0.5,4.98,0.0,1.0,29.88,2.5,0.0
2,2024-01-01 20:51:11,2024-01-01 20:57:14,3.0,1.13,1.0,N,161,233,1,7.9,1.0,0.5,3.23,0.0,1.0,16.13,2.5,0.0
2,2024-01-28 22:00:37,2024-01-28 22:11:41,1.0,3.42,1.0,N,107,145,1,15.6,1.0,0.5,2.75,6.94,1.0,30.29,2.5,0.0
2,2024-01-01 02:29:21,2024-01-01 02:41:39,1.0,2.7,1.0,N,158,233,1,14.9,1.0,0.5,3.98,0.0,1.0,23.88,2.5,0.0
2,2024-01-15 18:09:22,2024-01-15 18:18:05,1.0,1.06,1.0,N,161,164,1,9.3,0.0,0.5,3.32,0.0,1.0,16.62,2.5,0.0
2,2024-01-08 11:33:37,2024-01-08 11:40:19,1.0,0.88,1.0,N,236,237,1,8.6,0.0,0.5,2.52,0.0,1.0,15.12,2.5,0.0
2,2024-01-23 18:39:25,2024-01-23 18:52:08,1.0,1.95,1.0,N,137,237,1,13.5,2.5,0.5,2.0,0.0,1.0,22.0,2.5,0.0
2,2024-01-09 18:44:18,2024-01-09 19:04:44,1.0,3.11,1.0,N,161,158,1,19.8,2.5,0.5,5.26,0.0,1.0,31.56,2.5,0.0
2,2024-01-05 18:32:19,2024-01-05 18:38:30,1.0,0.76,1.0,N,141,237,2,7.2,2.5,0.5,0.0,0.0,1.0,13.7,2.5,0.0
2,2024-01-30 07:34:21,2024-01-30 07:41:20,1.0,1.15,1.0,N,68,230,1,8.6,0.0,0.5,1.0,0.0,1.0,13.6,2.5,0.0
1,2024-01-30 16:10:32,2024-01-30 16:16:28,1.0,0.8,1.0,N,238,236,2,7.2,5.0,0.5,0.0,0.0,1.0,13.7,2.5,0.0
2,2024-01-12 20:22:10,2024-01-12 21:02:53,1.0,26.0,1.0,N,132,245,1,95.4,1.0,0.5,28.38,13.88,1.0,141.91,0.0,1.75
2,2024-01-09 14:18:30,2024-01-09 14:31:13,1.0,1.71,1.0,N,113,170,1,12.8,0.0,0.5,2.0,0.0,1.0,18.8,2.5,0.0
1,2024-01-25 18:32:53,2024-01-25 18:43:11,1.0,1.4,1.0,N,230,229,2,10.7,5.0,0.5,0.0,0.0,1.0,17.2,2.5,0.0
2,2024-01-29 12:20:54,2024-01-29 12:35:49,1.0,1.43,1.0,N,125,125,1,14.2,0.0,0.5,3.64,0.0,1.0,21.84,2.5,0.0
2,2024-01-11 17:23:29,2024-01-11 17:34:45,1.0,1.44,1.0,N,249,186,2,11.4,2.5,0.5,0.0,0.0,1.0,17.9,2.5,0.0
2,2024-01-19 20:33:17,2024-01-19 20:40:43,1.0,1.2,1.0,N,246,249,1,9.3,1.0,0.5,2.0,0.0,1.0,16.3,2.5,0.0
2,2024-01-24 12:29:24,2024-01-24 12:33:16,3.0,0.66,1.0,N,137,107,1,5.8,0.0,0.5,1.96,0.0,1.0,11.76,2.5,0.0
1,2024-01-06 02:37:38,2024-01-06 02:46:49,2.0,1.9,1.0,N,148,137,1,10.7,3.5,0.5,3.15,0.0,1.0,18.85,2.5,0.0
2,2024-01-15 12:19:42,2024-01-15 12:28:13,5.0,1.01,1.0,N,163,161,1,9.3,0.0,0.5,3.32,0.0,1.0,16.62,2.5,0.0
2,2024-01-16 10:15:27,2024-01-16 10:26:34,1.0,1.2,1.0,N,75,237,1,11.4,0.0,0.5,1.0,0.0,1.0,16.4,2.5,0.0
2,2024-01-07 14:49:17,2024-01-07 15:24:24,3.0,17.45,2.0,N,132,170,4,-70.0,0.0,-0.5,0.0,-6.94,-1.0,-82.69,-2.5,-1.75
2,2024-01-14 18:03:15,2024-01-14 18:05:30,2.0,0.36,1.0,N,238,151,1,4.4,0.0,0.5,1.68,0.0,1.0,10.08,2.5,0.0
2,2024-01-22 00:11:51,2024-01-22 00:27:41,1.0,6.62,1.0,N,230,244,2,28.9,1.0,0.5,0.0,0.0,1.0,33.9,2.5,0.0
1,2024-01-17 21:02:37,2024-01-17 21:07:31,1.0,0.8,1.0,N,13,88,1,7.2,3.5,0.5,3.0,0.0,1.0,15.2,2.5,0.0
2,2024-01-28 23:21:30,2024-01-28 23:34:07,2.0,2.84,1.0,N,186,236,1,15.6,1.0,0.5,4.12,0.0,1.0,24.72,2.5,0.0
2,2024-01-20 23:57:10,2024-01-21 00:02:17,1.0,1.07,1.0,N,249,68,1,7.9,1.0,0.5,2.58,0.0,1.0,15.48,2.5,0.0
1,2024-01-25 12:31:29,2024-01-25 12:46:48,0.0,2.5,1.0,N,142,246,2,15.6,2.5,0.5,0.0,0.0,1.0,19.6,2.5,0.0
2,2024-01-12 19:01:21,2024-01-12 19:10:50,1.0,2.27,1.0,N,231,246,1,13.5,2.5,0.5,3.0,0.0,1.0,23.0,2.5,0.0
2,2024-01-23 21:39:01,2024-01-23 21:51:41,1.0,2.83,1.0,N,87,97,1,16.3,1.0,0.5,0.0,0.0,1.0,21.3,2.5,0.0
2,2024-01-09 19:07:40,2024-01-09 19:14:58,1.0,1.13,1.0,N,237,263,1,8.6,0.0,0.5,2.52,0.0,1.0,15.12,2.5,0.0
2,2024-01-12 16:22:46,2024-01-12 16:36:04,1.0,1.06,1.0,N,186,137,1,12.1,2.5,0.5,2.0,0.0,1.0,20.6,2.5,0.0
1,2024-01-26 15:15:04,2024-01-26 15:39:01,1.0,3.3,1.0,N,230,75,2,20.5,2.5,0.5,0.0,0.0,1.0,24.5,2.5,0.0
2,2024-01-25 20:55:59,2024-01-25 21:25:25,1.0,3.64,1.0,N,163,144,1,26.1,1.0,0.5,6.22,0.0,1.0,37.32,2.5,0.0
2,2024-01-30 07:29:42,2024-01-30 07:35:35,1.0,0.84,1.0,N,161,163,1,7.9,0.0,0.5,1.0,0.0,1.0,12.9,2.5,0.0
1,2024-01-29 14:02:20,2024-01-29 14:19:57,1.0,3.0,1.0,N,142,41,1,16.3,2.5,0.5,4.05,0.0,1.0,24.35,2.5,0.0
1,2024-01-28 22:34:24,2024-01-28 22:44:33,2.0,1.7,1.0,N,230,170,1,11.4,3.5,0.5,3.25,0.0,1.0,19.65,2.5,0.0
2,2024-01-12 11:05:11,2024-01-12 11:14:01,1.0,4.95,1.0,N,132,124,1,20.5,0.0,0.5,5.5,0.0,1.0,29.25,0.0,1.75
2,2024-01-19 16:43:33,2024-01-19 16:58:55,1.0,1.51,1.0,N,230,107,1,14.9,2.5,0.5,4.28,0.0,1.0,25.68,2.5,0.0
2,2024-01-13 14:27:41,2024-01-13 14:57:58,1.0,5.45,1.0,N,239,211,1,32.4,0.0,0.5,7.28,0.0,1.0,43.68,2.5,0.0
2,2024-01-19 08:44:37,2024-01-19 09:02:54,1.0,5.17,1.0,N,151,186,1,24.7,0.0,0.5,5.74,0.0,1.0,34.44,2.5,0.0
2,2024-01-01 01:56:53,2024-01-01 02:16:11,1.0,1.76,1.0,N,48,48,1,17.7,1.0,0.5,4.54,0.0,1.0,27.24,2.5,0.0
2,2024-01-31 17:37:28,2024-01-31 17:47:02,1.0,1.8,1.0,N,236,239,1,11.4,2.5,0.5,4.47,0.0,1.0,22.37,2.5,0.0
2,2024-01-06 13:44:51,2024-01-06 13:55:52,2.0,1.72,1.0,N,107,68,1,12.1,0.0,0.5,3.0,0.0,1.0,19.1,2.5,0.0
2,2024-01-12 12:10:10,2024-01-12 12:17:02,2.0,0.53,1.0,N,236,263,1,7.9,0.0,0.5,1.78,0.0,1.0,13.68,2.5,0.0
2,2024-01-01 15:01:01,2024-01-01 15:05:09,2.0,0.53,1.0,N,234,186,1,5.8,0.0,0.5,1.0,0.0,1.0,10.8,2.5,0.0
2,2024-01-23 15:53:05,2024-01-23 15:58:21,1.0,0.66,1.0,N,236,263,1,6.5,0.0,0.5,1.0,0.0,1.0,11.5,2.5,0.0
2,2024-01-13 10:00:39,2024-01-13 10:27:59,,11.72,,,239,138,0,51.84,0.0,0.5,9.42,6.94,1.0,72.2,,
2,2024-01-22 00:43:23,2024-01-22 00:51:49,1.0,2.68,1.0,N,113,163,1,13.5,1.0,0.5,3.7,0.0,1.0,22.2,2.5,0.0
2,2024-01-22 16:14:01,2024-01-22 16:23:00,1.0,1.06,1.0,N,239,238,1,10.0,2.5,0.5,3.3,0.0,1.0,19.8,2.5,0.0
2,2024-01-05 12:27:59,2024-01-05 12:36:51,1.0,0.8,1.0,N,162,162,1,9.3,0.0,0.5,0.0,0.0,1.0,13.3,2.5,0.0
2,2024-01-09 15:29:40,2024-01-09 15:52:44,2.0,2.88,1.0,N,237,42,2,21.2,0.0,0.5,0.0,0.0,1.0,25.2,2.5,0.0
2,2024-01-09 14:26:59,2024-01-09 14:42:00,1.0,2.22,1.0,N,141,143,1,15.6,0.0,0.5,3.92,0.0,1.0,23.52,2.5,0.0
2,2024-01-12 23:45:55,2024-01-12 23:53:21,1.0,0.93,1.0,N,114,231,1,9.3,1.0,0.5,2.86,0.0,1.0,17.16,2.5,0.0
2,2024-01-25 11:08:47,2024-01-25 12:30:07,2.0,18.97,2.0,N,132,230,1,70.0,0.0,0.5,0.1,6.94,1.0,82.79,2.5,1.75
2,2024-01-11 22:38:14,2024-01-11 22:44:32,2.0,0.93,1.0,N,234,79,1,7.9,1.0,0.5,2.0,0.0,1.0,14.9,2.5,0.0
2,2024-01-31 21:42:47,2024-01-31 21:45:07,1.0,0.42,1.0,N,48,50,1,4.4,1.0,0.5,2.0,0.0,1.0,11.4,2.5,0.0
2,2024-01-28 00:25:59,2024-01-28 00:49:01,6.0,4.96,1.0,N,246,151,1,27.5,1.0,0.5,6.5,0.0,1.0,39.0,2.5,0.0
2,2024-01-06 15:16:53,2024-01-06 15:22:27,1.0,1.01,1.0,N,161,170,1,7.9,0.0,0.5,10.0,0.0,1.0,21.9,2.5,0.0
2,2024-01-24 20:27:11,2024-01-24 20:38:14,1.0,1.55,1.0,N,161,236,1,12.1,1.0,0.5,3.42,0.0,1.0,20.52,2.5,0.0
2,2024-01-22 09:17:18,2024-01-22 09:30:31,2.0,2.33,1.0,N,75,162,1,14.2,0.0,0.5,3.64,0.0,1.0,21.84,2.5,0.0
2,2024-01-06 13:02:42,2024-01-06 13:03:13,2.0,0.02,1.0,N,143,143,2,3.0,0.0,0.5,0.0,0.0,1.0,7.0,2.5,0.0
2,2024-01-05 16:42:42,2024-01-05 16:53:10,5.0,1.36,1.0,N,233,234,1,10.7,2.5,0.5,3.44,0.0,1.0,20.64,2.5,0.0
1,2024-01-13 18:09:05,2024-01-13 18:15:35,1.0,0.4,1.0,N,163,163,1,5.8,2.5,0.5,2.0,0.0,1.0,11.8,2.5,0.0
2,2024-01-02 14:48:19,2024-01-02 14:59:48,1.0,0.93,1.0,N,68,48,1,11.4,0.0,0.5,3.08,0.0,1.0,18.48,2.5,0.0
2,2024-01-31 01:52:03,2024-01-31 01:55:50,1.0,1.07,1.0,N,48,68,2,7.2,1.0,0.5,0.0,0.0,1.0,12.2,2.5,0.0
2,2024-01-06 18:38:13,2024-01-06 18:45:55,1.0,1.49,1.0,N,140,262,2,9.3,0.0,0.5,0.0,0.0,1.0,13.3,2.5,0.0
2,2024-01-21 02:03:08,2024-01-21 02:20:24,2.0,2.61,1.0,N,246,79,1,17.7,1.0,0.5,5.67,0.0,1.0,28.37,2.5,0.0
2,2024-01-09 13:59:19,2024-01-09 14:26:38,1.0,3.73,1.0,N,161,151,1,25.4,0.0,0.5,5.88,0.0,1.0,35.28,2.5,0.0
2,2024-01-10 15:40:29,2024-01-10 15:42:57,1.0,0.54,1.0,N,239,238,1,5.1,0.0,0.5,1.82,0.0,1.0,10.92,2.5,0.0
2,2024-01-27 11:44:25,2024-01-27 11:45:38,1.0,0.25,1.0,N,164,164,2,3.7,0.0,0.5,0.0,0.0,1.0,7.7,2.5,0.0
2,2024-01-19 19:29:32,2024-01-19 19:46:04,,4.19,,,231,189,0,24.63,0.0,0.5,5.73,0.0,1.0,34.36,,
1,2024-01-20 23:52:42,2024-01-21 00:03:14,1.0,1.1,1.0,N,148,79,1,10.0,3.5,0.5,3.0,0.0,1.0,18.0,2.5,0.0
1,2024-01-24 07:37:47,2024-01-24 08:47:05,1.0,21.2,2.0,N,142,132,1,70.0,2.5,0.5,24.25,6.94,1.0,105.19,2.5,0.0
2,2024-01-27 10:49:30,2024-01-27 10:56:21,1.0,0.97,1.0,N,261,45,1,7.9,0.0,0.5,2.0,0.0,1.0,13.9,2.5,0.0
1,2024-01-06 12:13:37,2024-01-06 12:26:26,1.0,1.9,1.0,N,90,4,1,11.4,2.5,0.5,3.1,0.0,1.0,18.5,2.5,0.0
2,2024-01-11 17:17:49,2024-01-11 17:36:47,1.0,2.74,1.0,N,137,142,1,18.4,2.5,0.5,4.98,0.0,1.0,29.88,2.5,0.0
2,2024-01-01 03:00:04,2024-01-01 03:22:33,3.0,2.84,1.0,N,186,238,1,21.9,1.0,0.5,2.69,0.0,1.0,29.59,2.5,0.0
2,2024-01-26 13:14:51,2024-01-26 13:24:36,1.0,0.94,1.0,N,161,164,1,10.0,0.0,0.5,0.0,0.0,1.0,14.0,2.5,0.0
2,2024-01-27 20:25:28,2024-01-27 20:34:37,1.0,0.68,1.0,N,90,107,4,9.3,1.0,0.5,0.0,0.0,1.0,14.3,2.5,0.0
2,2024-01-19 08:07:10,2024-01-19 08:12:59,2.0,0.58,1.0,N,41,151,1,7.2,0.0,0.5,1.74,0.0,1.0,10.44,0.0,0.0
2,2024-01-05 10:00:26,2024-01-05 10:02:35,1.0,0.43,1.0,N,262,141,1,5.1,0.0,0.5,0.75,0.0,1.0,9.85,2.5,0.0
2,2024-01-12 22:58:57,2024-01-12 23:14:44,2.0,2.88,1.0,N,161,236,1,17.0,1.0,0.5,4.4,0.0,1.0,26.4,2.5,0.0
2,2024-01-08 17:40:41,2024-01-08 17:57:58,1.0,2.4,1.0,N,163,113,1,17.7,2.5,0.5,3.63,0.0,1.0,27.83,2.5,0.0
1,2024-01-23 13:23:27,2024-01-23 13:26:01,,0.4,,,238,239,0,5.1,0.0,0.5,1.37,0.0,1.0,10.47,,
2,2024-01-30 11:44:17,2024-01-30 12:02:53,1.0,1.17,1.0,N,229,162,1,16.3,0.0,0.5,1.2,0.0,1.0,21.5,2.5,0.0
2,2024-01-19 17:22:00,2024-01-19 17:37:57,1.0,1.25,1.0,N,162,237,1,14.9,2.5,0.5,4.28,0.0,1.0,25.68,2.5,0.0
2,2024-01-23 17:39:01,2024-01-23 17:52:33,1.0,1.43,1.0,N,161,234,1,12.8,2.5,0.5,2.9,0.0,1.0,22.2,2.5,0.0
2,2024-01-25 00:36:48,2024-01-25 00:46:48,1.0,3.59,1.0,N,48,151,1,16.3,1.0,0.5,4.26,0.0,1.0,25.56,2.5,0.0
1,2024-01-13 20:22:32,2024-01-13 20:37:47,1.0,1.5,1.0,N,234,79,1,14.2,3.5,0.5,3.8,0.0,1.0,23.0,2.5,0.0
2,2024-01-14 15:23:11,2024-01-14 15:41:02,1.0,2.31,1.0,N,90,232,1,17.0,0.0,0.5,4.2,0.0,1.0,25.2,2.5,0.0
1,2024-01-28 03:14:53,2024-01-28 03:27:41,3.0,1.8,1.0,N,114,234,1,13.5,3.5,0.5,3.7,0.0,1.0,22.2,2.5,0.0
1,2024-01-09 14:45:51,2024-01-09 14:51:18,1.0,0.9,1.0,N,236,75,2,7.2,2.5,0.5,0.0,0.0,1.0,11.2,2.5,0.0
2,2024-01-20 10:38:18,2024-01-20 10:55:09,1.0,2.8,1.0,N,263,143,1,17.7,0.0,0.5,4.34,0.0,1.0,26.04,2.5,0.0
2,2024-01-25 11:58:43,2024-01-25 12:03:36,1.0,0.63,1.0,N,236,236,2,6.5,0.0,0.5,0.0,0.0,1.0,10.5,2.5,0.0
1,2024-01-11 06:45:05,2024-01-11 06:57:45,1.0,3.1,1.0,N,262,161,1,16.3,2.5,0.5,5.05,0.0,1.0,25.35,2.5,0.0
2,2024-01-10 08:30:15,2024-01-10 08:34:19,1.0,1.06,1.0,N,107,170,1,7.2,0.0,0.5,2.24,0.0,1.0,13.44,2.5,0.0
2,2024-01-17 18:58:07,2024-01-17 19:03:59,1.0,0.71,1.0,N,68,234,1,7.2,2.5,0.5,2.74,0.0,1.0,16.44,2.5,0.0
2,2024-01-21 16:27:25,2024-01-21 16:31:28,1.0,0.74,1.0,N,142,239,1,6.5,0.0,0.5,1.0,0.0,1.0,11.5,2.5,0.0
1,2024-01-19 17:27:49,2024-01-19 17:31:33,,0.8,,,79,137,0,6.5,2.5,0.5,2.6,0.0,1.0,15.6,,
2,2024-01-12 20:55:02,2024-01-12 21:21:06,2.0,2.74,1.0,N,209,107,1,23.3,1.0,0.5,5.66,0.0,1.0,33.96,2.5,0.0
2,2024-01-07 18:26:41,2024-01-07 18:45:30,1.0,9.11,1.0,N,138,233,1,36.6,5.0,0.5,10.51,6.94,1.0,64.8,2.5,1.75
2,2024-01-11 13:54:39,2024-01-11 14:03:58,1.0,0.99,1.0,N,239,143,1,10.0,0.0,0.5,2.8,0.0,1.0,16.8,2.5,0.0
2,2024-01-25 06:15:30,2024-01-25 06:21:42,1.0,1.19,1.0,N,186,161,1,8.6,1.0,0.5,1.0,0.0,1.0,14.6,2.5,0.0
2,2024-01-09 21:50:41,2024-01-09 21:54:46,1.0,1.02,1.0,N,113,125,1,6.5,1.0,0.5,2.3,0.0,1.0,13.8,2.5,0.0
2,2024-01-11 16:37:24,2024-01-11 16:43:56,1.0,0.85,1.0,N,230,186,1,7.9,2.5,0.5,3.6,0.0,1.0,18.0,2.5,0.0
2,2024-01-20 22:02:22,2024-01-20 22:19:25,1.0,3.72,1.0,N,230,263,1,19.1,1.0,0.5,2.0,0.0,1.0,26.1,2.5,0.0
2,2024-01-26 23:54:53,2024-01-27 00:03:52,3.0,1.4,1.0,N,90,113,1,10.0,1.0,0.5,3.0,0.0,1.0,18.0,2.5,0.0
2,2024-01-30 17:54:33,2024-01-30 18:01:39,1.0,0.51,1.0,N,236,237,1,7.9,2.5,0.5,1.44,0.0,1.0,15.84,2.5,0.0
2,2024-01-01 18:51:47,2024-01-01 18:58:25,2.0,1.29,1.0,N,79,233,1,9.3,0.0,0.5,2.66,0.0,1.0,15.96,2.5,0.0
2,2024-01-26 00:58:44,2024-01-26 01:10:30,1.0,2.27,1.0,N,68,144,1,14.2,1.0,0.5,3.84,0.0,1.0,23.04,2.5,0.0
2,2024-01-24 22:18:56,2024-01-24 22:21:48,1.0,0.72,1.0,N,186,234,1,5.8,1.0,0.5,2.16,0.0,1.0,12.96,2.5,0.0
2,2024-01-03 15:49:17,2024-01-03 15:57:08,1.0,1.44,1.0,N,45,249,1,10.0,0.0,0.5,2.8,0.0,1.0,16.8,2.5,0.0
2,2024-01-23 17:55:50,2024-01-23 18:43:39,2.0,21.2,2.0,N,132,239,2,70.0,5.0,0.5,0.0,6.94,1.0,87.69,2.5,1.75
2,2024-01-01 03:26:13,2024-01-01 03:35:10,2.0,2.15,1.0,N,230,263,1,12.1,1.0,0.5,2.56,0.0,1.0,19.66,2.5,0.0
2,2024-01-11 14:51:43,2024-01-11 14:58:40,1.0,0.86,1.0,N,79,137,1,7.9,0.0,0.5,2.0,0.0,1.0,13.9,2.5,0.0
2,2024-01-18 09:37:19,2024-01-18 09:39:30,1.0,0.22,1.0,N,263,236,4,-4.4,0.0,-0.5,0.0,0.0,-1.0,-8.4,-2.5,0.0
1,2024-01-07 15:24:33,2024-01-07 15:39:09,1.0,2.7,1.0,N,237,113,1,14.9,2.5,0.5,5.65,0.0,1.0,24.55,2.5,0.0
2,2024-01-12 19:00:27,2024-01-12 19:15:40,1.0,5.81,1.0,N,148,260,1,26.1,2.5,0.5,2.0,0.0,1.0,34.6,2.5,0.0
2,2024-01-19 22:58:35,2024-01-19 23:18:10,1.0,2.85,1.0,N,142,137,1,19.1,1.0,0.5,4.82,0.0,1.0,28.92,2.5,0.0
2,2024-01-01 17:29:45,2024-01-01 18:17:00,2.0,17.57,2.0,N,230,132,2,70.0,0.0,0.5,0.0,6.94,1.0,80.94,2.5,0.0
2,2024-01-30 13:21:59,2024-01-30 13:33:45,1.0,0.97,1.0,N,137,68,1,11.4,0.0,0.5,3.08,0.0,1.0,18.48,2.5,0.0
1,2024-01-21 22:44:10,2024-01-21 22:46:56,1.0,0.6,1.0,N,186,90,1,5.1,3.5,0.5,2.0,0.0,1.0,12.1,2.5,0.0
1,2024-01-03 19:56:07,2024-01-03 21:04:33,1.0,17.2,2.0,N,132,162,2,70.0,9.25,0.5,0.0,6.94,1.0,87.69,2.5,1.75
1,2024-01-17 14:12:54,2024-01-17 14:49:42,1.0,3.0,1.0,N,170,262,1,30.3,2.5,0.5,6.0,0.0,1.0,40.3,2.5,0.0
2,2024-01-17 09:16:51,2024-01-17 09:23:08,1.0,0.49,1.0,N,186,164,1,7.2,0.0,0.5,2.24,0.0,1.0,13.44,2.5,0.0
2,2024-01-15 14:18:25,2024-01-15 14:42:05,1.0,4.73,1.0,N,162,112,2,26.1,0.0,0.5,0.0,0.0,1.0,30.1,2.5,0.0
2,2024-01-06 20:46:39,2024-01-06 20:50:04,1.0,0.97,1.0,N,237,43,1,6.5,1.0,0.5,1.72,0.0,1.0,13.22,2.5,0.0
2,2024-01-24 14:51:12,2024-01-24 15:01:46,1.0,1.41,1.0,N,163,68,1,10.7,0.0,0.5,2.0,0.0,1.0,16.7,2.5,0.0
2,2024-01-24 18:58:16,2024-01-24 19:19:04,1.0,2.94,1.0,N,68,229,1,19.8,2.5,0.5,7.89,0.0,1.0,34.19,2.5,0.0
2,2024-01-14 03:44:15,2024-01-14 03:44:22,1.0,0.0,1.0,N,68,68,2,3.0,1.0,0.5,0.0,0.0,1.0,8.0,2.5,0.0
1,2024-01-31 20:21:14,2024-01-31 20:40:21,1.0,3.9,1.0,N,164,263,1,19.8,3.5,0.5,4.95,0.0,1.0,29.75,2.5,0.0
2,2024-01-31 21:11:08,2024-01-31 21:25:52,1.0,1.94,1.0,N,142,162,1,14.9,1.0,0.5,4.97,0.0,1.0,24.87,2.5,0.0
2,2024-01-31 12:23:48,2024-01-31 12:28:17,1.0,1.06,1.0,N,262,75,1,7.2,0.0,0.5,2.0,0.0,1.0,13.2,2.5,0.0
1,2024-01-07 14:20:24,2024-01-07 14:30:45,1.0,1.7,1.0,N,239,237,1,10.7,2.5,0.5,3.7,0.0,1.0,18.4,2.5,0.0
1,2024-01-21 22:48:12,2024-01-21 22:55:48,1.0,1.4,1.0,N,164,249,1,9.3,3.5,0.5,2.85,0.0,1.0,17.15,2.5,0.0
2,2024-01-16 19:21:58,2024-01-16 19:46:42,1.0,8.35,1.0,N,138,166,1,35.9,7.5,0.5,12.96,6.94,1.0,66.55,0.0,1.75
1,2024-01-15 00:27:39,2024-01-15 01:00:52,1.0,18.0,1.0,N,138,149,2,66.0,7.75,0.5,0.0,0.0,1.0,75.25,0.0,1.75
2,2024-01-15 16:34:34,2024-01-15 16:57:28,1.0,4.21,1.0,N,237,249,1,23.3,0.0,0.5,5.46,0.0,1.0,32.76,2.5,0.0
2,2024-01-07 16:28:20,2024-01-07 16:33:44,1.0,0.78,1.0,N,164,100,1,7.2,0.0,0.5,2.24,0.0,1.0,13.44,2.5,0.0
2,2024-01-09 18:19:20,2024-01-09 18:35:34,3.0,1.83,1.0,N,68,224,1,15.6,2.5,0.5,4.42,0.0,1.0,26.52,2.5,0.0
2,2024-01-27 19:15:55,2024-01-27 19:25:22,,1.67,,,142,246,0,11.66,0.0,0.5,0.0,0.0,1.0,15.66,,
1,2024-01-25 19:37:07,2024-01-25 20:16:00,2.0,13.1,1.0,N,138,158,1,55.5,11.75,0.5,10.0,0.0,1.0,78.75,2.5,1.75
1,2024-01-01 03:45:40,2024-01-01 03:55:34,1.0,2.0,1.0,N,141,48,1,12.1,3.5,0.5,3.42,0.0,1.0,20.52,2.5,0.0
1,2024-01-20 06:31:07,2024-01-20 06:58:15,1.0,7.0,1.0,N,90,223,1,33.1,2.5,0.5,0.0,3.0,1.0,40.1,2.5,0.0
1,2024-01-07 18:35:19,2024-01-07 18:41:27,1.0,1.0,1.0,N,161,164,1,7.2,2.5,0.5,2.25,0.0,1.0,13.45,2.5,0.0
1,2024-01-23 08:34:51,2024-01-23 08:50:09,1.0,1.7,1.0,N,186,233,1,12.8,2.5,0.5,4.2,0.0,1.0,21.0,2.5,0.0
2,2024-01-04 21:41:31,2024-01-04 21:52:39,1.0,1.98,1.0,N,186,237,1,12.1,1.0,0.5,3.42,0.0,1.0,20.52,2.5,0.0
2,2024-01-09 17:46:46,2024-01-09 17:57:06,1.0,1.4,1.0,N,211,148,1,11.4,2.5,0.5,3.58,0.0,1.0,21.48,2.5,0.0
1,2024-01-29 06:47:47,2024-01-29 06:58:33,1.0,0.9,1.0,N,48,230,2,10.7,2.5,0.5,0.0,0.0,1.0,14.7,2.5,0.0
2,2024-01-09 10:37:49,2024-01-09 10:49:31,1.0,2.09,1.0,N,236,161,1,12.8,0.0,0.5,2.52,0.0,1.0,19.32,2.5,0.0
2,2024-01-17 19:23:28,2024-01-17 19:27:43,1.0,0.3,1.0,N,90,186,2,-5.8,-2.5,-0.5,0.0,0.0,-1.0,-12.3,-2.5,0.0
2,2024-01-02 10:38:29,2024-01-02 10:54:01,1.0,1.9,1.0,N,161,236,2,15.6,0.0,0.5,0.0,0.0,1.0,19.6,2.5,0.0
2,2024-01-30 12:57:22,2024-01-30 13:22:06,1.0,2.18,1.0,N,48,170,1,21.2,0.0,0.5,5.04,0.0,1.0,30.24,2.5,0.0
2,2024-01-06 10:17:18,2024-01-06 10:22:29,1.0,1.05,1.0,N,170,163,1,7.9,0.0,0.5,2.98,0.0,1.0,14.88,2.5,0.0
1,2024-01-13 22:46:27,2024-01-13 23:07:54,2.0,3.6,1.0,N,68,231,1,19.1,3.5,0.5,3.5,0.0,1.0,27.6,2.5,0.0
2,2024-01-26 15:17:06,2024-01-26 15:21:51,1.0,0.6,1.0,N,230,230,1,6.5,0.0,0.5,2.1,0.0,1.0,12.6,2.5,0.0
2,2024-01-11 12:45:20,2024-01-11 12:56:50,1.0,1.74,1.0,N,162,236,1,12.1,0.0,0.5,3.22,0.0,1.0,19.32,2.5,0.0
1,2024-01-22 13:01:37,2024-01-22 13:11:25,3.0,1.3,1.0,N,68,186,2,9.3,2.5,0.5,0.0,0.0,1.0,13.3,2.5,0.0
2,2024-01-09 08:15:21,2024-01-09 08:54:22,1.0,8.04,1.0,N,231,140,1,42.9,0.0,0.5,9.38,0.0,1.0,56.28,2.5,0.0
1,2024-01-26 21:46:46,2024-01-26 21:56:19,1.0,1.8,1.0,N,264,264,1,12.1,3.5,0.5,3.4,0.0,1.0,20.5,2.5,0.0
2,2024-01-04 08:28:50,2024-01-04 08:33:58,1.0,0.9,1.0,N,43,238,2,7.2,0.0,0.5,0.0,0.0,1.0,11.2,2.5,0.0
2,2024-01-28 02:27:11,2024-01-28 02:31:46,1.0,1.57,1.0,N,107,233,2,8.6,1.0,0.5,0.0,0.0,1.0,13.6,2.5,0.0
2,2024-01-23 20:43:39,2024-01-23 20:53:53,2.0,1.6,1.0,N,43,143,1,11.4,1.0,0.5,3.28,0.0,1.0,19.68,2.5,0.0
2,2024-01-02 10:47:18,2024-01-02 10:58:10,1.0,1.12,1.0,N,164,161,1,10.7,0.0,0.5,2.94,0.0,1.0,17.64,2.5,0.0
2,2024-01-05 17:49:22,2024-01-05 17:55:16,1.0,0.89,1.0,N,161,142,1,7.2,2.5,0.5,2.74,0.0,1.0,16.44,2.5,0.0
2,2024-01-17 22:14:01,2024-01-17 22:27:38,1.0,2.69,1.0,N,161,79,1,16.3,1.0,0.5,1.5,0.0,1.0,22.8,2.5,0.0
1,2024-01-19 22:45:27,2024-01-19 22:50:34,1.0,0.7,1.0,N,48,143,1,7.2,3.5,0.5,2.4,0.0,1.0,14.6,2.5,0.0
2,2024-01-11 18:11:52,2024-01-11 18:20:58,,1.86,,,237,75,0,16.94,0.0,0.5,3.14,0.0,1.0,24.08,,
2,2024-01-24 07:58:02,2024-01-24 08:12:52,2.0,2.21,1.0,N,142,161,1,15.6,0.0,0.5,3.92,0.0,1.0,23.52,2.5,0.0
2,2024-01-13 01:04:44,2024-01-13 01:22:11,2.0,4.12,1.0,N,79,263,1,20.5,1.0,0.5,5.1,0.0,1.0,30.6,2.5,0.0
1,2024-01-25 21:07:43,2024-01-25 21:20:15,1.0,1.4,1.0,N,230,164,2,12.1,3.5,0.5,0.0,0.0,1.0,17.1,2.5,0.0
1,2024-01-18 09:08:23,2024-01-18 09:29:11,1.0,2.9,1.0,N,68,13,1,19.1,2.5,0.5,2.0,0.0,1.0,25.1,2.5,0.0
2,2024-01-05 21:39:50,2024-01-05 22:16:44,1.0,8.1,1.0,N,186,17,1,41.5,1.0,0.5,9.3,0.0,1.0,55.8,2.5,0.0
2,2024-01-11 11:20:54,2024-01-11 11:42:21,1.0,10.06,1.0,N,162,138,1,39.4,5.0,0.5,11.07,6.94,1.0,66.41,2.5,0.0
1,2024-01-05 22:21:51,2024-01-05 22:42:41,2.0,9.0,1.0,N,70,161,1,38.7,10.25,0.5,10.0,6.94,1.0,67.39,2.5,1.75
1,2024-01-16 18:44:23,2024-01-16 18:58:30,1.0,1.5,1.0,N,161,236,1,14.2,5.0,0.5,4.14,0.0,1.0,24.84,2.5,0.0
1,2024-01-31 19:59:09,2024-01-31 20:13:37,1.0,3.1,1.0,N,161,75,1,15.6,5.0,0.5,4.4,0.0,1.0,26.5,2.5,0.0
2,2024-01-04 11:24:12,2024-01-04 11:40:08,1.0,1.86,1.0,N,186,142,1,15.6,0.0,0.5,3.92,0.0,1.0,23.52,2.5,0.0
2,2024-01-17 12:34:40,2024-01-17 12:38:25,1.0,0.35,1.0,N,236,236,2,5.1,0.0,0.5,0.0,0.0,1.0,9.1,2.5,0.0
2,2024-01-12 09:41:54,2024-01-12 10:01:34,1.0,6.0,1.0,N,230,88,2,27.5,0.0,0.5,0.0,0.0,1.0,31.5,2.5,0.0
2,2024-01-09 19:35:21,2024-01-09 19:41:40,1.0,0.77,1.0,N,236,262,1,7.2,2.5,0.5,2.74,0.0,1.0,16.44,2.5,0.0
2,2024-01-17 15:53:11,2024-01-17 16:07:42,1.0,1.38,1.0,N,237,233,1,13.5,0.0,0.5,3.5,0.0,1.0,21.0,2.5,0.0
2,2024-01-24 20:07:15,2024-01-24 20:16:15,2.0,1.57,1.0,N,161,142,1,10.7,1.0,0.5,3.14,0.0,1.0,18.84,2.5,0.0
2,2024-01-24 12:18:23,2024-01-24 12:31:09,2.0,1.54,1.0,N,236,141,1,12.8,0.0,0.5,2.52,0.0,1.0,19.32,2.5,0.0
2,2024-01-13 17:42:54,2024-01-13 18:05:02,1.0,2.33,1.0,N,90,161,1,19.1,0.0,0.5,2.0,0.0,1.0,25.1,2.5,0.0
2,2024-01-10 15:48:23,2024-01-10 16:49:44,2.0,18.37,2.0,N,132,230,1,70.0,0.0,0.5,16.19,6.94,1.0,98.88,2.5,1.75
2,2024-01-10 18:32:39,2024-01-10 18:57:57,1.0,3.11,1.0,N,249,161,1,21.9,2.5,0.5,5.68,0.0,1.0,34.08,2.5,0.0
1,2024-01-13 15:19:07,2024-01-13 15:32:04,2.0,2.1,1.0,N,239,246,1,14.9,2.5,0.5,2.5,0.0,1.0,21.4,2.5,0.0
2,2024-01-21 17:39:44,2024-01-21 17:48:23,1.0,1.55,1.0,N,161,236,1,10.0,0.0,0.5,1.4,0.0,1.0,15.4,2.5,0.0
1,2024-01-19 18:54:18,2024-01-19 19:05:27,1.0,1.8,1.0,N,161,107,1,12.1,5.0,0.5,4.65,0.0,1.0,23.25,2.5,0.0
1,2024-01-28 19:21:52,2024-01-28 19:28:02,1.0,1.3,1.0,N,141,236,2,8.6,2.5,0.5,0.0,0.0,1.0,12.6,2.5,0.0
1,2024-01-04 17:34:59,2024-01-04 17:45:47,1.0,0.9,1.0,N,144,261,1,10.0,5.0,0.5,3.3,0.0,1.0,19.8,2.5,0.0
2,2024-01-08 21:54:49,2024-01-08 22:18:07,1.0,5.37,1.0,N,90,255,1,26.8,1.0,0.5,6.36,0.0,1.0,38.16,2.5,0.0
2,2024-01-16 19:21:12,2024-01-16 19:28:21,2.0,1.08,1.0,N,113,125,1,8.6,2.5,0.5,3.02,0.0,1.0,18.12,2.5,0.0
2,2024-01-24 08:16:45,2024-01-24 08:25:56,1.0,0.92,1.0,N,162,237,1,10.0,0.0,0.5,2.8,0.0,1.0,16.8,2.5,0.0
2,2024-01-09 13:46:45,2024-01-09 13:56:32,3.0,1.09,1.0,N,140,140,1,10.7,0.0,0.5,2.0,0.0,1.0,16.7,2.5,0.0
1,2024-01-12 19:02:08,2024-01-12 19:10:04,1.0,1.1,1.0,N,170,90,1,9.3,5.0,0.5,1.0,0.0,1.0,16.8,2.5,0.0
2,2024-01-04 10:09:44,2024-01-04 10:45:04,1.0,5.95,1.0,N,166,234,1,34.5,0.0,0.5,11.55,0.0,1.0,50.05,2.5,0.0
1,2024-01-23 15:41:31,2024-01-23 15:50:30,1.0,1.1,1.0,N,75,74,1,8.6,0.0,0.5,0.0,0.0,1.0,10.1,0.0,0.0
2,2024-01-31 15:57:01,2024-01-31 16:01:11,1.0,0.67,1.0,N,263,75,1,5.8,0.0,0.5,0.5,0.0,1.0,10.3,2.5,0.0
2,2024-01-27 00:02:53,2024-01-27 00:15:54,1.0,2.12,1.0,N,79,87,1,14.9,1.0,0.5,2.0,0.0,1.0,21.9,2.5,0.0
2,2024-01-25 16:41:50,2024-01-25 16:50:53,1.0,1.28,1.0,N,230,142,2,10.0,2.5,0.5,0.0,0.0,1.0,16.5,2.5,0.0
2,2024-01-27 15:17:09,2024-01-27 15:38:51,1.0,3.17,1.0,N,209,68,1,21.2,0.0,0.5,5.04,0.0,1.0,30.24,2.5,0.0
2,2024-01-14 12:59:24,2024-01-14 13:04:42,,0.99,,,262,141,0,7.83,0.0,0.5,0.0,0.0,1.0,11.83,,
2,2024-01-28 19:42:38,2024-01-28 19:47:16,1.0,1.05,1.0,N,90,249,1,6.5,0.0,0.5,2.62,0.0,1.0,13.12,2.5,0.0
1,2024-01-14 20:46:20,2024-01-14 20:53:28,1.0,0.8,1.0,N,170,100,1,7.9,3.5,0.5,2.55,0.0,1.0,15.45,2.5,0.0
2,2024-01-24 10:26:51,2024-01-24 10:35:32,1.0,0.9,1.0,N,163,170,1,9.3,0.0,0.5,2.66,0.0,1.0,15.96,2.5,0.0
2,2024-01-30 18:01:40,2024-01-30 18:06:18,1.0,0.63,1.0,N,237,236,2,6.5,2.5,0.5,0.0,0.0,1.0,13.0,2.5,0.0
2,2024-01-30 20:36:01,2024-01-30 20:57:53,1.0,4.97,1.0,N,237,262,1,24.7,1.0,0.5,8.0,0.0,1.0,37.7,2.5,0.0
2,2024-01-04 17:33:39,2024-01-04 17:44:32,1.0,1.7,1.0,N,79,170,2,12.1,2.5,0.5,0.0,0.0,1.0,18.6,2.5,0.0
2,2024-01-30 16:50:42,2024-01-30 17:03:50,1.0,2.16,1.0,N,143,140,1,14.2,2.5,0.5,4.14,0.0,1.0,24.84,2.5,0.0
2,2024-01-26 06:53:58,2024-01-26 07:03:27,1.0,3.11,1.0,N,43,48,2,14.2,0.0,0.5,0.0,0.0,1.0,18.2,2.5,0.0
2,2024-01-07 12:43:44,2024-01-07 12:49:46,2.0,1.21,1.0,N,236,239,1,8.6,0.0,0.5,3.15,0.0,1.0,15.75,2.5,0.0
2,2024-01-19 16:31:41,2024-01-19 16:31:51,1.0,0.0,5.0,N,238,238,1,85.0,0.0,0.0,17.7,0.0,1.0,106.2,2.5,0.0
1,2024-01-09 12:26:20,2024-01-09 12:35:15,1.0,1.0,1.0,N,263,236,1,8.6,2.5,0.5,3.8,0.0,1.0,16.4,2.5,0.0
1,2024-01-18 21:35:18,2024-01-18 21:39:52,1.0,0.6,1.0,N,230,142,1,5.8,3.5,0.5,4.0,0.0,1.0,14.8,2.5,0.0
1,2024-01-15 11:26:54,2024-01-15 11:40:00,,0.0,,,65,189,0,12.54,0.0,0.5,0.0,0.0,1.0,14.04,,
2,2024-01-26 19:07:20,2024-01-26 19:08:41,3.0,0.0,5.0,N,116,116,1,90.0,0.0,0.0,0.0,0.0,1.0,91.0,0.0,0.0
2,2024-01-17 16:41:44,2024-01-17 17:07:16,1.0,3.3,1.0,N,41,141,1,24.0,2.5,0.5,2.0,0.0,1.0,32.5,2.5,0.0
2,2024-01-17 10:19:53,2024-01-17 10:42:01,1.0,2.58,1.0,N,140,238,2,19.8,0.0,0.5,0.0,0.0,1.0,23.8,2.5,0.0
1,2024-01-20 22:34:05,2024-01-20 22:47:24,,0.0,,,247,47,0,13.16,0.0,0.5,0.0,0.0,1.0,14.66,,
2,2024-01-24 15:43:46,2024-01-24 16:06:10,1.0,2.82,1.0,N,186,144,1,20.5,0.0,0.5,3.68,0.0,1.0,28.18,2.5,0.0
2,2024-01-29 18:54:58,2024-01-29 19:03:52,2.0,1.41,1.0,N,137,186,1,10.0,2.5,0.5,1.0,0.0,1.0,17.5,2.5,0.0
2,2024-01-20 17:01:53,2024-01-20 17:17:29,1.0,2.15,1.0,N,249,231,1,15.6,0.0,0.5,0.98,0.0,1.0,20.58,2.5,0.0
2,2024-01-13 00:01:34,2024-01-13 00:08:00,1.0,0.94,1.0,N,161,229,1,7.9,1.0,0.5,2.58,0.0,1.0,15.48,2.5,0.0
1,2024-01-10 17:05:08,2024-01-10 17:27:33,,0.0,,,246,238,0,30.34,0.0,0.5,0.0,0.0,1.0,34.34,,
2,2024-01-31 18:59:30,2024-01-31 19:03:24,1.0,0.66,1.0,N,229,140,1,5.8,2.5,0.5,2.46,0.0,1.0,14.76,2.5,0.0
2,2024-01-26 06:01:56,2024-01-26 06:13:28,1.0,1.62,1.0,N,48,137,1,12.1,1.0,0.5,3.42,0.0,1.0,20.52,2.5,0.0
2,2024-01-17 06:44:30,2024-01-17 06:53:10,1.0,1.9,1.0,N,237,100,1,11.4,0.0,0.5,3.08,0.0,1.0,18.48,2.5,0.0
2,2024-01-22 07:37:27,2024-01-22 07:45:39,1.0,1.01,1.0,N,151,166,1,10.0,0.0,0.5,2.3,0.0,1.0,13.8,0.0,0.0
2,2024-01-26 20:41:17,2024-01-26 20:49:22,2.0,1.38,1.0,N,238,236,2,10.0,1.0,0.5,0.0,0.0,1.0,15.0,2.5,0.0
2,2024-01-26 21:53:01,2024-01-26 22:11:08,1.0,6.93,1.0,N,261,263,1,29.6,1.0,0.5,6.4,0.0,1.0,41.0,2.5,0.0
2,2024-01-15 11:21:50,2024-01-15 11:27:43,1.0,0.93,1.0,N,143,50,2,7.9,0.0,0.5,0.0,0.0,1.0,11.9,2.5,0.0
1,2024-01-08 14:00:58,2024-01-08 14:20:56,1.0,1.9,1.0,N,237,237,1,15.6,2.5,0.5,3.9,0.0,1.0,23.5,2.5,0.0
2,2024-01-20 08:43:17,2024-01-20 08:48:53,1.0,1.04,1.0,N,162,137,1,7.9,0.0,0.5,2.38,0.0,1.0,14.28,2.5,0.0
1,2024-01-28 02:02:56,2024-01-28 02:10:41,2.0,0.8,1.0,N,148,4,1,8.6,3.5,0.5,2.7,0.0,1.0,16.3,2.5,0.0
2,2024-01-20 10:41:01,2024-01-20 10:45:45,1.0,1.06,1.0,N,239,151,1,7.2,0.0,0.5,2.24,0.0,1.0,13.44,2.5,0.0
2,2024-01-20 11:16:18,2024-01-20 11:26:44,1.0,1.67,1.0,N,162,142,1,12.1,0.0,0.5,3.22,0.0,1.0,19.32,2.5,0.0
2,2024-01-03 14:59:14,2024-01-03 15:42:08,2.0,14.52,1.0,N,238,51,1,60.4,0.0,0.5,0.0,0.0,1.0,64.4,2.5,0.0
2,2024-01-28 15:14:50,2024-01-28 15:39:06,1.0,4.26,1.0,N,246,263,1,26.1,0.0,0.5,5.0,0.0,1.0,35.1,2.5,0.0
2,2024-01-19 14:41:44,2024-01-19 14:49:20,1.0,1.41,1.0,N,170,237,2,10.0,0.0,0.5,0.0,0.0,1.0,14.0,2.5,0.0
1,2024-01-07 12:01:57,2024-01-07 12:11:49,1.0,0.5,1.0,N,237,264,1,10.0,2.5,0.5,2.8,0.0,1.0,16.8,2.5,0.0
2,2024-01-10 20:16:27,2024-01-10 20:27:25,1.0,1.56,1.0,N,48,186,1,11.4,1.0,0.5,4.1,0.0,1.0,20.5,2.5,0.0
2,2024-01-31 19:10:17,2024-01-31 19:34:37,2.0,4.79,1.0,N,87,228,1,24.0,2.5,0.5,6.1,0.0,1.0,36.6,2.5,0.0
2,2024-01-24 17:49:54,2024-01-24 17:58:02,1.0,1.18,1.0,N,231,113,1,9.3,2.5,0.5,3.16,0.0,1.0,18.96,2.5,0.0
2,2024-01-05 19:55:03,2024-01-05 20:04:38,1.0,1.05,1.0,N,113,249,1,10.0,2.5,0.5,2.5,0.0,1.0,19.0,2.5,0.0
2,2024-01-18 19:52:12,2024-01-18 19:52:17,1.0,0.0,2.0,N,161,161,2,70.0,5.0,0.5,0.0,0.0,1.0,79.0,2.5,0.0
2,2024-01-05 08:48:29,2024-01-05 09:05:41,1.0,2.56,1.0,N,186,142,1,17.0,0.0,0.5,0.0,0.0,1.0,21.0,2.5,0.0
2,2024-01-14 19:50:00,2024-01-14 20:28:53,1.0,18.55,2.0,N,132,48,1,70.0,0.0,0.5,5.0,6.94,1.0,87.69,2.5,1.75
2,2024-01-01 02:46:45,2024-01-01 02:58:23,3.0,1.7,1.0,N,158,79,1,12.1,1.0,0.5,3.42,0.0,1.0,20.52,2.5,0.0
2,2024-01-08 14:41:07,2024-01-08 15:00:40,1.0,3.89,1.0,N,142,116,1,21.9,0.0,0.5,5.18,0.0,1.0,31.08,2.5,0.0
1,2024-01-25 13:04:26,2024-01-25 13:20:49,1.0,1.0,1.0,N,163,230,1,13.5,2.5,0.5,2.0,0.0,1.0,19.5,2.5,0.0
1,2024-01-19 20:02:54,2024-01-19 20:14:51,2.0,1.5,1.0,N,161,164,1,12.1,3.5,0.5,3.4,0.0,1.0,20.5,2.5,0.0
1,2024-01-02 13:59:35,2024-01-02 15:05:52,1.0,33.5,5.0,N,132,265,1,118.0,1.75,0.0,5.0,19.69,1.0,145.44,0.0,1.75
1,2024-01-06 21:21:02,2024-01-06 21:32:52,2.0,1.2,1.0,N,148,211,1,12.1,3.5,0.5,4.25,0.0,1.0,21.35,2.5,0.0
2,2024-01-27 15:34:16,2024-01-27 16:02:34,2.0,3.16,1.0,N,79,237,1,25.4,0.0,0.5,3.0,0.0,1.0,32.4,2.5,0.0
2,2024-01-26 12:43:34,2024-01-26 12:50:56,1.0,0.97,1.0,N,151,151,1,8.6,0.0,0.5,2.02,0.0,1.0,12.12,0.0,0.0
2,2024-01-08 23:21:17,2024-01-08 23:27:51,1.0,1.38,1.0,N,107,249,1,9.3,1.0,0.5,2.86,0.0,1.0,17.16,2.5,0.0
2,2024-01-27 21:27:55,2024-01-27 21:36:53,2.0,1.43,1.0,N,50,186,2,10.7,1.0,0.5,0.0,0.0,1.0,15.7,2.5,0.0
2,2024-01-07 01:19:14,2024-01-07 01:40:18,1.0,9.6,1.0,N,230,228,2,39.4,1.0,0.5,0.0,6.94,1.0,51.34,2.5,0.0
2,2024-01-09 08:06:48,2024-01-09 08:17:26,1.0,1.76,1.0,N,239,166,2,13.5,0.0,0.5,0.0,0.0,1.0,17.5,2.5,0.0
2,2024-01-30 20:50:22,2024-01-30 21:15:50,1.0,10.22,1.0,N,138,163,1,44.3,6.0,0.5,12.25,6.94,1.0,75.24,2.5,1.75
2,2024-01-22 09:35:00,2024-01-22 09:44:25,1.0,1.42,1.0,N,237,161,1,10.7,0.0,0.5,2.2,0.0,1.0,16.9,2.5,0.0
2,2024-01-26 18:26:33,2024-01-26 18:50:34,1.0,5.69,1.0,N,161,88,1,29.6,2.5,0.5,9.03,0.0,1.0,45.13,2.5,0.0
2,2024-01-25 09:22:35,2024-01-25 09:32:29,1.0,0.99,1.0,N,142,161,1,10.0,0.0,0.5,2.8,0.0,1.0,16.8,2.5,0.0
2,2024-01-25 09:36:20,2024-01-25 09:44:52,1.0,2.12,1.0,N,75,142,1,11.4,0.0,0.5,3.85,0.0,1.0,19.25,2.5,0.0
2,2024-01-04 09:44:03,2024-01-04 10:00:55,1.0,2.64,1.0,N,236,24,1,17.7,0.0,0.5,4.34,0.0,1.0,26.04,2.5,0.0
2,2024-01-01 00:54:11,2024-01-01 01:12:41,,3.0,,,239,68,0,28.36,0.0,0.5,0.0,0.0,1.0,32.36,,
2,2024-01-24 22:42:01,2024-01-24 22:57:58,1.0,4.41,1.0,N,132,132,1,21.9,1.0,0.5,3.0,0.0,1.0,27.4,0.0,0.0
1,2024-01-30 20:30:45,2024-01-30 20:33:58,1.0,0.7,1.0,N,237,236,1,5.1,3.5,0.5,2.0,0.0,1.0,12.1,2.5,0.0
2,2024-01-30 18:51:45,2024-01-30 18:57:53,1.0,0.65,1.0,N,163,237,1,7.2,2.5,0.5,2.74,0.0,1.0,16.44,2.5,0.0
1,2024-01-10 20:06:11,2024-01-10 20:20:50,1.0,5.2,1.0,N,231,257,1,22.6,3.5,0.5,6.9,6.94,1.0,41.44,2.5,0.0
1,2024-01-08 14:47:25,2024-01-08 15:12:23,1.0,5.3,1.0,N,162,231,1,26.8,2.5,0.5,9.25,0.0,1.0,40.05,2.5,0.0
2,2024-01-02 18:57:20,2024-01-02 19:22:12,1.0,3.83,1.0,N,163,4,1,24.0,2.5,0.5,9.15,0.0,1.0,39.65,2.5,0.0
2,2024-01-25 21:43:35,2024-01-25 22:00:50,,2.74,,,161,79,0,19.05,0.0,0.5,0.0,0.0,1.0,23.05,,
2,2024-01-16 19:22:28,2024-01-16 19:37:08,2.0,2.44,1.0,N,90,209,1,14.9,2.5,0.5,4.28,0.0,1.0,25.68,2.5,0.0
2,2024-01-01 20:51:18,2024-01-01 21:00:06,1.0,1.26,1.0,N,68,170,1,10.0,1.0,0.5,3.0,0.0,1.0,18.0,2.5,0.0
2,2024-01-30 13:34:59,2024-01-30 13:44:17,1.0,1.14,1.0,N,237,161,1,10.7,0.0,0.5,2.94,0.0,1.0,17.64,2.5,0.0
2,2024-01-27 08:00:00,2024-01-27 08:24:17,1.0,5.82,1.0,N,230,12,2,30.3,0.0,0.5,0.0,0.0,1.0,34.3,2.5,0.0
2,2024-01-02 17:13:40,2024-01-02 17:29:57,1.0,8.22,1.0,N,138,162,1,33.1,7.5,0.5,10.31,6.94,1.0,63.6,2.5,1.75
2,2024-01-13 15:54:58,2024-01-13 16:07:49,3.0,2.19,1.0,N,48,249,1,14.2,0.0,0.5,3.64,0.0,1.0,21.84,2.5,0.0
2,2024-01-24 19:47:04,2024-01-24 19:59:35,1.0,1.47,1.0,N,246,170,1,12.8,2.5,0.5,2.9,0.0,1.0,22.2,2.5,0.0
2,2024-01-09 05:34:23,2024-01-09 05:47:00,1.0,2.44,1.0,N,263,142,2,14.9,1.0,0.5,0.0,0.0,1.0,19.9,2.5,0.0
2,2024-01-03 19:40:58,2024-01-03 20:14:13,1.0,19.17,1.0,N,132,168,4,-72.3,-2.5,-0.5,0.0,-6.94,-1.0,-84.99,0.0,-1.75
1,2024-01-15 10:51:22,2024-01-15 11:21:54,0.0,5.4,1.0,N,161,65,2,31.0,2.5,0.5,0.0,0.0,1.0,35.0,2.5,0.0
2,2024-01-18 08:55:09,2024-01-18 09:07:23,1.0,2.05,1.0,N,230,239,1,13.5,0.0,0.5,3.5,0.0,1.0,21.0,2.5,0.0
2,2024-01-18 17:12:08,2024-01-18 17:18:09,1.0,0.89,1.0,N,75,238,1,7.9,2.5,0.5,2.59,0.0,1.0,16.99,2.5,0.0
2,2024-01-20 11:12:18,2024-01-20 11:16:28,1.0,0.46,1.0,N,230,100,1,5.8,0.0,0.5,1.0,0.0,1.0,10.8,2.5,0.0
2,2024-01-15 01:02:25,2024-01-15 01:07:17,1.0,1.57,1.0,N,48,90,1,8.6,1.0,0.5,2.72,0.0,1.0,16.32,2.5,0.0
2,2024-01-12 16:15:56,2024-01-12 16:59:52,1.0,15.72,1.0,N,87,138,4,-61.1,-7.5,-0.5,0.0,-6.94,-1.0,-82.04,-2.5,0.0
2,2024-01-17 19:28:33,2024-01-17 20:03:30,2.0,18.25,2.0,N,132,68,1,70.0,5.0,0.5,17.0,6.94,1.0,104.69,2.5,1.75
2,2024-01-14 01:58:16,2024-01-14 02:33:53,1.0,13.79,1.0,N,230,130,1,56.9,1.0,0.5,17.21,6.94,1.0,86.05,2.5,0.0
2,2024-01-12 22:47:51,2024-01-12 23:00:32,1.0,1.3,1.0,N,143,50,1,12.1,1.0,0.5,3.42,0.0,1.0,20.52,2.5,0.0
1,2024-01-10 20:14:31,2024-01-10 20:33:11,2.0,3.9,1.0,N,100,13,1,21.9,2.5,0.5,4.5,0.0,1.0,30.4,2.5,0.0
2,2024-01-11 17:36:45,2024-01-11 17:40:44,1.0,0.5,1.0,N,141,237,1,5.8,2.5,0.5,2.46,0.0,1.0,14.76,2.5,0.0
2,2024-01-03 19:56:14,2024-01-03 20:09:23,1.0,2.01,1.0,N,237,234,2,13.5,2.5,0.5,0.0,0.0,1.0,20.0,2.5,0.0
2,2024-01-12 13:03:03,2024-01-12 13:16:13,1.0,3.2,1.0,N,68,231,1,17.0,0.0,0.5,5.25,0.0,1.0,26.25,2.5,0.0
2,2024-01-27 00:13:05,2024-01-27 00:23:10,1.0,1.69,1.0,N,234,249,1,11.4,1.0,0.5,1.0,0.0,1.0,17.4,2.5,0.0
1,2024-01-11 09:25:04,2024-01-11 09:29:08,2.0,0.9,1.0,N,170,170,1,6.5,2.5,0.5,2.1,0.0,1.0,12.6,2.5,0.0
2,2024-01-31 17:35:27,2024-01-31 17:51:08,1.0,2.71,1.0,N,231,234,1,17.0,2.5,0.5,4.7,0.0,1.0,28.2,2.5,0.0
2,2024-01-06 22:20:14,2024-01-06 22:33:26,2.0,1.91,1.0,N,142,162,1,13.5,1.0,0.5,3.7,0.0,1.0,22.2,2.5,0.0
1,2024-01-10 23:52:19,2024-01-10 23:56:28,1.0,0.9,1.0,N,186,234,1,6.5,3.5,0.5,2.3,0.0,1.0,13.8,2.5,0.0
2,2024-01-18 09:56:44,2024-01-18 10:02:26,1.0,0.73,1.0,N,233,141,1,7.2,0.0,0.5,2.24,0.0,1.0,13.44,2.5,0.0
2,2024-01-05 11:13:56,2024-01-05 11:20:47,4.0,1.07,1.0,N,231,158,1,8.6,0.0,0.5,1.0,0.0,1.0,13.6,2.5,0.0
2,2024-01-05 10:49:00,2024-01-05 10:54:56,1.0,1.19,1.0,N,114,90,4,7.9,0.0,0.5,0.0,0.0,1.0,11.9,2.5,0.0
1,2024-01-30 13:59:09,2024-01-30 14:20:32,2.0,3.2,1.0,N,140,107,2,19.8,2.5,0.5,0.0,0.0,1.0,23.8,2.5,0.0
2,2024-01-27 21:34:38,2024-01-27 22:09:26,2.0,3.79,1.0,N,239,114,1,30.3,1.0,0.5,7.06,0.0,1.0,42.36,2.5,0.0
2,2024-01-08 08:24:06,2024-01-08 08:39:24,1.0,1.72,1.0,N,186,161,1,14.2,0.0,0.5,3.64,0.0,1.0,21.84,2.5,0.0
2,2024-01-30 12:13:18,2024-01-30 12:38:03,1.0,1.69,1.0,N,90,161,1,20.5,0.0,0.5,3.0,0.0,1.0,27.5,2.5,0.0
2,2024-01-24 17:06:49,2024-01-24 17:55:14,2.0,10.65,1.0,N,141,220,2,52.7,2.5,0.5,0.0,3.18,1.0,62.38,2.5,0.0
2,2024-01-10 16:49:49,2024-01-10 17:12:30,1.0,7.39,1.0,N,87,236,1,33.1,2.5,0.5,3.4,0.0,1.0,43.0,2.5,0.0
1,2024-01-28 15:07:44,2024-01-28 15:11:56,,0.4,,,100,164,0,5.8,0.0,0.5,0.98,0.0,1.0,10.78,,
2,2024-01-23 12:10:03,2024-01-23 12:27:34,1.0,3.1,1.0,N,231,68,1,19.1,0.0,0.5,5.78,0.0,1.0,28.88,2.5,0.0
2,2024-01-25 09:22:58,2024-01-25 09:48:28,1.0,2.08,1.0,N,68,142,1,21.9,0.0,0.5,2.59,0.0,1.0,28.49,2.5,0.0
2,2024-01-26 19:47:27,2024-01-26 20:19:15,1.0,4.08,1.0,N,249,256,1,29.6,2.5,0.5,2.5,0.0,1.0,38.6,2.5,0.0
2,2024-01-11 19:00:40,2024-01-11 19:09:31,1.0,1.9,1.0,N,143,151,1,11.4,2.5,0.5,3.58,0.0,1.0,21.48,2.5,0.0
2,2024-01-13 13:08:45,2024-01-13 13:20:09,2.0,2.05,1.0,N,239,263,1,12.8,0.0,0.5,3.36,0.0,1.0,20.16,2.5,0.0
2,2024-01-19 22:45:15,2024-01-19 23:02:37,1.0,2.04,1.0,N,234,230,2,16.3,1.0,0.5,0.0,0.0,1.0,21.3,2.5,0.0
2,2024-01-30 12:56:26,2024-01-30 12:58:44,1.0,0.42,1.0,N,48,230,1,4.4,0.0,0.5,1.0,0.0,1.0,9.4,2.5,0.0
2,2024-01-14 22:14:33,2024-01-14 22:17:23,2.0,0.88,1.0,N,236,263,1,5.8,1.0,0.5,2.16,0.0,1.0,12.96,2.5,0.0
2,2024-01-25 16:28:14,2024-01-25 16:43:24,1.0,2.28,1.0,N,237,238,1,16.3,2.5,0.5,4.56,0.0,1.0,27.36,2.5,0.0
2,2024-01-20 16:12:26,2024-01-20 16:25:16,1.0,1.95,1.0,N,170,249,1,12.8,0.0,0.5,3.36,0.0,1.0,20.16,2.5,0.0
2,2024-01-30 17:45:16,2024-01-30 17:53:58,1.0,0.77,1.0,N,48,246,1,9.3,2.5,0.5,1.0,0.0,1.0,16.8,2.5,0.0
1,2024-01-18 22:05:18,2024-01-18 22:18:26,1.0,2.9,1.0,N,230,236,1,15.6,3.5,0.5,1.0,0.0,1.0,21.6,2.5,0.0
1,2024-01-21 11:17:20,2024-01-21 11:20:12,1.0,0.3,1.0,N,239,239,1,5.1,2.5,0.5,1.8,0.0,1.0,10.9,2.5,0.0
2,2024-01-12 08:20:00,2024-01-12 08:26:35,1.0,1.09,1.0,N,238,166,1,9.3,0.0,0.5,2.66,0.0,1.0,15.96,2.5,0.0
2,2024-01-07 15:37:39,2024-01-07 15:39:45,1.0,0.62,1.0,N,163,237,1,5.1,0.0,0.5,1.36,0.0,1.0,10.46,2.5,0.0
2,2024-01-25 15:22:47,2024-01-25 15:38:03,2.0,2.03,1.0,N,142,141,1,15.6,0.0,0.5,3.92,0.0,1.0,23.52,2.5,0.0
2,2024-01-07 11:10:39,2024-01-07 11:28:48,,3.46,,,211,230,0,21.04,0.0,0.5,5.01,0.0,1.0,30.05,,
2,2024-01-04 17:00:54,2024-01-04 17:04:23,1.0,0.49,1.0,N,162,162,1,5.8,2.5,0.5,1.84,0.0,1.0,14.14,2.5,0.0
2,2024-01-23 20:55:15,2024-01-23 21:18:00,1.0,9.11,1.0,N,138,186,1,38.7,6.0,0.5,11.48,6.94,1.0,68.87,2.5,1.75
2,2024-01-31 18:39:09,2024-01-31 18:51:04,1.0,2.49,1.0,N,237,74,2,14.9,2.5,0.5,0.0,0.0,1.0,21.4,2.5,0.0
2,2024-01-28 13:54:39,2024-01-28 13:57:52,1.0,0.55,1.0,N,237,162,1,5.8,0.0,0.5,1.96,0.0,1.0,11.76,2.5,0.0
2,2024-01-18 18:18:42,2024-01-18 18:24:40,1.0,0.6,1.0,N,100,170,1,7.2,2.5,0.5,2.74,0.0,1.0,16.44,2.5,0.0
1,2024-01-10 21:02:22,2024-01-10 21:26:34,3.0,3.8,1.0,N,239,137,1,20.5,3.5,0.5,2.0,0.0,1.0,27.5,2.5,0.0
2,2024-01-26 23:29:13,2024-01-26 23:35:22,1.0,1.83,1.0,N,161,107,1,10.0,1.0,0.5,3.0,0.0,1.0,18.0,2.5,0.0
2,2024-01-02 20:48:00,2024-01-02 20:50:59,1.0,0.69,1.0,N,125,114,1,5.8,1.0,0.5,2.16,0.0,1.0,12.96,2.5,0.0
2,2024-01-22 12:04:38,2024-01-22 12:18:06,1.0,1.8,1.0,N,137,148,1,14.2,0.0,0.5,2.0,0.0,1.0,20.2,2.5,0.0
2,2024-01-13 16:05:44,2024-01-13 16:12:43,2.0,0.54,1.0,N,161,43,1,7.9,0.0,0.5,2.38,0.0,1.0,14.28,2.5,0.0
2,2024-01-06 21:32:33,2024-01-06 21:47:19,1.0,2.99,1.0,N,239,229,1,17.0,1.0,0.5,4.4,0.0,1.0,26.4,2.5,0.0
2,2024-01-28 02:12:54,2024-01-28 02:22:05,1.0,1.68,1.0,N,144,107,1,10.7,1.0,0.5,1.0,0.0,1.0,16.7,2.5,0.0
2,2024-01-21 06:46:59,2024-01-21 07:15:27,1.0,19.94,2.0,N,132,236,1,70.0,0.0,0.5,10.0,6.94,1.0,92.69,2.5,1.75
2,2024-01-15 18:56:29,2024-01-15 19:23:50,1.0,3.46,1.0,N,211,163,1,19.8,0.0,0.5,5.95,0.0,1.0,29.75,2.5,0.0
1,2024-01-21 19:31:37,2024-01-21 19:49:04,1.0,3.0,1.0,N,113,48,1,16.3,5.0,0.5,4.55,0.0,1.0,27.35,2.5,0.0
2,2024-01-31 22:38:50,2024-01-31 22:44:32,1.0,1.07,1.0,N,100,246,1,7.9,1.0,0.5,2.58,0.0,1.0,15.48,2.5,0.0
2,2024-01-11 16:20:14,2024-01-11 16:20:18,1.0,0.0,1.0,N,140,140,4,-3.0,-2.5,-0.5,0.0,0.0,-1.0,-9.5,-2.5,0.0
2,2024-01-03 16:16:42,2024-01-03 16:31:46,1.0,1.6,1.0,N,162,186,1,14.2,2.5,0.5,4.14,0.0,1.0,24.84,2.5,0.0
2,2024-01-26 20:56:34,2024-01-26 21:31:52,2.0,18.25,2.0,N,132,90,1,70.0,0.0,0.5,16.19,6.94,1.0,98.88,2.5,1.75
2,2024-01-11 21:43:51,2024-01-11 21:53:05,1.0,1.0,1.0,N,170,230,1,9.3,1.0,0.5,2.86,0.0,1.0,17.16,2.5,0.0
1,2024-01-13 15:26:04,2024-01-13 15:31:34,2.0,0.9,1.0,N,13,231,1,7.2,2.5,0.5,1.5,0.0,1.0,12.7,2.5,0.0
2,2024-01-27 21:12:22,2024-01-27 21:21:27,1.0,1.13,1.0,N,246,230,1,10.0,1.0,0.5,2.0,0.0,1.0,17.0,2.5,0.0
2,2024-01-26 20:24:48,2024-01-26 20:43:06,,1.81,,,107,211,0,16.17,0.0,0.5,4.03,0.0,1.0,24.2,,
2,2024-01-24 02:34:13,2024-01-24 02:41:25,1.0,1.63,1.0,N,79,233,1,10.0,1.0,0.5,1.5,0.0,1.0,16.5,2.5,0.0
2,2024-01-11 01:09:11,2024-01-11 01:25:42,1.0,4.04,1.0,N,48,7,1,20.5,1.0,0.5,5.1,0.0,1.0,30.6,2.5,0.0
1,2024-01-18 14:50:12,2024-01-18 14:57:44,1.0,1.3,1.0,N,166,151,2,10.0,0.0,0.5,0.0,0.0,1.0,11.5,0.0,0.0
2,2024-01-30 16:11:13,2024-01-30 16:22:13,1.0,1.12,1.0,N,263,141,1,11.4,2.5,0.5,1.79,0.0,1.0,19.69,2.5,0.0
1,2024-01-30 16:32:21,2024-01-30 16:41:58,1.0,0.8,1.0,N,68,164,2,9.3,5.0,0.5,0.0,0.0,1.0,15.8,2.5,0.0
2,2024-01-04 09:59:34,2024-01-04 10:05:16,1.0,0.68,1.0,N,246,246,1,7.2,0.0,0.5,0.0,0.0,1.0,11.2,2.5,0.0
2,2024-01-30 20:35:37,2024-01-30 20:43:40,1.0,0.83,1.0,N,231,211,1,8.6,1.0,0.5,2.72,0.0,1.0,16.32,2.5,0.0
2,2024-01-22 12:59:16,2024-01-22 13:03:18,1.0,0.78,1.0,N,186,234,1,6.5,0.0,0.5,2.0,0.0,1.0,12.5,2.5,0.0
2,2024-01-03 16:57:00,2024-01-03 17:07:48,1.0,2.05,1.0,N,236,142,1,13.5,2.5,0.5,2.0,0.0,1.0,22.0,2.5,0.0
2,2024-01-07 20:01:44,2024-01-07 20:15:15,2.0,2.89,1.0,N,100,145,1,17.0,0.0,0.5,5.59,6.94,1.0,33.53,2.5,0.0
1,2024-01-05 17:53:56,2024-01-05 18:10:34,1.0,2.5,1.0,N,170,142,1,17.0,5.0,0.5,4.7,0.0,1.0,28.2,2.5,0.0
1,2024-01-29 15:09:32,2024-01-29 15:22:18,1.0,1.0,1.0,N,170,186,1,12.1,2.5,0.5,5.0,0.0,1.0,21.1,2.5,0.0
2,2024-01-22 21:32:31,2024-01-22 21:52:39,1.0,14.2,1.0,N,132,7,1,53.4,1.0,0.5,0.0,0.0,1.0,60.15,2.5,1.75
2,2024-01-11 20:18:50,2024-01-11 20:29:38,3.0,0.92,1.0,N,161,229,1,10.7,1.0,0.5,3.14,0.0,1.0,18.84,2.5,0.0
1,2024-01-19 13:46:05,2024-01-19 13:51:58,1.0,0.8,1.0,N,230,50,1,7.2,2.5,0.5,1.5,0.0,1.0,12.7,2.5,0.0
2,2024-01-18 20:27:53,2024-01-18 20:44:25,1.0,2.88,1.0,N,236,48,1,18.4,1.0,0.5,0.0,0.0,1.0,23.4,2.5,0.0
2,2024-01-28 10:14:58,2024-01-28 10:28:09,1.0,3.82,1.0,N,113,236,1,17.7,0.0,0.5,3.26,0.0,1.0,24.96,2.5,0.0
2,2024-01-05 19:44:26,2024-01-05 20:02:57,1.0,2.85,1.0,N,144,162,1,18.4,2.5,0.5,2.0,0.0,1.0,26.9,2.5,0.0
2,2024-01-11 15:12:38,2024-01-11 15:25:31,1.0,1.09,1.0,N,68,164,1,12.1,0.0,0.5,2.42,0.0,1.0,18.52,2.5,0.0
2,2024-01-23 12:34:04,2024-01-23 12:44:41,1.0,0.8,1.0,N,163,142,4,-10.7,0.0,-0.5,0.0,0.0,-1.0,-14.7,-2.5,0.0
1,2024-01-16 10:51:08,2024-01-16 11:12:43,1.0,3.4,1.0,N,237,24,1,21.9,2.5,0.5,3.0,0.0,1.0,28.9,2.5,0.0
2,2024-01-09 12:22:12,2024-01-09 12:27:15,1.0,0.5,1.0,N,162,161,1,6.5,0.0,0.5,2.1,0.0,1.0,12.6,2.5,0.0
2,2024-01-14 15:58:51,2024-01-14 16:42:11,1.0,10.88,1.0,N,162,192,1,52.7,0.0,0.5,10.0,0.0,1.0,66.7,2.5,0.0
2,2024-01-15 11:38:36,2024-01-15 11:57:08,1.0,8.51,1.0,N,138,237,1,34.5,5.0,0.5,8.0,6.94,1.0,60.19,2.5,1.75
2,2024-01-15 19:24:34,2024-01-15 19:38:45,1.0,2.76,1.0,N,236,163,1,16.3,0.0,0.5,1.0,0.0,1.0,21.3,2.5,0.0
2,2024-01-29 22:04:43,2024-01-29 22:06:34,1.0,0.37,1.0,N,50,48,1,4.4,1.0,0.5,2.82,0.0,1.0,12.22,2.5,0.0
2,2024-01-12 18:12:05,2024-01-12 18:23:56,2.0,1.63,1.0,N,230,141,1,12.1,2.5,0.5,3.72,0.0,1.0,22.32,2.5,0.0
2,2024-01-06 04:04:16,2024-01-06 04:11:37,1.0,2.51,1.0,N,48,236,1,12.8,1.0,0.5,4.45,0.0,1.0,22.25,2.5,0.0
2,2024-01-02 15:47:18,2024-01-02 15:55:42,1.0,0.88,1.0,N,237,163,1,9.3,0.0,0.5,2.66,0.0,1.0,15.96,2.5,0.0
2,2024-01-19 13:32:15,2024-01-19 13:44:40,1.0,1.07,1.0,N,162,48,1,12.1,0.0,0.5,3.22,0.0,1.0,19.32,2.5,0.0
2,2024-01-14 12:33:01,2024-01-14 13:19:56,1.0,17.66,2.0,N,132,230,2,70.0,0.0,0.5,0.0,6.94,1.0,82.69,2.5,1.75
1,2024-01-07 02:43:22,2024-01-07 02:48:54,2.0,0.7,1.0,N,211,114,1,7.2,3.5,0.5,2.0,0.0,1.0,14.2,2.5,0.0
1,2024-01-07 23:17:49,2024-01-07 23:55:48,2.0,18.3,2.0,N,132,230,1,70.0,4.25,0.5,15.15,0.0,1.0,90.9,2.5,1.75
1,2024-01-30 08:34:42,2024-01-30 08:41:09,1.0,0.9,1.0,N,186,234,1,7.2,2.5,0.5,2.2,0.0,1.0,13.4,2.5,0.0
2,2024-01-06 17:36:19,2024-01-06 17:42:05,1.0,0.8,1.0,N,161,229,1,7.2,0.0,0.5,0.0,0.0,1.0,11.2,2.5,0.0
2,2024-01-12 13:27:07,2024-01-12 14:11:04,1.0,11.09,1.0,N,138,181,1,54.1,5.0,0.5,15.15,0.0,1.0,77.5,0.0,1.75
2,2024-01-15 16:37:50,2024-01-15 16:44:26,2.0,1.07,1.0,N,141,262,1,8.6,0.0,0.5,2.52,0.0,1.0,15.12,2.5,0.0
2,2024-01-22 23:12:11,2024-01-22 23:17:36,1.0,0.77,1.0,N,142,143,1,7.2,1.0,0.5,1.5,0.0,1.0,13.7,2.5,0.0
2,2024-01-15 00:55:41,2024-01-15 01:07:51,1.0,5.86,1.0,N,79,231,1,25.4,1.0,0.5,4.0,0.0,1.0,34.4,2.5,0.0
2,2024-01-24 09:25:04,2024-01-24 10:55:38,1.0,11.61,1.0,N,138,234,1,77.2,5.0,0.5,18.63,6.94,1.0,113.52,2.5,1.75
2,2024-01-26 09:16:48,2024-01-26 09:45:35,1.0,8.14,1.0,N,230,247,2,39.4,0.0,0.5,0.0,0.0,1.0,43.4,2.5,0.0
2,2024-01-24 07:41:10,2024-01-24 07:51:59,1.0,1.87,1.0,N,239,100,2,12.1,0.0,0.5,0.0,0.0,1.0,16.1,2.5,0.0
2,2024-01-06 15:37:22,2024-01-06 15:49:03,1.0,1.4,1.0,N,249,246,1,12.1,0.0,0.5,2.0,0.0,1.0,18.1,2.5,0.0
1,2024-01-30 16:18:18,2024-01-30 16:28:45,2.0,2.9,1.0,N,132,216,1,15.6,4.25,0.5,15.0,0.0,1.0,36.35,0.0,1.75
2,2024-01-23 18:30:53,2024-01-23 18:36:46,2.0,0.68,1.0,N,163,142,2,7.2,2.5,0.5,0.0,0.0,1.0,13.7,2.5,0.0
2,2024-01-15 16:51:18,2024-01-15 17:10:40,1.0,4.16,1.0,N,249,142,1,21.9,0.0,0.5,5.18,0.0,1.0,31.08,2.5,0.0
2,2024-01-25 15:50:36,2024-01-25 16:13:03,1.0,2.69,1.0,N,230,237,1,20.5,0.0,0.5,4.9,0.0,1.0,29.4,2.5,0.0
2,2024-01-03 16:37:29,2024-01-03 16:37:47,1.0,0.0,1.0,N,264,264,1,3.0,2.5,0.5,0.0,0.0,1.0,7.0,0.0,0.0
1,2024-01-13 21:22:48,2024-01-13 21:32:57,1.0,1.8,1.0,N,239,41,1,10.7,3.5,0.5,3.15,0.0,1.0,18.85,2.5,0.0
2,2024-01-25 11:43:00,2024-01-25 12:12:39,1.0,14.26,1.0,N,13,138,1,55.5,5.0,0.5,14.29,6.94,1.0,85.73,2.5,0.0
1,2024-01-02 02:50:02,2024-01-02 03:11:09,2.0,2.6,1.0,N,249,161,1,16.3,3.5,0.5,6.35,0.0,1.0,27.65,2.5,0.0
2,2024-01-19 08:44:48,2024-01-19 08:59:10,1.0,0.94,1.0,N,229,170,1,13.5,0.0,0.5,3.5,0.0,1.0,21.0,2.5,0.0
2,2024-01-17 17:59:11,2024-01-17 18:10:20,1.0,1.41,1.0,N,162,161,1,11.4,2.5,0.5,4.47,0.0,1.0,22.37,2.5,0.0
2,2024-01-25 07:04:25,2024-01-25 07:17:08,1.0,2.19,1.0,N,162,158,1,13.5,0.0,0.5,2.0,0.0,1.0,19.5,2.5,0.0
2,2024-01-23 08:08:51,2024-01-23 08:15:32,1.0,1.37,1.0,N,113,164,1,9.3,0.0,0.5,2.66,0.0,1.0,15.96,2.5,0.0
1,2024-01-06 00:58:54,2024-01-06 01:08:24,0.0,2.8,1.0,N,114,229,1,13.5,3.5,0.5,3.7,0.0,1.0,22.2,2.5,0.0
2,2024-01-24 19:12:51,2024-01-24 19:28:38,1.0,2.28,1.0,N,238,237,2,16.3,2.5,0.5,0.0,0.0,1.0,22.8,2.5,0.0
1,2024-01-30 20:06:49,2024-01-30 20:12:27,1.0,1.1,1.0,N,263,141,1,7.2,3.5,0.5,2.0,0.0,1.0,14.2,2.5,0.0
2,2024-01-07 05:41:25,2024-01-07 05:50:42,,1.53,,,20,169,0,9.22,0.0,0.5,0.0,0.0,1.0,10.72,,
1,2024-01-22 11:41:09,2024-01-22 11:59:20,1.0,3.2,1.0,N,236,230,1,19.1,2.5,0.5,0.0,0.0,1.0,23.1,2.5,0.0
2,2024-01-23 14:45:55,2024-01-23 14:55:45,2.0,0.77,1.0,N,246,186,1,10.0,0.0,0.5,2.8,0.0,1.0,16.8,2.5,0.0
1,2024-01-04 10:53:00,2024-01-04 10:59:51,1.0,1.5,1.0,N,231,211,1,9.3,2.5,0.5,2.65,0.0,1.0,15.95,2.5,0.0
1,2024-01-20 23:53:22,2024-01-21 00:11:22,1.0,2.8,1.0,N,163,262,1,16.3,3.5,0.5,3.0,0.0,1.0,24.3,2.5,0.0
1,2024-01-12 13:59:47,2024-01-12 14:15:53,1.0,5.1,1.0,N,239,116,2,24.7,2.5,0.5,0.0,0.0,1.0,28.7,2.5,0.0
1,2024-01-26 23:18:36,2024-01-26 23:29:29,1.0,1.7,1.0,Y,164,79,1,12.1,3.5,0.5,1.0,0.0,1.0,18.1,2.5,0.0
2,2024-01-29 14:58:38,2024-01-29 15:19:32,1.0,5.17,1.0,N,140,125,1,27.5,0.0,0.5,3.15,0.0,1.0,34.65,2.5,0.0
1,2024-01-19 14:03:41,2024-01-19 14:15:56,1.0,1.2,1.0,N,170,163,1,10.0,2.5,0.5,2.8,0.0,1.0,16.8,2.5,0.0
2,2024-01-24 12:44:42,2024-01-24 13:34:23,2.0,17.9,2.0,N,132,48,1,70.0,0.0,0.5,16.19,6.94,1.0,98.88,2.5,1.75
1,2024-01-09 11:39:46,2024-01-09 11:54:42,1.0,1.1,1.0,N,48,186,1,13.5,2.5,0.5,3.5,0.0,1.0,21.0,2.5,0.0
2,2024-01-24 17:57:53,2024-01-24 18:10:20,1.0,1.2,1.0,N,142,230,1,12.1,2.5,0.5,3.72,0.0,1.0,22.32,2.5,0.0
2,2024-01-30 22:12:53,2024-01-30 22:29:30,1.0,3.18,1.0,N,48,79,4,17.7,1.0,0.5,0.0,0.0,1.0,22.7,2.5,0.0
2,2024-01-17 08:54:02,2024-01-17 09:25:01,2.0,2.84,1.0,N,140,164,1,26.8,0.0,0.5,4.62,0.0,1.0,35.42,2.5,0.0
2,2024-01-10 18:18:47,2024-01-10 18:36:56,1.0,2.85,1.0,N,87,234,1,18.4,2.5,0.5,4.98,0.0,1.0,29.88,2.5,0.0
2,2024-01-08 16:07:51,2024-01-08 16:38:11,1.0,10.67,1.0,N,138,230,1,46.4,7.5,0.5,12.97,6.94,1.0,79.56,2.5,1.75
1,2024-01-27 11:33:09,2024-01-27 11:50:11,1.0,2.5,1.0,N,239,162,1,15.6,2.5,0.5,3.9,0.0,1.0,23.5,2.5,0.0
2,2024-01-08 08:00:25,2024-01-08 08:09:18,2.0,1.69,1.0,N,236,237,1,10.7,0.0,0.5,2.2,0.0,1.0,16.9,2.5,0.0
2,2024-01-15 20:56:08,2024-01-15 21:03:42,1.0,1.21,1.0,N,143,50,1,9.3,1.0,0.5,2.86,0.0,1.0,17.16,2.5,0.0
2,2024-01-05 22:16:17,2024-01-05 22:25:46,2.0,1.83,1.0,N,237,75,1,12.1,1.0,0.5,2.0,0.0,1.0,19.1,2.5,0.0
2,2024-01-30 17:35:31,2024-01-30 18:29:06,1.0,16.54,2.0,N,233,132,1,70.0,5.0,0.5,10.0,6.94,1.0,95.94,2.5,0.0
2,2024-01-13 16:52:38,2024-01-13 17:48:03,1.0,18.0,2.0,N,132,161,1,70.0,0.0,0.5,16.19,6.94,1.0,98.88,2.5,1.75
2,2024-01-29 13:42:37,2024-01-29 13:47:18,1.0,0.54,1.0,N,236,263,2,6.5,0.0,0.5,0.0,0.0,1.0,10.5,2.5,0.0
2,2024-01-07 20:41:31,2024-01-07 21:04:25,1.0,8.45,1.0,N,132,37,1,36.6,1.0,0.5,10.4,0.0,1.0,53.75,2.5,1.75
2,2024-01-11 15:23:06,2024-01-11 15:30:35,1.0,0.43,1.0,N,237,141,1,7.9,0.0,0.5,2.38,0.0,1.0,14.28,2.5,0.0
2,2024-01-27 11:00:24,2024-01-27 11:05:50,1.0,0.95,1.0,N,141,140,1,7.2,0.0,0.5,2.24,0.0,1.0,13.44,2.5,0.0
2,2024-01-28 23:20:05,2024-01-28 23:35:03,1.0,3.57,1.0,N,230,144,2,19.1,1.0,0.5,0.0,0.0,1.0,24.1,2.5,0.0
2,2024-01-05 15:24:07,2024-01-05 15:29:42,1.0,0.52,1.0,N,151,238,1,7.2,0.0,0.5,2.24,0.0,1.0,13.44,2.5,0.0
2,2024-01-04 13:06:27,2024-01-04 13:32:20,1.0,3.02,1.0,N,238,162,1,23.3,0.0,0.5,6.83,0.0,1.0,34.13,2.5,0.0
2,2024-01-11 20:04:42,2024-01-11 20:26:52,1.0,2.44,1.0,N,186,4,1,19.8,2.5,0.5,0.0,0.0,1.0,26.3,2.5,0.0
1,2024-01-09 11:45:47,2024-01-09 12:00:07,1.0,0.8,1.0,N,230,162,1,12.8,2.5,0.5,3.35,0.0,1.0,20.15,2.5,0.0
1,2024-01-29 19:46:59,2024-01-29 19:53:34,1.0,1.5,1.0,N,236,151,1,9.3,5.0,0.5,1.9,0.0,1.0,17.7,2.5,0.0
2,2024-01-17 06:04:45,2024-01-17 06:38:15,2.0,18.04,2.0,N,161,132,1,70.0,0.0,0.5,16.19,6.94,1.0,97.13,2.5,0.0
2,2024-01-17 14:56:51,2024-01-17 15:19:05,1.0,2.19,1.0,N,114,68,1,19.8,0.0,0.5,3.0,0.0,1.0,26.8,2.5,0.0
2,2024-01-18 17:12:03,2024-01-18 18:18:10,1.0,15.58,3.0,N,170,1,1,97.2,2.5,0.0,5.0,30.38,1.0,136.08,0.0,0.0
2,2024-01-19 20:26:15,2024-01-19 20:43:43,1.0,7.01,1.0,N,263,127,1,30.3,1.0,0.5,7.06,0.0,1.0,42.36,2.5,0.0
2,2024-01-30 19:46:06,2024-01-30 19:49:00,,0.39,,,161,163,0,11.33,0.0,0.5,0.0,0.0,1.0,15.33,,
2,2024-01-09 17:51:12,2024-01-09 18:10:07,1.0,2.93,1.0,N,249,142,1,18.4,2.5,0.5,4.98,0.0,1.0,29.88,2.5,0.0
2,2024-01-17 16:01:56,2024-01-17 16:09:17,1.0,1.56,1.0,N,238,166,1,9.3,0.0,0.5,2.16,0.0,1.0,12.96,0.0,0.0
1,2024-01-25 22:32:09,2024-01-25 22:37:48,1.0,0.4,1.0,N,161,229,1,5.8,3.5,0.5,2.15,0.0,1.0,12.95,2.5,0.0
1,2024-01-17 21:12:06,2024-01-17 21:53:25,1.0,16.7,1.0,N,186,132,1,66.0,3.5,0.5,21.3,0.0,1.0,92.3,2.5,0.0
2,2024-01-04 18:05:43,2024-01-04 18:19:31,1.0,1.48,1.0,N,141,161,1,13.5,2.5,0.5,4.0,0.0,1.0,24.0,2.5,0.0
2,2024-01-09 15:30:22,2024-01-09 15:43:29,1.0,1.7,1.0,N,237,163,1,13.5,0.0,0.5,4.38,0.0,1.0,21.88,2.5,0.0
1,2024-01-31 11:30:09,2024-01-31 11:37:15,1.0,1.0,1.0,N,141,263,1,7.9,2.5,0.5,2.35,0.0,1.0,14.25,2.5,0.0
2,2024-01-16 16:40:06,2024-01-16 16:45:02,1.0,0.63,1.0,N,164,161,1,6.5,2.5,0.5,2.6,0.0,1.0,15.6,2.5,0.0
2,2024-01-16 10:01:52,2024-01-16 10:55:52,1.0,8.85,1.0,N,138,100,1,55.5,5.0,0.5,7.32,6.94,1.0,80.51,2.5,1.75
1,2024-01-14 02:21:52,2024-01-14 02:40:58,1.0,4.3,1.0,N,164,261,1,20.5,3.5,0.5,1.0,0.0,1.0,26.5,2.5,0.0
1,2024-01-09 21:58:33,2024-01-09 22:14:31,1.0,2.3,1.0,N,230,107,1,14.2,3.5,0.5,3.85,0.0,1.0,23.05,2.5,0.0
2,2024-01-03 23:23:21,2024-01-03 23:25:19,1.0,0.77,2.0,N,132,132,2,70.0,0.0,0.5,0.0,0.0,1.0,73.25,0.0,1.75
2,2024-01-20 09:37:44,2024-01-20 09:42:26,1.0,1.02,1.0,N,161,162,2,7.2,0.0,0.5,0.0,0.0,1.0,11.2,2.5,0.0
2,2024-01-21 22:27:50,2024-01-21 22:27:55,1.0,0.01,1.0,N,141,141,3,-3.0,-1.0,-0.5,0.0,0.0,-1.0,-8.0,-2.5,0.0
2,2024-01-07 08:01:32,2024-01-07 08:20:08,1.0,6.27,1.0,N,142,168,2,28.2,0.0,0.5,0.0,0.0,1.0,32.2,2.5,0.0
1,2024-01-11 20:08:13,2024-01-11 20:46:35,1.0,17.4,2.0,N,132,100,2,70.0,4.25,0.5,0.0,6.94,1.0,82.69,2.5,1.75
2,2024-01-21 18:29:35,2024-01-21 18:41:26,1.0,1.02,1.0,N,100,164,1,11.4,0.0,0.5,3.08,0.0,1.0,18.48,2.5,0.0
2,2024-01-22 18:08:57,2024-01-22 18:25:56,1.0,2.52,1.0,N,68,141,1,17.0,2.5,0.5,4.7,0.0,1.0,28.2,2.5,0.0
2,2024-01-16 11:38:48,2024-01-16 12:07:13,2.0,4.4,1.0,N,193,186,1,28.2,0.0,0.5,8.33,6.94,1.0,49.97,2.5,0.0
2,2024-01-13 17:08:02,2024-01-13 17:13:27,3.0,0.74,1.0,N,114,79,1,7.2,0.0,0.5,2.0,0.0,1.0,13.2,2.5,0.0
2,2024-01-15 13:09:08,2024-01-15 13:11:52,3.0,0.62,1.0,N,142,239,1,5.8,0.0,0.5,1.47,0.0,1.0,11.27,2.5,0.0
2,2024-01-06 18:10:13,2024-01-06 18:14:48,1.0,0.65,1.0,N,239,143,1,6.5,0.0,0.5,2.1,0.0,1.0,12.6,2.5,0.0
1,2024-01-02 08:41:58,2024-01-02 08:49:29,1.0,1.0,1.0,N,262,140,1,7.9,2.5,0.5,2.4,0.0,1.0,14.3,2.5,0.0
2,2024-01-03 21:14:12,2024-01-03 21:19:10,3.0,0.66,1.0,N,161,162,1,6.5,1.0,0.5,2.3,0.0,1.0,13.8,2.5,0.0
2,2024-01-04 21:36:01,2024-01-04 21:40:55,2.0,0.71,1.0,N,186,100,1,7.2,1.0,0.5,2.44,0.0,1.0,14.64,2.5,0.0
1,2024-01-25 10:41:27,2024-01-25 11:02:04,2.0,1.6,1.0,N,170,246,1,17.7,2.5,0.5,4.3,0.0,1.0,26.0,2.5,0.0
2,2024-01-25 19:36:41,2024-01-25 19:43:38,1.0,0.32,1.0,N,164,164,1,7.9,2.5,0.5,2.88,0.0,1.0,17.28,2.5,0.0
2,2024-01-17 16:08:33,2024-01-17 16:14:12,1.0,0.6,1.0,N,238,151,1,7.2,2.5,0.5,2.74,0.0,1.0,16.44,2.5,0.0
2,2024-01-31 18:17:39,2024-01-31 18:28:40,1.0,1.34,1.0,N,239,142,1,11.4,2.5,0.5,2.68,0.0,1.0,20.58,2.5,0.0
2,2024-01-04 22:33:57,2024-01-04 22:45:49,1.0,4.0,1.0,N,161,41,1,17.7,1.0,0.5,5.0,0.0,1.0,27.7,2.5,0.0
2,2024-01-19 16:06:57,2024-01-19 16:16:01,1.0,0.85,1.0,N,234,113,1,9.3,0.0,0.5,2.66,0.0,1.0,15.96,2.5,0.0
1,2024-01-18 17:57:55,2024-01-18 18:04:07,1.0,0.4,1.0,N,230,163,1,5.8,5.0,0.5,3.1,0.0,1.0,15.4,2.5,0.0
1,2024-01-24 08:36:14,2024-01-24 09:46:51,2.0,17.9,2.0,N,132,68,1,70.0,4.25,0.5,16.5,6.94,1.0,99.19,2.5,1.75
1,2024-01-17 09:22:14,2024-01-17 09:30:55,1.0,1.4,1.0,N,107,233,1,9.3,2.5,0.5,1.0,0.0,1.0,14.3,2.5,0.0
2,2024-01-05 17:10:54,2024-01-05 17:24:55,1.0,2.2,1.0,N,114,170,1,14.9,2.5,0.5,4.28,0.0,1.0,25.68,2.5,0.0
2,2024-01-12 17:40:37,2024-01-12 18:14:24,1.0,13.52,1.0,N,138,132,2,53.4,7.5,0.5,0.0,0.0,1.0,64.15,0.0,1.75
2,2024-01-14 15:25:17,2024-01-14 15:29:28,1.0,0.76,1.0,N,237,162,1,6.5,0.0,0.5,2.1,0.0,1.0,12.6,2.5,0.0
2,2024-01-07 10:20:30,2024-01-07 10:31:46,1.0,3.72,1.0,N,70,179,1,17.7,5.0,0.5,4.84,0.0,1.0,30.79,0.0,1.75
2,2024-01-29 17:03:08,2024-01-29 17:05:30,1.0,0.29,1.0,N,234,234,1,4.4,2.5,0.5,2.18,0.0,1.0,13.08,2.5,0.0
2,2024-01-19 22:52:17,2024-01-19 23:16:02,4.0,3.87,1.0,N,50,148,1,24.0,1.0,0.5,5.8,0.0,1.0,34.8,2.5,0.0
1,2024-01-24 10:05:59,2024-01-24 10:15:02,1.0,0.6,1.0,N,186,234,1,8.6,2.5,0.5,2.5,0.0,1.0,15.1,2.5,0.0
2,2024-01-30 12:43:46,2024-01-30 12:51:47,1.0,1.1,1.0,N,43,143,1,9.3,0.0,0.5,1.0,0.0,1.0,14.3,2.5,0.0
2,2024-01-21 14:09:09,2024-01-21 14:15:11,1.0,3.71,1.0,N,132,219,2,16.3,0.0,0.5,0.0,0.0,1.0,19.55,0.0,1.75
2,2024-01-18 08:18:15,2024-01-18 08:43:30,2.0,2.1,1.0,N,186,229,1,21.2,0.0,0.5,6.3,0.0,1.0,31.5,2.5,0.0
1,2024-01-20 17:41:36,2024-01-20 17:51:30,1.0,0.9,1.0,N,114,249,1,7.9,2.5,0.5,2.4,0.0,1.0,14.3,2.5,0.0
2,2024-01-05 21:53:29,2024-01-05 22:10:20,1.0,2.72,1.0,N,68,162,2,17.0,1.0,0.5,0.0,0.0,1.0,22.0,2.5,0.0
2,2024-01-27 13:18:40,2024-01-27 13:37:46,1.0,3.21,1.0,N,151,237,1,20.5,0.0,0.5,2.5,0.0,1.0,27.0,2.5,0.0
2,2024-01-18 20:47:22,2024-01-18 21:01:58,1.0,3.28,1.0,N,170,238,1,17.0,1.0,0.5,3.0,0.0,1.0,25.0,2.5,0.0
1,2024-01-05 23:01:58,2024-01-05 23:21:27,2.0,5.4,1.0,N,141,114,1,26.8,3.5,0.5,6.35,0.0,1.0,38.15,2.5,0.0
2,2024-01-19 17:19:07,2024-01-19 17:31:17,1.0,1.67,1.0,N,162,234,1,12.8,2.5,0.5,1.0,0.0,1.0,20.3,2.5,0.0
2,2024-01-13 10:23:49,2024-01-13 10:29:38,1.0,1.48,1.0,N,249,13,1,9.3,0.0,0.5,2.66,0.0,1.0,15.96,2.5,0.0
2,2024-01-11 19:39:14,2024-01-11 20:07:14,5.0,5.39,1.0,N,107,79,1,28.9,2.5,0.5,7.08,0.0,1.0,42.48,2.5,0.0
2,2024-01-12 10:47:19,2024-01-12 10:49:15,5.0,0.62,1.0,N,50,163,1,5.1,0.0,0.5,1.5,0.0,1.0,10.6,2.5,0.0
1,2024-01-19 13:58:03,2024-01-19 14:29:14,1.0,4.9,1.0,N,234,41,1,29.6,2.5,0.5,5.0,0.0,1.0,38.6,2.5,0.0
2,2024-01-11 10:47:56,2024-01-11 11:04:16,1.0,1.86,1.0,N,236,162,1,15.6,0.0,0.5,3.92,0.0,1.0,23.52,2.5,0.0
1,2024-01-01 01:31:47,2024-01-01 01:45:22,,0.0,,,209,137,0,40.13,0.0,0.5,0.0,0.0,1.0,44.13,,
1,2024-01-18 19:40:13,2024-01-18 19:53:40,1.0,1.3,1.0,N,48,164,1,11.4,5.0,0.5,3.6,0.0,1.0,21.5,2.5,0.0
2,2024-01-05 09:42:15,2024-01-05 10:01:38,1.0,2.44,1.0,N,100,143,1,18.4,0.0,0.5,4.48,0.0,1.0,26.88,2.5,0.0
2,2024-01-13 13:16:37,2024-01-13 13:26:22,3.0,2.83,1.0,N,233,263,1,13.5,0.0,0.5,3.5,0.0,1.0,21.0,2.5,0.0
2,2024-01-19 19:14:44,2024-01-19 19:29:50,1.0,2.13,1.0,N,246,161,1,14.9,2.5,0.5,6.42,0.0,1.0,27.82,2.5,0.0
2,2024-01-17 15:35:42,2024-01-17 15:52:32,1.0,1.49,1.0,N,162,186,1,15.6,0.0,0.5,3.92,0.0,1.0,23.52,2.5,0.0
2,2024-01-02 14:09:06,2024-01-02 14:36:19,1.0,4.23,1.0,N,234,256,1,26.1,0.0,0.5,3.0,0.0,1.0,33.1,2.5,0.0
2,2024-01-30 21:08:08,2024-01-30 21:25:11,2.0,3.09,1.0,N,161,158,1,18.4,1.0,0.5,4.68,0.0,1.0,28.08,2.5,0.0
2,2024-01-17 07:29:04,2024-01-17 07:37:48,1.0,0.86,1.0,N,100,170,1,9.3,0.0,0.5,2.66,0.0,1.0,15.96,2.5,0.0
2,2024-01-22 06:33:59,2024-01-22 06:38:30,1.0,0.92,1.0,N,151,236,1,7.2,0.0,0.5,0.87,0.0,1.0,9.57,0.0,0.0
2,2024-01-18 12:07:01,2024-01-18 12:56:01,2.0,17.31,2.0,N,132,161,1,70.0,0.0,0.5,20.23,6.94,1.0,102.92,2.5,1.75
2,2024-01-29 13:36:38,2024-01-29 14:14:59,1.0,25.72,1.0,N,132,181,1,95.4,0.0,0.5,24.23,0.0,1.0,122.88,0.0,1.75
2,2024-01-10 17:45:13,2024-01-10 18:00:16,1.0,2.22,1.0,N,246,163,1,15.6,2.5,0.5,4.42,0.0,1.0,26.52,2.5,0.0
1,2024-01-13 17:13:20,2024-01-13 17:18:34,1.0,0.5,1.0,N,263,237,1,5.1,2.5,0.5,1.0,0.0,1.0,10.1,2.5,0.0
2,2024-01-10 17:13:29,2024-01-10 17:31:43,4.0,2.1,1.0,N,161,141,2,17.7,2.5,0.5,0.0,0.0,1.0,24.2,2.5,0.0
2,2024-01-03 15:01:56,2024-01-03 15:15:06,1.0,2.5,1.0,N,233,237,1,14.9,0.0,0.5,2.0,0.0,1.0,20.9,2.5,0.0
2,2024-01-08 00:52:55,2024-01-08 01:14:02,1.0,3.99,1.0,N,246,140,1,22.6,1.0,0.5,5.52,0.0,1.0,33.12,2.5,0.0
2,2024-01-03 14:45:55,2024-01-03 15:01:14,3.0,1.14,1.0,N,161,100,1,13.5,0.0,0.5,0.0,0.0,1.0,17.5,2.5,0.0
2,2024-01-13 09:30:21,2024-01-13 09:52:22,2.0,4.96,1.0,N,239,145,1,25.4,0.0,0.5,2.0,0.0,1.0,31.4,2.5,0.0
2,2024-01-30 15:20:40,2024-01-30 15:25:35,1.0,0.71,1.0,N,50,50,2,6.5,0.0,0.5,0.0,0.0,1.0,10.5,2.5,0.0
2,2024-01-09 11:21:37,2024-01-09 11:27:31,1.0,0.58,1.0,N,140,141,1,7.2,0.0,0.5,1.12,0.0,1.0,12.32,2.5,0.0
2,2024-01-18 12:32:52,2024-01-18 12:42:25,5.0,1.83,1.0,N,236,239,2,12.1,0.0,0.5,0.0,0.0,1.0,16.1,2.5,0.0
2,2024-01-12 11:49:19,2024-01-12 11:56:58,1.0,1.26,1.0,N,236,239,1,9.3,0.0,0.5,2.0,0.0,1.0,15.3,2.5,0.0
1,2024-01-10 21:17:44,2024-01-10 21:19:13,4.0,0.1,1.0,N,79,79,1,3.7,3.5,0.5,1.7,0.0,1.0,10.4,2.5,0.0
2,2024-01-03 18:38:01,2024-01-03 19:25:03,2.0,20.72,2.0,N,132,231,1,70.0,5.0,0.5,6.0,0.0,1.0,86.75,2.5,1.75
1,2024-01-24 18:06:00,2024-01-24 18:12:57,1.0,1.0,1.0,N,50,142,2,7.9,5.0,0.5,0.0,0.0,1.0,14.4,2.5,0.0
1,2024-01-05 22:22:56,2024-01-05 22:50:54,2.0,4.1,1.0,N,231,163,1,27.5,3.5,0.5,0.0,0.0,1.0,32.5,2.5,0.0
2,2024-01-22 06:37:06,2024-01-22 06:55:12,1.0,5.54,1.0,N,186,88,1,26.8,0.0,0.5,6.16,0.0,1.0,36.96,2.5,0.0
2,2024-01-20 13:46:57,2024-01-20 13:52:27,1.0,1.02,1.0,N,238,143,1,7.9,0.0,0.5,3.57,0.0,1.0,15.47,2.5,0.0
2,2024-01-21 13:58:06,2024-01-21 14:07:23,1.0,1.4,1.0,N,186,163,1,10.7,0.0,0.5,2.94,0.0,1.0,17.64,2.5,0.0
1,2024-01-06 03:15:01,2024-01-06 03:25:41,1.0,2.6,1.0,N,48,263,1,12.8,3.5,0.5,3.55,0.0,1.0,21.35,2.5,0.0
2,2024-01-21 06:49:09,2024-01-21 07:14:40,1.0,11.1,1.0,N,48,138,2,45.7,5.0,0.5,0.0,6.94,1.0,61.64,2.5,0.0
1,2024-01-26 22:57:45,2024-01-26 23:01:37,2.0,0.7,1.0,N,142,163,1,5.8,3.5,0.5,2.15,0.0,1.0,12.95,2.5,0.0
2,2024-01-20 18:03:27,2024-01-20 18:13:46,1.0,1.6,1.0,N,263,238,1,12.1,0.0,0.5,3.22,0.0,1.0,19.32,2.5,0.0
2,2024-01-08 12:03:05,2024-01-08 12:32:07,1.0,4.55,1.0,N,140,260,2,29.6,0.0,0.5,0.0,0.0,1.0,33.6,2.5,0.0
2,2024-01-22 07:26:50,2024-01-22 07:41:16,1.0,2.55,1.0,N,239,161,1,15.6,0.0,0.5,4.9,0.0,1.0,24.5,2.5,0.0
1,2024-01-28 11:40:16,2024-01-28 11:52:56,1.0,2.7,1.0,N,234,141,1,14.2,2.5,0.5,3.65,0.0,1.0,21.85,2.5,0.0
2,2024-01-20 10:22:16,2024-01-20 10:30:07,1.0,0.89,1.0,N,262,236,1,8.6,0.0,0.5,1.89,0.0,1.0,14.49,2.5,0.0
2,2024-01-21 01:53:21,2024-01-21 02:02:13,2.0,1.34,1.0,N,48,162,1,10.0,1.0,0.5,3.0,0.0,1.0,18.0,2.5,0.0
2,2024-01-13 12:23:11,2024-01-13 12:31:07,1.0,1.51,1.0,N,158,234,1,10.0,0.0,0.5,2.8,0.0,1.0,16.8,2.5,0.0
1,2024-01-27 16:56:12,2024-01-27 17:15:29,4.0,2.2,1.0,N,230,249,1,17.7,2.5,0.5,4.3,0.0,1.0,26.0,2.5,0.0
1,2024-01-26 07:17:32,2024-01-26 07:21:48,1.0,0.5,1.0,N,236,236,1,5.8,2.5,0.5,0.0,0.0,1.0,9.8,2.5,0.0
2,2024-01-13 14:01:42,2024-01-13 14:07:37,1.0,1.18,1.0,N,141,236,1,8.6,0.0,0.5,2.52,0.0,1.0,15.12,2.5,0.0
2,2024-01-03 16:34:15,2024-01-03 16:41:53,3.0,0.59,1.0,N,161,230,4,-7.9,-2.5,-0.5,0.0,0.0,-1.0,-14.4,-2.5,0.0
2,2024-01-25 16:49:32,2024-01-25 17:45:04,1.0,15.48,2.0,N,161,132,1,70.0,5.0,0.5,10.0,6.94,1.0,95.94,2.5,0.0
2,2024-01-03 11:12:46,2024-01-03 11:55:58,2.0,8.86,1.0,N,166,231,2,49.9,0.0,0.5,0.0,0.0,1.0,53.9,2.5,0.0
2,2024-01-29 12:58:03,2024-01-29 13:05:50,1.0,0.77,1.0,N,161,43,1,8.6,0.0,0.5,2.0,0.0,1.0,14.6,2.5,0.0
2,2024-01-18 13:14:41,2024-01-18 13:33:55,1.0,2.29,1.0,N,236,230,1,18.4,0.0,0.5,2.0,0.0,1.0,24.4,2.5,0.0
2,2024-01-30 09:02:58,2024-01-30 09:10:35,1.0,0.95,1.0,N,161,186,1,8.6,0.0,0.5,2.52,0.0,1.0,15.12,2.5,0.0
2,2024-01-12 18:40:20,2024-01-12 18:40:28,1.0,0.01,2.0,N,239,239,2,70.0,5.0,0.5,0.0,0.0,1.0,79.0,2.5,0.0
2,2024-01-14 18:56:08,2024-01-14 19:02:28,2.0,0.98,1.0,N,162,229,1,7.9,0.0,0.5,1.75,0.0,1.0,13.65,2.5,0.0
1,2024-01-08 12:36:59,2024-01-08 12:49:34,1.0,1.4,1.0,N,141,43,1,12.8,2.5,0.5,4.2,0.0,1.0,21.0,2.5,0.0
2,2024-01-03 15:26:35,2024-01-03 15:39:58,2.0,1.61,1.0,N,164,237,2,12.8,0.0,0.5,0.0,0.0,1.0,16.8,2.5,0.0
2,2024-01-14 05:54:33,2024-01-14 06:12:13,1.0,10.45,1.0,N,229,138,1,41.5,6.0,0.5,1.0,6.94,1.0,59.44,2.5,0.0
2,2024-01-11 01:42:24,2024-01-11 02:03:37,1.0,14.51,1.0,N,132,226,1,54.8,1.0,0.5,11.46,0.0,1.0,70.51,0.0,1.75
2,2024-01-01 16:59:02,2024-01-01 17:06:01,2.0,1.55,1.0,N,158,68,1,9.3,0.0,0.5,2.66,0.0,1.0,15.96,2.5,0.0
2,2024-01-11 18:17:19,2024-01-11 18:25:11,1.0,1.21,1.0,N,142,239,1,9.3,2.5,0.5,1.9,0.0,1.0,17.7,2.5,0.0
2,2024-01-29 20:00:19,2024-01-29 20:22:44,1.0,3.87,1.0,N,236,249,1,23.3,1.0,0.5,4.24,0.0,1.0,32.54,2.5,0.0
1,2024-01-01 15:50:45,2024-01-01 16:03:10,,0.0,,,148,87,0,11.22,0.0,0.5,0.0,0.0,1.0,15.22,,
2,2024-01-10 12:01:53,2024-01-10 12:19:26,1.0,2.04,1.0,N,79,158,1,16.3,0.0,0.5,4.06,0.0,1.0,24.36,2.5,0.0
1,2024-01-27 15:58:35,2024-01-27 16:11:35,2.0,1.9,1.0,N,163,234,1,13.5,2.5,0.5,1.75,0.0,1.0,19.25,2.5,0.0
1,2024-01-25 23:46:58,2024-01-25 23:52:22,1.0,1.0,1.0,N,237,236,1,7.9,3.5,0.5,2.55,0.0,1.0,15.45,2.5,0.0
1,2024-01-31 18:28:04,2024-01-31 18:35:44,1.0,0.7,1.0,N,68,186,1,8.6,5.0,0.5,3.75,0.0,1.0,18.85,2.5,0.0
2,2024-01-21 19:32:50,2024-01-21 20:14:02,2.0,18.95,2.0,N,132,68,1,70.0,0.0,0.5,16.54,6.94,1.0,99.23,2.5,1.75
2,2024-01-31 21:39:35,2024-01-31 21:44:50,1.0,1.06,1.0,N,239,142,1,7.9,1.0,0.5,2.58,0.0,1.0,15.48,2.5,0.0
1,2024-01-12 21:25:56,2024-01-12 21:40:51,1.0,2.2,1.0,N,186,79,1,14.9,3.5,0.5,3.95,0.0,1.0,23.85,2.5,0.0
1,2024-01-24 14:46:30,2024-01-24 14:54:00,1.0,2.0,1.0,N,224,232,2,11.4,2.5,0.5,0.0,0.0,1.0,15.4,2.5,0.0
2,2024-01-18 08:47:12,2024-01-18 09:05:58,1.0,5.05,1.0,N,107,261,1,24.7,0.0,0.5,5.74,0.0,1.0,34.44,2.5,0.0
2,2024-01-02 01:29:18,2024-01-02 01:55:52,1.0,18.24,2.0,N,132,211,1,70.0,0.0,0.5,14.8,0.0,1.0,90.55,2.5,1.75
2,2024-01-24 08:59:34,2024-01-24 09:09:19,1.0,0.67,1.0,N,114,231,1,10.0,0.0,0.5,2.8,0.0,1.0,16.8,2.5,0.0
2,2024-01-17 00:37:05,2024-01-17 00:50:31,1.0,8.23,1.0,N,138,233,1,32.4,6.0,0.5,7.0,6.94,1.0,58.09,2.5,1.75
2,2024-01-26 20:26:59,2024-01-26 20:33:49,1.0,0.6,1.0,N,249,90,1,7.9,1.0,0.5,2.58,0.0,1.0,15.48,2.5,0.0
2,2024-01-29 10:25:48,2024-01-29 10:55:12,1.0,12.55,1.0,N,138,225,1,51.3,5.0,0.5,5.96,0.0,1.0,65.51,0.0,1.75
2,2024-01-26 17:53:09,2024-01-26 18:02:51,1.0,1.13,1.0,N,162,164,1,10.7,2.5,0.5,3.44,0.0,1.0,20.64,2.5,0.0
2,2024-01-25 09:30:03,2024-01-25 09:41:35,1.0,1.23,1.0,N,162,237,1,12.1,0.0,0.5,3.22,0.0,1.0,19.32,2.5,0.0
2,2024-01-21 00:11:49,2024-01-21 00:43:17,1.0,4.27,1.0,N,113,255,1,31.0,1.0,0.5,3.0,0.0,1.0,39.0,2.5,0.0
2,2024-01-25 12:12:59,2024-01-25 12:39:25,1.0,2.49,1.0,N,162,236,1,23.3,0.0,0.5,5.46,0.0,1.0,32.76,2.5,0.0
1,2024-01-06 11:57:52,2024-01-06 12:08:45,3.0,1.4,1.0,N,161,90,1,10.7,2.5,0.5,2.95,0.0,1.0,17.65,2.5,0.0
2,2024-01-17 07:10:09,2024-01-17 07:18:41,1.0,1.76,1.0,N,164,249,1,10.7,0.0,0.5,2.94,0.0,1.0,17.64,2.5,0.0
1,2024-01-26 13:52:01,2024-01-26 14:04:30,2.0,1.3,1.0,N,237,142,1,12.1,2.5,0.5,3.2,0.0,1.0,19.3,2.5,0.0
1,2024-01-20 17:36:24,2024-01-20 17:41:11,1.0,0.6,1.0,N,48,230,1,6.5,2.5,0.5,1.0,0.0,1.0,11.5,2.5,0.0
2,2024-01-01 20:57:34,2024-01-01 21:11:51,1.0,0.76,1.0,N,230,161,1,12.8,1.0,0.5,4.2,0.0,1.0,22.0,2.5,0.0
1,2024-01-03 16:34:33,2024-01-03 16:34:44,1.0,0.0,2.0,N,148,148,1,70.0,7.5,0.5,17.65,9.5,1.0,106.15,2.5,0.0
2,2024-01-03 10:27:07,2024-01-03 10:56:40,2.0,9.22,1.0,N,138,230,1,41.5,5.0,0.5,11.49,6.94,1.0,70.68,2.5,1.75
2,2024-01-11 16:16:59,2024-01-11 16:22:27,3.0,0.64,1.0,N,164,161,1,6.5,2.5,0.5,2.6,0.0,1.0,15.6,2.5,0.0
2,2024-01-26 23:38:20,2024-01-26 23:50:33,,5.95,,,208,168,0,21.21,0.0,0.5,0.0,0.0,1.0,22.71,,
2,2024-01-02 09:50:33,2024-01-02 09:56:00,1.0,1.32,1.0,N,100,249,1,7.9,0.0,0.5,2.38,0.0,1.0,14.28,2.5,0.0
2,2024-01-12 12:59:16,2024-01-12 13:20:45,1.0,5.69,1.0,N,161,261,1,27.5,0.0,0.5,1.1,0.0,1.0,32.6,2.5,0.0
2,2024-01-06 13:19:51,2024-01-06 13:31:13,1.0,1.83,1.0,N,236,161,2,13.5,0.0,0.5,0.0,0.0,1.0,17.5,2.5,0.0
1,2024-01-21 13:10:27,2024-01-21 13:19:51,1.0,1.7,1.0,N,249,234,1,10.7,2.5,0.5,2.9,0.0,1.0,17.6,2.5,0.0
1,2024-01-30 12:40:26,2024-01-30 12:55:12,1.0,1.7,1.0,N,162,50,2,13.5,2.5,0.5,0.0,0.0,1.0,17.5,2.5,0.0
2,2024-01-01 11:58:36,2024-01-01 12:25:34,1.0,17.82,2.0,N,132,107,1,70.0,0.0,0.5,16.54,6.94,1.0,99.23,2.5,1.75
1,2024-01-24 23:10:35,2024-01-24 23:21:09,3.0,1.6,1.0,N,170,234,1,11.4,3.5,0.5,0.0,0.0,1.0,16.4,2.5,0.0
2,2024-01-06 10:43:58,2024-01-06 10:59:00,3.0,10.6,1.0,N,132,138,1,40.8,5.0,0.5,14.19,0.0,1.0,63.24,0.0,1.75
2,2024-01-17 17:48:34,2024-01-17 18:04:20,1.0,1.95,1.0,N,142,229,1,15.6,2.5,0.5,4.42,0.0,1.0,26.52,2.5,0.0
1,2024-01-12 17:06:48,2024-01-12 17:29:11,1.0,2.6,1.0,N,143,233,1,19.8,5.0,0.5,5.25,0.0,1.0,31.55,2.5,0.0
2,2024-01-27 10:06:21,2024-01-27 10:21:17,1.0,7.25,1.0,N,13,140,1,29.6,0.0,0.5,6.72,0.0,1.0,40.32,2.5,0.0
2,2024-01-01 22:52:18,2024-01-01 23:04:32,3.0,6.7,1.0,N,138,145,1,26.8,6.0,0.5,0.0,0.0,1.0,36.05,0.0,1.75
2,2024-01-02 14:40:12,2024-01-02 14:58:01,1.0,2.77,1.0,N,234,237,2,18.4,0.0,0.5,0.0,0.0,1.0,22.4,2.5,0.0
1,2024-01-08 20:22:12,2024-01-08 20:39:14,1.0,9.2,1.0,N,70,79,2,35.9,10.25,0.5,0.0,6.94,1.0,54.59,2.5,1.75
2,2024-01-05 18:58:27,2024-01-05 19:07:16,2.0,1.02,1.0,N,90,114,1,9.3,2.5,0.5,3.16,0.0,1.0,18.96,2.5,0.0
1,2024-01-17 11:42:26,2024-01-17 12:02:34,1.0,2.3,1.0,N,249,87,1,16.3,2.5,0.5,2.5,0.0,1.0,22.8,2.5,0.0
2,2024-01-13 13:27:00,2024-01-13 13:31:03,1.0,1.35,1.0,N,236,74,2,7.9,0.0,0.5,0.0,0.0,1.0,11.9,2.5,0.0
2,2024-01-21 10:40:24,2024-01-21 10:48:59,1.0,1.71,1.0,N,163,50,2,10.7,0.0,0.5,0.0,0.0,1.0,14.7,2.5,0.0
2,2024-01-11 17:31:53,2024-01-11 18:13:26,2.0,12.24,1.0,N,138,132,1,53.4,7.5,0.5,0.0,0.0,1.0,64.15,0.0,1.75
1,2024-01-21 10:31:44,2024-01-21 10:37:26,1.0,1.0,1.0,N,141,262,1,7.2,2.5,0.5,2.0,0.0,1.0,13.2,2.5,0.0
2,2024-01-12 15:23:40,2024-01-12 15:51:00,1.0,1.45,1.0,N,161,162,4,-22.6,0.0,-0.5,0.0,0.0,-1.0,-26.6,-2.5,0.0
2,2024-01-19 19:54:41,2024-01-19 20:05:19,1.0,1.3,1.0,N,170,234,1,10.7,2.5,0.5,2.0,0.0,1.0,19.2,2.5,0.0
1,2024-01-12 16:18:26,2024-01-12 16:29:14,,1.9,,,141,239,0,12.1,2.5,0.5,4.46,0.0,1.0,23.06,,
1,2024-01-31 09:55:44,2024-01-31 10:07:56,0.0,1.3,1.0,N,186,233,1,12.1,2.5,0.5,4.8,0.0,1.0,20.9,2.5,0.0
2,2024-01-20 11:56:26,2024-01-20 12:06:45,1.0,1.7,1.0,N,236,229,1,12.8,0.0,0.5,3.36,0.0,1.0,20.16,2.5,0.0
2,2024-01-14 09:47:18,2024-01-14 10:05:08,1.0,3.77,1.0,N,170,239,1,21.9,0.0,0.5,5.18,0.0,1.0,31.08,2.5,0.0
2,2024-01-15 16:19:08,2024-01-15 16:52:38,1.0,10.64,1.0,N,142,182,1,44.3,0.0,0.5,5.0,0.0,1.0,53.3,2.5,0.0
2,2024-01-26 07:30:28,2024-01-26 07:41:39,1.0,1.49,1.0,N,162,236,1,12.1,0.0,0.5,3.22,0.0,1.0,19.32,2.5,0.0
2,2024-01-28 11:45:13,2024-01-28 11:51:38,2.0,0.9,1.0,N,230,162,1,7.9,0.0,0.5,2.38,0.0,1.0,14.28,2.5,0.0
2,2024-01-30 15:06:25,2024-01-30 15:46:28,1.0,16.71,2.0,N,233,132,1,70.0,0.0,0.5,20.24,6.94,1.0,101.18,2.5,0.0
2,2024-01-12 12:21:19,2024-01-12 12:50:44,1.0,9.83,1.0,N,138,230,1,43.6,5.0,0.5,11.91,6.94,1.0,73.2,2.5,1.75
2,2024-01-01 01:33:36,2024-01-01 01:43:33,1.0,1.86,1.0,N,263,229,1,11.4,1.0,0.5,2.46,0.0,1.0,18.86,2.5,0.0
1,2024-01-01 12:23:21,2024-01-01 12:33:53,1.0,1.6,1.0,N,151,142,1,10.7,2.5,0.5,2.0,0.0,1.0,16.7,2.5,0.0
1,2024-01-13 23:01:24,2024-01-13 23:11:25,2.0,1.7,1.0,N,230,143,1,11.4,3.5,0.5,3.28,0.0,1.0,19.68,2.5,0.0
2,2024-01-09 08:02:44,2024-01-09 08:13:11,1.0,1.77,1.0,N,238,142,1,12.1,0.0,0.5,1.61,0.0,1.0,17.71,2.5,0.0
1,2024-01-19 15:15:56,2024-01-19 15:21:46,1.0,0.8,1.0,N,163,162,1,7.2,2.5,0.5,1.0,0.0,1.0,12.2,2.5,0.0
2,2024-01-09 12:32:49,2024-01-09 12:35:35,6.0,0.3,1.0,N,100,100,2,4.4,0.0,0.5,0.0,0.0,1.0,8.4,2.5,0.0
2,2024-01-06 18:10:18,2024-01-06 18:16:09,1.0,0.49,1.0,N,161,161,1,6.5,0.0,0.5,2.1,0.0,1.0,12.6,2.5,0.0
1,2024-01-27 19:06:41,2024-01-27 19:11:47,1.0,0.5,1.0,N,164,186,2,6.5,2.5,0.5,0.0,0.0,1.0,10.5,2.5,0.0
1,2024-01-10 22:23:41,2024-01-10 22:38:11,1.0,2.8,1.0,N,163,114,1,15.6,3.5,0.5,4.1,0.0,1.0,24.7,2.5,0.0
1,2024-01-25 18:36:00,2024-01-25 18:54:09,2.0,2.2,1.0,N,163,142,1,17.7,5.0,0.5,4.8,0.0,1.0,29.0,2.5,0.0
1,2024-01-30 18:40:19,2024-01-30 18:50:52,1.0,1.8,1.0,N,233,263,1,11.4,5.0,0.5,3.6,0.0,1.0,21.5,2.5,0.0
2,2024-01-09 14:39:32,2024-01-09 15:02:35,1.0,1.93,1.0,N,43,230,2,19.8,0.0,0.5,0.0,0.0,1.0,23.8,2.5,0.0
2,2024-01-14 10:18:17,2024-01-14 10:25:38,2.0,1.83,1.0,N,142,68,1,10.0,0.0,0.5,2.5,0.0,1.0,16.5,2.5,0.0
2,2024-01-11 15:52:46,2024-01-11 16:14:44,1.0,2.91,1.0,N,229,239,2,20.5,0.0,0.5,0.0,0.0,1.0,24.5,2.5,0.0
2,2024-01-15 16:21:20,2024-01-15 16:53:10,1.0,6.99,1.0,N,237,13,1,35.2,0.0,0.5,7.84,0.0,1.0,47.04,2.5,0.0
2,2024-01-10 22:16:30,2024-01-10 22:30:25,1.0,2.84,1.0,N,158,209,1,16.3,1.0,0.5,4.26,0.0,1.0,25.56,2.5,0.0
2,2024-01-08 07:48:57,2024-01-08 07:57:33,1.0,4.11,1.0,N,238,246,1,17.7,0.0,0.5,3.26,0.0,1.0,24.96,2.5,0.0
2,2024-01-02 10:35:11,2024-01-02 10:45:43,5.0,2.71,1.0,N,138,7,1,14.9,5.0,0.5,4.63,0.0,1.0,27.78,0.0,1.75
1,2024-01-04 06:46:55,2024-01-04 07:39:15,2.0,17.0,2.0,N,161,132,1,70.0,2.5,0.5,16.15,6.94,1.0,97.09,2.5,0.0
2,2024-01-10 22:28:05,2024-01-10 22:32:32,1.0,0.75,1.0,N,137,100,1,6.5,1.0,0.5,2.3,0.0,1.0,13.8,2.5,0.0
2,2024-01-30 21:01:59,2024-01-30 21:23:20,1.0,3.88,1.0,N,261,50,1,23.3,1.0,0.5,5.66,0.0,1.0,33.96,2.5,0.0
2,2024-01-03 08:08:27,2024-01-03 08:11:09,1.0,0.37,1.0,N,33,33,1,5.1,0.0,0.5,1.98,0.0,1.0,8.58,0.0,0.0
2,2024-01-28 14:06:29,2024-01-28 14:28:24,,0.0,,,140,264,0,20.4,0.0,0.5,0.0,0.0,1.0,24.4,,
2,2024-01-05 11:40:38,2024-01-05 11:54:49,1.0,1.33,1.0,N,161,170,1,13.5,0.0,0.5,3.5,0.0,1.0,21.0,2.5,0.0
2,2024-01-04 13:03:45,2024-01-04 13:34:03,1.0,11.08,1.0,N,113,138,1,48.5,5.0,0.5,14.38,0.0,1.0,71.88,2.5,0.0
2,2024-01-10 21:57:28,2024-01-10 22:06:58,1.0,1.57,1.0,N,246,161,1,10.7,1.0,0.5,3.14,0.0,1.0,18.84,2.5,0.0
2,2024-01-29 07:38:08,2024-01-29 07:50:47,2.0,1.8,1.0,N,141,236,1,12.8,0.0,0.5,3.36,0.0,1.0,20.16,2.5,0.0
1,2024-01-29 13:54:02,2024-01-29 14:04:13,2.0,0.5,1.0,N,237,140,2,10.0,2.5,0.5,0.0,0.0,1.0,14.0,2.5,0.0
2,2024-01-10 12:55:18,2024-01-10 13:09:40,1.0,2.22,1.0,N,143,100,1,15.6,0.0,0.5,1.5,0.0,1.0,21.1,2.5,0.0
2,2024-01-25 20:35:04,2024-01-25 20:50:58,2.0,2.6,1.0,N,161,262,1,16.3,1.0,0.5,4.26,0.0,1.0,25.56,2.5,0.0
1,2024-01-09 20:39:21,2024-01-09 20:57:32,1.0,5.1,1.0,N,107,238,1,23.3,3.5,0.5,5.65,0.0,1.0,33.95,2.5,0.0
1,2024-01-23 17:48:54,2024-01-23 18:05:31,1.0,3.0,1.0,N,261,79,1,18.4,5.0,0.5,6.22,0.0,1.0,31.12,2.5,0.0
2,2024-01-12 11:14:39,2024-01-12 11:20:51,1.0,0.37,1.0,N,237,163,2,7.2,0.0,0.5,0.0,0.0,1.0,11.2,2.5,0.0
2,2024-01-10 12:09:40,2024-01-10 12:29:54,1.0,0.96,1.0,N,68,230,1,17.0,0.0,0.5,6.3,0.0,1.0,27.3,2.5,0.0
2,2024-01-10 11:18:46,2024-01-10 11:24:20,1.0,0.98,1.0,N,140,236,1,7.9,0.0,0.5,2.98,0.0,1.0,14.88,2.5,0.0
1,2024-01-29 22:56:24,2024-01-29 23:03:34,1.0,2.2,1.0,Y,163,163,1,11.4,3.5,0.5,3.0,0.0,1.0,19.4,2.5,0.0
1,2024-01-25 20:13:05,2024-01-25 20:19:45,1.0,1.5,1.0,N,162,141,1,9.3,3.5,0.5,4.25,0.0,1.0,18.55,2.5,0.0
2,2024-01-10 21:06:55,2024-01-10 21:21:25,1.0,2.18,1.0,N,170,246,1,14.2,1.0,0.5,3.84,0.0,1.0,23.04,2.5,0.0
1,2024-01-18 10:05:37,2024-01-18 10:22:08,1.0,0.4,99.0,N,86,117,1,51.5,0.0,0.5,0.0,0.0,1.0,53.0,0.0,0.0
2,2024-01-18 18:33:01,2024-01-18 18:45:12,2.0,1.17,1.0,N,68,100,1,12.1,2.5,0.5,3.72,0.0,1.0,22.32,2.5,0.0
2,2024-01-04 18:23:23,2024-01-04 18:38:53,1.0,2.17,1.0,N,161,249,1,15.6,2.5,0.5,4.42,0.0,1.0,26.52,2.5,0.0
2,2024-01-16 14:49:00,2024-01-16 15:32:30,1.0,12.17,1.0,N,138,50,1,56.2,5.0,0.5,18.04,6.94,1.0,91.93,2.5,1.75
2,2024-01-16 16:49:48,2024-01-16 16:57:06,1.0,1.16,1.0,N,162,163,2,9.3,2.5,0.5,0.0,0.0,1.0,15.8,2.5,0.0
2,2024-01-26 13:01:52,2024-01-26 13:19:02,1.0,2.75,1.0,N,107,237,1,17.0,0.0,0.5,4.2,0.0,1.0,25.2,2.5,0.0
2,2024-01-20 01:46:50,2024-01-20 01:57:03,2.0,1.98,1.0,N,239,262,1,12.8,1.0,0.5,3.56,0.0,1.0,21.36,2.5,0.0
2,2024-01-29 14:47:36,2024-01-29 15:03:10,1.0,1.76,1.0,N,143,162,1,14.9,0.0,0.5,3.78,0.0,1.0,22.68,2.5,0.0
2,2024-01-09 18:07:28,2024-01-09 18:18:17,,1.42,,,68,170,0,18.7,0.0,0.5,0.0,0.0,1.0,22.7,,
1,2024-01-28 11:19:51,2024-01-28 11:45:51,2.0,4.4,1.0,N,142,144,1,22.6,2.5,0.5,5.3,0.0,1.0,31.9,2.5,0.0
2,2024-01-13 22:02:20,2024-01-13 22:06:25,1.0,0.65,1.0,N,142,230,1,5.8,1.0,0.5,2.16,0.0,1.0,12.96,2.5,0.0
2,2024-01-16 14:00:12,2024-01-16 14:19:01,1.0,7.32,1.0,N,142,244,1,32.4,0.0,0.5,7.28,0.0,1.0,43.68,2.5,0.0
2,2024-01-25 13:06:21,2024-01-25 13:19:13,1.0,2.02,1.0,N,246,107,1,14.2,0.0,0.5,3.64,0.0,1.0,21.84,2.5,0.0
2,2024-01-09 21:38:40,2024-01-09 22:11:46,1.0,18.74,1.0,N,132,33,1,70.2,1.0,0.5,14.54,0.0,1.0,88.99,0.0,1.75
1,2024-01-30 16:10:35,2024-01-30 16:16:15,1.0,0.4,1.0,N,230,161,1,7.2,5.0,0.5,2.7,0.0,1.0,16.4,2.5,0.0
2,2024-01-31 09:00:45,2024-01-31 09:07:32,5.0,0.76,1.0,N,48,230,1,7.9,0.0,0.5,3.57,0.0,1.0,15.47,2.5,0.0
2,2024-01-28 18:13:35,2024-01-28 18:22:22,2.0,1.42,1.0,N,90,246,1,10.7,0.0,0.5,1.47,0.0,1.0,16.17,2.5,0.0
2,2024-01-24 20:35:39,2024-01-24 20:53:13,1.0,5.21,1.0,N,125,140,1,25.4,1.0,0.5,2.0,0.0,1.0,32.4,2.5,0.0
1,2024-01-27 22:42:05,2024-01-27 22:55:47,1.0,2.5,1.0,N,263,42,1,14.2,3.5,0.5,3.8,0.0,1.0,23.0,2.5,0.0
1,2024-01-18 15:10:49,2024-01-18 15:20:12,2.0,1.0,1.0,N,263,236,1,10.0,2.5,0.5,2.8,0.0,1.0,16.8,2.5,0.0
2,2024-01-18 08:46:42,2024-01-18 09:06:59,1.0,1.91,1.0,N,113,161,1,18.4,0.0,0.5,4.48,0.0,1.0,26.88,2.5,0.0
1,2024-01-26 09:19:08,2024-01-26 09:25:47,1.0,0.7,1.0,N,186,68,1,7.2,2.5,0.5,2.25,0.0,1.0,13.45,2.5,0.0
2,2024-01-27 18:14:18,2024-01-27 18:36:49,2.0,4.27,1.0,N,231,148,1,24.0,0.0,0.5,5.6,0.0,1.0,33.6,2.5,0.0
1,2024-01-30 17:57:24,2024-01-30 18:12:15,1.0,0.9,1.0,N,164,90,1,12.8,5.0,0.5,3.85,0.0,1.0,23.15,2.5,0.0
1,2024-01-19 01:41:27,2024-01-19 01:44:47,1.0,0.4,1.0,N,48,163,1,4.4,3.5,0.5,3.0,0.0,1.0,12.4,2.5,0.0
2,2024-01-27 18:48:17,2024-01-27 18:58:47,,1.58,,,107,229,0,13.01,0.0,0.5,0.0,0.0,1.0,17.01,,
2,2024-01-20 12:17:31,2024-01-20 12:19:32,1.0,0.42,1.0,N,234,234,1,4.4,0.0,0.5,1.0,0.0,1.0,9.4,2.5,0.0
2,2024-01-04 15:01:46,2024-01-04 15:16:11,1.0,1.33,1.0,N,262,237,1,13.5,0.0,0.5,4.38,0.0,1.0,21.88,2.5,0.0
1,2024-01-19 08:32:23,2024-01-19 08:36:26,1.0,0.6,1.0,N,48,50,1,5.8,2.5,0.5,2.0,0.0,1.0,11.8,2.5,0.0
2,2024-01-14 00:40:47,2024-01-14 01:00:51,5.0,4.73,1.0,N,249,239,1,24.7,1.0,0.5,5.94,0.0,1.0,35.64,2.5,0.0
2,2024-01-15 18:24:16,2024-01-15 19:12:11,2.0,5.55,1.0,N,161,223,2,42.2,0.0,0.5,0.0,0.0,1.0,46.2,2.5,0.0
1,2024-01-06 19:55:59,2024-01-06 20:09:53,1.0,2.4,1.0,N,229,79,1,14.2,2.5,0.5,3.6,0.0,1.0,21.8,2.5,0.0
2,2024-01-30 09:48:52,2024-01-30 10:14:54,1.0,1.7,1.0,N,143,186,1,22.6,0.0,0.5,3.0,0.0,1.0,29.6,2.5,0.0
2,2024-01-14 04:18:13,2024-01-14 04:32:04,,4.51,,,7,74,0,17.77,0.0,0.5,0.0,6.94,1.0,26.21,,
2,2024-01-08 16:06:10,2024-01-08 16:11:05,1.0,1.34,1.0,N,137,229,1,7.9,2.5,0.5,1.0,0.0,1.0,15.4,2.5,0.0
1,2024-01-31 19:22:52,2024-01-31 19:37:46,3.0,1.8,1.0,N,249,100,1,15.6,5.0,0.5,4.4,0.0,1.0,26.5,2.5,0.0
2,2024-01-15 15:16:49,2024-01-15 15:33:57,,3.1,,,246,4,0,21.6,0.0,0.5,0.0,0.0,1.0,25.6,,
1,2024-01-17 13:03:32,2024-01-17 13:50:11,2.0,10.3,1.0,N,138,230,1,55.5,9.25,0.5,14.6,6.94,1.0,87.79,2.5,1.75
2,2024-01-08 15:32:08,2024-01-08 15:58:31,2.0,10.32,1.0,N,138,161,1,42.9,5.0,0.5,11.77,6.94,1.0,72.36,2.5,1.75
2,2024-01-08 00:38:22,2024-01-08 00:58:23,1.0,11.13,1.0,N,132,92,2,44.3,1.0,0.5,0.0,0.0,1.0,48.55,0.0,1.75
1,2024-01-18 12:05:53,2024-01-18 12:14:02,1.0,0.9,1.0,N,79,79,1,7.9,2.5,0.5,2.4,0.0,1.0,14.3,2.5,0.0
2,2024-01-13 00:37:44,2024-01-13 00:54:33,1.0,2.62,1.0,N,142,166,1,17.7,1.0,0.5,2.0,0.0,1.0,24.7,2.5,0.0
2,2024-01-20 23:57:11,2024-01-21 00:03:00,1.0,0.86,1.0,N,239,238,1,7.9,1.0,0.5,5.0,0.0,1.0,17.9,2.5,0.0
1,2024-01-07 12:55:17,2024-01-07 13:11:28,1.0,4.6,1.0,N,262,7,1,21.2,2.5,0.5,5.0,0.0,1.0,30.2,2.5,0.0
2,2024-01-14 18:27:28,2024-01-14 19:06:27,2.0,19.72,2.0,N,237,132,1,70.0,0.0,0.5,10.0,6.94,1.0,90.94,2.5,0.0
2,2024-01-03 20:06:10,2024-01-03 20:16:26,1.0,1.35,1.0,N,162,48,1,10.7,1.0,0.5,3.14,0.0,1.0,18.84,2.5,0.0
2,2024-01-19 14:27:31,2024-01-19 14:37:33,1.0,1.73,1.0,N,170,79,1,11.4,0.0,0.5,3.08,0.0,1.0,18.48,2.5,0.0
2,2024-01-25 15:05:13,2024-01-25 15:17:54,1.0,1.66,1.0,N,161,143,1,12.8,0.0,0.5,2.0,0.0,1.0,18.8,2.5,0.0
1,2024-01-27 08:05:50,2024-01-27 08:15:45,1.0,1.5,1.0,N,236,161,2,8.6,2.5,0.5,0.0,0.0,1.0,12.6,2.5,0.0
2,2024-01-02 16:37:14,2024-01-02 16:44:24,1.0,0.98,1.0,N,236,237,1,9.3,2.5,0.5,3.16,0.0,1.0,18.96,2.5,0.0
2,2024-01-18 17:56:37,2024-01-18 18:05:23,2.0,1.15,1.0,N,237,236,1,10.0,2.5,0.5,2.0,0.0,1.0,18.5,2.5,0.0
2,2024-01-31 15:53:34,2024-01-31 16:05:33,1.0,0.75,1.0,N,140,43,1,11.4,0.0,0.5,3.08,0.0,1.0,18.48,2.5,0.0
2,2024-01-12 15:51:28,2024-01-12 15:57:58,2.0,0.66,1.0,N,100,161,1,7.9,0.0,0.5,0.0,0.0,1.0,11.9,2.5,0.0
2,2024-01-07 20:08:05,2024-01-07 20:19:44,1.0,2.81,1.0,N,234,237,1,14.9,1.0,0.5,2.0,0.0,1.0,21.9,2.5,0.0
2,2024-01-07 08:56:55,2024-01-07 09:03:32,1.0,1.02,1.0,N,262,75,1,8.6,0.0,0.5,2.52,0.0,1.0,15.12,2.5,0.0
2,2024-01-18 14:12:15,2024-01-18 14:21:10,1.0,1.18,1.0,N,148,234,1,10.0,0.0,0.5,4.2,0.0,1.0,18.2,2.5,0.0
2,2024-01-27 21:16:01,2024-01-27 21:30:16,1.0,4.27,1.0,N,137,75,1,20.5,1.0,0.5,3.0,0.0,1.0,28.5,2.5,0.0
2,2024-01-14 01:14:05,2024-01-14 01:27:11,1.0,2.25,1.0,N,114,87,1,14.9,1.0,0.5,2.98,0.0,1.0,22.88,2.5,0.0
2,2024-01-18 10:57:50,2024-01-18 11:16:59,1.0,3.55,1.0,N,170,144,1,21.2,0.0,0.5,5.04,0.0,1.0,30.24,2.5,0.0
2,2024-01-19 12:50:39,2024-01-19 12:58:54,1.0,1.07,1.0,N,238,75,2,10.0,0.0,0.5,0.0,0.0,1.0,14.0,2.5,0.0
2,2024-01-14 21:58:53,2024-01-14 22:04:56,1.0,0.54,1.0,N,114,125,1,7.2,1.0,0.5,1.46,0.0,1.0,13.66,2.5,0.0
2,2024-01-14 00:49:24,2024-01-14 00:59:10,,1.77,,,144,170,0,12.87,0.0,0.5,0.0,0.0,1.0,16.87,,
2,2024-01-09 18:06:23,2024-01-09 18:14:34,1.0,0.91,1.0,N,161,141,1,8.6,2.5,0.5,3.02,0.0,1.0,18.12,2.5,0.0
1,2024-01-08 12:36:27,2024-01-08 12:59:03,1.0,3.1,1.0,N,142,170,1,18.4,2.5,0.5,4.5,0.0,1.0,26.9,2.5,0.0
2,2024-01-08 01:23:18,2024-01-08 01:32:49,1.0,2.79,1.0,N,249,48,1,14.2,1.0,0.5,5.76,0.0,1.0,24.96,2.5,0.0
2,2024-01-20 13:07:01,2024-01-20 13:13:04,1.0,0.76,1.0,N,249,249,1,7.2,0.0,0.5,2.8,0.0,1.0,14.0,2.5,0.0
1,2024-01-10 20:03:19,2024-01-10 20:12:05,1.0,1.4,1.0,N,43,43,3,9.3,3.5,0.5,0.0,0.0,1.0,14.3,2.5,0.0
1,2024-01-27 00:10:42,2024-01-27 00:40:52,1.0,3.6,1.0,N,249,256,1,26.8,3.5,0.5,4.0,0.0,1.0,35.8,2.5,0.0
2,2024-01-31 17:44:03,2024-01-31 17:48:46,1.0,0.7,1.0,N,239,239,2,6.5,2.5,0.5,0.0,0.0,1.0,13.0,2.5,0.0
1,2024-01-05 19:17:40,2024-01-05 19:24:16,1.0,1.0,1.0,N,48,186,1,7.2,5.0,0.5,2.75,0.0,1.0,16.45,2.5,0.0
2,2024-01-19 22:41:02,2024-01-19 23:01:32,1.0,9.03,1.0,N,138,161,1,36.6,6.0,0.5,5.75,6.94,1.0,61.04,2.5,1.75
2,2024-01-18 21:57:46,2024-01-18 22:11:48,1.0,1.12,1.0,N,230,236,1,12.8,1.0,0.5,3.56,0.0,1.0,21.36,2.5,0.0
2,2024-01-07 16:43:21,2024-01-07 16:44:11,2.0,0.07,1.0,N,48,48,2,3.0,0.0,0.5,0.0,0.0,1.0,7.0,2.5,0.0
1,2024-01-26 08:40:58,2024-01-26 08:45:25,1.0,1.1,1.0,N,43,238,1,7.2,2.5,0.5,2.25,0.0,1.0,13.45,2.5,0.0
2,2024-01-15 13:43:03,2024-01-15 14:04:50,1.0,3.32,1.0,N,261,68,1,21.9,0.0,0.5,5.18,0.0,1.0,31.08,2.5,0.0
1,2024-01-02 18:19:07,2024-01-02 18:33:06,1.0,1.6,1.0,N,236,161,2,12.1,5.0,0.5,0.0,0.0,1.0,18.6,2.5,0.0
2,2024-01-26 06:43:00,2024-01-26 06:49:06,1.0,1.18,1.0,N,48,186,1,7.9,0.0,0.5,2.38,0.0,1.0,14.28,2.5,0.0
2,2024-01-31 21:47:55,2024-01-31 22:04:53,1.0,0.0,1.0,N,132,157,2,12.8,1.0,0.5,0.0,0.0,1.0,17.05,0.0,1.75
2,2024-01-14 10:34:11,2024-01-14 10:44:12,2.0,1.88,1.0,N,230,68,1,12.1,0.0,0.5,3.22,0.0,1.0,19.32,2.5,0.0
1,2024-01-14 17:20:30,2024-01-14 17:30:23,1.0,1.7,1.0,N,263,142,1,11.4,2.5,0.5,3.05,0.0,1.0,18.45,2.5,0.0
2,2024-01-04 22:15:42,2024-01-04 22:23:10,2.0,1.21,1.0,N,142,239,1,9.3,1.0,0.5,2.86,0.0,1.0,17.16,2.5,0.0
2,2024-01-27 23:56:52,2024-01-28 00:05:10,1.0,2.45,1.0,N,236,74,1,12.1,1.0,0.5,0.0,0.0,1.0,17.1,2.5,0.0
2,2024-01-12 11:28:52,2024-01-12 12:00:47,2.0,3.51,1.0,N,161,238,1,28.2,0.0,0.5,6.44,0.0,1.0,38.64,2.5,0.0
2,2024-01-22 13:24:49,2024-01-22 13:33:56,1.0,1.77,1.0,N,41,43,1,11.4,0.0,0.5,3.08,0.0,1.0,18.48,2.5,0.0
2,2024-01-13 17:38:42,2024-01-13 17:49:42,1.0,2.5,1.0,N,65,79,1,14.2,0.0,0.5,0.0,0.0,1.0,18.2,2.5,0.0
2,2024-01-14 13:38:47,2024-01-14 13:43:04,1.0,0.77,1.0,N,163,161,1,6.5,0.0,0.5,1.0,0.0,1.0,11.5,2.5,0.0
2,2024-01-31 19:39:16,2024-01-31 20:23:57,1.0,12.96,1.0,N,132,25,1,59.7,2.5,0.5,6.54,0.0,1.0,71.99,0.0,1.75
1,2024-01-19 18:31:24,2024-01-19 18:39:55,1.0,1.3,1.0,N,90,249,1,10.0,5.0,0.5,4.1,0.0,1.0,20.6,2.5,0.0
1,2024-01-20 22:42:29,2024-01-20 22:48:47,1.0,0.9,1.0,N,162,229,2,6.5,3.5,0.5,0.0,0.0,1.0,11.5,2.5,0.0
1,2024-01-18 12:59:24,2024-01-18 13:28:27,1.0,2.2,1.0,N,229,143,2,22.6,2.5,0.5,0.0,0.0,1.0,26.6,2.5,0.0
2,2024-01-26 23:26:45,2024-01-26 23:31:50,1.0,0.94,1.0,N,163,161,2,7.2,1.0,0.5,0.0,0.0,1.0,12.2,2.5,0.0
2,2024-01-22 21:10:27,2024-01-22 21:17:26,1.0,1.24,1.0,N,75,263,1,8.6,1.0,0.5,2.72,0.0,1.0,16.32,2.5,0.0
2,2024-01-26 17:50:41,2024-01-26 17:58:40,1.0,1.27,1.0,N,234,79,1,9.3,2.5,0.5,3.16,0.0,1.0,18.96,2.5,0.0
1,2024-01-02 13:34:50,2024-01-02 13:41:15,3.0,1.1,1.0,N,68,68,1,8.6,2.5,0.5,2.5,0.0,1.0,15.1,2.5,0.0
2,2024-01-25 08:04:53,2024-01-25 08:22:39,6.0,3.07,1.0,N,140,186,1,19.1,0.0,0.5,0.3,0.0,1.0,23.4,2.5,0.0
2,2024-01-02 07:51:00,2024-01-02 08:29:00,,11.36,,,62,138,0,50.53,0.0,0.5,5.2,0.0,1.0,57.23,,
2,2024-01-02 00:05:49,2024-01-02 00:10:14,2.0,0.79,1.0,N,163,230,2,6.5,1.0,0.5,0.0,0.0,1.0,11.5,2.5,0.0
2,2024-01-02 10:39:48,2024-01-02 10:44:13,2.0,0.49,1.0,N,170,170,1,5.8,0.0,0.5,1.96,0.0,1.0,11.76,2.5,0.0
2,2024-01-06 13:38:55,2024-01-06 13:55:15,,3.82,,,50,13,0,21.75,0.0,0.5,5.15,0.0,1.0,30.9,,
2,2024-01-11 20:41:08,2024-01-11 20:49:58,1.0,2.22,1.0,N,48,238,1,12.1,1.0,0.5,3.42,0.0,1.0,20.52,2.5,0.0
2,2024-01-21 16:24:06,2024-01-21 16:33:08,1.0,1.22,1.0,N,162,237,2,9.3,0.0,0.5,0.0,0.0,1.0,13.3,2.5,0.0
1,2024-01-23 12:32:04,2024-01-23 12:48:46,1.0,0.9,1.0,N,68,230,1,11.4,2.5,0.5,3.05,0.0,1.0,18.45,2.5,0.0
2,2024-01-16 16:16:27,2024-01-16 16:32:17,1.0,2.08,1.0,N,43,164,1,15.6,2.5,0.5,4.42,0.0,1.0,26.52,2.5,0.0
2,2024-01-21 22:00:46,2024-01-21 22:16:01,1.0,2.96,1.0,N,68,141,1,17.0,1.0,0.5,2.0,0.0,1.0,24.0,2.5,0.0
1,2024-01-21 20:00:39,2024-01-21 20:09:48,1.0,4.6,1.0,N,132,130,2,19.1,2.75,0.5,0.0,0.0,1.0,23.35,0.0,1.75
2,2024-01-03 11:48:00,2024-01-03 12:07:49,2.0,4.47,1.0,N,13,195,1,24.0,0.0,0.5,6.99,6.94,1.0,41.93,2.5,0.0
1,2024-01-18 18:27:32,2024-01-18 18:32:22,3.0,0.7,1.0,N,261,231,1,6.5,5.0,0.5,0.0,0.0,1.0,13.0,2.5,0.0
