link,headline,category,short_description,authors,date
https://www.huffingtonpost.com/entry/what-if-we-were-all-famil_b_5510958.html,What If We Were All Family Generation Changers?,IMPACT,"What if, in doing so, we won't just create new opportunities for ourselves, we'll also uncover ways to create new opportunities for our families that may not have otherwise existed?","Matt Murrie, ContributorEdupreneur, Cofounder/Chief Curiosity Curator of What If...?",2014-06-20
https://www.huffingtonpost.comhttp://www.washingtonpost.com/business/economy/aol-chief-ignites-firestorm-over-401k-cuts-and-distressed-babies-remark/2014/02/07/2116c03a-9012-11e3-b227-12a45d109e03_story.html,Firestorm At AOL Over Employee Benefit Cuts,BUSINESS,"It should have been a glorious week for AOL chief executive Tim Armstrong. His company’s quarterly earnings, announced Thursday",,2014-02-08
https://www.huffingtonpost.com/entry/time-runs-out-at-main-dakota-access-pipeline-protest-camp_us_58acc6a9e4b04a0b274df548,Dakota Access Protesters Arrested As Deadline Passes To Depart Camp,POLITICS,A few protesters who refused to leave remained at the site Thursday.,"Michael McLaughlin & Josh Morgan, The Huffington Post",2017-02-22
https://www.huffingtonpost.com/entry/one-glimpse-of-these-baby_n_5319015.html,One Glimpse Of These Baby Kit Foxes And You'll Be Hooked,GREEN,,,2014-05-14
https://www.huffingtonpost.com/entry/mens-sweat-pheromone-cooperation_us_5baeb6f0e4b014374e2e5ae6,"Mens' Sweat Pheromone, Androstadienone, Influences Cooperation In Other Men",SCIENCE,"Scientists didn't know if humans played that game as well. But in the last 30 years, they've identified both male and female",Melissa Cronin,2013-06-02
https://www.huffingtonpost.com/entry/sleepover_us_5b9c0b18e4b03a1dcc7bf30b,Summer Sleepover Tips,PARENTING,Here are five ways to get some beauty sleep while hosting a sleepover for your child.,"Marva Soogrim, Contributor
Marvalous Babies",2012-07-25
https://www.huffingtonpost.com/entry/making-goals_us_5b9c788ee4b03a1dcc7ef3c9,End of the Year,WELLNESS,"For a moment, let yourself wonder -- and let your mind wander -- about what you've been a part of this year. All of these things, and more, are things that could offer you an opportunity to improve your performance.","Jason W. Womack, Contributor
Author, Advisor",2012-11-04
https://www.huffingtonpost.com/entry/maybe-colleges-should-take-a-lesson-from-zoos_us_591325eee4b0e070cad70a9b,Maybe Colleges Should Take A Lesson From Zoos,SCIENCE,"By Michael Preston, UCF Forum columnist What would it take to create a more learning-efficient campus? What elements must","University of Central Florida Forum, ContributorThe UCF Forum is a weekly series of opinion columns presented ...",2017-05-10
https://www.huffingtonpost.com/entry/stephanie-seymour-photo-sons_us_5b9ddb44e4b03a1dcc8dc9ec,Supermodel Stephanie Seymour Does Sexy Photo Shoot...With Her Sons (PHOTO),STYLE & BEAUTY,"In particular, Seymour remembers the way the boys used to dress her up. ""When they were little, they would lay out outfits",Chanel Parks,2014-02-10
https://www.huffingtonpost.com/entry/american-attitudes-about-guns-have-become-much-more-positive-but-why_us_597a1afae4b02a8434b4cb25,"American Attitudes About Guns Have Become Much More Positive, But Why?",POLITICS,"When I was a kid growing up in Washington, D.C. during the 1950s, my two favorite places to visit were the NRA Museum and","Mike Weisser, ContributorMike the Gun Guy",2017-07-27
https://www.huffingtonpost.com/entry/carl-bernstein-clinton-emails_us_5814eeace4b0990edc31a2be,Carl Bernstein: No Way Is Clinton Email Investigation 'Bigger Than Watergate',POLITICS,"He said this news is in a ""different league.""",Paige Lavender,2016-10-29
https://www.huffingtonpost.com/entry/nc-school-official-wants-kids-to-carry-pepper-spray-in-trans-friendly-bathrooms_us_573259a1e4b016f378977bc0,NC Official Changes Stance On Pepper Spray In Trans-Friendly School Bathrooms (UPDATE),QUEER VOICES,"""Perverts and pedophiles taking advantage of this law in bathrooms was my major concern,"" Chuck Hughes said.",Nina Golgowski,2016-05-11
https://www.huffingtonpost.com/entry/6-tips-that-could-help-yo_b_7725742.html,6 Tips That Could Help Your Student Loan Repayment,EDUCATION,Finding ways to help save on your student loan repayment can save a lot of time and stress when managing your student loans. Take the time to clarify these commonly misunderstood repayment strategies.,"Stephen Dash, ContributorStudent loan expert, CEO of Credible",2015-07-04
https://www.huffingtonpost.com/entry/north-koreas-slur-of-pres_b_6386960.html,North Korea's Racial Slur of President Obama Is Business as Usual,BLACK VOICES,"It's hardly the first time that some official or official source in North Korea has gotten caught with its racial dirty linen waving. The verbal war is the outcrop of the deep suspicion, distrust, antagonism, and confrontation that's characterized relations between the U.S. and North Korea for decades.","Earl Ofari Hutchinson, ContributorAuthor and political analyst",2014-12-28
https://www.huffingtonpost.com/entry/rachel-ryle-instagramming-the-world_n_5836508.html,"If This Isn't The Most Charming Way To Travel, We Don't Know What Is",TRAVEL,,Kate Auletta,2014-09-21
https://www.huffingtonpost.com/entry/why-women-stay-in-bad-mar_us_5b9d9799e4b03a1dcc89e7ed,Why Women Stay in Bad Marriages,DIVORCE,"Few people ""want"" to get divorced. It can be incredibly difficult and painful. As a result, an extraordinary amount of women remain in marriages that are unhealthy and even border on dysfunctional.","GalTime, Contributor
Contributor",2013-10-14
https://www.huffingtonpost.com/entry/grance-gay-marriage_us_5bafb43de4b0ad769260647b,"As France Prepares for Marriage Equality, Opponents Warn of Civil Strife",QUEER VOICES,"The French people strongly endorse same-sex marriage, and support for the right of married gay and lesbian couples to adopt children sits just shy of 50 percent. But the push for equality in France has an ugly underbelly.","John Becker, Contributor
LGBT civil rights advocate",2013-04-14
https://www.huffingtonpost.com/entry/happiness-depression_b_6609116.html,What You Need To Know About Happiness And Depression,HEALTHY LIVING,"Thanks to the research of Rottenberg and others, however, we are beginning to discover that many of our previous assumptions about depression are dead wrong. Here's what we're learning.","Kathleen Smith, ContributorLicensed therapist and licensed fangirl",2015-02-07
https://www.huffpost.com/entry/bc-us-biden-putin-call_n_61cc9fcce4b04b42ab70dffd,"Biden, Putin To Hold Call Over Stepped Up Security Demands",POLITICS,President Joe Biden and Vladimir Putin will speak Thursday as the Russian leader has stepped up his demands for security guarantees in Eastern Europe.,"Aamer Madhani, AP",2021-12-29
https://www.huffingtonpost.com/entry/anna-dello-russo-hm-hat-video_us_5b9c6b7de4b03a1dcc7e8152,"Is The Anna Dello Russo For H&M Hat Practical For Everyday Wear? (VIDEO, POLL)",STYLE & BEAUTY,It takes a special kind of girl to sport a stuffed bird hat.,Dana Oliver,2012-10-22
https://www.huffingtonpost.com/entry/egg-cooking-gadgets_us_57ed2c11e4b024a52d2d3139,The Egg Gadgets That Will Make Your Mornings Easier,TASTE,We all deserve a little ease with our breakfast.,Julie R. Thomson,2016-09-30
https://www.huffingtonpost.comhttp://thehill.com/blogs/on-the-money/banking-financial-institutions/284461-wall-street-watchdogs-will-feel-sequesters-bite-,Watchdogs Fear Sequester's Bite: 'We Can't Do The Things We're Here To Do',BUSINESS,The federal government's Wall Street watchdogs will feel the pinch of sequestration if Washington lawmakers cannot strike,,2013-02-23
https://www.huffingtonpost.com/entry/hong-kong-escalator-reversing_us_58d90d28e4b03692bea7ab96,18 Injured When Hong Kong Escalator Suddenly Reverses At High Speed,THE WORLDPOST,Two mechanics have been arrested in connection with the incident.,Steven Hoffer,2017-03-27
https://www.huffingtonpost.comhttp://abcnews.go.com/Politics/wireStory/trump-potential-gop-convention-battle-38796105,Trump To Get Outside Help For Potential GOP Convention Battle,POLITICS,"Donald Trump has a Plan B if he's faced with a contested convention, and it involves the sort of outside groups that he's",,2016-05-01
https://www.huffingtonpost.com/entry/blended-family-friday_us_5b9d2005e4b03a1dcc84accd,Blended Family Friday: Meet Anessa And Keith's Family,DIVORCE,"As part of our Blended Family Friday series, each week we're spotlighting a different stepfamily to learn how they successfully",,2013-05-03
https://www.huffingtonpost.comhttp://www.zocalopublicsquare.org/2016/04/28/meet-the-new-president-of-l-a-s-berggruen-institute/personalities/in-the-green-room/,Meet The New President Of The Berggruen Institute,THE WORLDPOST,"Sociologist Craig Calhoun discusses getting into trouble as a kid, talking to strangers and what it means to be American.",,2016-04-29
https://www.huffingtonpost.com/entry/kardashian-kurves-contest-plus-size_us_5b9c0d85e4b03a1dcc7c06fe,Kardashian Kurves Contest Launches Sisters' Plus-Size Denim Line,STYLE & BEAUTY,"See Kim's kurvy style through the years: Finally, a Kardashian venture we're (somewhat) excited about. So what does it take",,2012-07-27
https://www.huffingtonpost.com/entry/bill-hader-hosting-snl-saturday-night-live_n_5836756.html,This Episode Of 'SNL' Will Have EVERYTHING,COMEDY,,Carol Hartsell,2014-09-17
https://www.huffingtonpost.com/entry/opioid-addiction-patient-limits-suboxone_us_56f9aa0be4b0143a9b491020,Obama Administration Offers Desperately Needed Help For People Addicted To Opioids,POLITICS,HHS lays out its plan to raise the patient cap for doctors prescribing addiction medication.,Jason Cherkis,2016-03-29
https://www.huffingtonpost.com/entry/left-turns-talking-distracting-distracted-driving_us_5b9cde08e4b03a1dcc82904f,"Talking While Making Left Turns Is Distracting, Study Finds",WELLNESS,"According to government statistics on distracted driving, cell phones are behind 18 percent of U.S. distraction-related deaths",,2013-02-28
https://www.huffingtonpost.com/entry/celeb-halloween-costumes_us_5b9d9406e4b03a1dcc89bf0c,The Wildest Celeb Halloween Costumes,STYLE & BEAUTY,"From Heidi Klum's legendary costumes for her annual fete to Roberto Cavalli done up as Karl Lagerfeld, here's proof that big personalities, big costume budgets, and big Halloween parties yield some truly amazing, and amazingly bizarre results.","W Magazine, Contributor
W Magazine",2013-10-08
https://www.huffingtonpost.com/entry/charlie-hebdo-rally_n_6451286.html,World Leaders Join Crowd Of Over A Million For National Unity March In Paris,WORLDPOST,,Nick Robins-Early,2015-01-11
https://www.huffingtonpost.com/entry/as-long-as-there-is-american-sitcom_b_7092566.html,As Long as There Is (American) Sitcom,ENTERTAINMENT,"No matter how TV has changed and will change again over the years, if there is a genre that has no need to reinvent itself, that genre is comedy. The only thing that a good comedy really needs is a small, cozy room full of great and enthusiast writers.","Eva Barros Campelli, ContributorBudding film/TV journalist & freelance writer",2015-04-19
https://www.huffingtonpost.com/entry/syria-toxic-gas-attack_us_57a06263e4b0e2e15eb70bd7,"Toxic Gas Dropped On Syrian Town Where Russian Helicopter Shot Down, Rescuers Say",THE WORLDPOST,"A spokesman for Syria Civil Defence said 33 people, mostly women and children, were affected by the gas in Saraqeb.",,2016-08-02
https://www.huffingtonpost.com/entry/how-raising-an-introvert-made-me-a-better-educator_us_56d8760ce4b0000de4039b9d,How Raising An Introvert Made Me A Better Educator,HEALTHY LIVING,"This article first appeared on QuietRev.com Heidi Kasevich is Quiet Revolution’s Director of Quiet Education, leading the","Heidi Kasevich, Quiet Revolution",2016-04-14
https://www.huffingtonpost.com/entry/prince-george-doll_us_5b9db76be4b03a1dcc8bec08,Prince George Doll Is Almost Too Lifelike... (PHOTOS),STYLE & BEAUTY,"However, if porcelain dolls are really your thing, you can get your own delicate Georgie for just $149.99. Will you buy one",Ellie Krupnick,2013-12-13
https://www.huffingtonpost.com/entry/pfizer-allergan-scrap-160-billion-merger_us_5704edede4b0537661882620,"Pfizer, Allergan Scrap $160 Billion Merger Over Tax Loophole Pressure",BUSINESS,The announcement followed the unveiling of new U.S. Treasury rules on Monday aimed at curbing such deals.,,2016-04-06
https://www.huffingtonpost.com/entry/activist-urges-for-more-awareness-after-suicide-convention_us_562643c0e4b02f6a900dc903,Activist Hopes Public Suicide Leads To More Awareness,HEALTHY LIVING,"ANCHORAGE, Alaska (AP) — An Alaska suicide-prevention activist is hoping a man's very public suicide at an Alaska Native","Rachel D'Oro, AP",2015-10-20
https://www.huffingtonpost.com/entry/ebola-new-york-city_n_6041536.html,"Most New Yorkers Aren't Freaking Out About Ebola, So You Shouldn't Either",HEALTHY LIVING,,Carly Schwartz,2014-10-24
https://www.huffingtonpost.com/entry/14-rose-gold-beauty-products-thatll-make-you-look-like-24-karats_us_579f918ce4b08a8e8b5ed8df,14 Rose Gold Beauty Products That'll Make You Look Like 24 Karats,STYLE,Get your shine on.,Jenna Amatulli,2016-08-02
https://www.huffingtonpost.com/entry/ohio-innocence-project_us_57d6cd59e4b03d2d459b7619,Record $15 Million Gift Will Help Free Innocent People From Prison,POLITICS,The donation to the Ohio Innocence Project is believed to be the largest donation to any program of its kind.,Ryan J. Reilly,2016-09-13
https://www.huffingtonpost.com/entry/bbq-sauce-recipes_us_5b9d977ee4b03a1dcc89e4de,"An Apple a Day ... Takes Your Barbecue to the Next Level! Plus, the Three Best BBQ Sauce Recipes to Try Now",FOOD & DRINK,October is National Apple Month. Let's celebrate the contributions this storied fruit has made to American barbecue.,"Steven Raichlen, Contributor
Grilling Authority, barbecuebible.com",2013-10-11
https://www.huffingtonpost.com/entry/top-5-tastes-stone-fruit_us_5b9d6ee5e4b03a1dcc87efd8,"Top 5 Tastes: Stone Fruit, Seafood and Everything in Between",FOOD & DRINK,"I consider myself extremely lucky to be able to eat at high class spots, hole in the wall joints, and everywhere in between on a regular basis (and to the immense detriment of my financial funds).","Leah Bhabha, Contributor
Writer",2013-08-14
https://www.huffpost.com/entry/james-clapper-trump-bin-laden_n_5bf3f065e4b01909c80938d5,James Clapper Calls Trump's Bin Laden Criticism A 'Slam At The Intelligence Community',POLITICS,The president thinks retired Navy Adm. William McRaven should have brought Osama bin Laden to justice sooner.,Willa Frej,2018-11-20
https://www.huffingtonpost.com/entry/trump-fbi-director-comey_us_5913321ee4b0a58297e16ec3,Donald Trump Says He Fired FBI Director Because He Wasn't 'Doing A Good Job',POLITICS,He weighed in on James Comey's ouster while meeting with Henry Kissinger.,Igor Bobic,2017-05-10
https://www.huffingtonpost.com/entry/mark-hamill-last-jedi-luke-skywalker_us_5a3cf644e4b025f99e16864d,Mark Hamill Rips His Role In 'Last Jedi': 'He's Not My Luke Skywalker',ENTERTAINMENT,The actor dishes on his creative differences with director Rian Johnson.,Ron Dicker,2017-12-22
https://www.huffingtonpost.com/entry/meningitis-outbreak-nowhere-near-end-wiliam-schaffner_us_5b9c69e6e4b03a1dcc7e74af,"Meningitis Outbreak Is 'Nowhere Near The End,' Expert Says",WELLNESS,SUSPECT LOTS The FDA said its investigation of that patient and the two who received the heart drug during surgery was ongoing,"Reuters, Reuters",2012-10-16
https://www.huffingtonpost.com/entry/is-your-outdated-career-m_b_7245648.html,Is Your Outdated Career Map Leading You Astray?,BUSINESS,"If you have been tending to your career lovingly for many years, you will be able to visit your career map in light of this new discovery, decide what on the map still resonates with you and what doesn't (even massive changes will carry some elements of your ""old life"" into the new), and chart a new course.","Amanda Yuill, ContributorCareer and Lifestyle Coach, Positive Leadership Consultant, Li...",2015-05-09
https://www.huffingtonpost.com/entry/holiday-gift-bags-wrapping-paper_us_5b9c92c9e4b03a1dcc7ff2a9,Holiday Gift Bags vs. Wrapping Paper,HOME & LIVING,Everyone has their holiday pet peeves.,"Courtney Cachet, Contributor
Media Personality, Celebrity Designer, Style Expert",2012-12-03
https://www.huffingtonpost.comhttp://www.theshadowleague.com/articles/pour-out-a-lil-liquor-for-the-nfl-s-diva-receiver-era,Pour Out A Lil' Liquor For The NFL's Diva Recievers,BLACK VOICES,"Six years ago, the Bengals opened up their season at Paul Brown Stadium against the Ravens. It was also Monday Night Football",,2013-09-21
https://www.huffingtonpost.com/entry/11-year-old-running-half-marathon-to-save-the-wolves_b_7110252.html,11-Year-Old Running Half Marathon to Save the Wolves,IMPACT,"By the time August rolls around he'll start adding some progressively longer runs each weekend to build up his endurance. He's hoping to run like a wolf tracking its prey over long distances: calm, easy, and patient until the end.","Jason Saltmarsh, ContributorRunner, Writer",2015-04-23
https://www.huffingtonpost.com/entry/the-tipsy-hostess-guide-to-moving_us_5b9d2c7de4b03a1dcc852a57,"The Tipsy Hostess' Guide To Moving, If You Absolutely Must (GIFs)",HOME & LIVING,"Your martini shaker, for instance, is the last thing you should pack.",Brie Dyas,2013-06-01
https://www.huffingtonpost.com/entry/taxes-nightmare-for-homes_us_5b9d55aee4b03a1dcc86c55d,Taxes Nightmare For Homesellers Few Understand,HOME & LIVING,"The foreclosure mess due to the economic downturn has left many homeowners facing devastating taxes, even after they sell a house in a foreclosure or short sale or one that is underwater, so they earn little, nothing, or sell the home at a loss.","Gini Graham Scott, Contributor
Scott is an author of over 50 published books, a writer/execut...",2013-07-09
https://www.huffingtonpost.com/entry/marco-rubio-social-security_us_56e230abe4b065e2e3d5781d,Marco Rubio Forced To Say How High He'd Raise Social Security's Retirement Age,POLITICS,The current retirement age for full Social Security benefits is 67 for people born in 1960 and after.,Arthur Delaney,2016-03-11
https://www.huffingtonpost.com/entry/fearless-girl-meet-righteous-brother_us_58f4a826e4b048372700d9c5,"Fearless Girl, Meet Righteous Brother",POLITICS,"She’s “standing up to injustice,” in the eyes of New York City’s mayor. Meanwhile, a territorial artist claims that she’s","Theodore Hamm, ContributorEditor, Frederick Douglass in Brooklyn (Akashic Books, 2017)",2017-04-17
https://www.huffingtonpost.com/entry/intimacy-after-loss_us_5b9d9e96e4b03a1dcc8a5502,How to Be Intimate Again After Loss,WELLNESS,If the answer is yes: Thank you for taking the first step towards living again. But how could I love again and feel alive,"Christina Rasmussen, Contributor
Christina Rasmussen is the author of Second Firsts: Live, Laug...",2013-10-28
https://www.huffingtonpost.com/entry/people-with-this-eye-color-are-at-higher-risk-of-alcoholism_us_55a3daa6e4b0b8145f730811,The Strange Link Between Eye Color And Alcohol Abuse,HEALTHY LIVING,"Agata Blaszczak-Boxe, Contributing Writer   |   July 08, 2015 07:44pm ET  People with light-colored eyes may have a higher","Agata Blaszczak-Boxe, LiveScience.com",2015-07-14
https://www.huffingtonpost.com/entry/trolltunga_us_5b9da879e4b03a1dcc8af447,"Trolltunga, Norway Is The Scariest Instagram Spot On Earth",TRAVEL,Wanna climb (and Instagram) Trolltunga too? Get more info here. Crazy hikers make the four-hour trek to Trolltunga for the,Suzy Strutner,2013-11-16
https://www.huffingtonpost.com/entry/nonagenarians-go-on-blind-date-at-bookstore-ditch-the-dating-apps_us_5717ccb4e4b0479c59d6c328,"Nonagenarians Ditch Dating Apps, Go On Blind Date At Bookstore",GOOD NEWS,No Tinder was involved!,Kimberly Yam,2016-04-20
https://www.huffingtonpost.com/entry/parkour-gym-soft-indoor_us_5b9d9393e4b03a1dcc89ba2d,"Parkour Vaults From The Urban Jungle To Soft, Indoor Gyms",WELLNESS,"""We're not just a gym, we're an educational facility,"" said Ryan Ford, co-owner and instructor at Apex Movement, a Boulder","Reuters, Reuters",2013-10-07
https://www.huffingtonpost.com/entry/technology-meditation_us_5b9cb4aee4b03a1dcc810f95,7 Ways to Practice Mindfulness in the Technology Age,WELLNESS,"Technology is here to stay.  Why not embrace it and use it to raise our levels of presence?  We can do this by tuning into our breath, our feelings and bodily sensations.  This lets us know how we are relating to technology in the moment.","Sura, Contributor
Meditation Coach, SuraCenter.com",2013-01-14
https://www.huffingtonpost.com/entry/kesha-dr-luke-lawsuit_us_5705a132e4b053766188b636,Judge Dismisses Kesha's Abuse Claims Against Dr. Luke,ENTERTAINMENT,The pop star can continue to litigate her contract dispute with her producer and Sony Music Entertainment.,Michael McLaughlin,2016-04-07
https://www.huffingtonpost.com/entry/new-jersey-mountain-home_us_5b9d6205e4b03a1dcc874fe9,New Jersey Mountain Home Is Pretty Much Its Own Resort (PHOTOS),HOME & LIVING,"Have something to say? Check out HuffPost Home on Twitter, Facebook, Pinterest, Tumblr and Instagram. ** This single-level",Michelle Manetti,2013-07-26
https://www.huffingtonpost.com/entry/joseph-gordon-levitt-don-jons-addiction_us_5bb41302e4b066f8d2545166,Joseph Gordon Levitt & 'Don Jon's Addiction': Actor's Latest Project Is Raunchy,ENTERTAINMENT,"Julianne Moore plays the film's most unexpected character, a middle-aged pot-smoking student at the night school Barbara",Mike Hogan,2013-01-19
https://www.huffingtonpost.com/entry/fashion-week-live-blog_us_5b9dd35ee4b03a1dcc8d62d8,Fashion Week Live Blog: Everything That's Happening At Day 4 Of NYFW Fall 2014,STYLE & BEAUTY,"Yeah, we know it's Sunday, but more importantly, it's Day 4 of New York Fashion Week. If you're having a hard time keeping",Rebecca Adams,2014-02-09
https://www.huffingtonpost.com/entry/bob-woodward-hillary-clinton_us_56b21b55e4b08069c7a59b98,"Bob Woodward's Problems With Hillary Clinton Definitely Aren't Sexist, No Sir",MEDIA,He just wishes she would stop shouting.,Willa Frej,2016-02-03
https://www.huffingtonpost.com/entry/hotel-suites-good-enough_us_5b9c4fb6e4b03a1dcc7db8b9,Hotel Suites Good Enough For The President (PHOTOS),TRAVEL,"The commander-in-chief checks in and out of rooms across the globe, but only a few stateside properties have made the White House staff repeat customers -- check out these 13 hotels fit for a president.","Conde Nast Traveler, Contributor
Conde Nast Traveler",2012-09-21
https://www.huffingtonpost.com/entry/john-corbett-actor-sex-and-the-city_us_5b9d26ade4b03a1dcc84ecd6,"John Corbett, Actor From 'Sex And The City,' Looks Very Different (PHOTOS)",STYLE & BEAUTY,"John's blonde hair, soul patch and mustache are quite a far cry from Aidan's low-maintenance vibe. What would Carrie think",Rebecca Adams,2013-05-10
https://www.huffingtonpost.com/entry/19-kids-and-counting_us_5b9d9402e4b03a1dcc89be9e,Michelle Duggar: 'Each Child Is A Gift From God',PARENTING,"She says their daughter, Jill, gets it completely. ""When you have more people in the family, there is that many more people",,2013-10-11
https://www.huffingtonpost.com/entry/polls-clinton-leading-tight-race_us_57d69c87e4b00642712e3896,HUFFPOLLSTER: Weekend Polls Show Hillary Clinton Leading An Increasingly Tight Race,POLITICS,One big question is how much voter enthusiasm will matter.,Natalie Jackson and Ariel Edwards-Levy,2016-09-12
https://www.huffingtonpost.com/entry/packers-block-punt-ravens-first-down-gif_us_5bb715cde4b097869fd42135,"Packers Block Punt, Ravens Get First Down Out Of It (GIF)",SPORTS,"Usually, it's a good thing when a team blocks a punt. But wasn't the case when the Packers blocked a punt from Ravens punter",,2013-10-13
https://www.huffingtonpost.com/entry/friday-talking-points-liar-liar_us_593b465be4b094fa859f1875,"Friday Talking Points -- Liar, Liar!",POLITICS,"President Donald Trump and former F.B.I. chief James Comey engaged this week in an extended game of ""Liar, liar!"" Or, more","Chris Weigant, ContributorChris Weigant is a political commentator.",2017-06-10
https://www.huffingtonpost.com/entry/rms-st-helena-last-of-the_b_6281038.html,"RMS St. Helena, Last of the Storied Royal Mail Ships:  Getting Really, Truly, Terminally Away From It All on the Looney Front (Part 3)",TRAVEL,"Once they proudly sailed the seven seas, mighty traveling hotels, carrying both passengers and cargo to the furthest outposts of the British Empire, earning their prestigious title of RMS (Royal Mail Ship) by dint of carrying His or Her Britannic Majesty's mail to his or her farthest-flung subjects.","Mike Arkus, ContributorJournalist",2014-12-15
https://www.huffingtonpost.com/entry/10-worst-provisions-in-the-republican-appropriations_us_59ba9215e4b0390a1564db62,10 Worst Provisions In The Republican Appropriations Bill,POLITICS,"Last week, Democratic leaders in Congress negotiated with President Trump to ensure that our government stays fully funded","Rep. Jan Schakowsky, ContributorProudly representing the 9th District of Illinois in the House...",2017-09-14
https://www.huffingtonpost.com/entry/the-best-hotel-coffee-bars_us_5b9c6ee0e4b03a1dcc7e97b2,The Best Hotel Coffee Bars Across The U.S. (PHOTOS),TRAVEL,We've found five of the best hotel coffee bars across the states so you can get that jolt you need without having to leave your hotel.,"Oyster.com, Contributor
The Hotel Tell-All",2012-10-29
https://www.huffingtonpost.com/entry/the-battle-of-identities_b_5171526.html,The Battle of Identities and Presidential Elections in the Arab Region,WORLDPOST,,"Raghida Dergham, ContributorColumnist and Senior Diplomatic Correspondent, Al Hayat",2014-04-18
https://www.huffingtonpost.com/entry/chipotle-paid-sick-leave_us_56a11964e4b076aadcc582fa,Chipotle's Paid Sick Leave Has Nothing To Do With Its Food Safety Crisis,BUSINESS,"It's still a great move, though.",Emily Peck,2016-01-21
https://www.huffingtonpost.com/entry/dylan-autism-and-the-butterfly-effect_b_7000056.html,"Dylan, Autism and the Butterfly Effect",IMPACT,"Is it unreasonable to imagine that a child or children in one part of the world may be helped, simply because one person in another part of the world decided to run a few miles?","Suzy Hayman DeYoung, ContributorSuzy DeYoung lives and works in Newtown, CT",2015-04-06
https://www.huffingtonpost.com/entry/most-interesting-hotel-amenities_us_5b9cd6cbe4b03a1dcc824c27,Funky Freebies And Looney Loaners: The 7 Most Interesting Amenities We've Seen (PHOTOS),TRAVEL,"When you're shelling out hard-earned cash for your hotel room, it's nice when the hotel recognizes that and throws in some perks ""just because.""","Oyster.com, Contributor
The Hotel Tell-All",2013-04-04
https://www.huffingtonpost.com/entry/you-dont-need-rosecolored_b_7701686.html,You Don't Need Rose-Colored Glasses: 5 Realistic Tips to Be More Positive,BUSINESS,"I used to look at people like that with a mixture of admiration and annoyance. Then one day I asked myself, what are they doing that is different?","Valeh Nazemoff, ContributorInternational bestselling author of ""The Four Intelligences of...",2015-07-01
https://www.huffingtonpost.com/entry/uber-waymo-settlement_us_5a7dc809e4b044b3821ccbc7,"Uber, Waymo Reach Settlement In Bitter Legal Dispute",BUSINESS,Uber had been accused of stealing trade secrets from Waymo.,,2018-02-09
https://www.huffingtonpost.com/entry/scott-pruitt-security-epa_us_5afaaee1e4b0200bcab89d80,"Scott Pruitt Got 24/7 Security From Day 1 At EPA, New Documents Show",POLITICS,The EPA had justified Pruitt's expensive security as a response to threats. New emails appear to cast further doubt on the claim.,Willa Frej,2018-05-15
https://www.huffingtonpost.com/entry/romantic-honeymoon-hotels_us_5b9cf542e4b03a1dcc834709,Romantic Honeymoon Hotels around the World (PHOTOS),TRAVEL,Honeymoons must be two things: romantic and memorable. Any old trip to the beach is simply not going to suffice for a couple's post-nuptial getaway.,"Oyster.com, Contributor
The Hotel Tell-All",2013-03-24
https://www.huffingtonpost.com/entry/an-honest-customs-declaration-form_us_5b9bdecde4b03a1dcc7adcae,An Honest Customs Declaration Form,TRAVEL,"Whether you're traveling with immediate family members or not, you'd better fill out at least three or four extra copies","Peter Mandel, Contributor
Washington Post contributor, children's book author",2012-06-20
https://www.huffingtonpost.com/entry/easter-cheese-crescia_b_5170747.html,Easter Cheese Crescia,TASTE,"I collected this recipe from scraps found in my grandma's old notebook, which had been buried in a closet for several years.","Food52, Contributorfood52.com",2014-04-18
https://www.huffingtonpost.com/entry/5-boutique-hotels-sexy_us_5b9cdcb9e4b03a1dcc82833c,5 Boutique Hotels With Sex Appeal (PHOTOS),TRAVEL,We picked our favorite boutiques that have all the necessary trappings for romance.,"Oyster.com, Contributor
The Hotel Tell-All",2013-02-27
https://www.huffingtonpost.com/entry/one-formula-to-lead-and-l_b_5844908.html,One Formula to Lead and Live Better: 75+/25-,BUSINESS,"We've all heard about the ""power of positive thinking,"" but flick on the news, and you'll see the world seems to prefer tuning in to the negative most of the time.  Where's the good stuff? The answer: It's everywhere.  It's free of charge, too.","David Peck, ContributorPrincipal & Senior Executive Coach at Goodstone Group, author,...",2014-09-18
https://www.huffpost.com/entry/chris-hayes-donald-trump-resign-coronavirus-pandemic_n_5ef6e9c7c5b6acab2841f81f,Chris Hayes Demands Donald Trump Resign With Damning Review Of His Presidency,POLITICS,"It is “an urgent matter of public health” that Trump quits, the MSNBC host said.",Lee Moran,2020-06-27
https://www.huffingtonpost.com/entry/naked-man-crashes-car-sex-la-grande-washington_us_5a19574fe4b0d4906caf01b1,"Naked Drunk Driver Crashes Car While Having Sex At The Wheel, Police Say",CRIME,"An infant was in the vehicle's backseat at the time, according to authorities.",Lee Moran,2017-11-25
https://www.huffingtonpost.com/entry/breast-cancer-vaccine_us_5b9d10f5e4b03a1dcc843bd6,Vaccine of Hope,WELLNESS,"""We have developed a vaccine to prevent breast cancer!""  No, you're not seeing things. These were the exact words expressed by Dr. Vincent Tuohy, immunologist at the Cleveland Clinic, who announced the development of his breakthrough breast cancer vaccine earlier this month.","LORI SOKOL, Contributor
EXECUTIVE DIRECTOR",2013-04-30
https://www.huffingtonpost.com/entry/patricia-smith-embezzlement-acura_us_5b9be152e4b03a1dcc7aeeb4,Patricia Smith Sentenced To 78 Months After Embezzling More Than $10 Million,MONEY,"Steven Balmer, in a report for Traveler's Insurance, explains, ""Employees may be motivated by events going on in their own",Alicia Ciccone,2012-06-21
https://www.huffingtonpost.com/entry/dustin-lance-black-surrogacy-response_us_5ac242b1e4b0f112dc9de8f9,Dustin Lance Black Has Great Reply After Being Told Two Men Shouldn't Raise Kids,QUEER VOICES,"The Oscar winner stayed calm, cool and collected.",Curtis M. Wong,2018-04-02
https://www.huffingtonpost.com/entry/noah-syndergaard-trump-hurricanes_us_59c0e998e4b087fdf507ba5c,Noah Syndergaard Just Sent A Trump-Bashing Tweet About Hurricanes,SPORTS,"""Stick to baseball,"" one commenter sniped.",Ron Dicker,2017-09-19
https://www.huffingtonpost.com/entry/cadbury-eggs-vs-peeps_us_5b9b89cae4b03a1dcc7870fa,Cadbury Eggs vs. Peeps: Which Is Better? (POLL),FOOD & DRINK,"This is not so much a question of which came first, but more so of which is better -- the chick(en) or the egg? We're not","Kitchen Daily, Kitchen Daily",2012-04-06
https://www.huffingtonpost.com/entry/floyd-mayweather-girlfriend-miss-shantel-jackson-video_us_5bb6a0fae4b097869fd2043e,Floyd Mayweather Jr.'s Girlfriend: Miss Shantel Jackson Wears Revealing Dress To Fight (VIDEO),SPORTS,"WATCH VIDEO ABOVE Of course, it is a previous flame of Floyd's that will have him back in the headlines in a few weeks. Mayweather",Chris Greenberg,2012-05-06
https://www.huffingtonpost.comhttp://www.fodors.com/news/holiday-foods-around-the-world-6267.html?ref=twt_fd_huffpo6267,Festive Foods: What The World Eats At The Holidays,TRAVEL,"Celebration is in the air around the world as the year comes to an end. And with every family gathering, religious ritual",,2012-12-18
https://www.huffingtonpost.com/entry/saudi-high-risk-bet-in-ye_b_5895984.html,Saudi Crapshoot in Yemen,WORLDPOST,"While all eyes are on Syria and Iraq, another intervention is taking place in Yemen. The coalition involved here is more of an understanding than a military pact, but it is proving to be just as effective.","David Hearst, ContributorEditor, Middle East Eye",2014-09-28
https://www.huffingtonpost.com/entry/say-yes-to-the-dress-watching-tv_us_5b9c0460e4b03a1dcc7bc9fb,'Say Yes To The Dress' Is Addictive Even Though I Am Already Married,STYLE & BEAUTY,"This summer, I have spent more hours than I care to count watching Say Yes to the Dress""  even though I am not getting married,and if I were, the likelihood of me spending several thousand dollars on a dress is pretty nil. So, I feel as if I am a surprising audience for this TV show that centers around extravagant wedding gowns.","Debbie Leon, Contributor
Debbie Leon lives and writes in New Jersey.",2012-07-23
https://www.huffingtonpost.com/entry/cheese-marry_us_5b9d96bee4b03a1dcc89d90d,"9 Cheeses We Would Happily Marry, If That Was Allowed",FOOD & DRINK,"In sickness, and in health, for the rest of our lives.",Carey Polis,2013-10-10
https://www.huffingtonpost.com/entry/paula-deen-weight-loss-family_us_5b9cbfd0e4b03a1dcc8177c1,Paula Deen: Weight Loss Was A Family Affair,WELLNESS,"Together, the four have lost 178 pounds total. Deen's husband, Michael Groover, is down 60 pounds, according to People, while",,2013-01-24
https://www.huffingtonpost.com/entry/pharmaceutical-companies-are-price-gouging-vaccines-for-refugees-aid-group_us_57a3950ee4b03ba68011b5a1,"Big Pharma Says It Offers Cheap Vaccines For Refugees, But It’s Not Completely True",IMPACT,Doctors Without Borders is petitioning Pfizer and GlaxoSmithKline to lower the prices on the shots.,Eleanor Goldberg,2016-08-05
https://www.huffingtonpost.com/entry/milk-in-my-sippy-cup-kid-rap_us_5b9bdee6e4b03a1dcc7add3c,'Milk In My Sippy Cup': Pint-Sized Kid Stars In Adorable Rap Video,PARENTING,"A little boy in a striped shirt, a blue hat, and loose-fitting pants potters around his yard, playing with a yellow ball",,2012-06-19
https://www.huffingtonpost.com/entry/darren-wilson-video-radio_n_6161930.html,Recordings Released From The Day Michael Brown Was Shot,BLACK VOICES,,Andrew Hart,2014-11-15
https://www.huffingtonpost.com/entry/brian-maixner-kansas-diner_n_6833460.html,"Customer Gives Mega Tip So Single Dad Can Get Dental Work, Reason To Smile",GOOD NEWS,,Kimberly Yam,2015-03-10
https://www.huffingtonpost.com/entry/david-clarke-facebook-taunts-trial_us_5a515d3be4b003133ec85026,Ex-Sheriff David Clarke Faces Trial Over Facebook Taunts Against Plane Passenger,POLITICS,"A federal judge said Clarke's posts were an issue of possible ""First Amendment retaliation.""",Mary Papenfuss,2018-01-07
https://www.huffingtonpost.com/entry/donald-trump-jeb-bush-2016_n_7775390.html,"New Poll Shows Donald Trump, Jeb Bush In Dead Heat",POLITICS,,,2015-07-11
https://www.huffingtonpost.com/entry/getting-the-bird-from-a-bird_b_6794938.html,Getting 'The Bird' From a Bird,ENTERTAINMENT,"Filming with animals can be a lot more complicated than filming with people and it takes a lot more preparation than one might think.  One wants it to go well, so one can never be prepared enough.","Joe Wallenstein, ContributorAuthor of ""Practical Moviemaking"" and,""Nothing Dies for Film.""...",2015-03-03
https://www.huffingtonpost.com/entry/bill-vet-bars-wellness-centers_us_5640fd44e4b0307f2cae7610,Bill Would Turn Veteran Bars Into Wellness Centers,POLITICS,"""When you look at some of the struggles our veterans are dealing with, the suicide rates, it just is common sense,"" says Rep. Glenn Thompson (R-Pa.).",Michael McAuliff,2015-11-10
https://www.huffingtonpost.com/entry/huffpost-rise-morning-newsbrief-june-9_us_575913a1e4b00f97fba74bfc,HuffPost Rise: What You Need To Know On June 9,POLITICS,"Welcome to the HuffPost Rise Morning Newsbrief, a short wrap-up of the news to help you start your day.",,2016-06-09
https://www.huffpost.com/entry/trump-legacy-impeachment-insurrection-lies-corruption_n_6001ff22c5b6efae62f88bd4,"Trump's Legacy: 2 Impeachments, An Insurrection, Countless Lies And Corruption",POLITICS,"Donald Trump called everything he did, from his election to his trade deals, ""historic."" But his last months in office finally make that claim correct.",S.V. Date,2021-01-17
https://www.huffingtonpost.com/entry/toys-r-us-jingle-minor-key_us_5aab60b0e4b0337adf82a87b,This Sad Version Of The Toys R Us Jingle Will Hit You Where It Hurts,BUSINESS,Sniff.,Ed Mazza,2018-03-16
https://www.huffingtonpost.com/entry/the-past-neat-or-on-the-r_b_6397172.html,"The Past, Neat or On The Rocks: Glenfiddich Recreates a Seminal Single Malt",TASTE,,"Tony Sachs, ContributorDrinker of Spirits, Listener of Music, Watcher of Baseball, Wr...",2014-12-30
https://www.huffingtonpost.com/entry/federal-requests-for-patient-info-raise-red-flags-in-states-that-allow-medical-pot-use_us_59b85c78e4b0edff97175dea,Federal Requests For Patient Info Raise Red Flags In States That Allow Medical Pot Use,POLITICS,"""With the anti-marijuana rhetoric coming from the Trump administration’s Department of Justice, you do have to wonder what the true motivation is here.”",Matt Ferner,2017-09-12
https://www.huffingtonpost.com/entry/prep-school-owen-labrie-prison_us_56edaac2e4b084c672207223,Prep School Sexual Assault Convict Owen Labrie Sent To Prison,CRIME,The case exposed a tradition of sexual abuse at the prestigious school.,,2016-03-19
https://www.huffingtonpost.com/entry/pakistan-peshawar-bombings-christians_us_57cacea5e4b0a22de0963177,"Bombs Kill At least 12, Wound Dozens At Pakistan Court",THE WORLDPOST,The attacks occurred hours after militants killed two people in a Christian neighborhood in the same region.,"Jibran Ahmad, Reuters",2016-09-03
https://www.huffingtonpost.com/entry/max-is-a-weeper-and-a-kee_b_7679676.html,'Max' Is a Weeper and a Keeper,ENTERTAINMENT,"""Max"" is a family film, and it is all about the dog. This movie follows in a long line of dog movies such as ""Lassie,"" ""A Dog of Flanders,"" ""Old Yeller,"" ""Rin Tin Tin"" and many, many more. When you place the camera squarely on a four footed hairy creature who barks then you know chances are good you have yourself a hit.","Jackie K. Cooper, ContributorFilm Critic",2015-06-27
https://www.huffingtonpost.com/entry/privacy_us_5b9df5c8e4b03a1dcc8f8eb2,Privacy,WELLNESS,"In a recent essay in a New York Times column titled -- ironically, to my ear --""Private Lives,"" a woman discussed her ""virginity","Lisa Gornick, Ph.D., Contributor
Clinical Psychologist and Author of Tinderbox",2014-04-05
https://www.huffingtonpost.com/entry/katie-holmes-divorce-suri_us_5b9c0c42e4b03a1dcc7bfe9b,Katie Holmes Divorce: Suri And Mom Fly Commercial (VIDEO),TRAVEL,"Much has been made of the dissolution of Katie Holmes and Tom Cruises' 5-year marriage, but very few pundits guessed it might",,2012-07-26
https://www.huffingtonpost.com/entry/alzheimers-disease_us_5b9c894ee4b03a1dcc7f8fc2,Dr. Pat Consults: Alzheimer's Disease Awareness Month,WELLNESS,"To help a patient talk to her sister about her health and risk of Alzheimer's, I've enlisted the advice of neurologist Joseph Safdieh.","Patricia Yarberry Allen, Contributor
Publisher, Women's Voices, Change.org",2012-11-21
https://www.huffingtonpost.com/entry/check-cashiers-paperless-future_us_5b9c314fe4b03a1dcc7cfb2c,"Check Cashiers, Banks Prepare for Paperless Future",MONEY,HuffPost Live will be taking a comprehensive look at the persistence of poverty in America Aug. 29 and Sept. 5 from 12-4,Catherine New,2012-08-29
https://www.huffingtonpost.com/entry/spider-man-pick-up-basketball_us_5bad27d4e4b04234e8575a78,Spider-Man Plays Pick-Up Basketball With Kids,COMEDY,"Once again, Professor Live decided that if Spider-Man played basketball with some city kids, it'd be a blast. Guess what",,2013-09-01
https://www.huffingtonpost.com/entry/saudi-arabia-black-panther-screening_us_5ad8e314e4b03c426dac7b99,Saudi Arabia's Public Cinema Ban Lifts With A Showing Of 'Black Panther',WORLD NEWS,The push for public theaters is part of Crown Prince Mohammed bin Salman's larger package of economic and social reforms.,Carol Kuruvilla,2018-04-19
https://www.huffingtonpost.com/entry/melanie-brown-scary-spice_us_5b9d32d9e4b03a1dcc856cdb,"Melanie Brown, AKA 'Scary Spice,' Teaches Us Some Valuable Fashion Lessons (PHOTOS)",STYLE & BEAUTY,"Want more? Be sure to check out HuffPost Style on Twitter, Facebook, Tumblr, Pinterest and Instagram at @HuffPostStyle. See",Michelle Persad,2013-05-29
https://www.huffingtonpost.com/entry/omarosa-says-leaving-white-house-like-leaving-plantation_us_5a9389a1e4b03b55731d86a7,Omarosa Manigault Newman Says She Was Shunned At 'Plantation' White House Because She Was Black,POLITICS,Now she's considering writing a tell-all book about it.,Mary Papenfuss,2018-02-26
https://www.huffingtonpost.com/entry/donald-trump-hotel-washington_us_5810ecdfe4b02b1d9e6441d4,"Donald Trump Campaigns In Crucial Battleground Of Washington, D.C.",POLITICS,"If you can call plugging his new hotel ""campaigning.""",Igor Bobic,2016-10-26
https://www.huffingtonpost.com/entry/mit-action-plan-global-warming_us_5627eb62e4b02f6a900f69dd,MIT Announces 'Action Plan' To Combat Global Warming,COLLEGE,BOSTON (AP) -- The Massachusetts Institute of Technology announced a five-year plan Wednesday to combat climate change but,"COLLIN BINKLEY, AP",2015-10-21
https://www.huffingtonpost.com/entry/james-corden-has-a-carpool-karaoke-level-strategy-for-trump-interview_us_58d3cd42e4b0b22b0d1a4f26,James Corden Knows How To Make Donald Trump Face His Own Words,ENTERTAINMENT,This is how everyone should interview the president.,Bill Bradley,2017-03-23
https://www.huffingtonpost.com/entry/congress-sends-trump-legislation-for-disaster-aid-and-debt-limit-increase_us_59b2addce4b0dfaafcf79700,Congress Sends Trump Legislation For Disaster Aid And Debt Limit Increase,POLITICS,Trump is expected to promptly sign the measure into law.,,2017-09-08
https://www.huffingtonpost.com/entry/ryan-murphy-pose-fx_us_5a441d68e4b025f99e198fcb,"Ryan Murphy's Inclusive, History-Making Series 'Pose' Hits FX Next Summer",QUEER VOICES,The '80s-themed musical boasts a record number of trans series regulars for a scripted show.,Curtis M. Wong,2017-12-27
https://www.huffingtonpost.com/entry/mike-huckabee-2016_us_560bf437e4b0768126fff8de,Mike Huckabee Suspends 2016 Presidential Campaign,POLITICS,He entered the race May 5.,"Nadya Agrawal, Guest Writer",2016-02-02
https://www.huffingtonpost.com/entry/plumen-002-cfl_us_5b9dc94be4b03a1dcc8cde35,PLUMEN 002 Is The CFL You'd Actually Want To Use (And Look At On A Daily Basis),HOME & LIVING,"If you like the energy-saving benefits of a CFL but kind of hate the light emitted from the bulbs, we present you with a",,2014-01-14
https://www.huffingtonpost.com/entry/extrovert-environmental-cues-children-introverts_us_5b9db09ee4b03a1dcc8b8860,Extroverted Children More Likely To Be Swayed By Environmental Cues: Study,WELLNESS,"""Insofar as extraverted children appear to be more at risk for influence by environmental cues, there are two different serving",,2013-12-03
https://www.huffingtonpost.com/entry/kanye-west-mothers-death_us_558cbd8be4b081449b4c91e5,Kanye West Still Blames Himself For His Mother's Death,ENTERTAINMENT,"Kanye West seems to have almost everything; family, fortune and success. But even the rapper has regrets, and believes",Stephanie Marcus,2015-06-26
https://www.huffingtonpost.com/entry/what-if-im-not-as-strong-_b_6944954.html,What If I'm Not as Strong as You Think I Am? A Headache Confession,HEALTHY LIVING,,"Stephanie Harper, ContributorWriter, Life Enthusiast, Easily Amused",2015-03-29
https://www.huffingtonpost.com/entry/huffpost-live-set-designers-roman-and-williams_us_5b9c229ae4b03a1dcc7c8b31,'HuffPost Live' Set Designers Roman And Williams Bring Style To The Huffington Post's New Streaming Video Network (PHOTOS),HOME & LIVING,"Created by design team Robin Standefer and Stephen Alesch of Roman and Williams, the HuffPost Live set resembles a traditional",Michelle Manetti,2012-08-13
https://www.huffingtonpost.com/entry/i-want-to-start-reading-b_us_5bb3fa65e4b066f8d252ada7,"I Want to Start Reading Batman Comic Books, Where Should I Start?",ENTERTAINMENT,"Next, read The Long Halloween, by Jeph Loeb and Tim Sale. It is my favorite Batman story, and it has earned classic status","Quora, Contributor
The best answer to any question",2012-07-22
https://www.huffingtonpost.com/entry/sleep-apnea-women_us_5b9c5a69e4b03a1dcc7dfce3,"Women, Wake Up: Sleep Apnea is Not Just a Male Disorder",WELLNESS,Sleep apnea is not just a male disorder. Women -- especially those with hypertension and/or obesity -- need to wake up to the dangers of OSA and seek treatment if diagnosed with it.,"David Volpi, M.D., P.C., F.A.C.S., Contributor
Otolaryngology surgeon; author, 'Wake Up! You're Snoring'",2012-09-30
https://www.huffingtonpost.com/entry/stroke-brainstem-sleep-apnea_us_5b9ddd81e4b03a1dcc8de9fe,Stroke That Affects Brainstem May Raise Risk Of Sleep Apnea,WELLNESS,"The study, presented at the American Stroke Association's International Stroke Conference 2014, included 355 people with",,2014-02-19
https://www.huffingtonpost.com/entry/nate-ebner-rio-olympics_us_578cd587e4b0c53d5cfa0d2f,A New England Patriot Will Play On The U.S. Olympic Rugby Team,SPORTS,Nate Ebner will be the only active NFL player representing his country in Rio.,Thomas Lipe,2016-07-18
https://www.huffingtonpost.com/entry/houston-synagogue-yom-kippur-hurricane-harvey_us_59cd2059e4b03b0879cfeff1,How One Houston Synagogue Is Facing Yom Kippur After Hurricane Harvey,RELIGION,"On the Day of Atonement, members of the United Orthodox Synagogues will face a poignant time of reflection.",Carol Kuruvilla,2017-09-28
https://www.huffingtonpost.comhttp://www.fastcompany.com/3014147/creative-conversations/the-truth-about-unplugging-and-vacation,The Truth About Unplugging And 'Vacation',TRAVEL,The latest issue of Fast Company is about the #unplug movement -- taking time to disconnect and reconnect on a more personal,,2013-07-16
https://www.huffingtonpost.com/entry/i-lost-weight-chris-ponce_us_5b9d5eb6e4b03a1dcc8726f3,A Hospital Stay Inspired Chris Ponce To Lose 105 Pounds,WELLNESS,"How I Lost It: After the first 10 days in the hospital, I was put on a chopped food diet, since I couldn't eat much because",,2013-11-08
https://www.huffingtonpost.com/entry/the-secret-life-of-pets-clip_us_577d35d7e4b09b4c43c1d7b1,This 'Secret Life Of Pets' Clip Is A Documentary About What Your Critter Pals Do All Day,ENTERTAINMENT,Or so we hope.,Matthew Jacobs,2016-07-06
https://www.huffingtonpost.com/entry/children-sensory-issues_us_5b9bb25ee4b03a1dcc79aa23,What Is Sensory Processing Disorder? How To Diagnose Children With Sensory Issues,PARENTING,"Proprioceptive receptors are located in the joints and ligaments, allowing for motor control and posture. The proprioceptive",Emma Mustich,2012-05-10
https://www.huffingtonpost.com/entry/andrew-wiggins-kansas-block-dunk_us_5bb74ef3e4b097869fd4f093,Andrew Wiggins Shows Why NBA Tanking Is A Thing (VIDEO),SPORTS,It took Andrew Wiggins about six seconds to show off the athleticism that has had him tipped as a future NBA star since high,Chris Greenberg,2014-03-08
https://www.huffingtonpost.com/entry/poor-people-may-suffer-mo_us_5b9dc5b3e4b03a1dcc8cb159,"Poor People May Suffer More After A Heart Attack, Study Finds",WELLNESS,"Troublingly, researchers found that these frail patients were less likely to receive medications commonly taken after heart",,2014-01-12
https://www.huffingtonpost.com/entry/uw-whitewater-racist-photo_us_56c772b6e4b041136f16e544,UW-Whitewater Chancellor Reprimands Students After Mistaking Skincare Product For Blackface,COLLEGE,"Two students trying to improve their skin were condemned in a campus-wide email as ""racist.""",Tyler Kingkade,2016-02-19
https://www.huffingtonpost.com/entry/the-endless-fall-of-suge-_n_7780192.html,The Fall Of 'The Most Feared Man In Hip-Hop',ENTERTAINMENT,,,2015-07-12
https://www.huffingtonpost.com/entry/11-things-women-were-told_n_6395502.html,11 Things Women Were Told Not To Do In 2014,WOMEN,,,2014-12-30
https://www.huffingtonpost.comhttp://www.nytimes.com/2016/03/27/movies/don-cheadle-on-becoming-miles-davis.html?_r=1&referer=https:/www.google.com/,Don Cheadle On Becoming Miles Davis,BLACK VOICES,"Don Cheadle was not looking to play Miles Davis. He had done biopics before, starring as Sammy Davis Jr. in “The Rat Pack",,2016-03-25
https://www.huffingtonpost.com/entry/valentines-day-chocolates_us_5b9cc2eee4b03a1dcc819d21,Valentine's Day Chocolates,FOOD & DRINK,"Valentines day is nearly upon us, and in my books it is the best time to give and (definitely) receive lots of delicious chocolate. Here are some of my favourite chocolates to inspire you - enjoy!","John Gregory-Smith, Contributor
Eat Travel Live",2013-01-31
https://www.huffingtonpost.com/entry/democratic-party-reverses-course-will-release-platform-document_us_577295fbe4b017b379f761ac,"Democratic Party Reverses Historic Course, Will Release Platform Document",POLITICS,The political revolution comes to the party platform process.,Ryan Grim,2016-06-28
https://www.huffingtonpost.com/entry/what-does-your-starbucks_us_5b9de0ede4b03a1dcc8e1147,What Does Your Starbucks Order Say About You?,FOOD & DRINK,"You've got a Starbucks standby drink, and that's perfectly okay.","The Daily Meal, Contributor
All things food and drink",2014-02-21
https://www.huffingtonpost.com/entry/heroin-and-opioid-crisis-gridlocked-by-discusssion_us_596524a0e4b0911162fc2f63,The Heroin And Opioid Crisis Is Gridlocked By Discussion,POLITICS,Talking about this epidemic is not saving lives.,"Karl Leonard, ContributorSheriff, Chesterfield County (Virginia)",2017-07-11
https://www.huffingtonpost.com/entry/home-gadgets-that-are-going-extinct_us_5b9cdfcde4b03a1dcc829a4b,8 Home Gadgets And Appliances That Are Going Extinct... Though We Still Keep Them Around,HOME & LIVING,We just can't let them go yet.,Shana Ecker,2013-02-28
https://www.huffingtonpost.com/entry/pizza-hut-flatbread_us_5b9d49a0e4b03a1dcc8653ac,Pizza Hut's 'Firebaked Style Flatbread Pizzas' Debut Nationwide,FOOD & DRINK,Pizza Hut tries to go upscale.,Rachel Tepper,2013-06-24
https://www.huffingtonpost.com/entry/youtube-delhi-rape-documentary_n_6807032.html,India Asks YouTube To Remove Delhi Rape Documentary,WORLDPOST,,,2015-03-05
https://www.huffingtonpost.com/entry/cancer-type-socioeconomic-status_n_5379853.html,Cancer Type May Be Linked With Socioeconomic Status,HEALTHY LIVING,,Amanda L. Chan,2014-05-28
https://www.huffpost.com/entry/mindfulness-meditation-racial-trauma_l_5f19df61c5b6128e6822bc25,How Mindfulness Can Help With Racial Trauma,WELLNESS,Experts share the profound mental health benefits of a regular meditation practice and resources to get started.,Kate Mooney,2020-07-24
https://www.huffingtonpost.com/entry/california-wildfires_us_59dc9f2de4b0208970cf7431,Firefighters Battle To Control 15 Wildfires Raging In California,GREEN,The blazes have killed at least 13 people and destroyed hundreds of homes and businesses.,"By Marc Vartabedian, Reuters",2017-10-10
https://www.huffingtonpost.com/entry/confessions-of-a-chubby-girl_b_5667103.html,Confessions of a Chubby Girl,WOMEN,"For me, once I admitted that I really like sugar, and that eating it makes me happy, my cravings died down. I stopped wanting it because I knew I could eat it if I wanted it. I replaced my years of resistance and pushing away the foods I loved with a more compassionate approach.","Shannon Kaiser, ContributorBest-selling author, teacher, life coach, travel writer.",2014-08-11
https://www.huffingtonpost.com/entry/12-ways-pinterest-says-im-failing-my-children_b_6022146.html,12 Ways Pinterest Says I'm Failing My Children,PARENTS,"Thanks to Pinterest, I have been able to identify the top 12 ways I am completely failing as a parent. As a public service, I will share them with you here.","The Next Family, ContributorOnline magazine for the modern parent",2014-11-03
https://www.huffingtonpost.comhttp://www.nydailynews.com/sports/more-sports/serena-williams-game-faces-puts-fear-opponents-2012-u-s-open-article-1.1147665,Serena Williams' Game Face Puts Fear In Her Opponents,WELLNESS,"There is an eerie moment whenever Serena Williams finishes off another match point; a surreal, awkward transition in full",,2012-09-03
https://www.huffingtonpost.com/entry/what-chd-robs-from-families_us_58e83361e4b06f8c18beebfb,Congenital Heart Defects Rob Families Of Their Children,PARENTS,February is “heart month” as many refer to it. The week of February 7th through the 14th is listed as Congenital Heart Defect,"Jessica Kidd, ContributorFounder of Gracie's Gowns, Inc.",2017-04-08
https://www.huffingtonpost.com/entry/cloud-eye-control-half-li_b_6488282.html,Cloud Eye Control Half Life,ARTS,"Cloud Eye Control is a multimedia performance group based in Los Angeles that uses animation, music and live performers to create hybrid theatrical works.","Hoyt Hilsman, ContributorAuthor, journalist and former Congressional candidate",2015-01-16
https://www.huffingtonpost.com/entry/the-year-my-father-stayed-home-with-me_us_5b9d92b3e4b03a1dcc89add6,The Year My Father Stayed Home With Me (VIDEO),PARENTING,"We've entered an era of ""parenting,"" not just motherhood and fatherhood as these distinct, opaque examples of how to be masculine and feminine. We're self-defining what a family looks like and how it behaves.","Charlie Capen, Contributor
Pretend writer. Pretend actor. Pretend father. Pretend person.",2013-10-04
https://www.huffingtonpost.com/entry/scott-walker-islam_us_55d77f43e4b08cd3359c21c9,"Scott Walker Says There Are A 'Handful Of Reasonable, Moderate Followers Of Islam'",POLITICS,There are more than a handful.,Amanda Terkel,2015-08-21
https://www.huffingtonpost.com/entry/natassja-kinski_us_5bb3f43ce4b066f8d2523c42,Cannes 2012: Nastassja Kinski at the Terrazza Martini,ENTERTAINMENT,"Everyone speaks about Nastassja Kinski's fragility. I saw strength. We sat together on the Terrazza Martini at Cannes, and she spoke to me with excitement about her new project, a documentary.","Karin Badt, Contributor
Associate Professor of Cinema and Theater at the University of...",2012-05-28
https://www.huffingtonpost.com/entry/eurozone-breakup-poorest-countries_us_5bb2c583e4b0480ca65bca89,Eurozone Breakup Would Have Disastrous Effects On World's Poorest Countries: Oxfam,BUSINESS,"If the Eurozone breaks up, it's not going to be just Europe that suffers. Oxfam predicts food shortages and other economic",Alexander Eichler,2012-06-16
https://www.huffingtonpost.com/entry/recluse-spider-bite-ear-hole-young-woman_us_5b9daaafe4b03a1dcc8b1a0d,Recluse Spider Bite Eats Hole In Young Woman's Ear (PHOTOS),WELLNESS,"Therefore, the recommended treatments for these spider bites are icepacks and painkillers, van Wijk told LiveScience. The",,2013-11-18
https://www.huffingtonpost.com/entry/i-really-cant-talk-my-way_b_7775700.html,I Really Can't Talk My Way Out of Things...,HEALTHY LIVING,"I'm not sure if I'll ever learn that I can't talk my way out of things. Maybe it's the optimist in me. Maybe I'm a dreamer. Maybe I've lost a little touch with reality. Whatever the case, I still believe in miracles, even though they so rarely happen.","Dan Duffy, ContributorFilmmaker; Author; Speaker; Co-founder, The Half Fund",2015-07-11
https://www.huffingtonpost.com/entry/chef-marcus-samuelsson-on-travel_us_5b9bedb7e4b03a1dcc7b3272,Chef Marcus Samuelsson On Eating All Over The World,TRAVEL,"Ethiopian-born, Gothenburg-raised and Harlem-settled chef Marcus Samuelsson took the flavors of his international past and infused them into his new memoir.","Jetsetter, Contributor
Jetsetter is the go-to brand for travelers with discerning tas...",2012-07-01
https://www.huffingtonpost.comhttp://espn.go.com/mlb/story/_/id/15633876/mlb-competition-committee-agrees-changes-strike-zone-intentional-walks,"Sources: Competition Committee Agrees To Changes To Strike Zone, Intentional Walks",SPORTS,A new strike zone could be on baseball's horizon and the old-fashioned intentional walk could be a thing of the past after,,2016-05-21
https://www.huffpost.com/entry/iran-coronavirus-newspaper_n_5f313980c5b6b9cff7f48a8d,Iran Shutters Newspaper After Expert Questions Official Coronavirus Numbers,WORLD NEWS,Jahane Sanat had published an interview with an epidemiologist who said Iran's official COVID-19 figures account for only 5% of the real toll.,,2020-08-10
https://www.huffingtonpost.com/entry/ugandan-doctor-ebola-germany_n_5926180.html,Ugandan Doctor With Ebola Arrives In Germany For Treatment,WORLDPOST,,,2014-10-03
https://www.huffingtonpost.com/entry/archaeotourists-mob-ancient-ruins_us_5b9b426ee4b03a1dcc760a7f,"Archaeo-Tourists Mob Ancient Aztec, Mayan Ruins",TRAVEL,"They're checking out Chichen Itza, packing Palenque and tooling around Tulum: A whopping 10.6 million tourists explored Mexico's 183 publicly open archaeological sites last year, according to the country's National Institute of Anthropology and History.","Bob Schulman, Contributor
Travel Editor, WatchBoom.com",2012-01-30
https://www.huffingtonpost.com/entry/maria-bamford-erin-foley_us_5bad1c2ae4b04234e856d19f,"Maria Bamford, Erin Foley Triumph at Women in Comedy Festival -- Their Way",COMEDY,Maria Bamford has emerged over the last year as one of the most critically revered comics -- especially among her peers -- in the country while bravely addressing the stigma of mental illness as part of her act.,"Art Levine, Contributor
author, Mental Health, Inc: How Corruption, Lax Oversight, and...",2013-03-30
https://www.huffingtonpost.com/entry/bernie-sanders-marijuana_us_56312967e4b0c66bae5ab86f,Bernie Sanders Proposes Taking Marijuana Off The Government's 'Most Dangerous' Substances List,POLITICS,Marijuana is currently classified alongside substances like heroin and LSD.,Samantha Lachman,2015-10-28
https://www.huffingtonpost.com/entry/what-next_b_5891294.html,They Lied to Us About College and Our Careers. What Next?,IMPACT,"For those who took the path most traveled which led them to a college degree that's offered them nothing more than debt and a smile from mom and dad, it's not too late for you. You can change things. You can put your life back on track. It's not over.","Michael Price, ContributorEntrepreneur, Author, Master Marketer",2014-10-02
https://www.huffingtonpost.com/entry/huffpost-hill_n_6426026.html,HUFFPOST HILL - Congress Is Back :(,POLITICS,,Eliot Nelson,2015-01-06
https://www.huffingtonpost.com/entry/pennsylvania-police-chief-accused-of-huffing-air-can-on-duty_us_565f4502e4b072e9d1c4632e,Pennsylvania Police Chief Accused Of Huffing Air Can On Duty,CRIME,"Other officers ""watched as his eyes fluttered and he became unresponsive.""",,2015-12-02
https://www.huffingtonpost.com/entry/news-roundup-for-march-14-2017_us_58c81994e4b022817b291767,"News Roundup for March 14, 2017",POLITICS,"Happy Pi Day, here’s some not-so-happy news. 1. US applications for New Zealand Citizenship are up 70% since Trump’s election","Outspeak, ContributorOutspeak™ is the opinion outlet for digital storytellers every...",2017-03-14
https://www.huffingtonpost.com/entry/44th-anniversary-that-guy_b_5460686.html,44th Anniversary: That Guy In The Who Throws Me His Guitar (Again),ENTERTAINMENT,"If you have only been skimming me for the last few months, you'll enjoy this immensely, Ifn I says so my own selves.","Binky Philips, ContributorMusic aficionado",2014-06-06
https://www.huffingtonpost.com/entry/obama-supreme-court-immigration-rehearing_us_5783f799e4b01edea78f15e2,Obama Administration Asks Supreme Court To Revisit Deadlocked Immigration Case,POLITICS,"A new filing seeks a rehearing on Obama's executive actions ""before a full"" bench of nine justices.",Cristian Farias,2016-07-18
https://www.huffingtonpost.com/entry/nasty-women-pump-on-the-way-to-planned-parenthood-with_us_587a9c0de4b094e1aa9dc6d2,Nasty Women Pump on the Way to Planned Parenthood,PARENTS,"Well, at least this one did - with a 14-month-old. You have to admit, it’s a headline the GOP would have loved to have thought","Sarah Toce, ContributorPublisher, Editor-in-Chief, The Seattle Lesbian",2017-01-14
https://www.huffingtonpost.com/entry/face-reading-an-advantage_b_5675413.html,Face-Reading: An Advantage in Business,BUSINESS,"Author Jean Haner, an anglo-saxon, married into a Chinese family and her mother-in-law taught her everything she knew about the ancient art of face-reading.","Audrey van Petegem, ContributorIndependent Blogger",2014-08-14
https://www.huffingtonpost.com/entry/under-trump-muslim-book-publishers-are-fighting-against-hate_us_58d3dc9be4b02d33b7492887,"Under Trump, Muslim Book Publishers Are Fighting Against Hate",ARTS & CULTURE,Nuanced visions of Islam are needed more than ever.,Maddie Crum,2017-03-23
https://www.huffpost.com/entry/fani-willis-joyce-vance-donald-trump-raffensperger-phone-call-state-of-mind-evidence_n_6294ee92e4b0cda85dc20c3c,"Georgia DA Could Bury Trump With His Own Words, Says Former Fed Prosecutor",POLITICS,"Trump, meanwhile, is blasting the special grand jury probe into his demand for extra Georgia votes after he lost the election.",Mary Papenfuss,2022-05-30
https://www.huffingtonpost.com/entry/barbie-for-president_us_5b9b89dae4b03a1dcc78727f,Barbie For President: Doll Announces Bid For White House,PARENTING,"It's official. Barbie is running for president. Sporting a pink power suit with patriotic red, white and blue lining on her",Tara Kelly,2012-04-05
https://www.huffingtonpost.com/entry/charlie-sheen-denise-rich_us_5b9bea1ce4b03a1dcc7b1925,"Charlie Sheen, Denise Richards Divorce: Co-Starring In 'Anger Management' Isn't Awkward, Says Actress (VIDEO)",DIVORCE,"The pair, who've previously appeared together in ""Two and a Half Men"" and ""Spin City,"" aren't the only famous exes to make",,2012-06-26
https://www.huffingtonpost.comhttp://www.thefader.com/2017/10/15/trans-memorial-obituaries,Rest In Power: Honoring The 21 Reported Trans Individuals Murdered In 2017,QUEER VOICES,"Jamie Lee Wounded Arrow Pine Ridge, South Dakota Jamie Lee Wounded Arrow, as she wrote herself on Facebook, “first took breath",,2017-10-16
https://www.huffingtonpost.com/entry/surfing-climate-change-donald-trump_us_58c05f3be4b0d1078ca38474,Trump Won't Save Us From Climate Change. Maybe Surfers Will.,GREEN,“Surfers will be the canaries in the coal mine on climate change.”,Lydia O'Connor,2017-03-22
https://www.huffingtonpost.com/entry/american-health-care_us_5b9c60c8e4b03a1dcc7e32da,Access to What Kind of Health Care?,WELLNESS,"In directing ESCAPE FIRE: The Fight To Rescue American Healthcare, Susan Froemke and I explore how our system is broken and why it doesn't want to change. But we also highlight pioneering leaders and courageous patients across the country who are implementing solutions.","Matthew Heineman, Contributor
Documentary Filmmaker; Director and Producer, 'ESCAPE FIRE: Th...",2012-10-06
https://www.huffingtonpost.com/entry/cute-kid-note-thank-you-michelle-obama_us_5b9c93a6e4b03a1dcc7ff812,Cute Kid Note Of The Day: 'Thank You Michelle Obama',PARENTING,Has your child drawn or written something adorable? Send a photo to parents@huffingtonpost.com and it may be featured as,,2013-01-18
https://www.huffingtonpost.com/entry/baby-shares-birthday-with-mom-and-dad_us_5b9b57a7e4b03a1dcc76c60f,"Grace Marques, Baby, Shares February 13 Birthday With Mom And Dad",PARENTING,Apparently no one said it loudly enough to get the message to Grace Marie. And just in time for Valentine's Day. There was,Jessica Samakow,2012-02-16
https://www.huffingtonpost.com/entry/home-for-christmas_b_13680266.html,Home for Christmas,IMPACT,,"Shad Meshad, ContributorFounder and co-author, Vet Center Program; founder, National V...",2017-01-08
https://www.huffingtonpost.comhttp://greatist.com/health/21-germiest-places-youre-not-cleaning,The 21 Germiest Places You're Not Cleaning,WELLNESS,"People avoid touching the obviously dirty things -- toilet bowls, garbage cans, anything in a public restroom. But for every",,2014-02-18
https://www.huffingtonpost.com/entry/megyn-kelly-morning-show_us_59c52999e4b01cc57ff1b6f2,Megyn Kelly's New Morning Show Debuts Monday,MEDIA,"The former Fox News host is taking over what had been the ""Today"" show's 9 a.m. hour.",Mollie Reilly,2017-09-24
https://www.huffingtonpost.com/entry/has-the-eu-really-solved-its-refugee-crisis_us_595f9e77e4b085e766b511f4,Has The EU Really Solved Its Refugee Crisis?,WORLD NEWS,"Tamara Tubakovic, University of Melbourne and Philomena Murray, University of Melbourne Less than two years after the European","The Conversation Global, ContributorThe Conversation is a collaboration between editors and academ...",2017-07-07
https://www.huffingtonpost.com/entry/the-viral-storm_us_5b9c5b4fe4b03a1dcc7e078f,Stalking the Wild Pathogen: Viral Threats to Modern Humanity,WELLNESS,"Writers and filmmakers have long liked apocalyptic stories.  But out in the real world, it might well be that the most likely cause of our specie's demise will be a microscopic bug we cannot defeat, and that we vanish, or vastly diminish, not with a bang but a whimper.","Steve Heilig, Contributor
Ethicist, epidemiologist, environmentalist, editor, educator, ...",2012-10-01
https://www.huffingtonpost.com/entry/best-employers-fortune-500_us_5b9bb13ae4b03a1dcc79a16f,The Best Employers On The Fortune 500: Report,MONEY,"More young professionals wanted to work for Google in 2011 than any other company, a survey conducted by Universum -- an",Khadeeja Safdar,2012-05-10
https://www.huffingtonpost.com/entry/go-ahead-act-like-a-guy-b_b_5922902.html,"Go Ahead, Act Like a Guy: Body Language Advice for Women",BUSINESS,"""Whatever you do, don't use your hands when you speak."" Many female clients in my consulting practice have told me that other, uh, advisors, of the male variety, imparted this conventional ""wisdom.""  Why?  Because ""gestures will make you look aggressive or unprofessional!""  Huh?","Greg J. Stone, ContributorMedia strategist and independent producer.",2014-10-06
https://www.huffingtonpost.com/entry/corrupt-countries_n_6261700.html,Here's How Bad Corruption Is Around The World,BUSINESS,,Harry Bradford,2014-12-03
https://www.huffingtonpost.com/entry/5-lessons-i-learned-from-my-kids-about-grieving_us_58c2fdb3e4b054a0ea6a8e48,5 Lessons I Learned From My Kids About Grieving,PARENTS,There's no wrong way to cry.,Ann Brenoff,2017-03-16
https://www.huffingtonpost.com/entry/mary-ellen-vernon-loves-b_us_5b9c9550e4b03a1dcc8008dd,Mary Ellen Vernon Loves Boulder,TRAVEL,"Always drawn to the water and the coast, I found myself surprisingly at ease in the tranquility of the mountains and trees.","Love Letters, Contributor
An anthology of reflections on places the world over",2012-12-05
https://www.huffpost.com/entry/china-muslim-camps-united-nations_n_5b7445c6e4b02b415d748a00,How The World Learned China Is Holding Over A Million Muslims In Internment Camps,WORLD NEWS,"Regular citizens, reporters and rights groups adapted to get the truth out about China's treatment of Uighur Muslims.",Akbar Shahid Ahmed,2018-08-15
https://www.huffingtonpost.com/entry/march-for-science_us_58fa529be4b0f02c3870e9a6,What's A Scientist To Do? March!,SCIENCE,"It’s hard to believe that 92 years after the Scopes Monkey Trial (which debated teaching evolution in public schools), the","Marcia G. Yerman, ContributorWriter on women's issues, human rights, environment and culture",2017-04-21
https://www.huffingtonpost.com/entry/wyoming-next-generation-science_us_5bb151aae4b09bbe9a5e7cd8,Wyoming Governor Takes Major Stand Against Modern Science,ENVIRONMENT,"The standards “seek to infuse students with a particular political view regarding climate change, sustainability, renewable",Rebecca Klein,2014-03-08
https://www.huffingtonpost.com/entry/president-obama-we-need-t_us_5bb2fc65e4b0480ca66070cf,President Obama: We Need Title IX for Funding Women's Startups,BUSINESS,Please help me spread this idea... and get it in front of President Obama.  He has daughters.  He would never tolerate their exclusion from sports.,"Jules Pieri, Contributor
Founder and CEO, The Grommet",2013-09-01
https://www.huffingtonpost.com/entry/craziest-places-for-cat-l_us_5b9cee31e4b03a1dcc830775,7 Crazy Destinations For Cat Lovers (PHOTOS),TRAVEL,Japan is the ultimate travel destination for cat enthusiasts and Hello Kitty just the beginning.,"Travel + Leisure, Contributor
TravelandLeisure.com",2013-03-14
https://www.huffingtonpost.com/entry/most-expensive-wedding-cake_us_5b9cd497e4b03a1dcc8239d3,"Most Expensive Wedding Cake, Valued At $52 Million, Is Covered In 4,000 Diamonds (PHOTO)",WEDDINGS,"The previous record-holder was a cake valued at $20 million, baked by Beverly Hills' La Patisserie Artistique. In 2011, The",,2013-02-16
https://www.huffingtonpost.com/entry/tubed-tomato-paste_us_5b9b3da6e4b03a1dcc75dbe2,The Wonder Of Tomato Paste In A Tube,FOOD & DRINK,"If you are not convinced about converting to the tube, watch the video below for another solution. But alas, there's a solution","Kitchen Daily, Kitchen Daily",2012-01-31
https://www.huffingtonpost.com/entry/yankee-doodle-polling-pub_b_7672062.html,Yankee Doodle Polling: Public Opinion on Patriotism,POLITICS,"Public opinion polls confirm what foreign observers have often noted: Americans are a very patriotic people. But what does patriotism mean to the U.S. public, and how tightly is the ideal bound to its symbols?","Kathleen Weldon, ContributorDirector of Communications for the Roper Center for Public Opi...",2015-06-29
https://www.huffingtonpost.com/entry/cancer-awareness_us_5b9c690be4b03a1dcc7e6e85,The Loud Voice of Cancer,WELLNESS,"What would you do if you heard the words ""You've got cancer""? Get inspired by the infectious spirit of Dr. Paulette Kouffman Sherman as she shares her personal healing journey and how it revealed her life's purpose.","Dr. Terri Kennedy, Contributor
President, Power Living Enterprises, Inc.",2012-10-17
https://www.huffingtonpost.com/entry/health-makeover_n_5691231.html,15 Tiny Tweaks For An Instant Health Makeover,HEALTHY LIVING,,,2014-08-19
https://www.huffingtonpost.com/entry/backseat-taxi-photos_us_5a036fc2e4b0937b510f5abd,These Backseat Taxi Photos Are An Incredible Fashion Time Capsule,STYLE,Too. Cool.,Jamie Feldman,2017-11-09
https://www.huffingtonpost.com/entry/strawberry-season_us_5b9d4cd6e4b03a1dcc866bca,Strawberry Season: Pick and Preserve,FOOD & DRINK,"Do you enjoy them out of the basket, dipped in chocolate, or frozen into ice cubes (a brilliant way to beautify your next glass of lemonade)?","Sharon Kitchens, Contributor
Backyard beekeeper and small egg producer",2013-06-26
https://www.huffingtonpost.com/entry/donald-trump-disabilities-retards_us_5801707ae4b0e8c198a85154,"In Donald Trump's America, People Like Marlee Matlin Are Worthy Of Mocking",HEALTHY LIVING,This is unacceptable. And it disparages a lot of people who vote.,Anna Almendrala,2016-10-15
https://www.huffingtonpost.com/entry/trump-southern-storms-aid_us_5885bdbbe4b096b4a232ce85,"Trump Pledges Aid For Storm-Hit Georgia, Florida And Alabama",POLITICS,"“The tornadoes were vicious and powerful and strong and they suffered greatly.""",,2017-01-23
https://www.huffingtonpost.com/entry/christie-brinkley-divorce_us_5b9b6bb3e4b03a1dcc776644,Christie Brinkley Divorce: Peter Cook Says Ex Is Trying To 'Publicly Castrate' Him,DIVORCE,"""I'm not here to attack Christie Brinkley, but to defend myself, because to be called a dead beat dad -- to me -- is such",,2012-03-07
https://www.huffingtonpost.com/entry/dont-fuck-the-patriarchy_b_13436852.html,Here's An Easy Way To Fight Hate: Don't F**K The Patriarchy,QUEER VOICES,"It's hard not to feel overwhelmed. It's hard to know where to start. We've been thinking about it and talking about it constantly, and one of the simplest, most gratifying and empowering responses I can think of is for all of us to just stop giving those people pleasure.","Rebecca Orchant, ContributorCo-Owner and Sandwich Pusher at Pop+Dutch",2016-12-10
https://www.huffingtonpost.com/entry/what-does-your-husband-do-the-secret-identity-of_us_58fdb11fe4b0f02c3870ec31,What Does Your Husband Do? The Secret Identity Of The Expat Wife,WOMEN,"Of all the questions a modern woman expects to be asked when meeting someone for the first time, “So, what does your husband","Rasha R, ContributorMother of two little girls who hasn't slept since 2014.",2017-04-24
https://www.huffingtonpost.com/entry/weekly-roundup-of-ebay-vi_us_5b9de182e4b03a1dcc8e1586,Weekly Roundup of eBay Vintage Clothing Finds,STYLE & BEAUTY,No time to page through thousands of eBay listings? Then just sneak a peek at my weekly eBay roundup of top vintage clothing,"Mary Kincaid, Contributor
Founder and Editor of Zuburbia.com",2014-02-18
https://www.huffingtonpost.com/entry/military-leaders-climate-change-advice-donald-trump_us_582a4082e4b060adb5700332,Global Security Leaders Have Some Climate Change Advice For Donald Trump,GREEN,Too bad he thinks it's a giant hoax!,Chris D'Angelo,2016-11-15
https://www.huffingtonpost.com/entry/african-first-ladies-summit-2013-photos_us_5b9d50e7e4b03a1dcc8695f1,African First Ladies Summit 2013: A Look At The Style (PHOTOS),STYLE & BEAUTY,"The first ladies of Africa came together with two of our own, Michelle Obama and Laura Bush, on Tuesday, kicking off the",,2013-07-02
https://www.huffingtonpost.com/entry/jennifer-aniston-living-proof-campaign-hair_us_5b9c650ee4b03a1dcc7e546e,Jennifer Aniston's Living Proof Deal Ushers In New Era Of Aniston Hair,STYLE & BEAUTY,"Sadly, this does not mean the return of The Rachel.",Ellie Krupnick,2012-10-11
https://www.huffingtonpost.com/entry/wine-and-food-pairing-rules_n_6840770.html,6 Things Every Beginner Should Know About Food-And-Wine Pairings,TASTE,As explained by the experts.,Alison Spiegel,2015-03-13
https://www.huffpost.com/entry/kellyanne-conway-matt-whitaker-trump_n_5be862e4e4b0dbe871ac483c,Trump Claims He Doesn’t Know Matt Whitaker. That's Not What Kellyanne Conway Says.,POLITICS,"The president just meant the acting attorney general isn't ""a friend"" he’s known for ""his entire life,” Conway said.",Hayley Miller,2018-11-11
https://www.huffingtonpost.com/entry/france-bombs-isis-syria_us_5648ef7be4b06037734982c4,France Bombs ISIS Headquarters In Syria,THE WORLDPOST,French warplanes pounded Islamic State positions in Syria on Sunday as police in Europe widened their investigations into,"EMMANUEL JARRY AND ROBERT-JAN BARTUNEK, Reuters",2015-11-15
https://www.huffingtonpost.com/entry/connie-going-social-worker_us_5b9d7f32e4b03a1dcc88c595,"Connie Going, Social Worker, Adopted The Child She'd Tried To Place With A Family For A Decade",PARENTING,"""It was always somewhat my fault, but I didn't realize that, you know, when I was growing up,"" Taylor told CBS. The journey",Mandy Velez,2013-09-09
https://www.huffingtonpost.com/entry/the-important-reason-patti-labelle-is-raising-her-powerful-voice_us_5734faa6e4b077d4d6f29c9d,The Reason Patti LaBelle Is Raising Her Powerful Voice,ENTERTAINMENT,"""I decided to put my voice into action,"" the singer said.",Lauren Moraski,2016-05-13
https://www.huffingtonpost.com/entry/political-art-decorates-t_us_5b9d2cb1e4b03a1dcc852c15,Political Art Decorates the Wall / Security Barrier,TRAVEL,"Much of the art along the wall has a David and Goliath theme, with slingshot-wielding boys tormenting well-armed troops. When","Rick Steves, Contributor
Contributor",2013-05-17
https://www.huffingtonpost.com/entry/violence-against-police-2017_us_5a3c216ae4b06d1621b304f8,"Despite Trump Administration Fearmongering, 2017 Is Among Safest Years Ever For Police",POLITICS,A closer look at the data calls into question the effort to politicize attacks on law enforcement.,Nick Wing,2017-12-28
https://www.huffingtonpost.com/entry/direct-primary-care_b_6647100.html,The Health Care Revolution You Haven't Heard About,HEALTHY LIVING,"Frustrated by insurance regulations, increasing paperwork and limited time to see complicated patients, a group of primary care physicians are leading a movement. It's called direct primary care, and it could change your health.","Smita Malhotra, M.D., ContributorPediatrician, Writer, Co-Founder of Mindful Pediatric Gastroen...",2015-02-10
https://www.huffingtonpost.com/entry/pesticides-linked-to-increased-childhood-cancer-risk_us_55f6deb5e4b077ca094f9274,Pesticides Linked To Increased Childhood Cancer Risk,HEALTHY LIVING,Children may be particularly vulnerable because their immune systems are still developing.,"Agata Blaszczak-Boxe, Live Science",2015-09-14
https://www.huffingtonpost.com/entry/teaching-scott-walker-wha_b_6693454.html,Teaching Scott Walker What it Means to Pontificate,RELIGION,"When Wisconsin Governor Scott Walker was in London last week attempting to look presidential, he refused to answer even the most basic of policy questions.  Although he certainly didn't intend it this way, his non-answer to the query asking about his opinion of the theory of evolution should be long remembered.","Michael Zimmerman, Ph.D., ContributorFounder, The Clergy Letter Project",2015-02-16
https://www.huffingtonpost.com/entry/mental-toughness-_b_7911244.html,7 Ways People With Phenomenal Mental Toughness Combat Stress,HEALTHY LIVING,"While stress causes some people to crumble, mentally strong people continue to thrive in the midst of added tension.","Amy Morin, ContributorPsychotherapist and author of '13 Things Mentally Strong Peopl...",2015-08-01
https://www.huffingtonpost.com/entry/5-dreamy-nightcaps_us_5b9c6500e4b03a1dcc7e541a,5 Dreamy Nightcaps,FOOD & DRINK,"If you have trouble switching off your thoughts at night, consider adding a nightcap to your evening routine.","Liquor.com, Contributor
Liquor.com",2012-10-12
https://www.huffingtonpost.com/entry/get-on-up-chadwick-boseman_n_5947784.html,'Get On Up' Star: Black Actors Are 'Up Against Odds',ENTERTAINMENT,,Emily Tess Katz,2014-10-07
https://www.huffingtonpost.com/entry/amazon-the-tick-warburton_n_5741254.html,Amazon May Bring Back Patrick Warburton's 'The Tick',ENTERTAINMENT,,E. Oliver Whitney,2014-08-30
https://www.huffingtonpost.com/entry/west-nile-virus-bald-eagles_us_5bb14dece4b09bbe9a5e1758,West Nile Virus Blamed For Death Of Dozens Of Bald Eagles In Utah,ENVIRONMENT,The water birds are expected to end their stopover in Utah and fly to the Southwestern United States and Mexico the second,"Reuters, Reuters",2014-01-01
https://www.huffpost.com/entry/bill-magness-ercot-fired-after-blackouts_n_6040da16c5b682971505a6c8,Texas Power Grid CEO Fired After Deadly February Blackouts,U.S. NEWS,Bill Magness' ouster follows millions of people going without electricity and heat for days in subfreezing temperatures.,"PAUL J. WEBER, Associated Press",2021-03-04
https://www.huffingtonpost.com/entry/funny-or-die-very-hungry-caterpillar_us_5a4fa6dae4b089e14dba7cff,Funny Or Die's Reboot Of 'The Very Hungry Caterpillar' Will Eat You Alive,COMEDY,"From the producers of ""Air Bud: Extinction.""",Andy McDonald,2018-01-05
https://www.huffingtonpost.com/entry/kids-fashion-best-dressed-outfits_us_5b9b5cfbe4b03a1dcc76f1c9,Kids Fashion: 20 Outfits That Will Make You Wish You Had Child Style,PARENTING,"It usually takes years of ill-advised sartorial choices to cultivate winning personal style. But, a few fashionable toddlers",Emma Gray,2012-03-03
https://www.huffingtonpost.comhttp://www.npr.org/2012/04/20/150959362/after-marriage-ends-exes-become-best-friends,"After Marriage Ends, Exes Become 'Best Friends'",DIVORCE,"After the marriage between James Hanson-Brown and Lisa Combest ended, something unusual happened: Their relationship deepened",,2012-04-20
https://www.huffingtonpost.com/entry/pulsepoint-app-cpr-cardiac-arrest_us_5616d199e4b0e66ad4c70d43,App Saves Lives By Connecting People With CPR Training To Cardiac Arrest Victims,TECH,"When a citizen responder is able to reach a victim before medical professionals arrive, the victim is more likely to survive.",Alexander Howard,2015-10-10
https://www.huffingtonpost.com/entry/ryan-lochte-razors-gillette-photo-olympics-2012_us_5b9c1d16e4b03a1dcc7c6616,"Ryan Lochte Razors: Olympian Gifted With Gillette Gold-Plated, Diamond-Encrusted Shavers (PHOTO)",STYLE & BEAUTY,Gillette also had a special message for Lochte: Lochte was gifted with two razors -- one gold-plated and the other diamond,Cavan Sieczkowski,2012-08-08
https://www.huffingtonpost.com/entry/hope-artist-shepard-fairey-new-art_us_57adf886e4b071840411043a,'Hope' Artist Shepard Fairey Explains Why He's Voting For Hillary Clinton,ARTS & CULTURE,"If he were to make a ""Hope""-style portrait of Trump, it'd involve one word: ""Ego.""",Katherine Brooks,2016-08-15
https://www.huffingtonpost.com/entry/trump-maga-hat-shamrock_us_58bef6f9e4b0f0c1cf968fbf,Twitter Noticed An Error On The New Green Trump Hats,STYLE,Looks like someone needs a history lesson. ☘,Suzy Strutner,2017-03-07
https://www.huffingtonpost.com/entry/startup-incubator-teaches_b_7120798.html,Startup Incubator Teaches Military Veterans in NYC,BUSINESS,"Last weekend, one of my favorite organizations, the Patriot Boot Camp, swung through the Big Apple to throw a three day shindig of startupy goodness. I popped by to check out the action.","Will Gregory, ContributorEntrepreneur",2015-04-24
https://www.huffingtonpost.com/entry/devaris-caine-rogers-shooting_us_578a31b7e4b03fc3ee511549,Atlanta Police Officer Charged With Murder In The Shooting Of Unarmed Black Man,CRIME,"The officer fired one shot and struck Devaris Caine Rogers, 22, in the head, a district attorney says.",Steven Hoffer,2016-07-16
https://www.huffingtonpost.com/entry/amy-poehler-golden-globes-dress-2013-photos_us_5b9cb20de4b03a1dcc80f5df,Amy Poehler Golden Globes Tuxedo 2013: See The Co-Host's Sexy Suit! (PHOTOS),STYLE & BEAUTY,We definitely weren't expecting THIS.,,2013-01-14
https://www.huffingtonpost.com/entry/habits_us_5b9d63e1e4b03a1dcc8768c3,"Out of Sight, Out of Mind",WELLNESS,"How long does it really take to change a habit?  I definitely don't think the 21 days my friend referenced is enough, and if my experience is any guide, the 45 days isn't long enough to really change a habit, either.","Wendie Trubow, MD, MBA, Contributor
Functional Medicine Physician, Wellness Specialist, Coach, Blo...",2013-07-31
https://www.huffingtonpost.com/entry/preserving-a-generations-goodness-and-decency-during_us_582538f4e4b02b1f52579f22,Preserving A Generation's Goodness And Decency During The Trump Years,PARENTS,"Note: The following is my personal opinion. All of us are numb, I know. The most uncertain years of U.S. history are about","Mike Ragogna, ContributorTrafficbeat Entertainment, Music Biz Vet",2016-11-11
https://www.huffingtonpost.com/entry/ted-cruz-marco-rubio-immigration_us_56733cf2e4b0b958f6560230,Ted Cruz May Be Right In His Fight Against Marco Rubio. But That Just Makes Him A Petty Politician.,POLITICS,The only person who knows Ted Cruz's true beliefs on immigration is probably Ted Cruz.,Elise Foley,2015-12-18
https://www.huffingtonpost.com/entry/it-will-never-happen-to-me_us_590cb4b0e4b0f71180724429,'It Will Never Happen To Me',PARENTS,I think most of our lives we read about tragedies and hard stuff and breathe a sigh of relief and think that it will never,"Rachel Marie Martin, ContributorWriter of FindingJoy.net",2017-05-05
https://www.huffingtonpost.com/entry/whats-a-practicing-catholic-with-celiac-disease-to_us_596683abe4b07b5e1d96ece4,What’s A Practicing Catholic With Celiac Disease To Do?,RELIGION,"On June 15, 2017, the Vatican issued a reiteration of Church doctrine that stipulates that there has to be wheat in communion","Alice Bast, ContributorBeyond Celiac CEO",2017-07-12
https://www.huffingtonpost.com/entry/hillary-clinton-donald-trump-gaffes_us_5728d8efe4b096e9f08f43d6,What About Hillary Clinton's Gaffes?,POLITICS,"Donald Trump is the post-gaffe candidate, but Clinton doesn't seem as lucky.",Igor Bobic,2016-05-03
https://www.huffingtonpost.com/entry/smart-travel-advice_us_5b9dd154e4b03a1dcc8d4044,Smart Travel Advice: Don't 'Micromanage' Your Next Trip,TRAVEL,"He's walked across Israel, bicycled across Burma, piloted a fishing boat down the Laotian Mekong, and driven a Land Rover across the Americas. In 2010, to prove a point about traveling light, he trekked around the world for six weeks with no luggage or bags of any kind.","Christopher Elliott, Contributor
Author, How to Be the World's Smartest Traveler (and Save Time...",2014-01-26
https://www.huffingtonpost.com/entry/in-the-moment_us_5b9cb2ece4b03a1dcc80fec9,In the Moment,WELLNESS,If the doctor is talking to fast and you can't remember what he said two sentences ago? Speak up!  Ask him to repeat himself.  It's also a good idea to bring someone along with you that can be there to hear things as well.,"Robert Johnston, Contributor
College admissions counselor, actor, geek",2013-01-08
https://www.huffingtonpost.com/entry/dealing-with-chronic-pain_us_5b9d7f1ae4b03a1dcc88c2de,Pain's Long Reach and Powerful Grip,WELLNESS,Ask our son about pain. He will tell you about the heavy burden it places on him along with everyone close and important to him. He will tell you that pain is real and it is personal.,"Jim Moret, Contributor
Chief Correspondent, Inside Edition; Author and Attorney",2013-09-09
https://www.huffingtonpost.com/entry/snoop-dogg-donald-sterling_n_5218980.html,Snoop Dogg Has A Blunt Message For Racist NBA Team Owner,BLACK VOICES,,Braden Goyette,2014-04-26
https://www.huffingtonpost.comhttp://www.ew.com/article/2015/09/15/nightly-show-larry-wilmore-renewed-season-2,Comedy Central Renews 'The Nightly Show With Larry Wilmore',BLACK VOICES,"As Comedy Central prepares for the changing of the Daily Show hosting guard, it will keep things the same in the post-Daily",,2015-09-16
https://www.huffingtonpost.com/entry/donald-trump-edwin-jackson-immigration-crackdown_us_5a79b4a6e4b00f94fe9562cf,Donald Trump Uses Football Player's Death As Push For Immigration Crackdown,POLITICS,"Edwin Jackson wouldn't have been hit by a car if the U.S. didn't take in undocumented immigrants, he implied.",Willa Frej,2018-02-06
https://www.huffingtonpost.com/entry/ammon-bundy-arrested_us_56a8267ce4b0f7179928639c,"Ammon Bundy Arrested, Follower Killed, During Confrontation With Law Enforcement In Oregon",CRIME,"Killed was Robert ""LaVoy"" Finicum, who had acted as spokesman for the militants.",Nick Visser,2016-01-27
https://www.huffingtonpost.com/entry/dealing-with-death_us_5b9b4bf7e4b03a1dcc767156,Emotional Avoidance and Disbelief in Death,WELLNESS,"While I do experience that the soul in some guise persists after the form expires, I most definitely experience that our life as well as our physical death are highly relevant events in our soul's growth.","Kelley Harrell, Contributor
Author and Modern Shaman",2012-02-09
https://www.huffingtonpost.com/entry/lady-gaga-nude-fragrance-ad-fame-naked_us_5b9c017ee4b03a1dcc7bb2d5,Lady Gaga Nude Fragrance Ad Features Strategically Placed Little Monsters (PHOTOS),STYLE & BEAUTY,"There's no raw meat in sight, but in true Gaga style, the spot is sure provocative. The singer poses in the buff save for",,2012-07-17
https://www.huffingtonpost.com/entry/samantha-bee-stephen-miller-examination-history_us_5a6988bfe4b00228300954f8,Samantha Bee Takes Aim At Donald Trump's 'Racist A**hole' Adviser Stephen Miller,COMEDY,"“Who is this enterprising slime mold on the Wonder Bread of democracy?""",Lee Moran,2018-01-25
https://www.huffingtonpost.com/entry/we-are-the-naked-emperor_us_5b9d4ed4e4b03a1dcc867cb4,We Are the Naked Emperor: On Not Wanting to Know What We Know,WELLNESS,This is a deeply insightful story that exposes how we can know something yet refuse to acknowledge that we know it.,"Peter Rollins, Contributor
Author, 'The Idolatry of God'",2013-07-01
https://www.huffingtonpost.com/entry/worlds-best-beaches-as-pi_us_5b9b6b85e4b03a1dcc7763d9,"World's Best Beaches, As Picked By TripAdvisor (PHOTOS)",TRAVEL,The list -- culled together by millions of readers' reviews -- reads as a veritable who's who (or what's where) of beaches,,2012-03-08
https://www.huffpost.com/entry/george-papadopoulos-loses-prison-delay-bid_n_5bfacb0de4b0eb6d930f91c0,Ex-Trump Campaign Aide George Papadopoulos Loses Bid To Delay Prison Sentence,POLITICS,A federal judge ruled Papadopoulos must surrender Monday to serve his two-week prison term in connection with the Mueller probe.,,2018-11-25
https://www.huffpost.com/entry/fitness-for-parents-tweets_l_60089fa5c5b6ffcab96a5b5f,40 Funny Tweets That Sum Up Fitness For Parents,PARENTING,"""If you're not using the gym solely for childcare, we probably can't be friends.""",Caroline Bologna,2021-01-28
https://www.huffingtonpost.com/entry/surprising-dishwasher-uses_us_5b9c059ae4b03a1dcc7bd4ec,17 Surprising Things You Can Put In The Dishwasher,FOOD & DRINK,This kitchen appliance does a whole lot more than wash plates.,Julie R. Thomson,2012-07-23
https://www.huffingtonpost.com/entry/facebook-diversity-problems_us_5788efc1e4b03fc3ee5077b2,Facebook Gives Pathetic Excuse For Its Diversity Problems,TECH,"""This is a f**king insult,"" one outspoken advocate of diversity in Silicon Valley said.",Damon Beres,2016-07-15
https://www.huffpost.com/entry/john-oliver-misinformation-memes_n_6163dfbde4b01964442662bd,John Oliver Crafts Perfect Meme For Aging Relatives Who Share BS On Social Media,ENTERTAINMENT,"The ""Last Week Tonight"" host shows how the problem is even bigger than most people realize.",Ed Mazza,2021-10-11
https://www.huffingtonpost.com/entry/cicada-sound-audio_us_5bb13932e4b09bbe9a5cb1b6,Cicada Sound Demonstrated In Audio Recording,ENVIRONMENT,The cicadas are coming. Soon. Billions of the red-eyed bugs are expected to swarm the East Coast for six weeks after temperatures,,2013-05-11
https://www.huffingtonpost.com/entry/blood-sugar-challenge_us_5b9b6010e4b03a1dcc770937,Join Me on the 30-Day Blood Sugar Solution Challenge,WELLNESS,With the launch of The Blood Sugar Solution I have created this special 30-day Blood Sugar Solution Challenge for readers of The Huffington Post. I would like to extend a personal invitation for you to join me on this challenge starting today.,"Mark Hyman, MD, Contributor
Practicing Physician",2012-02-27
https://www.huffingtonpost.com/entry/forest-fire-fossils-dinosaur-era_n_5460057.html,DISCOVERED: Ancient Forest Fire Locked In Stone,SCIENCE,,,2014-06-08
https://www.huffingtonpost.com/entry/playboy-jenna-jameson-clapback_us_59f0a4d4e4b0cf6334a059fb,Playboy Claps Back At Transphobia After Announcing First Trans Playmate,QUEER VOICES,Jenna Jameson and others slammed Playboy last week after it announced trans model Ines Rau would be in an upcoming spread.,James Michael Nichols,2017-10-25
https://www.huffingtonpost.com/entry/cannabis-christmas-tree_us_585f89e5e4b0de3a08f59405,Cops Seize Cannabis Plant Decorated As A Christmas Tree,CRIME,"It was dressed with tinsel, twinkling fairy lights and had a golden angel on top.",Lee Moran,2016-12-25
https://www.huffingtonpost.com/entry/5-tips-for-the-wife-of-a-football-fan_b_5806890.html,5 Tips For The Wife Of A Football Fan,WOMEN,,"Anjali Varma, Contributorwww.AnjaliVarma.com, Marketing On Budget E-Course Creator, Spe...",2014-09-12
https://www.huffingtonpost.com/entry/ideas-for-gun-tv-network_us_56637537e4b072e9d1c67692,"27 Ideas I Submitted To GunTV, The Home Shopping Network For Guns",COMEDY,I think I'm a troll.,Aaron Nemo,2015-12-07
https://www.huffpost.com/entry/joe-biden-immigration_n_60084a1ac5b6df63a91bc692,Biden Launches Effort To Undo Trump's Damage On Immigration,POLITICS,"The reforms signal a new and welcomed era for immigrants, who were among Trump’s favorite scapegoats and targets.",Rowaida Abdelaziz,2021-01-20
https://www.huffingtonpost.com/entry/no-tears-just-a-selfie-a_us_5badf49fe4b0bb1705fbaef2,"No Tears, Just a Selfie: A Response",BLACK VOICES,"Selfies on their own are neither good nor bad; they do not only signify narcissism nor do they signal a need to be praised, nor are they innocent images of altruism.","Maurice Tracy, Contributor
Doctoral candidate in American studies, Saint Louis University",2013-11-24
https://www.huffingtonpost.com/entry/george-takei-coming-out_us_567ae16be4b06fa6887fb179,George Takei Reveals Why He Stayed Closeted For So Long,QUEER VOICES,"""I was silent on that one issue that was closest to me.""",Michelangelo Signorile,2015-12-26
https://www.huffingtonpost.com/entry/dad-makes-invisible-jet-out-of-balloons-for-daughters-wonder-woman-costume_us_58b5b4afe4b060480e0c4111,Dad Makes Invisible Jet Out Of Balloons For Daughter's Wonder Woman Costume,PARENTS,It required about 275 balloons.,Taylor Pittman,2017-03-01
https://www.huffingtonpost.com/entry/marilyn-monroe-valentines-day-photo_us_5b9cc681e4b03a1dcc81bf76,Marilyn Monroe Has The Perfect Beauty Look For Valentine's Day (PHOTO),STYLE & BEAUTY,So sexy and sweet.,Michelle Persad,2013-02-02
https://www.huffingtonpost.com/entry/mark-walker-eye-candy-gop-rep_us_59cb1964e4b053a9c2f4ff8f,GOP Rep. Mark Walker Calls Female Colleagues 'Eye Candy' At Press Event,POLITICS,"He later tells CNN he regrets his ""flippant remark.""",Rebecca Shapiro,2017-09-27
https://www.huffpost.com/entry/laverne-cox-citi-true-name-transgender-initiative_n_5fbd966ac5b68ca87f7f8c93,Laverne Cox Wants To Reframe Narrative Around Transgender Rights With New Project,ENTERTAINMENT,"The artist and activist teamed up with Citi for its ""True Name"" initiative, allowing trans and gender-nonconforming people to reflect their true selves.",Curtis M. Wong,2020-11-25
https://www.huffingtonpost.com/entry/cancer-john-mccain-fighter_us_5970ae8de4b0aa14ea77f55b,Cancer Doesn't Choose Who Survives Based On How Hard Someone Fights,HEALTHY LIVING,Let the well wishes for John McCain also be an important reminder.,Lindsay Holmes,2017-07-20
https://www.huffingtonpost.com/entry/lgbt-federal-contractors-religious-freedom_us_583de350e4b04fcaa4d540b3,Republicans Strip Their Anti-LGBTQ Provision From Defense Bill,POLITICS,It would have let government contractors fire LGBTQ employees in the name of religious liberty.,Jennifer Bendery,2016-11-29
https://www.huffingtonpost.com/entry/four-preventable-diseases_us_5bb193abe4b01857b7084837,Four Preventable Diseases G8 Leaders Should Keep In Mind,IMPACT,The 2012 G8 summit offers an important moment for global leaders to signal to the rest of the world that immunization and vaccine development programs are a top priority. They should not let this opportunity pass them by.,"Dr. Ciro de Quadros, Contributor
Executive Vice President, Sabin Vaccine Institute",2012-05-12
https://www.huffingtonpost.com/entry/sports-authority-bankruptcy-no-bonuses_us_57a23b2fe4b0e1aac9145f04,"Executives At Bankrupt Sports Authority Ask For Bonuses, Get Denied",BUSINESS,"""I think it’s just inappropriate to pay senior executives a bonus when all the employees are losing their jobs,"" the judge said.","Tom Hals, Reuters",2016-08-03
https://www.huffingtonpost.com/entry/the-dichotomy-of-forgiven_b_5505422.html,The Dichotomy of Forgiveness,IMPACT,"I have a relationship with my children's dad today that is nothing short of miraculous. We laugh, we talk, love our sons unconditionally and with unabashed pride. Would I be the person I am today had I not been born to my family, through my father, to the life I live?","Trish DeLuca, ContributorMother, Sister, Friend, Mentor, Student, Writer",2014-06-18
https://www.huffingtonpost.com/entry/anthony-scaramucci-donald-trump-tweets_us_59739565e4b0e79ec199a75b,"Anthony Scaramucci Deletes Tweets At Odds With Trump, Then Says He's Being Transparent",POLITICS,Seriously?,Sam Levine,2017-07-22
https://www.huffingtonpost.com/entry/hillary-clinton-rnc_us_5787cb44e4b0867123e03516,Hillary Clinton Campaign Ready To Mock Donald Trump At His Own Convention,POLITICS,They'll be holding a counter-convention.,Amanda Terkel,2016-07-14
https://www.huffingtonpost.com/entry/prince-crazy-snl-celebrities-video_us_571c1d9be4b0d4d3f7239bf8,'SNL' Alum Releases Never-Before-Seen Video Of Prince Performance At 40th Anniversary Party,ENTERTAINMENT,"""Dearly inebriated.""",Peter Andrew Hart,2016-04-24
https://www.huffingtonpost.com/entry/jennifer-lawrence-2015-most-valuable-stars-vulture_us_5649e481e4b045bf3defd6b3,Jennifer Lawrence Tops The List Of Most Valuable Stars,ENTERTAINMENT,JLaw FTW.,Carly Ledbetter,2015-11-16
https://www.huffingtonpost.com/entry/mlk-roadtrip-nation_us_5badd2e9e4b0bb1705fafe61,"MLK's Friend Says 'Get Busy!' (On Your Dreams, That Is)",BLACK VOICES,"The question is: if you resolutely pledged yourself to your dreams, what could you accomplish? Whether you dream of solving world hunger, saving the environment, or you've just always wanted to draw video game characters, the point is that no dream is too big or silly to chase.","Roadtrip Nation, Contributor
Roadtrip Nation",2013-01-21
https://www.huffingtonpost.com/entry/rethinking-masculinity_us_5969552ee4b022bb9372b19d,Rethinking Masculinity,QUEER VOICES,My series encourages viewers to reflect on commonly held definitions and depictions of “manliness” and its relevance in present-day society.,"Jordan Browne, ContributorArtist",2017-07-15
https://www.huffingtonpost.comhttp://www.weather.com/news/science/animals-mate-life-20140211,These 8 Animals Mate For Life,ENVIRONMENT,"Romance is in the air, with Valentine’s Day upon us. Read more on www.weather.com",,2014-02-16
https://www.huffingtonpost.com/entry/weird-food-youtube_us_5b9cbc3ee4b03a1dcc8156a7,"Scorpions, Tarantulas, Deodorant, Oh My! The Most Disgusting Foods and Eating Challenges on YouTube",FOOD & DRINK,"From challenges like eating 50 garlic cloves or taking down a complete stick of deodorant, to Bear Grylls downing larvae to a young girl with a taste for praying mantis, all of your favorites are here.","Shira Lazar, Contributor
On-Air Personality,  Founder @WhatsTrending",2013-01-18
https://www.huffingtonpost.com/entry/home-bar-photos_us_5b9d586ce4b03a1dcc86e474,"California Home's $350,000 Bar Is Totally Amazing (PHOTOS)",HOME & LIVING,Do you have a home story idea or tip? Email us at homesubmissions@huffingtonpost.com. (PR pitches sent to this address will,Michelle Manetti,2013-07-12
https://www.huffingtonpost.com/entry/neil-degrasse-tyson-bill-maher-water-mars_us_56103135e4b0768127024d0c,Neil deGrasse Tyson Changed Bill Maher's Mind About Water On Mars,COMEDY,Neil deGrasse Tyson explains why Mars is a big deal.,Bill Bradley,2015-10-03
https://www.huffingtonpost.com/entry/keeping-your-relationship-hydrated_b_7293702.html,Keeping Your Relationship Hydrated,WOMEN,"Just like tiny raindrops, there are small things you can do every day to fill up the reserves. The more drops or positive things you pour into the relationship, the more cushion you have for the dry spells. The result is a strong foundation of trust, love and patience.","Kirsten Brunner, MA, LPC, ContributorTherapist, mom of 2 and blogger at Baby Proofed Parents, ""Wher...",2015-05-18
https://www.huffingtonpost.com/entry/maliki-mosul-iraq-court_us_55d08fa2e4b0ab468d9d8b1b,Report: Iraqi Panel Calls For Former PM Maliki To Be Referred To Court,THE WORLDPOST,In connection with the fall of Mosul to ISIS.,,2015-08-16
https://www.huffingtonpost.com/entry/will-police-unions-battle_b_6408794.html,Will Police Unions Battle Houses of Worship or Seek Reconciliation?,RELIGION,"In New York City, since protests began over the treatment of African-Americans caught up in the criminal justice system, the police union there has done everything possible to inflame tensions and undermine civil authority.","Rev. Dr. Chuck Currie, ContributorDirector of the Center for Peace and Spirituality and Universi...",2015-01-04
https://www.huffingtonpost.com/entry/women-in-business-_b_7426776.html,"Women in Business Q&A: Marilyn Johnson, CEO, International Women's Forum",BUSINESS,"In her early career, she was an elementary school educator and a television personality, reporting news and weather. A graduate of John Marshall University, her advanced degrees are in Education, and she attended the Harvard Business School Strategic Leadership Forum representing Finance Sector Marketing for IBM.","Laura Dunn, ContributorSocial Media and Communications Professional, Founder and Edit...",2015-05-23
https://www.huffingtonpost.comhttps://www.themarshallproject.org/2015/10/09/meet-the-federal-prisoners-about-to-be-released?ref=hp-1-100,Meet The Federal Prisoners About To Be Released,POLITICS,They are mostly black and Hispanic men. The average age is mid-30’s. Their drug of choice was cocaine (powder or crack) followed,,2015-10-12
https://www.huffingtonpost.com/entry/the-global-gag-rule-impacts-hard-fought-progress-on_us_5a2169dae4b0545e64bf9256,The Global Gag Rule Impacts Hard-Fought Progress On HIV/AIDS Relief,WORLD NEWS,"The Trump administration not only reinstated the Global Gag Rule, it expanded it – by 15 times.","Seema Jalan, ContributorExecutive Director, Universal Access Project",2017-12-01
https://www.huffingtonpost.com/entry/natural-remedies-lavender_us_5b9ba1ace4b03a1dcc7928a8,Natural Remedies: 5 Health Benefits Of Lavender,WELLNESS,"By Leslie Barrie Use this soothing purple herb to calm your stomach, mind and skin. For more on natural remedies, click here",,2012-04-28
https://www.huffingtonpost.com/entry/morning-people-lark-early-bird_us_5b9df310e4b03a1dcc8f58c6,7 Things Morning People Do Differently,WELLNESS,"Inside each of us, is a genetically-determined clock. You can’t wind it, and you can’t hear it tick, but you most likely",Sarah Klein,2014-04-01
https://www.huffingtonpost.com/entry/weight-loss-success-story_us_5b9b7c97e4b03a1dcc77ffd8,How the Fattest Kid in School Became the Weight Loss Guru,WELLNESS,"""How on earth can you help me?"" overweight clients would ask me when I first opened my practice. They didn't know that I had spent 25 years hopelessly out of control with my weight, morbidly obese, over 300 pounds, a chronic miserable failure at diets and exercise attempts.","William Anderson LMHC, Contributor
Licensed Mental Health Counselor, Weight Loss and Wellness Exp...",2012-03-27
https://www.huffingtonpost.com/entry/joe-scarborough-senate_n_7001314.html,MSNBC's Joe Scarborough Leaves Door Open For Future Senate Run,MEDIA,,Michael Calderone,2015-04-03
https://www.huffingtonpost.com/entry/walmarts-biggest-problem-_n_5393254.html,Walmart's Biggest Problem,BUSINESS,,,2014-05-26
https://www.huffpost.com/entry/burial-plot-ivana-trump-bedminster-new-jersey-golf-course_n_62e4a731e4b006483a9da670,Photos Reveal Ivana Trump's Final Resting Place At Bedminster Golf Course,U.S. NEWS,"Her plot is near the first tee and clubhouse, The New York Post reports.",Mary Papenfuss,2022-07-30
https://www.huffingtonpost.com/entry/the-same-sex-marriage-dec_b_7679502.html,The Same-Sex Marriage Decision: What to Make of the Dissenters,POLITICS,"A central complaint of the four justices who dissented from the Supreme Court's decision in Obergefell v. Hodges was their repeated assertion that the five justices in the majority were unabashedly distorting the ""true"" meaning of the Constitution to suit their own personal values and beliefs.","Geoffrey R. Stone, ContributorEdward H. Levi Distinguished Service Professor of Law, Univers...",2015-06-27
https://www.huffingtonpost.com/entry/animal-photos-of-the-week_us_5bb1538ae4b09bbe9a5e9cc5,Animal Photos Of The Week: Search And Rescue Dogs Aid Ongoing Mudslide Recovery,ENVIRONMENT,"This week has been an interesting one in the weird, wild world of animal news: A baby porcupine was rescued from its dead",,2014-03-30
https://www.huffingtonpost.com/entry/locals-tourists-geotagging_n_6708730.html,These Gorgeous Maps Show The World's Great Cities From A Local's POV,ARTS,,Talia Lavin,2015-02-19
https://www.huffingtonpost.com/entry/roy-moore-lgbt-conspiracy-sexual-misconduct_us_5a1fc982e4b0a8581e67fddc,Roy Moore Revives Anti-Gay Rhetoric In Deflecting Sexual Assault Allegations,POLITICS,"Moore accused the LGBT community of wanting to ""change our culture.""",Dominique Mosbergen,2017-11-30
https://www.huffingtonpost.com/entry/stormtrooper-daddy_us_5665e539e4b08e945ff05adf,"When A Stormtrooper Comes Home, It Gets Real",COMEDY,"""I thought you were going to mow the lawn today.""",Ron Dicker,2015-12-07
https://www.huffingtonpost.com/entry/dog-alzheimers_n_6564244.html,Your Dog Can Get Alzheimer's Too,SCIENCE,,Carolyn Gregoire,2015-02-01
https://www.huffingtonpost.com/entry/keep-going_us_5b9de1d8e4b03a1dcc8e1c49,Keep Going -- We Believe in You,WELLNESS,"Among all the lessons borne from losing my husband to cancer, the one I see clearest is this: The best way to memorialize a loved one is to choose life. When life feels hard, I tell myself to keep going. I tell my children the same thing.","Nancy Sharp , Contributor
Author, Keynote Speaker, Bold Living & Change Expert",2014-02-21
https://www.huffingtonpost.com/entry/protect-hair-healthy-summer_us_5b9d3ee1e4b03a1dcc85e4b7,How To Protect Your Hair During The Summer,WELLNESS,Wear a hat –- or something cuter. It's one of the best ways to protect your hair from the sun's rays. And if that baseball,,2013-06-13
https://www.huffingtonpost.com/entry/northern-ireland-travel-richard-bangs_us_5b9bd365e4b03a1dcc7a8bf6,"Northern Ireland: Terra Titanicus (PHOTOS, VIDEO)",TRAVEL,The only thing Belfast does in moderation is moderation.,"Richard Bangs, Contributor
Author, producer, travel & technology pioneer, co-founder Moun...",2012-06-11
https://www.huffingtonpost.com/entry/ofatumumab-multiple-sclerosis-drug-trial_us_5b9d9751e4b03a1dcc89e34c,"Ofatumumab, Multiple Sclerosis Drug Candidate, Shows Promise In Phase 2 Study",WELLNESS,"""We are encouraged by the results from this study,"" Genmab's chief executive Jan van de Winkel said in the statement. There","Reuters, Reuters",2013-10-10
https://www.huffingtonpost.com/entry/a-very-welcoming-independ_us_5b9d25f1e4b03a1dcc84e522,A Very Welcoming Independence Day,TRAVEL,The tradition each Independence Day in Israel is for friends and families to have big barbecue feasts. Our friend's daughter,"Rick Steves, Contributor
Contributor",2013-05-09
https://www.huffingtonpost.com/entry/szechenyi-thermal-bath_us_5b9dad6ae4b03a1dcc8b4e59,Take A (Virtual) Post-Holiday Detox At Budapest's Szechenyi Thermal Baths,TRAVEL,"Until next time... In case the idea of lounging around with hundreds of your favorite strangers sounds appealing, may we",,2013-12-02
https://www.huffingtonpost.com/entry/detroit-art-scene-newcomers-locals_us_5697d029e4b0778f46f8611b,Stop Giving New York Transplants All The Credit For Detroit’s Art Scene,ARTS & CULTURE,Move from Brooklyn to Detroit for the cheap rent: get applause. Spend years building your hometown’s arts community: get ignored.,Kate Abbey-Lambertz,2016-01-19
https://www.huffingtonpost.com/entry/chespirito-death_n_6238492.html,Chespirito Dead At 85,LATINO VOICES,,Ana Maria Benedetti,2014-11-28
https://www.huffingtonpost.com/entry/terrence-howard-memes_us_5a2d487be4b073789f6a92c2,"These Terrence Howard Memes Are What You Need In Your Life, Mayne",BLACK VOICES,“Do you wanna build a snow mayne?”,Taryn Finley,2017-12-10
https://www.huffingtonpost.com/entry/5-tips-for-effective-reso_us_5b9cae00e4b03a1dcc80d23e,5 Tips for Effective Resolutions,WELLNESS,4: It's OK if sometimes it takes many years to accomplish something on your list. Sometimes we just can't get it all done,"Maria Rodale, Contributor
CEO and Chairman of Rodale, Inc. and book author",2013-01-02
https://www.huffingtonpost.comhttp://www.bbc.co.uk/news/magazine-16964783,The History Of A Good Night's Sleep,WELLNESS,We often worry about lying awake in the middle of the night -- but it could be good for you. A growing body of evidence from,,2012-02-23
https://www.huffingtonpost.com/entry/azealia-banks-t-by-alexander-wang-video_us_5b9c0de2e4b03a1dcc7c0865,Azealia Banks Is T By Alexander Wang's New Girl (VIDEO),STYLE & BEAUTY,"Debuted exclusively on Style.com, Banks' T by Alexander Wang video is shot in (mostly) black and white with split screens",,2012-07-27
https://www.huffingtonpost.com/entry/john-cena-wrestlemania-33_b_14458220.html,John Cena Wrestlemania 33 Match Revealed? Vince McMahon Unhappy With Goldberg! | WrestleTalk News,SPORTS,,"Oli Davis, ContributorOli Davis is the guy all over WrestleTalk's YouTube channel an...",2017-01-28
https://www.huffingtonpost.com/entry/kendall-jenner-strips-down-easter-photo_n_7007916.html,Kendall Jenner Strips Down In Easter Photo (NSFW),ENTERTAINMENT,,Lily Karlin,2015-04-05
https://www.huffingtonpost.com/entry/weekend-shopping_us_5b9b67e5e4b03a1dcc774783,What The Stylelist Staff Bought This Weekend: March 3rd-4th (PHOTOS),STYLE & BEAUTY,"On the weekends, we Stylelist editors and Blogger Network members practice what we preach, which entails scouring flea markets",Dana Oliver,2012-03-05
https://www.huffingtonpost.com/entry/why-ive-stopped-putting-a_us_5b9de24ae4b03a1dcc8e25a8,Why I've Stopped Putting Anyone on a Pedestal,WELLNESS,"As Henry David Thoreau said, In Judaism, there's a belief that evil is but a shell covering the spark of the Divine within","Jamie Lauren Zimmerman, MD, Contributor
Physician/writer",2014-02-21
https://www.huffingtonpost.com/entry/therapy-helped-tweets_us_57275d26e4b0f309baf146bd,12 Tweets That Reveal The Life-Changing Power Of Therapy,HEALTHY LIVING,There's no shame in seeking help.,Lindsay Holmes,2016-05-02
https://www.huffingtonpost.com/entry/hillary-clinton-designer-campaign-shirts_us_56c71f3be4b041136f169c84,Hillary Clinton Appeals To The Fashion Crowd With Chic Campaign Shirts,STYLE,"Support, in style.",Jamie Feldman,2016-02-19
https://www.huffingtonpost.com/entry/kylie-jenner-tyga-monaco_n_7432192.html,Kylie Jenner & Tyga Get Close At The Monaco Grand Prix,ENTERTAINMENT,,Lauren Zupkus,2015-05-24
https://www.huffingtonpost.com/entry/donald-trump-calls-barack-obama-to-chit-chat-about-oscars-in-conan-spoof_us_58b71088e4b023018c6c5217,Donald Trump Calls Barack Obama To Chit-Chat About Oscars In 'Conan' Spoof,COMEDY,"""Who is this again?""",Ron Dicker,2017-03-01
https://www.huffingtonpost.com/entry/sleep-on-it_us_55bb8b44e4b0b23e3ce26069,'Sleeping On It' Really Does Help You Solve Your Problems,HEALTHY LIVING,Turns out mom's advice was on point (big surprise there).,Alena Hall,2015-08-06
https://www.huffingtonpost.com/entry/ron-swanson-net-neutrality_us_5a2b097ae4b073789f69d799,Ron Swanson Tells FCC Chair Ajit Pai He Has No Honor For Trying To Kill Net Neutrality,ENTERTAINMENT,Swanson 2020.,Jenna Amatulli,2017-12-08
https://www.huffingtonpost.com/entry/kate-bornstein-yearlong-project_n_6199658.html,An Evening With Queer Icon Kate Bornstein,QUEER VOICES,,,2014-11-22
https://www.huffpost.com/entry/devin-nunes-gordon-sondland-testimony-twitter_n_5dd5793ae4b010f3f1d17cd5,Twitter Users Can't Help But Notice Devin Nunes Doesn't Look Happy,POLITICS,The ranking Republican on the House Intelligence Committee did not look thrilled after Gordon Sondland testified in Wednesday's impeachment hearing.,David Moye,2019-11-20
https://www.huffpost.com/entry/larry-hogan-hiding-coronavirus-tests_n_5eab2338c5b635cbe76d180e,Maryland's GOP Governor Hid COVID-19 Test Kits So Feds Can't Take Them,POLITICS,Gov. Larry Hogan said that the state's National Guard is watching thousands of COVID-19 kits his state bought from South Korea.,David Moye,2020-04-30
https://www.huffingtonpost.com/entry/malia-obama-birthday_us_5badb9f9e4b0bb1705fa996b,"Malia Obama Birthday: First Daughter Turns 14, Her Most Stylish Moments (PHOTOS)",BLACK VOICES,"America won't be the only one blowing out birthday candles today. Malia Obama, the country's fashionable birthday twin, is",Michelle Marques,2012-07-04
https://www.huffingtonpost.com/entry/stephen-colbert-border-wall-crowdfunding_us_5abcb6cae4b04a59a314b840,Stephen Colbert Is Baffled By This Proposal To Fund Trump's Border Wall,COMEDY,"""I am not making this up.""",Lee Moran,2018-03-29
https://www.huffingtonpost.com/entry/bob-corker-rigged-election_us_582b1d6ee4b060adb5703dd5,Senate Foreign Relations Chair Says Countries Interfere In Foreign Elections All The Time,POLITICS,Bob Corker thinks it's obvious that Russia butted into U.S. politics.,Sam Levine,2016-11-15
https://www.huffingtonpost.com/entry/stage-door-ute-lemper-sin_b_5769040.html,Stage Door: Ute Lemper Sings Love Songs of Pablo Neruda,ARTS,"It may sound an unusual topic for cabaret, but the actress, who devised the concept, melodies and vocal compositions, scores another musical triumph. Her jazzy rendition of Neruda's love poems is hypnotic, delivered in Spanish, French and English.","Fern Siegel, ContributorDeputy Editor, MediaPost",2014-09-04
https://www.huffingtonpost.com/entry/are-weddings-getting-too_us_5b9db6a4e4b03a1dcc8bdfca,Are Weddings Getting Too Costly For Guests? Tips For Keeping Costs Low,WEDDINGS,"Are bridal attendant and guest expenses getting out of control? If you are mother of the bride or mother of the groom, how do you feel about these costs for friends and family members? What would you do about it?","Erica Laudon, Contributor
Founder of Modern Wedding Mom",2013-12-12
https://www.huffingtonpost.com/entry/amelia-earhart-frida-kahlo-katherine-johnson-barbies_us_5a9dac8ee4b089ec353dd02b,Frida Kahlo And Other Historic Women Are Being Made Into Barbies,WOMEN,"Mattel is also honoring a few living legends, including Olympian Chloe Kim, this International Women's Day.",Alanna Vagianos,2018-03-06
https://www.huffingtonpost.com/entry/end-of-school-year_us_5b9bd26ee4b03a1dcc7a852f,End of School Year Party Madness,PARENTING,The end of school year party circuit is a little like Burning Man without the booze and drugs. But there is ice cream.,"Ciaran Blumenfeld, Contributor
CEO of Hashtracking, Inc & Publisher Momfluential & Supernatur...",2012-06-21
https://www.huffingtonpost.com/entry/legendary-hulk-hogan-says_b_6312158.html,Legendary Hulk Hogan Says Pro Wrestling Has Moved Past Its 'Barbaric Mindset' About Gays,QUEER VOICES,"Not long ago, sports -- including big-time wrestling -- were less accommodating for gay competitors. Only recently have most pro athletes remained active in their chosen careers after coming out.","Pollo Del Mar, ContributorDrag queen on the SF social, political, editorial and fundrais...",2014-12-14
https://www.huffingtonpost.com/entry/11-great-things-about-preschoolers_b_5069465.html,11 Great Things About Preschoolers,PARENTS,"I wish I had savored my son's preschool years the same way I am enjoying his current tween phase. Ten is great, but he'll never be 3 again, and that makes me feel a little... not sad, quite, but wistful, perhaps. Because 3-year-olds have a lot to offer, too.","Chana Frid, ContributorAttorney",2014-05-26
https://www.huffingtonpost.com/entry/fifth-graders-help-boy-with-aspergers_n_7519540.html,"Boy With Asperger's Dreaded Field Day, So Fellow Fifth-Graders Helped Him Feel Like A Star",GOOD NEWS,,Kimberly Yam,2015-06-08
https://www.huffingtonpost.com/entry/mini-coconut-passion-fruit-cakes_us_5b9cf3cfe4b03a1dcc833fb5,Shine on -- Mini Coconut Passion Fruit Cakes,FOOD & DRINK,"It's hard enough to find time to bake, let alone coordinate with mother nature so I can use natural light to get the photography done.","Ken Leung, Contributor
Food Blogger",2013-03-21
https://www.huffingtonpost.com/entry/furry-cookiethief-goes-nuts_us_5a49aa6ee4b0b0e5a7a79b27,Crazed Furry Cookie Thief Goes Squirrelly On Cops,WEIRD NEWS,This body cam video is nuts.,Mary Papenfuss,2018-01-01
https://www.huffingtonpost.com/entry/congress-accomplishments-do-nothing_us_5723801ae4b01a5ebde56947,Will This Be The Most Do-Nothing Year Of A Staunchly Unproductive Congress?,POLITICS,"A budget, appropriations bills and legislation on Puerto Rico have all been at a standstill.",Matt Fuller,2016-04-29
https://www.huffingtonpost.com/entry/apple-black-friday-deals_us_5a12fccbe4b0bfa88c1bce8d,Apple Black Friday Deals That Are Actually Worth Your Time And Money,TECH,The wait is over.,Amanda Pena,2017-11-20
https://www.huffingtonpost.com/entry/its-not-a-rehearsal_us_5b9d0cbfe4b03a1dcc840a19,It's Not a Rehearsal,WELLNESS,"""It's not a rehearsal"" has become a common saw, the laymen's carpe diem, a term that's become as popular as a piece of argot as ""sounds like a plan.""","Francis Levy, Contributor
Writer",2013-04-16
https://www.huffingtonpost.com/entry/ted-cruz-donald-trump-bathroom-bill_us_571d51cce4b0d4d3f723b184,"For Ted Cruz, Trans People Are What Happens When Trump Dresses Up As Hillary",POLITICS,"""Let me make this real, real simple for folks in the media who find this conversation very confusing.""",Marina Fang,2016-04-25
https://www.huffingtonpost.com/entry/it-only-takes-two-days-to_us_5b9d0e8ce4b03a1dcc841b63,It Only Takes Two Days to Kick Salt,WELLNESS,"Try it! I've always been a salt lover, and have used salt liberally in my cooking. But it's increasingly clear there are","Maria Rodale, Contributor
CEO and Chairman of Rodale, Inc. and book author",2013-04-17
https://www.huffingtonpost.com/entry/us-swimmers-disciplinary-committee_us_57b78064e4b00d9c3a17c2ad,U.S. Swimmers To Face Disciplinary Commission Over False Rio Robbery Claims,SPORTS,The athletes could be punished over their claims that created an international firestorm.,,2016-08-19
https://www.huffingtonpost.com/entry/trailer-rose-mcgowan-docuseries-metoo_us_5a536ae4e4b01e1a4b177b20,Watch The Trailer For Rose McGowan's New Docuseries About Life After #MeToo,ENTERTAINMENT,"""Citizen Rose"" premieres Jan. 30.",Alanna Vagianos,2018-01-08
https://www.huffingtonpost.com/entry/beard-facts_us_5b9d2767e4b03a1dcc84f4c1,The Beard: When Young Men Look Like Old Men,STYLE & BEAUTY,"In the world of facial stubble, the famous five o'clock shadow has become the nearly permanent 10 o'clock shadow, proving -- as if you needed proof at this point -- that this is the season of facial hair.","Thom Nickels, Contributor
Philadelphia-based author/journalist",2013-05-13
https://www.huffingtonpost.com/entry/michelle-obama-super-bowl-interview_us_56b7a100e4b04f9b57da0072,Michelle Obama Is Looking Forward To The Super Bowl Halftime Show,POLITICS,And she had some advice for her pal Beyoncé.,Marina Fang,2016-02-07
https://www.huffingtonpost.com/entry/amanda-seyfried-is-pregnant_us_583eb381e4b0ae0e7cdae121,Mamma Mia! Amanda Seyfried Is Pregnant,ENTERTAINMENT,It will be first child for the actress and fiancé Thomas Sadoski.,Ron Dicker,2016-11-30
https://www.huffingtonpost.com/entry/gwyneth-paltrow-is-the-ne_us_5b9de957e4b03a1dcc8e8fe1,Gwyneth Paltrow is the New Face of Restørsea,STYLE & BEAUTY,"Here goes: One day Restørsea's boss, Patti Pao, just happened to be touring a Norwegian salmon hatchery. While this was doubtless","Marta Wohrle, Contributor
Founder, Truth in Aging",2014-03-06
https://www.huffingtonpost.com/entry/burqa-women-bus-seats_us_59819907e4b02b36343ef111,Idiot Islamophobes Mistake Empty Bus Seats For Burqa-Wearing Women,RELIGION,"""You never know who is underneath. Maybe terrorists with weapons.""",Lee Moran and Willa Frej,2017-08-02
https://www.huffingtonpost.comhttp://money.aol.co.uk/2012/11/14/divorce-threat-women-work-longer/,Divorce-Threat Women Work Longer,DIVORCE,"Women whose marriages are on the brink of collapse work more hours as an insurance against divorce, a study has found. For",,2012-11-14
https://www.huffingtonpost.com/entry/priestdaddy-patricia-lockwood_us_58f81c8be4b0cb086d7df747,"'Priestdaddy' Takes On Priesthood, Fatherhood And The Patriarchy",ARTS & CULTURE,"Patricia Lockwood's poem ""Rape Joke"" went viral in 2013. Her 2017 memoir does not disappoint.",Claire Fallon,2017-05-01
https://www.huffingtonpost.com/entry/finding-my-soul-mate-on-t_b_7212890.html,Finding a Soulmate on the New Madrid Fault,IMPACT,"I met a great lady last week. The Grandest of Grande Dames. Her name is Dorothy Cramer, ""Cramer with a C,"" if you please. Dorothy is the docent at the New Madrid Historical Museum, but to me she is much more than that.","Georgianne Nienaber, ContributorWriter and author",2015-05-07
https://www.huffingtonpost.com/entry/shaquille-oneal-lyft-driver-prank_us_574f4e06e4b0c3752dcc665f,Inconspicuous Man Shaquille O'Neal Was A Lyft Driver For A Day,SPORTS,HMMM.,Juliet Spies-Gans,2016-06-01
https://www.huffingtonpost.com/entry/women-in-business-qa-jeni-garrett_b_6384768.html,"Women in Business Q&A: Jeni Garrett, CEO and Founder, Woodhouse Day Spa",BUSINESS,"Jeni Garrett was only 21 years old when she opened the first Woodhouse Day Spa in Victoria, TX. Garrett developed an early affinity for business. Growing up on a ranch in southeastern Texas, she began buying and selling cattle when she was only 14.","Laura Dunn, ContributorSocial Media and Communications Professional, Founder and Edit...",2014-12-27
https://www.huffingtonpost.com/entry/election-polls-donald-trump_us_585d40d7e4b0de3a08f504bd,Election Polls Underestimated Donald Trump In More Than 30 States,POLITICS,It's not just that polls got it wrong. It's how wrong they were.,Natalie Jackson,2016-12-23
https://www.huffingtonpost.com/entry/carly-rae-jepsen-bob-saget-full-house_us_56e72c59e4b065e2e3d70157,Carly Rae Jepsen And Bob Saget Hit The Stage To Perform The 'Full House' Song,ENTERTAINMENT,"Um, Saget doesn't even know the words.",Julia Brucculieri,2016-03-14
https://www.huffingtonpost.com/entry/sandwich-generation-momma-now_us_5b9df21be4b03a1dcc8f49bb,'You Are the Momma Now',PARENTING,I am a proud member of the sandwich generation. Sociologist Dorothy A. Miller coined the term in 1981 to classify people who care for their aging parent(s) while helping to support their own children.,"University of Central Florida Forum, Contributor
The UCF Forum is a weekly series of opinion columns presented ...",2014-03-26
https://www.huffingtonpost.com/entry/chloe-kim-wsj-tweets_us_5a8288fbe4b0892a03525a22,Wall Street Journal's Chloe Kim Joke Falls Flat,MEDIA,"The newspaper said the 17-year-old gold medalist was ""better"" at tweeting than snowboarding.",Alana Horowitz Satlin,2018-02-13
https://www.huffingtonpost.com/entry/why-we-need-to-change-how_b_7063774.html,Why We Need to Change How We Talk About Climate Change,GREEN,"Presenting climate change and its causes as the consensus that it is, and not the debate that it has become, would both inform public beliefs on climate change, and force politicians to act.","Maguire Mealy, ContributorGraduate, McGill University",2015-04-16
https://www.huffingtonpost.com/entry/an-open-letter-to-president-obama-for-our-children_b_6535442.html,An Open Letter to President Obama: For Our Children,POLITICS,"I am as committed as ever to see these goals manifest both at home and abroad, but I need you to do all that you can to work with Congress to reauthorize and strengthen The Child Nutrition and WIC Reauthorization Act. Again, thank you for your steadfast leadership.","Eva M. Clayton, ContributorFormer Congresswoman and former Assistant Director General of ...",2015-01-24
https://www.huffingtonpost.com/entry/hilariously-honest-fathers-day-cards-for-your-baby-daddy_us_59236ddce4b094cdba56d800,27 Hilariously Honest Father's Day Cards For Your Baby Daddy,PARENTS,We've scoured Etsy for some more ... creative options.,Caroline Bologna,2017-06-05
https://www.huffingtonpost.com/entry/easter-ideas-diy-paper-egg-garland_us_5b9cf643e4b03a1dcc834e5e,Easter Ideas: A DIY Paint Chip Egg Garland To Decorate Your Home (PHOTO),HOME & LIVING,They add just the right pop of Easter colors.,Rain Embuscado,2013-03-24
https://www.huffingtonpost.com/entry/andrew-jacob-cervantez-15-pound-baby-california_us_5b9dcd10e4b03a1dcc8d12fd,"Andrew Jacob Cervantez, Who Weighed 15 Pounds At Birth, Is One Of The Nation's Biggest Babies (VIDEO)",PARENTING,"Andrew Jacob Cervantez weighed 15 pounds, 2 ounces, when he was born by emergency cesarean section on Jan. 16 at Desert Valley",,2014-01-21
https://www.huffingtonpost.com/entry/obama-russ-feingold_us_57707c1de4b0f1683239e9de,Obama Jumps Into Wisconsin Senate Race For Russ Feingold,POLITICS,"The president says the progressive Democrat ""isn't afraid to stand up for what he knows is right, even when it isn't popular.""",Amanda Terkel,2016-06-27
https://www.huffingtonpost.com/entry/donald-trump-2nd-grader-jimmy-kimmel-trade-deficit_us_5ac745b7e4b0337ad1e6a768,2nd-Grader Expertly Schools Donald Trump On How Trade Deficits Work,COMEDY,This is an education.,Lee Moran,2018-04-06
https://www.huffingtonpost.com/entry/how-to-be-blissfully-unproductive_us_5b9d5a44e4b03a1dcc86ffdf,5 Steps to a Blissfully Unproductive Weekend,WELLNESS,"It's summertime, and the living (should be) easy. Too bad the workweek -- with its hectic pace and jam-packed to-do list -- doesn't always cooperate. For most of us, Friday just can't come soon enough.","Debbie Woodbury, Contributor
Writer, Speaker, Survivor",2013-07-20
https://www.huffingtonpost.com/entry/pregnancy-isnt-always-pretty-so-cut-the-sht_us_587d1f7be4b077a19d181018,Pregnancy Isn't Always Pretty,PARENTS,Holy hemorrhoids,"Rachel Sobel, ContributorMother, do-over wife, writer, humorist, laundress, short-order...",2017-01-16
https://www.huffingtonpost.com/entry/mike-pence-reproductive-rights-abortion_us_5787cc73e4b0867123e036a1,Mike Pence Has Led The Fight Against Reproductive Rights For Half A Decade,POLITICS,He once threatened to shut down the federal government over Planned Parenthood funding.,Laura Bassett,2016-07-14
https://www.huffingtonpost.com/entry/dinosaur-skeleton-babies_us_57193a11e4b0d912d5fe0be0,Dinosaur Skeleton Reveals Babies May Have Lived On Their Own From Birth,SCIENCE,"Giant dinosaurs were small and cute at birth, a study of baby Rapetosaurus bones reveals.",Michael McLaughlin,2016-04-21
https://www.huffingtonpost.com/entry/olivia-wilde-son-otis-beyonce_us_56e17df8e4b0b25c9180e150,Olivia Wilde's Son Is Probably More Obsessed With Beyoncé Than You,ENTERTAINMENT,We totally get it.,Cavan Sieczkowski,2016-03-10
https://www.huffingtonpost.com/entry/most-popular-destinations_us_59b6bdf5e4b0e1d93779041e,These Are The 10 Most Popular Destinations For First Time Travelers,TRAVEL,"#6 - Venice, Italy Venice is the perfect destination for a romantic getaway or a place to soak up some of the rich art and","Booking.com, ContributorA HuffPost Brand Forum partner; the global leader in connectin...",2017-09-14
https://www.huffingtonpost.com/entry/home-decorating-tips_us_5b9b865ee4b03a1dcc78507f,Your First Home: Where to Spend the Little Money You Have Left,HOME & LIVING,"Decorating a new home, whether it's your first or your fourth, can be really stressful or a lot of fun. It's totally up to you. The key is to enjoy the process, keep things in perspective and not to spend money you don't have.","Courtney Cachet, Contributor
Media Personality, Celebrity Designer, Style Expert",2012-04-02
https://www.huffingtonpost.com/entry/thinking_us_5b9b981de4b03a1dcc78e405,"""Label your thoughts"" Meditation",WELLNESS,I never realized what an idiot I was until I started meditating.  Let me rephrase that: I never realized how limited my mind was until I tried practicing mindfulness meditation.,"Ira Israel, Contributor
Psychotherapist & Author",2012-04-30
https://www.huffingtonpost.com/entry/why-not-everyone-wants-the-latest-iphone_us_565c57c6e4b072e9d1c2511b,Why Not Everyone Wants The Latest iPhone,TECH,Remember flip phones? They're still here.,"Mae Anderson, AP",2015-11-30
https://www.huffingtonpost.com/entry/donald-trump-veterans-ptsd_us_57f29ed3e4b082aad9bc8334,"White House: No, Donald Trump, Vets With PTSD Are Not Weak",POLITICS,"Veterans are torching the GOP nominee for implying they're not ""strong"" if they struggle with trauma.",Jennifer Bendery,2016-10-03
https://www.huffingtonpost.com/entry/ten-signs-youre-probably-_b_5861952.html,10 Signs You're Probably Reading This Article Right Now,COMEDY,"Reading articles is something people do on the Internet. In fact, you're probably reading this article right now. But how can you be certain that you're reading this article right now? If you're not entirely sure you're reading this article right now, check out these signs.","Kerry O'Brien, ContributorComedy writer in New York City",2014-09-22
https://www.huffingtonpost.com/entry/the-soviet-union-and-russia-tragedy-and-farce_us_58640bf8e4b068764965bf8d,The Soviet Union And Russia: Tragedy And Farce,THE WORLDPOST,This week marks the 25th anniversary of the fall of the Soviet Union. Its collapse was inconceivable at the time. The Soviet,"George Friedman, ContributorGeopolitical Forecaster and Strategist",2016-12-28
https://www.huffingtonpost.comhttps://www.washingtonpost.com/local/education/parents-of-transgender-children-plead-with-trump-to-maintain-protections/2017/02/15/e3b59f8a-f30b-11e6-b9c9-e83fce42fb61_story.html?utm_term=.8ff0a783c67c,Parents Of Transgender Children Plead With Trump To Maintain Protections,QUEER VOICES,Nearly 800 parents of transgender children from across the country signed a letter to President Trump imploring him to maintain,,2017-02-16
https://www.huffingtonpost.com/entry/tim-erics-billion-dollar-movie-pledge-paul-rudd-ben-stiller_us_5bacfb51e4b04234e85528d6,"Tim & Eric's 'Billion Dollar Movie Pledge' Signed By Paul Rudd, Ben Stiller And More (VIDEOS)",COMEDY,"The pledge also asks its viewers to not see upcoming kids film ""The Lorax,"" because ""'Lorax' looks BAD."" Since the federal",,2012-01-28
https://www.huffingtonpost.com/entry/her-majesty-queen-elizabe_us_5b9d6745e4b03a1dcc879706,Her Majesty Queen Elizabeth's Faux Pas in Nevis?,TRAVEL,"Everything I learned about Nevis I learned from  Bernice, my cab driver/tour guide for a full island tour.","Jean Newman Glock, Contributor
Signature Travel Network",2013-08-06
https://www.huffingtonpost.com/entry/obamacare-plan-shop-around-renvew_us_564b4971e4b045bf3df0d0d0,"If You Like Your Obamacare Plan, You Maybe Shouldn't Keep It",POLITICS,The numbers show you may avoid big premium hikes by changing insurance.,Jeffrey Young,2015-11-18
https://www.huffingtonpost.com/entry/hello-kitty-kitchen-appliances-photos-video_us_5b9d9386e4b03a1dcc89b587,"Hello Kitty Kitchen Appliances Are Taking Over (PHOTOS, VIDEO)",FOOD & DRINK,So much pink. Please send help.,Rebecca Orchant,2013-10-07
https://www.huffingtonpost.com/entry/without-integrity-nothing_b_5472373.html,"Without Integrity, Nothing Works?",BUSINESS,"Without integrity, nothing really, fully, works. The many costs of ignoring it, or taking it for granted.... are too steep and too persistent to continue.","Tony Smith, ContributorCo-founder, VSA Consulting Group",2014-06-13
https://www.huffingtonpost.com/entry/donald-trump-calls-country-company_us_58cc3373e4b0ec9d29dbf949,"Donald Trump Misspeaks, Calls U.S. A Company Instead Of A Country",POLITICS,The hiccup happened during his press conference with Angela Merkel.,Elyse Wanshel,2017-03-17
https://www.huffingtonpost.com/entry/jeff-weiner-linkedin_us_5b9d68a0e4b03a1dcc87adf9,Compassion and Business: LinkedIn CEO Jeff Weiner Speaks Up,WELLNESS,"It is one thing to hear the importance of compassion expressed from people like the Dalai Lama and other religious leaders, but it is often seen by business people as a nice extra, and not necessarily core to their lives.","Soren Gordhamer, Contributor
Author, 'Wisdom 2.0'; host, Wisdom 2.0 Conference",2013-08-07
https://www.huffingtonpost.com/entry/women-summer-struggles_us_559fca7ce4b096729155e732,9 Summer Struggles That Every Woman Understands,STYLE,Relaxing at the beach and overloading on ice cream are pretty universal perks of summer. But some of the season's unfortunate,Nina Friend,2015-07-15
https://www.huffingtonpost.com/entry/what-makes-a-bad-girl_us_5bb22531e4b0171db69dc09a,"Meet Contemporary Art's ""Bad Girls Of 2012"" (PHOTOS)",CULTURE & ARTS,"Narcissister, ""I'm Every Woman"" video still. Spaces such as Artists Space, A.I.R, and Franklin Furnace have influenced me",,2012-04-14
https://www.huffingtonpost.com/entry/ice-matters-how-to-choose_us_5b9d684ae4b03a1dcc87aba7,Ice Matters: How to Choose It for Cocktails,FOOD & DRINK,"Good ice makes a difference, but what is ""good ice?""","Food52, Contributor
food52.com",2013-08-07
https://www.huffingtonpost.com/entry/mondays-morning-email-the-fallout-of-trumps-immigration-ban_us_588f3d60e4b08a14f7e6f414,Monday's Morning Email: The Fallout Of Trump's Immigration Ban,POLITICS,Protests abound.,Lauren Weber,2017-01-30
https://www.huffingtonpost.com/entry/us-ambassador-to-mexico-roberta-jacobson-announces-plans-to-resign_us_5a9859b3e4b089ec35384a8d,U.S. Ambassador To Mexico Becomes Latest Senior Official To Resign Under Trump,POLITICS,She's the latest in a long line of top government officials jumping ship in the Trump era.,Sara Boboltz,2018-03-01
https://www.huffingtonpost.com/entry/20-signs-you-live-with-a-toddler_b_5619858.html,20 Sure Signs You Live With A Toddler,PARENTS,"5.  You start talking in the third person with no pronouns ever. ""Sally wants a snack? Mommy will get Sally a snack. Sally, sit right there while Mommy gets Sally a snack.""","Jennifer Latch, ContributorArtist, mom and blogger, Our Urban Playground",2014-07-29
https://www.huffingtonpost.com/entry/the-paper-cuts-that-dont-heal_us_5b9dfb05e4b03a1dcc8fd90d,The Paper Cuts That Don't Heal,PARENTING,There are moments lately -- a lot of moments -- when I have had enough of my 5-year-old and some of her recently-developed habits.,"Jamie Krug, Contributor
Writer, SAHM, CMO - Chief Medical Officer (of my family), Wife...",2014-04-15
https://www.huffingtonpost.com/entry/yemen-troops-hadi_n_7095040.html,"Thousands Of Yemeni Troops Side With President Hadi, Say Officials",WORLDPOST,,,2015-04-19
https://www.huffingtonpost.com/entry/pekin-indiana-child_us_5bb10e3ee4b09bbe9a59d2c3,"Pekin, Indiana Child Survives Storm, Taken To Kosair Children's Hospital",ENVIRONMENT,"The child was transported by helicopter to Kosair on Friday after being stabilized at a tiny rural hospital in Salem, Indiana","Reuters, Reuters",2012-03-03
https://www.huffingtonpost.com/entry/texas-immigration-crackdown-injunction_us_59a7037de4b084581a151b1d,Judge Blocks Texas Immigration Crackdown,POLITICS,An injunction prevents a state law banning so-called sanctuary cities from taking effect.,Roque Planas and Elise Foley,2017-08-31
https://www.huffingtonpost.com/entry/the-best-ways-to-spend-le_us_5b9dbb42e4b03a1dcc8c2551,The Best Ways to Spend Less When Dining Out,FOOD & DRINK,It takes a keen eye and a bit of restraint in order to decline the offerings and keep your costs low.,"The Daily Meal, Contributor
All things food and drink",2013-12-20
https://www.huffingtonpost.com/entry/heres-more-proof-you-cant-tell-whos-going-to-be-president-this-early-in-the-race_us_55cca09de4b064d5910a9126,Here's More Proof You Can't Tell Who's Going To Be President This Early In The Race,POLITICS,#TBT,Paige Lavender,2015-08-13
https://www.huffingtonpost.com/entry/good-fats_us_5b9b8bdce4b03a1dcc787ea9,"Good Fat, Bad Fat: Fats You Can -- And Should -- Eat",WELLNESS,"For more on diet and nutrition, click here. More from Health.com: Trans Fat Alert! 22 Foods to Watch High Cholesterol? Know",,2012-04-09
https://www.huffingtonpost.comhttp://blogs.babycenter.com/community_buzz/dont-impose-a-nickname-on-my-baby/,Don't Impose A Nickname On My Baby!,PARENTING,"If you’re anything like my husband and me, arriving at a suitable name for your unborn child was a painstaking process that",,2012-11-28
https://www.huffingtonpost.com/entry/gigi-hadid-ooozes-glamour-on-w-magazines-september-issue_us_55bf7f9ce4b0b23e3ce34146,"Gigi Hadid Covers W's September Issue, Gets Candid About Nudity",STYLE,Talk about glamour.,Jamie Feldman,2015-08-03
https://www.huffingtonpost.com/entry/walking-dead-stuntman-john-bernecker_us_596a24d1e4b017418627d428,'Walking Dead' Stars Mourn The Death Of Stuntman John Bernecker,ENTERTAINMENT,"""No words can express my sadness,"" actress Lauren Cohan wrote.",Bill Bradley,2017-07-15
https://www.huffingtonpost.com/entry/cfda-health-initiative-ar_us_5b9b4ad5e4b03a1dcc76669d,"CFDA Health Initiative: Arianna, Industry Insiders Talk Intersection Between Fashion And Health",WELLNESS,"To begin answering that question, and to take a broader look at the intersection of fashion and health, the CFDA moderated",Laura Schocker,2012-02-08
https://www.huffingtonpost.com/entry/how-will-grace-achieved-the-impossibletwice_us_5a045d79e4b055de8d096adf,How ‘Will & Grace’ Achieved The Impossible… Twice,QUEER VOICES,“W&G” has become a sort of next-generation “Golden Girls.”,"David Toussaint, ContributorFour-Time Author, Longtime Writer, Actor, and Pug Lover",2017-11-09
https://www.huffingtonpost.com/entry/iphone-5-new-macbook-pro-itv-apple-rumors_us_5bb3523ee4b0fa920b9653dd,"iPhone 5 Design, New MacBook Pro, And 'iTV': The Week In Apple Rumors",TECH,"Every week the numerous blogs covering the machinations of the Apple empire float unconfirmed rumors, blatant speculation",Jason Gilbert,2012-05-27
https://www.huffingtonpost.com/entry/china-us-conflict_us_5899e0cee4b04061313917cf,China And U.S. Cannot Afford Conflict: Chinese Foreign Minister,THE WORLDPOST,"""Both sides will lose.""",,2017-02-07
https://www.huffingtonpost.com/entry/lose-the-last-10-pounds-t_b_5888970.html,Lose the Last 10 Pounds: Tips to Help You Reach Your Goal Weight,HEALTHY LIVING,"Whether you're determined to finally reach the goal weight you set out to achieve several months back, or a lapse in your regular healthy habits led you to gain a few extra pounds, getting rid of that bit of extra body fat can be quite challenging.","The Active Times, Contributorwww.theactivetimes.com",2014-09-27
https://www.huffingtonpost.com/entry/swedish-soccer-team-germanwings-crash_n_6938506.html,Swedish Soccer Team Narrowly Escaped Germanwings Plane Crash,WORLDPOST,,,2015-03-25
https://www.huffingtonpost.com/entry/krugman-soak-the-rich_n_6030238.html,Krugman: We Should 'Soak The Rich',BUSINESS,,Kevin Short,2014-10-22
https://www.huffingtonpost.com/entry/sharing-cancer-stories-on_b_5991318.html,Sharing Cancer Stories on Facebook,FIFTY,"""So the odds of recovery are 94-99%. Pretty good, huh?"" We were two middle-aged guys whose morning routine included a walk to the corner to buy a newspaper from a blue, metal stand.","Roger Wright, ContributorAuthor, 'Finding Work When There Are No Jobs'",2014-10-15
https://www.huffingtonpost.com/entry/ricky-jean-francois-after-nfl-career_us_5888e484e4b0024605fd23d1,The Average NFL Career Lasts Just 3 Years. This Player Is Focused On What Happens Next.,SPORTS,A productive NFL career has inspired Ricky Jean Francois to want more.,Jordan Schultz,2017-03-28
https://www.huffingtonpost.com/entry/donald-trump-immigration-speech_us_57c77e0ce4b0e60d31dd2126,Donald Trump Just Cranked Up The Volume On Immigration,POLITICS,"Anyone hoping for a kinder, gentler GOP nominee can forget it. He's getting worse.",Elise Foley,2016-09-01
https://www.huffingtonpost.com/entry/this-winter-olympics-walkie-talkie-save-is-comedy-gold_us_5a7d6d09e4b044b3821bfcb9,This Winter Olympics Walkie-Talkie Save Is Comedy Gold,SPORTS,"You're safe now, lil' gadget.",Ron Dicker,2018-02-09
https://www.huffingtonpost.comhttp://insidemovies.ew.com/2014/01/19/zach-braff-returns-to-sundance/,Zach Braff Gets A Standing Ovation At Sundance,ENTERTAINMENT,"Ten years after ""Garden State"" became a breakout hit – and the unofficial soundtrack — of the 2004 Sundance Film Festival",,2014-01-19
https://www.huffingtonpost.com/entry/once-wedding-ring-was-on_us_5b9bcca3e4b03a1dcc7a57da,Once Wedding Ring Was On Our Relationship Started Changing,DIVORCE,"Within a few months of returning from our honeymoon, our relationship started changing.","Debbi Dickinson, Contributor
Entrepreneur",2012-06-06
https://www.huffingtonpost.com/entry/dog-vs-frisbee-video_n_6329534.html,WATCH: Dog Takes On Frisbee. Frisbee Wins,GOOD NEWS,,Ryan Grenoble,2014-12-16
https://www.huffingtonpost.com/entry/governor-scott-walker-vs-_b_6787598.html,Governor Scott Walker vs. Unions,BUSINESS,"It is hard to believe, but most of prospective presidential candidate Walker's antipathy seems to be towards teachers unions and higher education, in particular. He has even proposed to cut the University of Wisconsin budget.","Harlan Green, ContributorEditor and Publisher, PopularEconomics.com",2015-03-22
https://www.huffingtonpost.com/entry/national-eating-disorders-awareness-week_us_5b9dddabe4b03a1dcc8decb7,National Eating Disorders Awareness Week: Get in the Know,WELLNESS,"Eating disorders happen behind closed doors. Signs are frequently overlooked (particularly among minorities), even by medical professionals... until the damage is undeniable.","Kirsten Haglund, Contributor
Political Commentator, Miss America 2008, Community Relations ...",2014-02-24
https://www.huffingtonpost.com/entry/a-conversation-with-pucci_b_5510406.html,A Conversation With Emilio Pucci's Peter Dundas,STYLE,,"Blue Carreon, ContributorFashion writer",2014-06-19
https://www.huffingtonpost.com/entry/wisconsin-fake-tenure-proposal_us_56b207b8e4b08069c7a58a67,Faculty Groups Remain Worried As Wisconsin Moves Closer To 'Fake Tenure',POLITICS,Scott Walker pushed to eliminate tenure from state law. Professors are fearful about what's next.,Tyler Kingkade,2016-02-03
https://www.huffingtonpost.com/entry/female-male-zika-transmission-new-york_us_57890552e4b03fc3ee5092a5,First Female-To-Male Sexual Transmission Of Zika Virus Reported In New York,HEALTHY LIVING,All previously reported cases of sexually transmitted Zika virus infections have been from men to their partners.,"Julie Steenhuysen, Reuters",2016-07-15
https://www.huffingtonpost.com/entry/donald-trump-gary-johnson-alaska_us_58057cfde4b0180a36e60105,"Donald Trump, Gary Johnson Omitted From Alaska's Informational Voter Guide",POLITICS,Oops.,Marina Fang,2016-10-18
https://www.huffingtonpost.com/entry/your-mom-picked-your-name-can-she-pick-your-mate_b_5298597.html,Your Mom Picked Your Name... Can She Pick Your Mate?,WOMEN,"When it comes to mating, we apparently value Mama's opinion more than our Dear Old Dad's, our besties and even our pets.","Laura Seldon, ContributorFormer TV News Anchor Gone Digital...",2014-05-15
https://www.huffingtonpost.com/entry/beneath-the-exterior_b_6596134.html,Beneath the Exterior,WOMEN,"Behind every individual, every person, every face, there remains a powerful story filled with struggles, triumphs, and experiences to be uncovered.  The secret to uncovering that story?  Perspective.","Michelle Chen, ContributorStudent, Cornell University",2015-02-04
https://www.huffingtonpost.com/entry/health-care-bill-republican-party_us_590b8052e4b0d5d9049a7ab5,Paul Ryan Was Right: This Was A Defining Moment For The Republican Party,POLITICS,It chose tax cuts for millionaires over insurance for millions.,Jonathan Cohn,2017-05-04
https://www.huffingtonpost.com/entry/is-america-on-the-ropes_b_5736994.html,Is America on the Ropes?,COMEDY,"The United States is arguably the biggest kid on the worldwide block. We've got money, we've got power and lots of smart people -- heck, we've got Google headquarters. Who else has Google headquarters? We have all sorts of great things going for us. But today, the narrative is tainted.","Gil Laroya, ContributorAward-winning Silicon Valley product designer",2014-08-29
https://www.huffingtonpost.com/entry/the-pastry-superhero_b_5653529.html,Christophe Michalak: The Pastry Superhero,TASTE,"Michalak is the pastry chef of the prestigious three-Michelin-starred Plaza Athénée in Paris, but don't let his culinary pedigree fool you.","Gitanjali Roche, ContributorFood writer and editor of Gourmandize.com",2014-08-06
https://www.huffingtonpost.com/entry/terence-crutchers-family-seeks-criminal-charges-his-life-mattered_us_57e14e9be4b08cb14097ff24,Terence Crutcher's Family Seeks Criminal Charges: 'His Life Mattered',BLACK VOICES,“Without a doubt we believe this was an unjustified shooting that should not have happened.”,Lilly Workneh,2016-09-20
https://www.huffingtonpost.com/entry/the-roof-of-africa_us_5b9da29fe4b03a1dcc8a87e3,To the Roof of Africa: Climbing Mount Kilimanjaro,TRAVEL,"Considering that this is the world's tallest freestanding mountain, at 5,985 meters, Kili can be fairly daunting, especially for the uninitiated.","Jacada Travel, Contributor
Inspired, Tailor-Made Travel to Latin America, Africa, Asia, A...",2013-11-08
https://www.huffingtonpost.com/entry/anxiety-from-reading-the-news_us_5a577c8be4b0330eab08ab34,How To Stay Updated On The News Without Losing Your Mind,HEALTHY LIVING,Because it's only becoming more of a struggle.,Lindsay Holmes,2018-01-12
https://www.huffingtonpost.com/entry/good-wife-recap-all-of-al_b_6965284.html,'Good Wife' Recap: All of Alicia's Men in 'Red Meat',ENTERTAINMENT,"We have a winner! Alicia wins the race for state's attorney but is losing everywhere else. She tries to reach out to Prady, but he won't work with her. Finn, despite being adorable and buying her a video game, has a new girlfriend. Her campaign manager is leaving, having done a job well-done. And Peter? He is very, very low in my book.","Karen Fratti, ContributorTelevision connoisseur",2015-03-29
https://www.huffingtonpost.com/entry/heres-the-totally-unedited-thing-you-didnt-see-after-trump-got-into-that-truck_us_58d55861e4b02a2eaab39878,"The Totally, Very Much Unedited Video Of Trump's Truck Photo Op",COMEDY,Things take an unexpected turn.,Andy McDonald,2017-03-24
https://www.huffingtonpost.com/entry/wilbur-ross-undocumented-worker_us_587f8c7ce4b01cdc64c8b559,"Wilbur Ross, Trump's Commerce Pick, Fired Undocumented Household Worker Before Confirmation Hearing",POLITICS,The employee had worked for Ross for years.,"Arthur Delaney, Amanda Terkel, and Ben Walsh",2017-01-18
https://www.huffingtonpost.com/entry/arianna-huffington-recalls-best-club-that-never-was-in-late-show-bit_us_5773d9efe4b0eb90355cf468,Arianna Huffington Recalls Best Club That Never Was In 'Late Show' Bit,COMEDY,Studio 54 had nothing on Bubble.,Ron Dicker,2016-06-29
https://www.huffingtonpost.com/entry/feminist-lisa-frank-fights-patriarchy-with-rainbow-kittens_n_7257768.html,Lisa Frank Is Now Fighting The Patriarchy (With Rainbow Kittens),WOMEN,,Emma Gray,2015-05-11
https://www.huffingtonpost.com/entry/chiquita-tax-inversion_n_5682719.html,Chiquita Bananas Could Face Boycott Over Plan To Ditch America,BUSINESS,,Alexander C. Kaufman,2014-08-15
https://www.huffingtonpost.com/entry/bill-de-blasio-trump-tower-security_us_5845e5f4e4b02f60b024823c,New York City Mayor Wants Feds To Foot The Bill For Trump Tower Security,POLITICS,Bill de Blasio is asking for $35 million to reimburse the city.,Marina Fang,2016-12-06
https://www.huffingtonpost.com/entry/this-fight-isnt-over_us_59eadf07e4b034105edd4ec6,This Fight Isn't Over,POLITICS,The DNC has a great deal of work to do if it hopes to remedy frictions between the Clinton and Sanders wings of the Democratic Party.,"James Zogby, ContributorPresident, Arab American Institute; Author, ""Arab Voices""",2017-10-21
https://www.huffingtonpost.com/entry/holiday-lights-cities_us_5b9c870ce4b03a1dcc7f798a,10 Cities With Holiday Light Shows,TRAVEL,"Across the land, city workers are hustling -- decorating for thousands of expected visitors for whom the magic of the season is reflected in the glow of millions of lights.","GoTrexx, Contributor
Family Travel Experts",2012-11-20
https://www.huffingtonpost.com/entry/agapi-stassinopoulos-mothers-day_us_5b9d26e1e4b03a1dcc84f037,Agapi Stassinopoulos Shares The Important Life Lessons Her Mother Taught Her On HuffPost Live (VIDEO),WELLNESS,"Moms have a special way of teaching us lessons and making them stick. For more on Mother's Day, click here. One of the most",,2013-05-10
https://www.huffingtonpost.com/entry/brussels-terrorism-suspects_us_56f366a9e4b02c402f6672c1,Belgian Ministers Offer Resignation In Wake Of Brussels Attacks,THE WORLDPOST,The security lapses in a country that is home to the European Union and NATO have drawn international criticism.,"Alastair Macdonald, Foo Yun Chee and Ingrid Melander, Reuters",2016-03-24
https://www.huffingtonpost.com/entry/ruth-bourdain-josh-friedland_us_5b9d586de4b03a1dcc86e48b,Ruth Bourdain Unmasked As Josh Friedland,FOOD & DRINK,One of the food world's greatest mysteries has been solved.,Rachel Tepper,2013-07-12
https://www.huffingtonpost.comhttp://www.cnn.com/2016/04/12/politics/republican-convention-2016/index.html,Top Republicans may skip GOP convention,POLITICS,"Washington (CNN) - A number of high-profile Republicans, fearful of a potential melee in Cleveland this summer, are considering",,2016-04-12
https://www.huffingtonpost.com/entry/why-we-need-gay-bars_n_7521704.html,Here's Why We Still Need Our Gay Bars,QUEER VOICES,,,2015-06-07
https://www.huffpost.com/entry/a-boost-to-big-banks-draws-democratic-support_n_5c8ff1bfe4b04ed2c1ad4ab7,A Boost To Big Banks Draws Democratic Support,POLITICS,Leverage rules were supposed to be the last line of defense. Now even Democratic appointees are calling to weaken them.,Zachary D. Carter,2019-03-19
https://www.huffingtonpost.com/entry/greg-abbott-texas-shotgun_us_5b01a23ee4b0463cdba37d6c,Texas Gov.'s Campaign Cancels Shotgun Giveaway After Santa Fe School Shooting,POLITICS,Gov. Greg Abbott was dragged on social media over the seemingly tone-deaf contest.,Hayley Miller,2018-05-20
https://www.huffingtonpost.com/entry/with-kids-little-things-are-magic_b_7537596.html,"With Kids, Little Things Are Magic",PARENTS,"A few minutes of digging went by when I heard a happy shriek, and he came trotting over to me with his hands folded together, cupping -- what I could only imagine by the look on his face -- something awesome.","Kasey Ferris, ContributorWriter, mother, eater-of-Oreos. Not necessarily in that order.",2015-06-09
https://www.huffingtonpost.com/entry/wrangling-words_us_5b9dd4b8e4b03a1dcc8d816a,Wrangling Words,TRAVEL,"Renowned as host of the annual Cowboy Poetry Gathering, Elko, Nevada, is a former railroad byway that has transformed itself into a ""can do"" town of casinos, covered wagons, Basque heritage, and Western verse.","Sharon Hoge, Contributor
Sharon King Hoge is a travel writer with a wide range of media...",2014-02-10
https://www.huffingtonpost.com/entry/the-moment-i-knew_us_5b9b69f6e4b03a1dcc775a98,The Moment I Knew I Had A Passion For Fashion (SUBMIT YOUR VIDEO),STYLE & BEAUTY,"At HuffPost, we're kicking off an exciting new project and we'd love you to participate! It's called ""The Moment I Knew,"" and",Priya Rao,2012-03-06
https://www.huffingtonpost.com/entry/sean-penn-charlize-theron-split_n_7606606.html,Sean Penn And Charlize Theron Reportedly Split,ENTERTAINMENT,,Stephanie Marcus,2015-06-17
https://www.huffingtonpost.comhttp://www.dailycandy.com/everywhere/flipbook/125308/First-Mothers-Day-Gift-Ideas#slide=1?refcd=huffpo,14 Hints To Drop Before Your First Mother's Day,PARENTING,"Show and Tell For all the little mementos you can’t bear to part with -- the hospital bracelet, the lock of hair, the footprint",,2012-05-03
https://www.huffingtonpost.com/entry/google-payday-lenders_us_57333e3ce4b0bc9cb048ad28,Google Won't Do Business With Predatory Lenders Anymore,BUSINESS,"It's about to get a little harder to find a loan with 1,000 percent interest.",Shane Ferro,2016-05-11
https://www.huffingtonpost.com/entry/these-boots-are-meant-for_us_5b9dc73de4b03a1dcc8cc746,These Boots Are Meant for Walking!,STYLE & BEAUTY,To tame the thigh highs you can adopt various styles: Team them with a loose knitted dress like those worn in the 1960s or,"Mimi Raad, Contributor
Image Consultant, MBC Group",2014-01-13
https://www.huffingtonpost.com/entry/10-weekend-diy-living-room_us_5b9cf5f4e4b03a1dcc834d1b,7 Weekend DIY Ideas To Refresh Your Living Room In Just Two Days (PHOTOS),HOME & LIVING,"From fixing an annoyingly wobbly chair to a simply swap that'll brighten up your space in moments, these easy ideas will transform your place.",Rain Embuscado,2013-03-23
https://www.huffingtonpost.com/entry/john-oliver-guantanamo-last-week-tonight_us_57fb844de4b0e655eab5d4d7,John Oliver Hilariously Explains Why Closing Guantanamo Is No Lock,COMEDY,"""We're basically Cuba's grandparents.""",Ron Dicker,2016-10-10
https://www.huffingtonpost.com/entry/universities-microaggressions_us_559ec77be4b096729155bfec,Universities Are Trying To Teach Faculty How To Spot Microaggressions,COLLEGE,"Student activists demanded colleges make campuses more inclusive, and many universities are trying to do just that.",Tyler Kingkade,2015-07-09
https://www.huffingtonpost.comhttp://www.bbc.co.uk/news/magazine-19319499,How To Sleep In Hot Weather,WELLNESS,"The hot, humid weather can make for uncomfortable nights. Humidity is a big part of the problem, making it hard for sweat",,2012-08-20
https://www.huffingtonpost.com/entry/it-cannot-be-denied_us_5bb11ab5e4b09bbe9a5ab1a3,It Cannot Be Denied,ENVIRONMENT,"How about setting a similarly themed film in Oklahoma, beginning with residents discussing their feelings about Senator James Inhofe's insistence that climate change is all a big hoax that Margaret Thatcher, Pope John Paul II, and Pope Benedict XVI somehow fell for?","D. R. Tucker, Contributor
Massachusetts-based freelance writer/podcaster",2012-07-08
https://www.huffingtonpost.com/entry/drink-me-im-not-irish-lim_us_5b9ceddbe4b03a1dcc8302e1,"Drink Me, I'm Not Irish! Limited Edition Scotch Whiskies for St. Patrick's Day or Anytime",FOOD & DRINK,"They're rare, super-collectible, and as a result, pretty expensive.","Tony Sachs, Contributor
Writer of words, drinker of booze, eater of food, listener of ...",2013-03-13
https://www.huffingtonpost.com/entry/in-philippines-climate-change-and-conflict-both-conspire_us_59772cfbe4b0c6616f7ce4fb,"In Philippines, Climate Change And Conflict Both Conspire Against Rural Women",WORLD NEWS,"Extreme weather and conflict have a particularly accute impact on female farmers in the Philippines. PWRDF, CC BY-SA Alvin","The Conversation Global, ContributorThe Conversation is a collaboration between editors and academ...",2017-07-25
https://www.huffingtonpost.com/entry/laura-linney-style-evolution-photos_us_5b9b4962e4b03a1dcc76555f,Laura Linney's Style Evolution (PHOTOS),STYLE & BEAUTY,"Linney streamlines her looks with solid colors. She’s worn variations of yellow, purple and red, but also sticks to tried",Jada Wong,2012-02-06
https://www.huffingtonpost.com/entry/perfect-tweets-about-bachelor-in-paradise-season-4-episodes-3-and-4_us_599b79cae4b04c532f43d313,"35 Perfect Tweets About 'Bachelor In Paradise' Season 4, Episodes 3 & 4",ENTERTAINMENT,"""Somehow Ben Z manages to make talking about a dog sound boring""","Emma Gray, Claire Fallon, and Nick Offenberg",2017-08-23
https://www.huffingtonpost.com/entry/short-hills-new-jersey-home_us_5b9d75a2e4b03a1dcc883e2b,"Short Hills, New Jersey Home Combines Laid Back California Style And East Coast Charm Perfectly (PHOTOS)",HOME & LIVING,** Do you have a home story idea or tip? Email us at homesubmissions@huffingtonpost.com. (PR pitches sent to this address,Michelle Manetti,2013-08-23
https://www.huffingtonpost.com/entry/dos-and-donts-for-a-giving-season-tinged-by-uncertainty_us_5835a2e4e4b0a79f7433b2d7,Dos and Don'ts For A Giving Season Tinged By Uncertainty,IMPACT,"By Jane L. Wilton For many Americans, the holiday season is a good time to give to charity. After this year’s especially","The New York Community Trust, ContributorDon’t just give. Solve. Today and forever.",2016-11-23
https://www.huffingtonpost.com/entry/a-vegetarian-in-vienna_us_5b9d2b98e4b03a1dcc851c05,A Vegetarian in Vienna,TRAVEL,"Vienna is famous for its bistro culture, where you while away afternoons with shots of espresso, slices of pastry and conversation.","Hemamalini Sukumar, Contributor
Travel writer",2013-05-20
https://www.huffingtonpost.com/entry/synthetic-marijuana-overdoses-lancaster-pennsylvania_us_596b5930e4b01741862816ee,More Than 100 People Overdosed On Synthetic Marijuana In One Pennsylvania County,HEALTHY LIVING,The drug is far more dangerous than real cannabis.,Dominique Mosbergen,2017-07-16
https://www.huffingtonpost.com/entry/a-new-start-on-north-kore_b_14042056.html,A New Start on North Korea,WORLDPOST,,"David L. Phillips, ContributorDirector of the Program on Peace-building and Rights, Columbia...",2017-01-08
https://www.huffingtonpost.com/entry/lebron-james-going-home-g_b_5579592.html,LeBron James Going Home Gives Cleveland New Hope,SPORTS,It's the kid from Akron's turn to help his hometown out. This will be fun to watch for the next few years as we again watch LeBron transition into another point in his life.,"Jovan Alford, ContributorGraduate, Sports Writer/Editor at Total Sports Live",2014-07-12
https://www.huffingtonpost.comhttp://www.thewrap.com/trump-campaign-gave-press-pass-to-pro-white-radio-host-but-not-a-black-newspaper-exclusive/,"Trump Campaign Gave Press Pass To 'Pro-White' Host, But Not Black Newspaper",POLITICS,"“We never heard back,” newspaper’s executive editor tells TheWrap",,2016-03-02
https://www.huffingtonpost.com/entry/flipping-the-bird-a-simpl_us_5b9dbbe0e4b03a1dcc8c336d,Flipping the Bird: A Simple Way to Achieve Financial Goals,MONEY,"This post is about altering perspectives on what has been ingrained in our minds by our culture and our society. It's about taking the idea that things ""are what they are"" and throwing it out the window, because that certainly isn't always true.","Eric Roberge, CFP, Contributor
I help professionals in their 30s do more with their money.",2013-12-24
https://www.huffingtonpost.com/entry/louisville-escorts_us_560f09cfe4b0af3706e0fb30,Louisville Probing Claim Staffer Hired Escorts For Recruits,SPORTS,"""We want to get to the bottom of it.""",,2015-10-02
https://www.huffingtonpost.com/entry/cheap-celeb-finds_us_5735ec1ce4b077d4d6f2d86b,Kate Mara Wears Forever21 On Our Cheap Celeb Finds List,STYLE,🙌,Michelle Persad,2016-05-14
https://www.huffingtonpost.com/entry/prince-harry-cover-tatler-man-of-the-year_us_5b9c6111e4b03a1dcc7e3657,Prince Harry Makes His Tatler Debut As 'Man Of The Year' (PHOTO),STYLE & BEAUTY,Cue the swooning.,Rebecca Adams,2012-10-06
https://www.huffingtonpost.com/entry/trumps-defense-of-jareds-attempt-to-conduct-secret_us_592c6330e4b08861ed0ccb3c,Trump's Defense Of Jared's Secret Russia Talks Misses The Point,POLITICS,He’s playing dishonest word games to defend the indefensible.,"Philip Rotner, Contributor@PhilipRotner, Attorney and Columnist",2017-05-30
https://www.huffingtonpost.com/entry/paula-abduls-relaxation-rituals-gps-guide_us_5b9c4f87e4b03a1dcc7db710,Paula Abdul's Relaxation Rituals: How The Star Finds Her Center,WELLNESS,The stress and strains of our always-connected lives can sometimes take us off course. GPS For The Soul can help you find,,2012-09-20
https://www.huffingtonpost.com/entry/waking-to-the-light_b_6680860.html,Waking to the Light,RELIGION,"I'm nearly 40 years into this mindfulness discipline.  But every time I return to it, day after day, I'm a beginner.  Every time I do the practice, I start like Kai, with my head stuck in a jug.","Jim Burklo, ContributorAssociate Dean of Religious Life, University of Southern Calif...",2015-02-18
https://www.huffingtonpost.com/entry/donald-trump-ted-cruz-nasty_us_569bc5c8e4b0778f46f9a2f4,Donald Trump On Ted Cruz: 'He's A Nasty Guy. Nobody Likes Him.',POLITICS,"""You can't make deals with people like that.""",Zach Carter,2016-01-17
https://www.huffingtonpost.com/entry/older-women-bikini_b_11016378.html,Why I'm Reluctant To Wear A Bikini Now That I'm Older,FIFTY,I really think I've got enough to worry about as the number of birthday candles on my cake soon reaches 69. First it's adjusting to the sagging pouches of skin adorning each side of my mouth -- then it's the dark circles under my eyes.,"Iris Ruth Pastor, ContributorSlice-of-life columnist, motivational speaker and pod caster, ...",2016-07-23
https://www.huffingtonpost.com/entry/fearless-living_us_5b9ba1dde4b03a1dcc7929f1,7 Laws of Fearless Living,WELLNESS,"Your experience of any moment -- good or bad, calm or conflicted -- is a direct reflection of your understanding about it. This means that the only thing that frightens you about any event is what you've yet to understand about yourself.","Guy Finley, Contributor
Contributor",2012-05-04
https://www.huffingtonpost.com/entry/supreme-court-birth-control_us_55fb6a8be4b08820d918230a,"America, The Next Hobby Lobby Case Is Heading For The Supreme Court",POLITICS,The justices could again weigh women's health care against religious liberty.,Cristian Farias,2015-09-18
https://www.huffingtonpost.com/entry/amazon-founder-offers-to-send-donald-trump-to-space_us_56661ebce4b079b2818fdb14,Amazon Founder Offers To Send Donald Trump To Space,TECH,"In a tweet, Jeff Bezos indicated Blue Origin will not discriminate against any American, even a xenophobic demagogue.",Alexander Howard,2015-12-08
https://www.huffingtonpost.com/entry/charles-by-the-way-crush-stranger_n_5870100.html,This Totally Nails What It's Like To Crush On A Stranger,COMEDY,,Lily Karlin,2014-09-24
https://www.huffingtonpost.com/entry/gun-proponents-arent-interested-in-facts-or-science_us_584e1e22e4b04c8e2bb05ad0,Gun Proponents Aren't Interested In Facts Or Science,POLITICS,"When all is really said and done, there’s one basic point of disagreement between Gun-sense Nation on the one hand, and Gun","Mike Weisser, ContributorMike the Gun Guy",2016-12-12
https://www.huffingtonpost.com/entry/love_us_5b9b98c6e4b03a1dcc78e7f9,Does Love Have to Be Choosy?,WELLNESS,"Since love sits in us between trust and fear, a commitment to love requires daring to trust and freedom from fear, both risks we are willing to take when we love someone.","David Richo, Ph.D., MFT, Contributor
Psychotherapist, workshop leader, and author",2012-04-23
https://www.huffingtonpost.comhttp://www.shape.com/weight-loss/weight-loss-strategies/are-you-counting-calories-wrong,Are You Counting Calories Wrong?,WELLNESS,"Most diet plans make eating right seem like a numbers game: Consume X calories and add Y exercise, and you will reach Z ideal",,2014-02-21
https://www.huffingtonpost.com/entry/is-trump-toying-with-the-presidency_us_59241b3ee4b07617ae4cbf5e,Is Trump Toying With The Presidency?,MEDIA,By Maria Behan Your cell phone beeps with the latest news alert: U.S. President Donald J. Trump will be the guest of honor,"The Wild Word magazine, ContributorOnline arts/culture/politics magazine www.thewildword.com",2017-05-23
https://www.huffingtonpost.com/entry/buckley-and-vidal-best-of_b_7622308.html,Buckley and Vidal: Best of Enemies and the Dawn of Theatrical Journalism,ENTERTAINMENT,The realization that two such brilliant minds -- the brightest of their generation -- could allow personal hatred and the burning desire to win at all costs completely derail any semblance of useful debate is the real heartbreak of Best of Enemies.,"Jon Eig, ContributorLecturer in Screenwriting and Film History, Montgomery College",2015-06-22
https://www.huffingtonpost.com/entry/bernie-sanders-momentum_us_56f811fae4b0a372181a3565,Bernie Sanders Claims Momentum After Three State Victories,POLITICS,"""Momentum is with us. A lot of these super-delegates may rethink their position with Hillary Clinton.""",,2016-03-27
https://www.huffingtonpost.com/entry/devon-halls-tragic-story-is-the-story-for-far-too_us_59627df7e4b08f5c97d06ab6,De’von Hall’s Tragic Story Is The Story For Far Too Many Other Blacks,BLACK VOICES,"Former standout Utah State college football star, and for a short time NFL hopeful, De’Von Hall stands accused of the murder","Earl Ofari Hutchinson, ContributorEarl Ofari Hutchinson is an author and political analyst",2017-07-09
https://www.huffingtonpost.com/entry/chuck-schumer-snortable-chocolate_us_5964d68ae4b03f144e2dcdea,Chuck Schumer Has VERY Strong Feelings About Snortable Chocolate,TASTE,Who knew this would catch his attention?,Carly Ledbetter,2017-07-11
https://www.huffingtonpost.com/entry/cocktail-pairing-how-to_us_5b9ce5d1e4b03a1dcc82ca79,HuffPost Tastemakers: An Inside Look At Cocktail Pairing,FOOD & DRINK,And how much thought is put into them.,,2013-03-06
https://www.huffingtonpost.comhttp://www.houzz.com/ideabooks/12133357/list/Why-Marble-Might-Be-Wrong-for-Your-Bathroom,What To Know Before You Buy Marble,HOME & LIVING,"Marble has been used by master craftsmen throughout the ages to adorn palace floors, ceilings and walls. Although it was",,2013-06-07
https://www.huffingtonpost.comhttp://www.nytimes.com/2016/06/30/us/politics/donald-trump-institute-plagiarism.html,Plagiarized Lessons and Deceptive Tactics: A Look Inside the Trump Institute,POLITICS,"In 2005, as he was making a transition from developing real estate to capitalizing on his fame through ventures like a reality",,2016-06-29
https://www.huffingtonpost.comhttp://www.refinery29.com/vote-your-values/,What Millennial Women Really Value In The 2016 Election,WOMEN,"Young single women are suddenly among the most talked-about voters in America. And when you fold in young married women, as",,2016-04-13
https://www.huffingtonpost.com/entry/dara-torres-age-45-older-olympians-olympics_us_5b9bf197e4b03a1dcc7b46e9,Dara Torres And Other Olympians Over 30,WELLNESS,"Dr. Michael Joyner, an anesthesiologist at the U.S. Mayo Clinic who studies the effects of ageing on athletes, said normal",,2012-07-03
https://www.huffingtonpost.com/entry/roxy-surfers-sharks-suncreen_us_5b9b872ce4b03a1dcc7856dd,Sharks And Sunscreen: How You Can Live And Look Like A Surfing Roxy Girl (PHOTOS),STYLE & BEAUTY,"Kelia Moniz and Monyca Byrne-Wickey have the best lives ever. They live in Hawaii, surf professionally and are Roxy Surf",Christina Anderson,2012-04-03
https://www.huffingtonpost.com/entry/stormfront-conference-crossvilletennessee_us_59d2cbc0e4b065578154e963,"Heckled And Disrupted, White Supremacists Held A Not-So-Secret Meeting In Tennessee",POLITICS,Protesters crashed Stormfront's closed-door conference in the woods.,"Jessica Schulberg, Dana Liebelson, and Luke O'Brien",2017-10-03
https://www.huffingtonpost.comhttp://www.houzz.com/ideabooks/11640804/list/Get-the-Hang-of-Hanging-Flower-Baskets,Get The Hang Of Hanging Flower Baskets,HOME & LIVING,"The material, soil and even flower arrangement can make all the difference on your porch.",,2013-07-01
https://www.huffingtonpost.comhttp://www.grantland.com/story/_/id/9945306/behind-scenes-maury-povich-show-enters-16th-season,Behind The Scenes Of 'Maury',ENTERTAINMENT,"Listen to the familiar voice of Maury Povich: ""This is Tiffany. In two months, Tiffany is marrying her fiancé, Cornelius",,2013-11-10
https://www.huffingtonpost.com/entry/crouton-cone_us_5b9c7892e4b03a1dcc7ef4a3,The Crouton Cone: Your Salad Just Got More Portable,FOOD & DRINK,We're starting to think that there isn't a single food out there that isn't better in cone form.,"Nick Chipman, Contributor
Writer. Food lover. Eats WAY too much bacon.",2012-11-06
https://www.huffingtonpost.com/entry/yale-reverses-course-on-symbols-of-white-supremacy_us_5895448fe4b02bbb1816ba89,Yale Reverses Course On Symbols Of White Supremacy,COLLEGE,"Months after a dining hall worker broke a window glorifying slavery at Yale’s Calhoun’s college, the university appears to","Win Vitkowsky, ContributorContributing Writer",2017-02-04
https://www.huffingtonpost.com/entry/p-is-for-pussy-alphabet-book_us_566742aee4b080eddf55e30d,'P Is For P*ssy' Is The Alphabet Book Of Your Wet Dreams,ARTS & CULTURE,A is for a*s. B is for b*ow. C is for c*ck.,Priscilla Frank,2015-12-10
https://www.huffingtonpost.com/entry/pennsylvania-hospitals-ban-smokers-hiring_us_5b9d4ee4e4b03a1dcc867e26,Pennsylvania Hospitals' Ban On Hiring Smokers Stirs Debate,WELLNESS,"Both the highly rated University of Pennsylvania Health System, which includes the Hospital of the University of Pennsylvania","Reuters, Reuters",2013-06-28
https://www.huffingtonpost.com/entry/black-activist-elect-progressive-prosecutors_us_5a85b64ee4b0058d55670e4f,Black Activist Starts Group That Aims To Elect Progressive Prosecutors,POLITICS,Shaun King says district attorneys “are the gatekeepers of America’s justice system.”,Daniel Marans,2018-02-15
https://www.huffingtonpost.com/entry/dreaming-of-my-2014-trave_us_5b9dfae4e4b03a1dcc8fd691,"Dreaming of My 2014 Travels: Verona, Padua, and Ravenna",TRAVEL,I've been giddier than usual this week as I'm finalizing my travel plans for 2014. I've got an amazing itinerary promising,"Rick Steves, Contributor
Contributor",2014-04-11
https://www.huffingtonpost.com/entry/donald-trump-jemele-hill_us_59bbfb5ee4b02da0e1418377,Trump Goes After ESPN Host Who Called Him A 'White Supremacist',POLITICS,White House press secretary Sarah Huckabee Sanders has also attacked Jemele Hill.,Mollie Reilly,2017-09-15
https://www.huffingtonpost.com/entry/epa-fracking-final-report_us_58503b7de4b0e05aded63a07,New EPA Report Finds Fracking Can Affect Drinking Water,POLITICS,"However,  the agency says ""data gaps and uncertainties” have limited its ability to “fully assess the potential impacts on drinking water resources.""",Kate Sheppard,2016-12-13
https://www.huffingtonpost.com/entry/parenthood-coke-ad_us_5b9db89ee4b03a1dcc8bff3b,New Parenthood Is A Messy Challenge. This Ad Shows Why It Is Also A Time Of Sheer Delight.,PARENTING,"(hat tip: Fast Company) In one scenario, ages 0 - 4 are like one long practical joke. Babies come with too much stuff and",,2013-12-17
https://www.huffingtonpost.com/entry/trump-florida-shooting-visit_us_5a877aa3e4b00bc49f442321,"Trump Visits Shooting Victims, Local Police En Route To Mar-a-Lago For Long Weekend",POLITICS,The president praises first responders and medical staff but leaves some questions unanswered.,S.V. Date,2018-02-17
https://www.huffingtonpost.com/entry/ukraine-troops-russia_n_5648087.html,Confusion Reigns As More Than 300 Ukrainian Troops Cross Into Russia,WORLDPOST,,,2014-08-04
https://www.huffingtonpost.com/entry/hot-deals-on-winter-beach_us_5b9dbde6e4b03a1dcc8c4d41,Hot Deals on Winter Beach Escapes,TRAVEL,"Winter arrived with a big snowy bang across much of America, which has many folks already pining for an escape to warmer climes. If your family is ready to trade the snow for some sunshine and sand, here are five tremendous deals at kid-friendly beach resorts to get you packing.","MiniTime, Contributor
MiniTime is the first family travel site with personalized rec...",2013-12-27
https://www.huffingtonpost.com/entry/ann-romney-style-colored-jeans_us_5b9bdee6e4b03a1dcc7add36,"Ann Romney Dons Colored Jeans, Trendy Hairdo In Iowa (PHOTOS)",STYLE & BEAUTY,"Want more? Be sure to check out HuffPost Style on Twitter, Facebook, Tumblr and Pinterest. Mrs. Obama recently said that",,2012-06-19
https://www.huffingtonpost.com/entry/what-are-some-tips-for-ge_us_5b9d3caee4b03a1dcc85cb08,What Are Some Tips for Getting the Best Outcome When Your Flight Is Canceled?,TRAVEL,"Pull out your cellphone as soon as it becomes clear that your flight is significantly delayed, even if it is not yet officially canceled.","Quora, Contributor
The best answer to any question",2013-06-07
https://www.huffingtonpost.com/entry/gender-equality-wont-just-change-womens-lives_us_560a8ea2e4b0dd850309180b,Gender Equality Won't Just Change Women's Lives -- It'll Change Everyone's,BUSINESS,"""We should think of this not as a women's problem, but as a care problem.""",Shane Ferro,2015-09-30
https://www.huffingtonpost.com/entry/10-mediterranean-islands_us_5b9d4f96e4b03a1dcc868987,10 Mediterranean Islands to Get Away From it All,TRAVEL,"The Mediterranean's charm is based largely upon its history, cuisine, sun-bleached villages, and relaxed lifestyle, and nowhere are these on better display than its many islands.","minube, Contributor
Community of over 2 million international travelers",2013-07-01
https://www.huffingtonpost.com/entry/why-harvard-banned-relationships_n_6631096.html,Why Harvard Officially Banned Professor-Student Relationships,COLLEGE,,Rahel Gebreyes,2015-02-06
https://www.huffingtonpost.com/entry/ben-jerrys_us_5b9df232e4b03a1dcc8f4abd,17 Reasons To Love Ben & Jerry's Even More,FOOD & DRINK,There's something about new Core flavors...,Alison Spiegel,2014-03-27
https://www.huffingtonpost.com/entry/mike-pence-hillary-clinton-emails_us_57a9fa8be4b06e52746db8be,Mike Pence Wonders If An Iranian Scientist Was Executed Because Of Hillary Clinton's Emails,POLITICS,Trump wondered the same thing.,Paige Lavender,2016-08-09
https://www.huffingtonpost.com/entry/orange-county-district-attorney-jailhouse-informant-60-minutes_us_591f35a2e4b03b485cb15efc,Southern California D.A. Admits Jailhouse Snitches Are 'Probably' Liars,POLITICS,But that hasn't stopped his Orange County prosecutors from using them to secure convictions for decades.,Matt Ferner,2017-05-20
https://www.huffingtonpost.com/entry/womens-capes-asos-fall-2012_us_5b9c4bf2e4b03a1dcc7da191,"Women's Capes For Superheroes, Supermodels And Everyone In Between (PHOTOS)",STYLE & BEAUTY,"On the day of the wedding, my friend and I stumbled upon a quaint vintage shop with a pair of Chanel sunglasses in the window",Christina Anderson,2012-09-18
https://www.huffingtonpost.com/entry/mother-of-slain-teen-to-trump-defend-all-lgbtq-people-not-just-my-child_us_59e651c2e4b00905bdad120a,"Mother Of Slain Teen To Trump: Defend All LGBTQ People, Not Just My Child",POLITICS,"""It shouldn't have taken for a child to lose his life.""",Dana Liebelson,2017-10-18
https://www.huffingtonpost.com/entry/while-were-young-tiff_n_5780022.html,The Guy From 'Million Dollar Listing' Made A Noah Baumbach Movie,ENTERTAINMENT,,Christopher Rosen,2014-09-07
https://www.huffingtonpost.com/entry/are-courthouses-obsolete_us_5bb2c9a1e4b0480ca65c0efb,Are Courthouses Obsolete?,BUSINESS,"Are courtrooms obsolete? No, but many venues are located outside of the traditional courthouse or are increasingly subject to video conferencing such as arraignments.","Brad Reid, Contributor
Senior Scholar, Dean Institute for Corporate Governance and In...",2012-07-14
https://www.huffingtonpost.com/entry/italy-novartis-flu-vaccine-ban_us_5b9c7299e4b03a1dcc7eb8cb,Italy Bans Novartis Flu Vaccines Pending Tests For Side Effects,WELLNESS,"""Given the current unclear situation Swissmedic has issued a halt to deliveries for the cited vaccines and recommends not","Reuters, Reuters",2012-10-24
https://www.huffpost.com/entry/bull-firefighters-california-wildfire_n_5f37a546c5b6959911e4fe3d,Bull Chases Firefighters Battling California Wildfire,U.S. NEWS,"The animal ""wasn't clowning around,"" said the Ventura County Fire Department, whose crews were tackling the Lake Fire north of Los Angeles.",Lee Moran,2020-08-15
https://www.huffingtonpost.com/entry/childbirth_us_5b9c723ce4b03a1dcc7eb415,10 Years Ago: A Lifetime and an Instant,PARENTING,"My daughter turns 10 this week. I'm swimming in a sea of memories of this week ten whole years ago, a week that commenced a season that changed everything for me.","Lindsey Mead, Contributor
Writer, A Design So Vast",2012-10-25
https://www.huffingtonpost.com/entry/exxon-climate-change-cover-up_us_562133a2e4b08d94253eff49,House Democrats Press DOJ To Investigate If Exxon Broke The Law With A Climate Change Cover-up,POLITICS,"Reports accuse ExxonMobil of hiding its research from decades ago, which tied fossil fuels to climate.",Laura Barrón-López,2015-10-16
https://www.huffingtonpost.com/entry/nba-draft-salaries_n_7674622.html,8 NBA Draft Picks Tell Us The First Thing They're Going To Buy,SPORTS,These guys just got a major pay raise.,Lucy McCalmont and Eva Hill,2015-06-26
https://www.huffingtonpost.com/entry/buttermilk-recipes_us_5b9b8053e4b03a1dcc781c5e,The Best Recipes For Your Leftover Buttermilk (PHOTOS),FOOD & DRINK,"While some people enjoy buttermilk as a beverage in other parts of the world, in the U.S. we most often use it for baked","Kitchen Daily, Kitchen Daily",2012-03-28
https://www.huffingtonpost.com/entry/new-york-pollsters-accurate_us_5717dec6e4b0479c59d6ddaf,Polling On New York's Primaries Knocked It Out Of The Park,POLITICS,"The state can be a hard place to poll, but it helped that it had closed primaries.",Natalie Jackson,2016-04-21
https://www.huffpost.com/entry/shadeed-abdulmateen-death-sentence-china_n_626283f9e4b00b4e017d1607,American Man Sentenced To Death In China For Killing Ex-Girlfriend,U.S. NEWS,Shadeed Abdulmateen fatally stabbed a 21-year-old woman who tried to break off their relationship.,,2022-04-22
https://www.huffingtonpost.com/entry/sixers-meditate-philadelphia-76ers_us_56142e5ee4b022a4ce5fde24,The Sixers Meditate And So Should You,HEALTHY LIVING,"Ball so hard, but not before a little zen session. 🙏🏀",Kate Bratskeir,2015-10-07
https://www.huffingtonpost.com/entry/senators-obama-iran-deal_us_55cb6670e4b0923c12beceb7,Here Are The Wobbly Democrats Who Could Make Or Break The Iran Deal,POLITICS,The White House still needs five senators to promise to protect the nuclear agreement.,Jessica Schulberg and Ryan Grim,2015-08-12
https://www.huffingtonpost.com/entry/texas-harvey-voting-rights_us_59e0cbcae4b04d1d51813ed2,Civil Rights Group Threatens Texas If It Doesn't Protect Voting Rights Of Hurricane Victims,POLITICS,They say there's no excuse for denying voting accommodations to people displaced by the storm.,Sam Levine,2017-10-13
https://www.huffingtonpost.com/entry/why-progress-is-the-sweet_b_5692825.html,Why Progress Is the Sweetest Thing,BUSINESS,"Many leaders are concerned about how to motivate their employees. They know that engaged workers produce better results, are more creative, and care more for their work. However, which factors that actually motivate and engage their teams have long been discussed.","Kristine Maudal & Even Fossen (Brainwells), ContributorFounders and Partners, Brainwells",2014-08-20
https://www.huffingtonpost.com/entry/tina-fey-tries-out-for-mean-girls-the-musical-on-snl_us_5b01ce83e4b07309e059bcf7,Tina Fey Tries Out For 'Mean Girls' The Musical On 'SNL',ENTERTAINMENT,This week's host did not fare well.,Andy McDonald,2018-05-20
https://www.huffingtonpost.com/entry/angelina-jolies-decision_us_5b9d2b98e4b03a1dcc851bff,Angelina Jolie's Decision,WELLNESS,"When I read about Angelina Jolie's announcement this week, I cringed. Nobody can second-guess Angelina Jolie's choice--it's","Maria Rodale, Contributor
CEO and Chairman of Rodale, Inc. and book author",2013-05-16
https://www.huffingtonpost.com/entry/2014-ryder-cup-leaderboar_n_5888060.html,LIVE: Ryder Cup Leaderboard,SPORTS,,,2014-09-26
https://www.huffingtonpost.com/entry/what-can-be-mended-and-what-cannot_us_5b9dccd7e4b03a1dcc8d0ee2,"What Can Be Mended, and What Cannot",PARENTING,"How did this little monkey become a symbol for how simple it was supposed to be? How much my dreams for my boy have had to be continuously ripped open, then sewn back up with a thread that is clearly not strong enough to hold.","Jamie Krug, Contributor
Writer, SAHM, CMO - Chief Medical Officer (of my family), Wife...",2014-01-28
https://www.huffingtonpost.com/entry/the-care-less-party_us_5bad029fe4b04234e855b553,The Care Less Party,COMEDY,"First there was Romney Care, and now we got Obama Care, but if the hard line conservatives get their way, this country is going to end up with We Don't Care. Less Care For You. Couldn't Care Less.","Will Durst, Contributor
comic, author, columnist, cheeseburger acolyte, former margari...",2012-07-14
https://www.huffpost.com/entry/secupp-failed-gop-question-insurrection_n_60b207c3e4b0ead27968caca,Conservative Pundit Hits GOP With A Scathing Question,POLITICS,"CNN commentator S.E. Cupp slammed the ""gibberish"" and ""nonsense"" coming from elected Republicans.",Lee Moran,2021-05-29
https://www.huffingtonpost.com/entry/flavors-of-thailand_us_5b9c4ed9e4b03a1dcc7db279,The Flavorful Culture Of Thailand,TRAVEL,"From tangy salads to rich, hearty soups and delectable curries, I enjoyed three cooking classes.","Tamar Lowell, Contributor
CEO of Access Trips, Exploring Culture Through Cuisine",2012-09-20
https://www.huffingtonpost.comhttp://www.elizabethstreet.com/content/soul-cycle?section=home,"SoulCycle Didn't Change My Life, But It Did Allow Me To Grieve",WELLNESS,"I don't like exercise; I never have. When the desire to work out strikes, a leisurely jog around the park suits me just fine",,2013-08-07
https://www.huffingtonpost.com/entry/khamenei-trump-iran-missile_us_5899d7c4e4b09bd304bd7ba6,Ali Khamenei Rejects Donald Trump's Threats Over Missiles,THE WORLDPOST,Iran's leader said Trump had tried but failed to frighten Iranians.,,2017-02-07
https://www.huffingtonpost.com/entry/squirrel-yogurt-cup-yoplait_us_57b1dd1fe4b0718404120302,Squirrel With Yogurt Cup Stuck On Its Head Finds EMS Heroes,WEIRD NEWS,The animal looks to be just the latest victim of Yoplait’s container.,Nina Golgowski,2016-08-15
https://www.huffingtonpost.com/entry/michael-slager-walter-scott-bail_us_568ae885e4b0b958f65c8d96,"Michael Slager, Ex-Cop Who Killed Walter Scott, Released On Bail",BLACK VOICES,Slager will stand trial in October for killing the unarmed black motorist in South Carolina.,Kim Bellware,2016-01-04
https://www.huffingtonpost.com/entry/why-jenners-interview-mak_b_7157038.html,Why Jenner's Interview Makes the Case for Supporting Transgender Youth Now,QUEER VOICES,"I found myself unexpectedly emotional as I watched Bruce Jenner bravely share such a personal story with the world. I tried to grasp why I felt differently than I had with any other transgender ""coming out"" story, and my reasons were many. But foremost on my mind, as always, were my camp kids.","Nicholas M. Teich, ContributorFounder of Camp Aranu'tiq of Harbor Camps & author, 'Transgend...",2015-04-28
https://www.huffingtonpost.com/entry/childhood-cancer_us_5b9c435ee4b03a1dcc7d708f,Donna's Cancer Story: Recovery,PARENTING,"Donna was making up for eleven months of slogging through the muck of cancer. She was 2 and wanted to play and play and play. Skinny and pale with sunken eyes, Donna came back to us. She had never been more beautiful.","Sheila Quirke, Contributor
Mary Tyler Mom",2012-09-11
https://www.huffingtonpost.com/entry/people-en-espanol-50-most-beautiful-2014_n_5273327.html,PHOTOS: The '50 Most Beautiful' Latino Stars,LATINO VOICES,,,2014-05-06
https://www.huffingtonpost.com/entry/ex-lessons-tweeters-share_us_5b9c569fe4b03a1dcc7de4c5,Ex Lessons: Tweeters Share Lessons Learned From Their Exes,DIVORCE,"Not all relationships are meant to last forever, but if we're lucky, we walk away with a better understanding of what we",,2012-09-25
https://www.huffingtonpost.com/entry/this-unreal-frisbee-play-is-the-ultimate-catch_us_570e50bee4b08a2d32b87d4f,This Unreal Frisbee Play Is The Ultimate Catch,SPORTS,That's the way the pros do it.,Ron Dicker,2016-04-13
https://www.huffingtonpost.com/entry/leftover-cranberry-sauce_us_5b9c8473e4b03a1dcc7f6222,Leftover Cranberry Sauce Recipe: Spiced Halloumi Salad,FOOD & DRINK,During Holiday Season there are usually loads of leftovers to contend with.,"John Gregory-Smith, Contributor
Eat Travel Live",2012-11-15
https://www.huffingtonpost.com/entry/teen-heroes_us_5b9b8f18e4b03a1dcc789920,Teens as Heroes: A Reminder that the Teenage Years Can Be Marvelous,PARENTING,"The next time you think to yourself --""those teenagers"" -- try to think of the teens in the above stories and feel pride in what teens are capable of.","Dr. Barbara Greenberg, Contributor
Clinical Psychologist",2012-04-12
https://www.huffingtonpost.com/entry/cj-mccollum_us_570bdc22e4b0142232498ce1,"C.J. McCollum Won't Stop Working, On And Off The Court",SPORTS,From unheralded recruit and small-school phenom to NBA star.,Jordan Schultz,2016-04-18
https://www.huffingtonpost.com/entry/supercut-dancing-90s-movies_us_5862177be4b0de3a08f603eb,Boogie Down To This Supercut Of People Dancing In '90s Movies,ENTERTAINMENT,You've got to praise this effort.,Lee Moran,2016-12-27
https://www.huffingtonpost.com/entry/north-carolina-sheriffs-deputies-disciplined-over-trump-rally_us_56ea0f6fe4b0860f99db9106,North Carolina Sheriff's Deputies Disciplined Over Trump Rally,POLITICS,(Reuters) - Five North Carolina Sheriff's deputies have been disciplined over their behavior at a rally for Republican U.S,,2016-03-17
https://www.huffingtonpost.com/entry/love-the-real-you-the-case-for-self-love_b_7018042.html,Love The Real You: The Case for Self Love,BLACK VOICES,"In a society where we are hit with images that range from young girls beating on each other to assaulting our elders, one must wonder and question where is the love? Where is the love for self and those around us?","Fatima Scipio, ContributorAuthor, Entrepreneur, Philanthropist",2015-04-07
https://www.huffingtonpost.com/entry/stephen-colbert-donald-trump-fire-and-fury_us_5a542f67e4b003133ecb7f3f,Trump Declared Himself Mentally Stable And Stephen Colbert Isn’t Having It,COMEDY,"The ""Late Show"" host has the CliffsNotes.",Ed Mazza,2018-01-09
https://www.huffingtonpost.com/entry/ne-yo-on-saturday-night-live-let-me-love-you-she-is_us_5bb40c66e4b066f8d253fb73,Ne-Yo On 'Saturday Night Live': Singer Performs 'Let Me Love You' And 'She Is' (VIDEO),ENTERTAINMENT,"Ne-Yo first performed his hit single, ""Let Me Love You."" The song is a single off Ne-Yo's fifth studio album, ""R.E.D.,"" or",,2012-12-09
https://www.huffingtonpost.comhttps://www.themarshallproject.org/2016/01/05/penny-beernsten-the-rape-victim-in-making-a-murderer-speaks-out?ref=hp-1-121#.DOAZbV0Ig,The Woman Violently Assaulted In 'Making A Murderer' Speaks Out,POLITICS,“My testimony sent an innocent person to prison…. I absolutely wanted the earth to swallow me.”,,2016-01-05
https://www.huffingtonpost.com/entry/childsupport-paying-your_us_5b9d6f2fe4b03a1dcc87f48e,Child-Support: Paying Your Fair-Share?,DIVORCE,The math is fair. The logic is sound. But the practical application still causes you grief. You are writing a check to someone and you have no ability to control how the money is spent or if it is even spent on your child -- the most common complaint I hear about the child support laws.,"Morghan Leia Richardson, Contributor
Relationship Deconstruction Artist #Divorcelawyer #NYC",2013-08-16
https://www.huffingtonpost.com/entry/joy-reid-blog-post-hacking_us_5ae0ae7ee4b02baed1b593b6,Joy Reid’s Hacking Claims Look Increasingly Unlikely,MEDIA,"Only a pretty bizarre course of events would have led to those allegedly ""fraudulent"" homophobic blog posts.",Hayley Miller,2018-04-26
https://www.huffpost.com/entry/matthew-whitaker-supreme-court-acting-attorney-general_n_5bef985ee4b07573881eb390,Acting Attorney General Matthew Whitaker Hit With Supreme Court Challenge,POLITICS,The motion argues that Deputy Attorney General Rod Rosenstein should by law take over for the ousted Jeff Sessions.,Mary Papenfuss,2018-11-17
https://www.huffingtonpost.com/entry/vice-dutch-film-prince_us_55d35d32e4b055a6dab1898b,"VICE's Dutch Indie Drama, 'Prince,' Stars The 'Justin Bieber Of The Netherlands'",ENTERTAINMENT,And a 15-year-old Dutch kickboxing champion.,E. Oliver Whitney,2015-08-20
https://www.huffingtonpost.com/entry/pope-francis-releasing-album-wake-up_us_56058e0be4b0768126fd65e1,Pope Francis Is Releasing A Pop-Rock Album In November,ENTERTAINMENT,This is not a joke.,Carly Ledbetter,2015-09-25
https://www.huffingtonpost.com/entry/prescription-drug-abuse_1_b_5143785.html,Oklahoma Tackles the Prescription Drug Abuse Epidemic,CRIME,"More than 6 million Americans abuse prescription drugs, and both the number of prescription drug sales and the number of prescription drug overdose deaths have quadrupled since 1999. Are doctors to blame?","Adam Banner, ContributorCriminal Defense Attorney",2014-04-23
https://www.huffingtonpost.com/entry/hissene-habre-chad-guilty-verdict_us_57508786e4b0ed593f13b8ed,This African Nation Just Made Legal History For Victims Of Injustice Everywhere,THE WORLDPOST,Finding dictator Hissène Habré guilty is a win for all oppressed peoples.,Charlotte Alfred,2016-06-03
https://www.huffingtonpost.com/entry/girls-education-advocacy-in-malalas-hometown_us_57dda872e4b08cb1409632a5,"In Malala’s Hometown, A Young Activist Advocates For Girls’ Education",THE WORLDPOST,"As a teenager, Neelam Ibrar Chattan began working to promote peace in Pakistan’s conflict-torn Swat Valley. Now 23, she’s","Sonia Narang and Ameera Butt, Women & Girls Hub",2016-09-19
https://www.huffingtonpost.com/entry/north-carolina-governor-undecided_us_582f9dc4e4b099512f82f5da,North Carolina Governor Race Undecided Amid Fraud Claims,POLITICS,"Republican Gov. Pat McCrory is trailing Democratic challenger Roy Cooper, but refuses to concede amid the claims of voter fraud","Colleen Jenkins, Reuters",2016-11-19
https://www.huffingtonpost.com/entry/lisa-murkowski-health-insurance-mandate_us_5a14e2c4e4b03dec8248f563,Lisa Murkowski Says She's OK With Killing The Health Insurance Mandate,POLITICS,Projections suggest millions will lose coverage; the Alaska senator says she simply wants to allow choice.,Jonathan Cohn,2017-11-22
https://www.huffingtonpost.com/entry/quentin-tarantino-death-supercut_n_5690925.html,Watch Every Quentin Tarantino Movie Death In 4 Minutes,ENTERTAINMENT,,Matthew Jacobs,2014-08-19
https://www.huffingtonpost.com/entry/dublin-ireland-abortion-vote-international-womens-day_us_5a9c471ae4b0479c02539bcf,Dublin Divided: Tensions Swell In Irish Capital Ahead Of Historic Abortion Referendum,WORLD NEWS,"""People are fired up for this ― they feel like it’s their last shot.""",Jesselyn Cook,2018-03-11
https://www.huffingtonpost.com/entry/bircher-muesli-with-seasonal-fruits_us_5b9c4f61e4b03a1dcc7db590,Bircher Muesli With Seasonal Fruits,FOOD & DRINK,"This is a perfect ""pick-me up"" breakfast. Have fun making this version or feel free to experiment with any fruits, nuts, or juices combination of your own choice.","Angie Tee, Contributor
Seasaltwithfood",2012-09-19
https://www.huffingtonpost.com/entry/bernie-sanders-black-voters_us_55d9c44ae4b08cd3359c5a0e,Bernie Sanders Reaches Out To Black Voters In South Carolina,POLITICS,"""We are going to end institutional racism and we are going to transform and make changes in the criminal justice system that isn't working.""",,2015-08-23
https://www.huffingtonpost.com/entry/kazuki-yamamoto-3d-coffee-art_us_5b9d2fdae4b03a1dcc8555a6,Kazuki Yamamoto's 3D Coffee Art Is Intricate And Beautiful (PHOTOS),FOOD & DRINK,Coffee art goes 3D.,,2013-05-23
https://www.huffingtonpost.com/entry/peter-king-ted-cruz-cyanide_us_5716e1bbe4b0018f9cbb9457,Rep. Peter King: 'I'll Take Cyanide' If Ted Cruz Wins Republican Presidential Nomination,POLITICS,The Long Island congressman voted for John Kasich in Tuesday's GOP primary.,Ed Mazza,2016-04-20
https://www.huffingtonpost.com/entry/dadmissions-a-note-to-my-5-year-old-on-her-first-day-of-kindergarten_us_5b9d752de4b03a1dcc883b30,Dadmissions: A Note to My 5-Year-Old on Her First Day of Kindergarten,PARENTING,"My 5-year-old started kindergarten today, so I made a list of little wishes: May your recess be long. May your lunch line be short. May your pizza be a rectangle. May your snack be square (cheez-its).","Pete Wilgoren, Contributor
Contributor",2013-08-23
https://www.huffingtonpost.com/entry/wally-lamb-new-book-apple-store_us_5665ece5e4b08e945ff06adf,"If You Want To Read This Book, You'll Have To Buy An iPad",ARTS & CULTURE,Is this the future of book reading?,Claire Fallon,2015-12-08
https://www.huffingtonpost.com/entry/trumphair_us_578d012ee4b0a0ae97c2c8ca,#TrumpHair Is The Hilarious Hashtag Our Country Deserves,STYLE,It's everywhere you look.,James Cave,2016-07-18
https://www.huffingtonpost.com/entry/mindful-children-parenting-carla-naumburg_us_5b9d812ee4b03a1dcc88ddb1,How We Can Teach Our Children Mindfulness,PARENTING,"4. Older children will likely be able to do breathing meditations without too much help, but younger kids might need something",,2013-09-12
https://www.huffingtonpost.com/entry/women-retirement_b_6296860.html,The 4 Keys To A Successful Retirement Every Older Woman Should Know,FIFTY,"Due to the upsurge in numbers of working women that began in the 1970s, waves of women are now experiencing their own retirement directly, rather than indirectly through their husbands.","Jane Giddan and Ellen Cole, ContributorThose 70Candles women!",2014-12-19
https://www.huffingtonpost.com/entry/melinda-gates-anti-vaccine_n_6519464.html,Melinda Gates Speaks Out Against The Anti-Vaccine Movement,HEALTHY LIVING,,Rahel Gebreyes,2015-01-22
https://www.huffingtonpost.com/entry/bernie-sanders-jews-new-hampshire_us_56b3ca98e4b01d80b245adc1,"Bernie Sanders Made Jewish History, Yet No One Seems To Be Kvelling",POLITICS,"New Hampshire's Jews -- yes, they exist -- aren't even talking about it.",Sam Stein,2016-02-05
https://www.huffingtonpost.com/entry/tax-reform-have-americans-finally-wised-up_us_5a0ef564e4b0e6450602ea09,Tax ‘Reform’: Have Americans Finally Wised Up?,POLITICS,"This post first appeared at BillMoyers.com. OK, you know the scenario by now. Congressional Republicans propose — surprise","Neal Gabler, ContributorAuthor and Contributor, BillMoyers.com",2017-11-17
https://www.huffingtonpost.com/entry/lonnie-bissonnette_n_5679362.html,BASE Jumper Won't Let Paralysis Stop Him,WEIRD NEWS,,David Moye,2014-08-16
https://www.huffingtonpost.com/entry/beauty-street-style-julia-panek_us_5b9c4c62e4b03a1dcc7da4cf,"Beauty Street Style: Julia Panek, Graphic Designer, Channels 'Mad Men' With Drugstore Beauty Products (PHOTO)",STYLE & BEAUTY,"We've long been a fan of Joan Holloway, Christina Hendricks' sixties-era beauty on ""Mad Men,"" so when we spotted Julia, a",Simone Kitchens,2012-09-20
https://www.huffingtonpost.com/entry/how-to-decide-where-to-sp_us_5b9c939de4b03a1dcc7ff776,How to Decide Where to Spend the Holidays,WEDDINGS,"Sometimes, both sets of families become very emotionally attached to 'getting you' for your first married Christmas, Hanukkah, Kwanzaa, or Thanksgiving. If distance is a factor, someone's family has to 'win.'","Bridal Guide, Contributor
Bridal Guide has all the How-To-for-I-Do you can handle! Wheth...",2012-12-07
https://www.huffingtonpost.com/entry/cam-newton-apologizes-for-degrading-insult-to-female-reporter_us_59d78f89e4b0f6eed34fd1b0,Cam Newton Apologizes For 'Degrading' Insult To Female Reporter,BLACK VOICES,"""My word choice was ... disrespectful to women,"" the quarterback said.",,2017-10-06
https://www.huffpost.com/entry/stocks-fall-ukraine-war_n_621eb3cae4b025227d6424b4,"Stocks Fall, Oil Tops $100 A Barrel As Ukraine War Rages",U.S. NEWS,Stocks fell as soaring oil prices raised more concerns about how Russia’s escalating war on Ukraine may impact the global economy.,"DAMIAN J. TROISE and ALEX VEIGA, AP",2022-03-02
https://www.huffingtonpost.com/entry/lays-cheesy-garlic-bread-wins_us_5b9d22e4e4b03a1dcc84c7cb,Lay's Cheesy Garlic Bread Potato Chips Wins 'Do Us A Flavor' Contest,FOOD & DRINK,"Great flavor idea, but not the best execution.",,2013-05-07
https://www.huffpost.com/entry/cpac-mitt-romney-trump-witnesses-impeachment_n_5e34eb99c5b6f262332979a6,Twitter Critics Mock CPAC For 'Formally Not Inviting' Mitt Romney After Witness Vote,POLITICS,One suggests the Conservative Political Action Conference might want to fill his imagined empty seat with a white supremacist.,Mary Papenfuss,2020-02-01
https://www.huffingtonpost.com/entry/breaking-the-cycle-of-sca_b_7238100.html,Breaking The Cycle Of Scarcity Through The Eyes Of Gratitude,HEALTHY LIVING,"Rather than live in a cycle of hopelessness and scarcity, I believe anyone can live each day in abundance. Just power-up your appreciation for what you do have and who you truly are, and break free.","Juliana Park, ContributorAuthor, 'The Abundance Loop'",2015-05-09
https://www.huffingtonpost.com/entry/oscar-flooding-toilet_us_5b9cdac2e4b03a1dcc8271f3,"Oscars Ceremony Flooding Blamed On Overflowing Toilet, Proving Stars Really Are Like Us (PHOTO)",HOME & LIVING,Stars really are like us!,Michelle Manetti,2013-02-25
https://www.huffingtonpost.com/entry/sandra-gibbons-asthma_us_5b9db5d8e4b03a1dcc8bcfe9,Mom Fights For New Asthma Legislation After Son's Death,PARENTING,"""So as he was going to the office to get his inhaler, he kind of was having a hard time and had to be carried into the office",Rebecca Klein,2013-12-10
https://www.huffingtonpost.com/entry/want-to-become-a-travel-hacker-read-this-first_us_58384fede4b050dfe6187b59,Want to Become a Travel 'Hacker'? Read This First.,TRAVEL,"Philip Pragados thought he'd discovered a perfect travel hack: sharing his TSA PreCheck number, also called a ""Known Traveler","Christopher Elliott, ContributorAuthor, How to Be the World's Smartest Traveler (and Save Time...",2016-11-25
https://www.huffingtonpost.com/entry/unusual-bridal-wear_us_5b9da3c8e4b03a1dcc8a95d5,The Most Unexpected New Looks For Brides,WEDDINGS,"From: Theia on Lover.ly While these styles aren't for everyone, we're thrilled to see more designers offering something all",,2013-11-06
https://www.huffingtonpost.com/entry/chip-health-insurance-deadline_us_59d0f456e4b09538b508ca23,Health Insurance For 9 Million Kids On The Line As Congress Fails To Meet Deadline,POLITICS,Lawmakers are playing with fire.,Igor Bobic,2017-10-01
https://www.huffingtonpost.com/entry/red-flags-relationships_us_5b9d0634e4b03a1dcc83d445,Red Flags In A Relationship: 10 Behaviors To Watch Out For,DIVORCE,More Stories On YourTango: 30 Things Guaranteed To Start An Argument With Your Spouse 5. He forbids you from contact with,,2013-04-15
https://www.huffingtonpost.com/entry/the-best-late-night-clips_us_5bacfe56e4b04234e8556fa5,The Best Late Night Clips of the Week (VIDEO/PHOTOS),COMEDY,"This was the week that Rick Santorum sort-of endorsed Mitt Romney, Newt Gingrich almost dropped out of the presidential race","Matt Wilstein, Contributor
Editor, Gotcha Media Blog",2012-04-28
https://www.huffingtonpost.com/entry/the-day-my-daughter-fell_us_5b9dd150e4b03a1dcc8d3f4b,The Day My Daughter Fell,PARENTING,"On a Wednesday in late May, I brought my 11-month-old Mabel back inside from a walk. I had just received my wife's text message that she was on the Metro and I was in a hurry to get the baby dinner before we left to pick her up. As I was holding the frozen fish under the faucet, I heard a loud crash.","Dustin Fisher, Contributor
Amateur stand up comedian, blogger, and stay-at-home dad",2014-01-30
https://www.huffingtonpost.com/entry/ludacris-baby-girl_n_7519234.html,Ludacris And Wife Eudoxie Welcome First Child,ENTERTAINMENT,,Bill Bradley,2015-06-05
https://www.huffingtonpost.com/entry/baked-macaroni-cheese-in-a-pumpkin_us_5b9db47ee4b03a1dcc8bb7df,The Christmas Dish: Baked Macaroni And Cheese In A Pumpkin,FOOD & DRINK,Imagine the looks on your family's faces when you walk out of the kitchen carrying a whole steaming pumpkin.,"Stephanie Stiavetti, Contributor
Steph @ Fearless🔥Fresh: Badass cooking teacher & cookbook auth...",2013-12-16
https://www.huffingtonpost.com/entry/steve-nash-retirement-nba-career_n_6803126.html,Steve Nash All But Officially Admits NBA Career Is Over,SPORTS,"Goodbye, Steve.",Maxwell Strachan,2015-03-04
https://www.huffingtonpost.com/entry/sons_n_5643964.html,See The 'Sons Of Anarchy' Final Season Poster That Will Haunt You,ENTERTAINMENT,,,2014-08-02
https://www.huffingtonpost.com/entry/monsanto-roundup-and-junk-science_b_7473736.html,"Monsanto, RoundUp and Junk Science",SCIENCE,"Last weekend demonstrators joined a March Against Monsanto in some 428 cities in 38 countries, including more than 240 cities in the U.S. alone. What exactly has so many people riled up? Monsanto, of course.","Michael Hansen, Ph.D, ContributorSenior Scientist with Consumers Union",2015-05-30
https://www.huffingtonpost.com/entry/slowing-down_us_5b9c8357e4b03a1dcc7f57c5,Slow Down!,WELLNESS,"Not only is slowing down restful, restorative, and recharging. It is vital. And it feels really good to boot. Slow downs also prep you for the high-tempo, crazy-fast, fluorescent and pumping number that is surely cued up as the very next song in your life.","Maggie Lyon, Contributor
Writer on wellness and spirituality, founder of Lyon Lifestyle",2012-11-14
https://www.huffingtonpost.comhttp://www.nytimes.com/politics/first-draft/2016/01/20/bob-dole-warns-of-cataclysmic-losses-with-ted-cruz-and-says-donald-trump-would-do-better/?_r=0,Bob Dole Warns of 'Cataclysmic' Losses With Ted Cruz,POLITICS,"Bob Dole, the former Kansas senator and 1996 Republican presidential nominee, has never been fond of Senator Ted Cruz of",,2016-01-21
https://www.huffingtonpost.com/entry/design-inspiration-francis-ford-coppola-hotel-in-wall-street-journal-magazine_us_5b9b42a4e4b03a1dcc760c20,Design Inspiration: Francis Ford Coppola Bernalda Hotel In Wall Street Journal Magazine,HOME & LIVING,"Allow us to dream a little this weekend. Ever since we flipped through the latest issue of Wall Street Journal Magazine, which",Dickson Wong,2012-01-28
https://www.huffingtonpost.com/entry/competitive-eating-training-video_n_5493143.html,WATCH: How Do You Train For A Competitive Eating Contest?,WEIRD NEWS,,Andy Campbell,2014-06-14
https://www.huffingtonpost.com/entry/scotland-independence-_n_5789492.html,Why You Should Care About Scotland's Independence Vote,WORLDPOST,,,2014-09-09
https://www.huffingtonpost.com/entry/big-winners-and-losers-in-the-house-and-senate-republican-budgets_b_7045108.html,Big Winners and Big Losers in the House and Senate Republican Budgets,POLITICS,"In the House and Senate budget proposals for fiscal year 2016, passed with only Republican votes at the end of March, there are big winners and big losers. The big winners are defense spending and contractors and very wealthy people and powerful special interests. The big losers are children, our poorest group in America, and struggling low- and middle-income families.","Marian Wright Edelman, ContributorPresident, Children's Defense Fund",2015-04-11
https://www.huffingtonpost.com/entry/selena-gomez-13-reasons-why-instagram-post_us_58de6fd3e4b08194e3b952a6,Selena Gomez 'Couldn't Be More Overwhelmed' After '13 Reasons Why' Premiere,ENTERTAINMENT,"""We were lucky to have brought it to life.""",Abigail Williams,2017-03-31
https://www.huffingtonpost.com/entry/cardinal-raymond-burke-divorce_n_5915882.html,Cardinal: Catholic Church Will Not Budge On Divorce,RELIGION,,,2014-10-04
https://www.huffingtonpost.com/entry/john-kasich-dark-money-attack_us_56a804ffe4b0f717992849f3,Mystery Dark Money Group Attacks John Kasich In New Hampshire,POLITICS,"American Future Fund, linked to the Koch brothers in the past, doesn't disclose donors, so its motives are unclear.",Laura Barrón-López and Paul Blumenthal,2016-01-27
https://www.huffingtonpost.com/entry/wtf-evolution-my-favorite_b_6006728.html,WTF Evolution?: My Favorite Tumblr Is a Book Now,SCIENCE,"Truth be told, I don't spend a whole lot of time on Tumblr, but there are a few masterpieces that are worth keeping an eye on. One of my favorites is Mara Grunbaum's WTF Evolution?, which takes a regular look at some of evolution's strangest and most perplexing creations. Now, in plenty of time for Xmas, Gunbaum's evolutionary freak show is a book.","Justin Beach, ContributorWriter",2014-10-21
https://www.huffingtonpost.com/entry/ben-carson-campaign_us_567b1714e4b0b958f6593586,Ben Carson Is Eyeing A Major Campaign Shake-Up,POLITICS,Just kidding. He's now saying he's keeping his team in place.,"Julie Bykowicz and Bill Barrow, AP",2015-12-23
https://www.huffingtonpost.com/entry/how-to-boost-metabolism_us_569cfbfbe4b0ce4964251fd1,9 Ways To Boost Your Metabolism,HEALTHY LIVING,Bonus: They're simple.,Lindsay Holmes,2016-01-18
https://www.huffpost.com/entry/jennifer-lopez-emme-pronouns_n_62b0f698e4b04a6173607e8f,Jennifer Lopez Introduces Child Emme With They/Them Pronouns Before Sweet Duet,ENTERTAINMENT,"""They're my favorite duet partner of all time,"" the music superstar said of the 14-year-old.",Josephine Harvey,2022-06-21
https://www.huffingtonpost.comhttp://www.nytimes.com/2016/08/01/us/critics-see-efforts-to-purge-minorities-from-voter-rolls-in-new-elections-rules.html?_r=0,Critics See Efforts By Counties And Towns To Purge Minority Voters From Rolls,BLACK VOICES,"When the deputy sheriff’s patrol cruiser pulled up beside him as he walked down Broad Street at sunset last August, Martee",,2016-08-02
https://www.huffpost.com/entry/this-made-me-formative-pop-culture_n_627aab29e4b0d7ea4cd35502,This Made Me: How Pop Culture Has Shaped Our Lives,CULTURE & ARTS,"Introducing a new HuffPost series on the pop culture that unlocked something in us, helped us fit in, taught us something or became an entry point to something bigger.",Marina Fang,2022-05-16
https://www.huffingtonpost.com/entry/cuteness-takes-human-form-as-kristen-bells-anna-meets-ellen-degeneres-dory-irl_us_57e131bfe4b08cb14097d68f,Cuteness Takes Human Form As Kristen Bell's Anna Meets Ellen DeGeneres' Dory IRL,ENTERTAINMENT,"When ""Frozen"" and ""Finding Dory"" collide.",Cole Delbyck,2016-09-20
https://www.huffingtonpost.com/entry/art-the-tyranny-of-the-ne_b_6102470.html,Art & the Tyranny of the New,ARTS,"I think it's time to create a market for art that deepens the spirit, not makes it shallower, a market to encourage art that taps into wisdom and truth that has lasted for generations, eons, as long as memory has served humanity.","Steven Crandell, ContributorWriter",2014-11-06
https://www.huffingtonpost.com/entry/syria-peace-deal-doubts_us_57d40cfae4b06a74c9f4ee1f,Breakthrough Syria Peace Deal Raises Doubts As Fighting Continues,THE WORLDPOST,"Hours after the deal was reached, Syria’s army reportedly attacked rebel-held areas in Aleppo.","Suleiman Al-Khalidi and David Brunnstrom, Reuters",2016-09-10
https://www.huffingtonpost.com/entry/faith-wilson-girl-with-diabetes-ruby-rescue-dog_us_5b9bccf1e4b03a1dcc7a5cae,"Faith Wilson, Texas Girl, Relies On Diabetic Alert Dog, Ruby, To Detect Blood Sugar Levels (VIDEO)",PARENTING,"Although Ruby has been hailed as a hero by the Wilson family, the dog isn't the first to make headlines in recent months",,2012-06-03
https://www.huffingtonpost.com/entry/wil-wheaton-star-trek-uniform-star-wars_us_5a33a153e4b01d429cc7af5b,Wil Wheaton Wears 'Star Trek' Uniform To 'Star Wars' FOR REAL,ENTERTAINMENT,"Just like he did on ""The Big Bang Theory.""",Ron Dicker,2017-12-15
https://www.huffingtonpost.com/entry/10-life-lessons-learned-from-being-a-rock-star_b_6649820.html,10 Life Lessons Learned From Being A Rock Star,HEALTHY LIVING,"I am remarkably not musically inclined, can't keep a beat, and have a wonderful case of stage fright. I pushed through it all, and threw myself into learning the songs as best I could. I have grown so much both as a person, and as a musician. I've discovered making music is very much like life.","Susanna Sung, ContributorPsychotherapist, Life Storyteller, Slayer of Fears at bonneviv...",2015-02-18
https://www.huffingtonpost.com/entry/five-things-you-should-kn_us_5b9da5bfe4b03a1dcc8ac39f,5 Things You Should Know About Families Dealing With Disability,PARENTING,"My daughter's genetic disorder resulted in a variety of disabilities, both cognitive and physical, that impact nearly every aspect of our lives. Usually we go along with our routine, but sometimes I am struck by how little others know about disability and what life is like for us.","Jamie Davis Smith, Guest Writer
Writer",2013-11-07
https://www.huffingtonpost.com/entry/remembering-ben-bradlee-i_b_6129476.html,Remembering Ben Bradlee in Indian Country,MEDIA,"There are faculty luncheons and dinners at Harvard throughout the year. It was at one of these functions in 1990 that I first met Ben Bradlee, the esteemed editor of the Washington Post.","Tim Giago, ContributorFounder, Native American Journalists Association",2014-11-09
https://www.huffingtonpost.com/entry/wedding-planning_us_5b9d4e25e4b03a1dcc86775d,Wedding Planning Myths Every Couple Needs To Know About,WEDDINGS,"By all means, do your research and become knowledgeable about prices and services in your area so that you don’t regret hiring",,2013-06-28
https://www.huffingtonpost.com/entry/whos-training-whom-in-iraq_b_5494010.html,We're Gonna Train 'Em: The Fallacy of American Total Make-Over in Iraq,POLITICS,"What were/are we training Iraqis for? Should not the training, for a country we knew nothing about but were trying to ""save,"" have been the other way around?","John Brown, ContributorFormer diplomat; affiliated with Georgetown University",2014-06-14
https://www.huffingtonpost.com/entry/a-letter-to-my-autistic-daughter-to-be-read-at-her-graduation_us_5b9dd5dce4b03a1dcc8d8b63,A Letter to My Autistic Daughter to Be Read at Her Graduation,PARENTING,"On your graduation day, if I say to you, ""Are you happy, Lily?"" and you respond ""I happy, daddy,"" then I'm happy too. And if you can't tell me that, then I will do everything in my power to fix that.","Jim Walter, Contributor
Father, blogger",2014-03-03
https://www.huffingtonpost.com/entry/how-can-you-expect-me-to_us_5bacfd27e4b04234e8555966,How Can You Expect Me To Be Funny When The World's Going To End?,COMEDY,"It's time to get serious. Women aren't funny and the world is going to end this year. Given these two indisputable truths, it's time for me to quit comedy and devote my life to preparing for the apocalypse.","Meghan O'Keefe, Contributor
Comedian and writer",2012-04-01
https://www.huffingtonpost.com/entry/israeli-forces-kill-palestinian-youth_n_7142448.html,Israeli Forces Kill Palestinian Youth Wielding Knife At Checkpoint,WORLDPOST,,,2015-04-25
https://www.huffingtonpost.com/entry/new-infinity-yachting-exp_us_5b9c5cdde4b03a1dcc7e17ef,New Yachting Experience In New York City,TRAVEL,"When I heard about a sleek and sexy new 20 million dollar yacht showing up on the Hudson River in New York City,  where you can do everything from brunch to cocktails and dinner cruises, I knew I needed to check it out","Karen Schaler, Contributor
Emmy award-winning screenwriter, producer, author and creator ...",2012-10-03
https://www.huffingtonpost.com/entry/searching-for-the-soul-of-the-democratic-party_us_5956554be4b0c85b96c660fd,Searching for the Soul of the Democratic Party,POLITICS,"Writing in Politico, Bruce Bartlett complains the Republican Party has lost its way because it has ceased to champion ideas","Bob Burnett, ContributorBerkeley activist and writer; Quaker; retired technologist.",2017-06-30
https://www.huffingtonpost.com/entry/habsburg-nostalgia-europe-austria_b_5473374.html,Habsburg Nostalgia: Europe's Most Embarrassing Anachronism? Paradise Saved?,POLITICS,"While the autocratic Habsburg Empire was in no way a forerunner of the European Union, reviving its historical and cultural legacies -- unlike the expansion of extreme right wing and xenophobic parties in Austria, Hungary, and other parts of Central Europe -- is politically benign and potentially beneficial.","Franz-Stefan Gady, ContributorSenior Fellow, EastWest Institute; Editor, The Diplomat Magazi...",2014-06-10
https://www.huffingtonpost.com/entry/nadine-hernandez-dead-derrick-rose-case_us_57fe5f14e4b0e8c198a5435b,LAPD Detective Looking Into Derrick Rose Case Shot Dead In Home,SPORTS,Police are treating the death as a suicide at this time.,Maxwell Strachan,2016-10-12
https://www.huffingtonpost.com/entry/can-giving-up-fast-food-l_us_5b9c8a62e4b03a1dcc7f9a72,Can Giving Up Fast Food Lead To Better Sex? (VIDEO),WELLNESS,"Joining Redd and Griswold in the discussion were Dr. Howard Glazer, a neurophysiological psychologist and Clinical Associate",Gina Carey,2012-11-20
https://www.huffingtonpost.com/entry/time-magazine-cover_us_5b9bb4aae4b03a1dcc79bacd,Dispatch From the 'Mommy Room',PARENTING,"As my first Mother's Day approaches, I want to thank Amalía for making me a mom. And to tell Time magazine, and Elisabeth Badinter, and everyone else who thinks I'm doing it wrong, that I'm being the best one I can.","Eleni Gage, Contributor
Author, 'Other Waters'",2012-05-12
https://www.huffingtonpost.com/entry/clinton-health-poll_us_57db0769e4b04a1497b3439f,"Uncertainty About Hillary Clinton's Health Is On The Rise, Poll Finds",POLITICS,Americans largely believe that politicians' medical records should be publicly available.,Ariel Edwards-Levy,2016-09-15
https://www.huffingtonpost.comhttp://thehill.com/homenews/campaign/264128-clinton-casting-wider-net-for-cash,Clinton Building Most Expansive Fundraising Network In Recent Memory,POLITICS,"Hillary Clinton’s presidential campaign is building the most expansive fundraising network in recent memory, taking its prospecting",,2015-12-25
https://www.huffingtonpost.comhttp://huff.to/1zdVuQ8,LIVE: Brazil vs. Colombia,SPORTS,,,2014-07-04
https://www.huffingtonpost.com/entry/summer-concert-guide-for_us_5b9d35a6e4b03a1dcc858fc5,Summer Concert Guide for the European Backpacker: Germany,TRAVEL,"Muffathalle - Munich By Jackie DeJesse, Party Earth writer. While exploring Munich, be sure to check out some of the city's","Party Earth, Contributor
Contributor",2013-06-03
https://www.huffingtonpost.com/entry/manatees-three-sisters-springs_n_6630352.html,Manatee Party Shuts Down Florida Refuge In The Best Possible Way,GREEN,,Arin Greenwood,2015-02-06
https://www.huffingtonpost.com/entry/christmas-survival-strategies_us_5b9ca9e4e4b03a1dcc80aad4,9 Holiday Survival Strategies For Moms,PARENTING,3. Regale your children with stories of the gifts you received when you were their age. Who can forget the year you got a,"The Mouthy Housewives, Contributor
Humor Bloggers",2012-12-25
https://www.huffingtonpost.com/entry/roberta-kaplan-mississippi-gay-marriage_n_6045636.html,Attorney Who Scored Historic Gay Marriage Win Discusses Her Next Big Groundbreaking Move,QUEER VOICES,,Michelangelo Signorile,2014-10-25
https://www.huffingtonpost.com/entry/what-your-in-n-out-order_us_5b9de7cde4b03a1dcc8e7d67,What Your In-N-Out Order Says About You,FOOD & DRINK,There are certain traits commonly associated with every order.,"Thrillist, Contributor
Everything worth caring about in food, drink, and travel",2014-03-03
https://www.huffingtonpost.com/entry/donald-trump-oscars-tweet_us_5a9ed3cae4b002df2c5e438e,Twitter Users Mock Donald Trump's Whiny Tweet About Oscar Ratings,POLITICS,"""Thanks, lowest rated President in HISTORY,"" Jimmy Kimmel tweeted.",David Moye,2018-03-06
https://www.huffingtonpost.com/entry/141000-stolen-after-employees-leave-cash-on-lawn_us_55b7cc2ee4b0224d88342733,"$150,000 Stolen After ATM Workers Leave Cash On Lawn",WEIRD NEWS,"The phrase ""a day late and a dollar short"" has never been more appropo. Police in Mahwah, New Jersey, are trying to track",David Moye,2015-07-28
https://www.huffpost.com/entry/toddlers-hugging-viral-video_n_5d76dd69e4b0645135734062,Social Media Is Falling In Love With These 2 Toddlers Hugging In The Street,U.S. NEWS,"Proud dad Michael Cisneros said the two toddlers, who are best friends, saw each other on the sidewalk and immediately started running toward each other",Josephine Harvey,2019-09-10
https://www.huffingtonpost.com/entry/woman-trolls-trump-obituary_us_58a73adee4b045cd34c14f3b,87-Year-Old Woman Trolls Trump From The Grave With Her Obituary,COMEDY,Well played.,Elyse Wanshel,2017-02-17
https://www.huffingtonpost.com/entry/911-victims-sue-saudi-arabia-terrorism_us_57d2ace2e4b06a74c9f41b40,"Congress Bucks Obama, Passes Bill Letting 9/11 Victims Sue Saudi Arabia",POLITICS,The White House has hinted at a veto.,Jennifer Bendery,2016-09-09
https://www.huffingtonpost.com/entry/infections-iq-test_n_7443680.html,Severe Infections In Childhood Linked To Lower IQ,HEALTHY LIVING,,Anna Almendrala,2015-05-26
https://www.huffingtonpost.com/entry/how-the-red-cross_n_7505006.html,How The Red Cross Raised Half A Billion Dollars For Haiti ­And Built Six Homes,WORLDPOST,,,2015-06-03
https://www.huffingtonpost.com/entry/5-steps-to-get-you-from-shy-to-sociable_b_5807752.html,5 Steps to Get You From Shy to Sociable,HEALTHY LIVING,"You want to make a change, but don't know how to do it. You want to reach out and expand your social circle, but are worried about the comments from the people you're typically around and can't begin to imagine how to get started anyway.","Susie Wolbe, ContributorExperienced educator/presenter focusing on mindfulness, parent...",2014-09-12
https://www.huffingtonpost.comhttp://www.seattletimes.com/seattle-news/politics/with-session-in-deadlock-inslee-could-start-vetoing-bills/,"Inslee Orders Special Session, Vetoes 27 Bills To Spur Action",POLITICS,Lawmakers this legislative session had two fundamental responsibilities: Come up with a full plan for K-12 education funding,,2016-03-11
https://www.huffpost.com/entry/fox-news-tucker-carlson-ottawa_n_5f8189f1c5b6e5c31ffeef5b,Tucker Carlson's 'Very Odd' Pronunciation Of 'Ottawa' Has People In Stitches,POLITICS,"""I could not be more offended by the way Tucker Carlson butchers the name of our awesome capital city,"" one person responded to the Fox News host.",Lee Moran,2020-10-10
https://www.huffingtonpost.com/entry/star-spangled-provocation_us_59564884e4b0f078efd988e7,Star Spangled Provocation,POLITICS,"I have long thought there were two ways to interpret our national anthem, the Star Spangled Banner. On the cusp of our Independence","David L. Katz, M.D., M.P.H., ContributorFounder, True Health Initiative",2017-06-30
https://www.huffingtonpost.com/entry/cuba-camiones-travel_us_5b9cc03be4b03a1dcc817fa4,Our Girl in Havana: The Necessary Hazard Of Cuba's Trucks,TRAVEL,"It was three in the morning and I was somewhere in Camaguey province. Beyond the small spotlight in which I stood, the night was black.","Tyler Wetherall, Contributor
Insight Cuba, Travel Writer",2013-01-26
https://www.huffingtonpost.com/entry/calc-teacher-hotline-bling_us_5638c31de4b027f9b96a0381,Hero Teacher Dressed As Drake And Danced A Mean 'Hotline Bling',GOOD NEWS,"This dude + ""Hotline Bling"" = MAGIC.",Kimberly Yam,2015-11-03
https://www.huffingtonpost.com/entry/brazil-rousseff-protests_n_6874070.html,Massive Rallies Across Brazil In Protest Of The President,WORLDPOST,,,2015-03-15
https://www.huffingtonpost.com/entry/halloween-snow-chicago_n_6084402.html,"Strong Winds, Flooding And, Yes, Snow Mark Halloween In Chicago",GREEN,,Joseph Erbentraut,2014-10-31
https://www.huffingtonpost.com/entry/hello-indiana-lets-celebr_b_5523332.html,"Hello, Indiana -- Let's Celebrate Love and Happiness Together for a Whole Week (By the Way, I'm Gay)",QUEER VOICES,I have spoken with many people who feel that a Pride parade in the Midwest probably features a tightknit group of folks from the local LGBTQ community only -- and that it's sure to draw groups of angry protestors. That was certainly not the case at Circle City IN Pride Festival 2014 in Indianapolis.,"Kristine Esser, ContributorPoet and digital marketing professional",2014-06-25
https://www.huffingtonpost.com/entry/spacecraft-lifts-off-in-search-for-life-on-mars_us_56e6c003e4b0860f99d97d8d,Spacecraft Lifts Off In Search For Life On Mars,SCIENCE,The European-Russian mission is the latest to seek out Martian life.,"Maria Sheahan, Reuters",2016-03-14
https://www.huffingtonpost.comhttp://fivethirtyeight.com/features/everyone-has-fake-twitter-followers-but-trump-has-the-most-sad/,"Everyone Has Fake Twitter Followers, But Trump Has The Most. Sad!",TECH,"The millions of Twitter accounts following Donald Trump include lots of questionable ones — ones with very few tweets, or",,2016-04-14
https://www.huffingtonpost.com/entry/will-religious-freedom-advocates-oppose-roy-moore_us_5a2987b0e4b09ee35b8ae73e,Will Religious Freedom Advocates Oppose Roy Moore?,RELIGION,"Next week, the people of Alabama may elect an alleged (but based on numerous, credible reports) pedophile to the US Senate","Peter Henne, ContributorAssistant Professor at the University of Vermont",2017-12-07
https://www.huffingtonpost.com/entry/dogs-help-military-veterans_us_5bb14212e4b09bbe9a5d63e2,Dogs Help Military Veterans Cope With Civilian Life,ENVIRONMENT,"The ""Bark Business Breakfast"" tour had an event in Chicago on Saturday, and so far has raised nearly $100,000. Among the","Reuters, Reuters",2013-09-08
https://www.huffingtonpost.com/entry/what-every-parent-needs-to-understand-about-consent_us_57587ac6e4b0ced23ca6d904,What Every Parent Needs To Understand About Consent,PARENTS,"Before you educate your kids, be sure you understand these basics.",Catherine Pearson,2016-06-13
https://www.huffingtonpost.com/entry/southpaw-clip_us_55afb5b6e4b0a9b948532aa4,Watch Jake Gyllenhaal Steel Himself For A Bloody Battle In This Exclusive 'Southpaw' Clip,ENTERTAINMENT,"Seeing Jake Gyllenhaal's pristine face take a beating might be traumatizing for some, so allow us to prepare you. The Huffington",Matthew Jacobs,2015-07-22
https://www.huffingtonpost.com/entry/daily-meditation_n_5639498.html,Daily Meditation: Pep Talk,RELIGION,,Antonia Blumberg,2014-08-01
https://www.huffingtonpost.com/entry/trump-russia-sanctions-gop_us_58657996e4b0de3a08f7c19e,White House Dares Trump To Roll Back Sanctions Against Russia,POLITICS,"""We don’t think it makes much sense to invite back in Russian intelligence agents.”",Sam Levine,2016-12-29
https://www.huffingtonpost.com/entry/target-hack-pins_us_5bb3052ae4b0480ca661947f,Target Hackers Stole PINs: Source,BUSINESS,"On Monday, Santander - a unit of Spain's Banco Santander - followed suit, lowering the daily limits on cash withdrawals and","Reuters, Reuters",2013-12-24
https://www.huffingtonpost.com/entry/lets-deemphasize-peoples-_b_5769084.html,Let's Deemphasize People's Motivations Behind Advocacy and Volunteering,IMPACT,"As a high school student, I have often heard accusatory comments that so-and-so is only involved with social activism or a service project because ""she wants to put it on her resume"" or ""he just wants to gain admission to college.""","Megan Foo, ContributorUndergraduate at The University of Pennsylvania",2014-09-05
https://www.huffingtonpost.com/entry/why-sport-matters_b_6660934.html,Why Sport Matters,SPORTS,"There is far more to Dean Smith's legacy than 879 basketball victories, an Olympic gold medal victory in 1976, two Division I National Championships and an astonishing 11 Final Four appearances. There is the far-from-simple virtue of a life well lived.","Louis A. Ruprecht, Jr., ContributorWilliam M. Suttles Chair of Religious Studies, Georgia State U...",2015-02-25
https://www.huffingtonpost.com/entry/bitcoin-digital-currency-traders_us_5b9b85dae4b03a1dcc784d07,Bitcoin: Digital Currency Attracts Financial Traders,MONEY,"The trader, who was not willing to be named, said he spent four hours a day on Bitcoin, describing it as his second job. He","Reuters, Reuters",2012-04-01
https://www.huffingtonpost.comhttp://www.parenting.com/gallery/13-discipline-tricks-from-teachers?src=syn&dom=HuffPo,13 Discipline Tricks From Teachers,PARENTING,"As I sat on a teeny-tiny chair reading to Vivian in her kindergarten classroom, I noticed her teacher, Debbie, do something",,2013-02-19
https://www.huffingtonpost.com/entry/my-wife-ruined-dinner_b_6586026.html,My Wife Ruined Dinner,HEALTHY LIVING,,"Jon Hotchkiss, ContributorHost, Be Less Stupid",2015-02-04
https://www.huffingtonpost.comhttp://www.realclearpolitics.com/articles/2015/08/17/in_iowa_walker_dodges_immigration_specifics_127793.html,Scott Walker Dodges Specifics On Immigration,POLITICS,DES MOINES — Scott Walker memorably confronted protesters but ducked specifics on his immigration reform stance during a,,2015-08-18
https://www.huffingtonpost.com/entry/the-1-key-to-living-and-d_us_5b9df420e4b03a1dcc8f6af2,The No. 1 Key to Living and Dying Well,WELLNESS,"As long as we live, it is never too late to be ourselves and to make peace with our choices and the people in our life (past or present).  So, if you want to live and die really well, befriend, honor, and love yourself madly and deeply.","Judith Johnson, Contributor
I am an author, mentor and speaker who helps others to raise t...",2014-04-01
https://www.huffingtonpost.com/entry/enlightened-knowledge-and_b_5493843.html,Enlightened Knowledge and 10 Ways to Attain It,HEALTHY LIVING,,"Emilie Rambaud, ContributorFounder and owner, Glowing Co.",2014-06-17
https://www.huffingtonpost.com/entry/sexual-male-humor-costumes_us_57f2b7d6e4b0d0e1a9a923b6,20 Halloween Costumes That Make Us Want To Ban Men,WOMEN,Please don't turn yourself into a terrible sex joke.,Emily McCombs,2016-10-11
https://www.huffingtonpost.com/entry/t-bone-steak-notebook-noteblock_us_5b9d099be4b03a1dcc83f0c4,T-Bone Steak Notebook By Fred Flare Is Making Us Hungry (PHOTO),FOOD & DRINK,"These might be the perfect gift for your friendly, neighborhood butcher.",,2013-04-12
https://www.huffingtonpost.com/entry/mtv-movie-awards-2005_n_7050536.html,Here's What The MTV Movie Awards Looked Like 10 Years Ago,ENTERTAINMENT,,Lauren Zupkus,2015-04-12
https://www.huffingtonpost.com/entry/israel-is-not-afraid-isra_b_6943754.html,Israel Is Not Afraid. Israel Is Comfortable.,WORLDPOST,"As sad and painful as it is for me personally, I can no longer protest the utilization of sanctions and political isolation because the people of Israel have demonstrated unequivocally that without them they will not move in a positive direction for themselves or their neighbors.","Boaz Yakin, ContributorScreenwriter, Director",2015-03-26
https://www.huffingtonpost.com/entry/bogota-cuisine_us_5b9d1e8ce4b03a1dcc849d12,Bogota: Colombia's Capital for Cuisine and Cocktails,TRAVEL,"With all the new attention Colombia's been getting, I'm finding myself overwhelmed with trying to keep up with all the requests of friends -- and friends of friends -- for local insights into Bogota's vibrant restaurant and nightlife scene.","Jeff Thelen, Contributor
Co-Founder of TheFigCo",2013-05-07
https://www.huffingtonpost.com/entry/8-moms-who-experienced-loss-celebrate-their-rainbow-babies-in-sweet-photo-shoot_us_59e4e483e4b03a7be5826d90,8 Moms Who Experienced Loss Celebrate Their Rainbow Babies In Sweet Photo Shoot,PARENTS,"“The power of love and family is incredible,"" said the photographer.",Caroline Bologna,2017-11-10
https://www.huffingtonpost.com/entry/story_n_6965372.html,REPORT: Trevor Noah On Track To Take Over As 'Daily Show' Host,ENTERTAINMENT,,,2015-03-29
https://www.huffingtonpost.com/entry/new-sanctions-to-stall-ex_n_5815408.html,New Sanctions To Stall Exxon's Arctic Oil Plans,GREEN,,,2014-09-13
https://www.huffingtonpost.com/entry/self-help_us_5b9bc1f6e4b03a1dcc7a1fa1,Think Like a Lion Tamer About the Hurt in Your Life,WELLNESS,"Have you recently been through a challenge, disappointment, break up or disloyalty with somebody in your life? If so, it's important to take some time to think like a lion tamer about your pain, so you can tame the possibility of more negativity coming back to bite you again!","Karen Salmansohn, Contributor
Karen Salmansohn",2012-05-29
https://www.huffingtonpost.com/entry/brothers-trans-men-web-series_us_59973f5fe4b0a2608a6c5941,This Web Series Is Elevating The Lives And Stories Of Trans Men,QUEER VOICES,"""Having media that represents the breadth of our differences is a way to make those of us who often feel othered instead feel whole and valued.""",James Michael Nichols,2017-08-20
https://www.huffingtonpost.com/entry/mitt-romney-flip-flop_us_5b9b9a6be4b03a1dcc78f835,What the Buddha Might Say to Mitt Romney,WELLNESS,"The Buddha taught of the dangers of greed, hatred and ignorance, that he called the three poisons. Where greed grabs our desires, hatred abuses our fears, while ignorance clouds our vision.","Ed and Deb Shapiro, Contributor
Mindfulness, Meditation teachers; bestselling Authors: The Une...",2012-04-24
https://www.huffingtonpost.com/entry/police-ask-texas-not-to-crack-down-on-sanctuary-cities_us_58c9ef14e4b0ec9d29d8a234,Texas Police Ask The State Not To Crack Down On Sanctuary Cities,POLITICS,"For the second time in six weeks, hundreds of people registered their opposition to a Republican-backed immigration crackdown.",Roque Planas,2017-03-16
https://www.huffingtonpost.com/entry/basking-shark-feeding_us_579cd162e4b0e2e15eb61c3c,Watch These Basking Sharks Feed From The Safe Distance Of A Drone,SCIENCE,Good thing these giants just want some plankton.,Steven Hoffer,2016-07-30
https://www.huffingtonpost.com/entry/kimberly-guilfoyle-sean-spicer_us_58532192e4b039044707e441,Fox News Host Kimberly Guilfoyle Says She's Discussed Becoming Press Secretary,MEDIA,She described Sean Spicer as “a very nice man and a patriot” who “puts a lot of effort” into the job.,Michael Calderone,2017-05-16
https://www.huffingtonpost.com/entry/nys-beautique-aims-for-a-_b_5541373.html,NY's Beautique Aims for a Glam Crowd and Fine Cuisine,STYLE,"I've long admired the work of Chef Craig Hopson, first at One If by Land, then at Le Cirque, so I was happy to hear he was back behind the stoves, this time at a swanky new 125-seat restaurant with a too-cutesy name, set in the belly of a building across from the Plaza Hotel and next to the venerable Paris movie theater.","John Mariani, ContributorPublisher of ""Mariani's Virtual Gourmet Newsletter"" and award-...",2014-07-01
https://www.huffingtonpost.comhttp://www.newrepublic.com/article/123223/plan-save-world,The Plan To Save The World: What Success At The Paris Climate Conference Looks Like,POLITICS,"Right now, we're in a car, hanging on for dear life as we hurtle around a mountain bend.",,2015-10-28
https://www.huffingtonpost.com/entry/you-wont-even-miss-the-meat-with-these-delicious-vegetarian_us_57b21c4ee4b0e7935e059466,You Won’t Even Miss The Meat With These Delicious Vegetarian Sandwiches,TASTE,"For Bon Appetit, by Christina Chaey. Roasted Eggplant and Pickled Beet Meatless doesn’t mean dainty. When making a veggie","Bon Appetit, ContributorBon Appetit",2016-08-15
https://www.huffingtonpost.com/entry/how-to-not-make-waves-with-your-h20-waste_us_57da0372e4b04a1497b28641,How To Not Make Waves With Your H20 Waste,IMPACT,Fix those leaky pipes!,Kira Brekke,2016-09-15
https://www.huffingtonpost.com/entry/why-is-writing-important_b_8130972.html,Why Is Writing Important?,COMEDY,,"Marta Ibarrondo, ContributorThe Unzipped Truth",2015-09-13
https://www.huffingtonpost.com/entry/chris-brown-rihanna-duet-cuts-collaboration-x-album_us_5bb42e21e4b066f8d255caa3,Chris Brown & Rihanna Duet: Singer Cuts Collaboration With Ex-Girlfriend From 'X' Album,ENTERTAINMENT,"After working with Rihanna for a track called ""Nobodies Business"" off of the Barbadian beauty's 2012 album ""Unapologetic",,2013-06-23
https://www.huffingtonpost.com/entry/the-president-of-stranger-things_us_5a00cd9fe4b085d72ae06c4d,The President Of Stranger Things,MEDIA,Why we just can't turn away from Trump.,"Marty Kaplan, Guest WriterGuest Writer",2017-11-06
https://www.huffingtonpost.com/entry/thanks-dads_us_59415eb0e4b0d99b4c92106e,Thanks Dads,PARENTS,“A family needs a father to anchor it.”- L. Tom Perry A few years ago I was jogging at a resort in Laguna Nigel. My feet,"Mary Bell, ContributorDriving Home",2017-06-17
https://www.huffingtonpost.com/entry/iran-presidential-elections-rouhani-change_us_59202f3fe4b03b485cb1e4af,Iranians Demanding Change Deliver Emphatic Victory For Rouhani,THE WORLDPOST,President Hassan Rouhani pledged on Saturday to open Iran to the world and deliver freedoms its people have yearned for,"Parisa Hafezi and Babak Dehghanpisheh, Reuters",2017-05-20
https://www.huffingtonpost.com/entry/pictures-can-lie_us_5b9ca2fbe4b03a1dcc8079ac,Pictures Can Lie,PARENTING,"I told the photographer about our situation. About missing someone from our family. She gave me an idea of how everyone could be in the picture together, even Joey and the new baby.","Kathy Glow, Contributor
Blogger, Kissing The Frog",2012-12-22
https://www.huffingtonpost.com/entry/guajataca-dam-puerto-rico-hurricane-maria-evacuate_us_59c58844e4b06ddf45f7fe7b,Tens Of Thousands In Puerto Rico Told To Evacuate Immediately As Dam Cracks,GREEN,"70,000 people are at risk.",Ryan Grenoble,2017-09-22
https://www.huffingtonpost.com/entry/i-am-not-my-step-kids-mom_us_59c1884ce4b0c3e70e7428a2,I Am Not My Stepkids’ Mom,PARENTS,"I love my stepkids as much as I love the kids I gave birth to, but at the end of the day, I am not their mom.","Elisha Wilson Beach, ContributorStay-at-home mom of 4 kids and 4 step-""adults"". Yes, you read ...",2017-09-19
https://www.huffpost.com/entry/san-francisco-train-death-dog_n_6141ded1e4b0628d096326cd,Woman Pulled To Her Death After Train Doors Close Between Herself And Tethered Dog,U.S. NEWS,"The woman alighted from the San Francisco train “at the very last second"" and the dog remained on board, transit officials said.",Lee Moran,2021-09-15
https://www.huffingtonpost.com/entry/finding-love-in-spite-of_us_5b9daecbe4b03a1dcc8b6963,Finding Love in Spite of...,WELLNESS,"Young adult cancer is not something people dream of when they picture themselves in a romance. Illness, in general, is not socially considered a good stepping stone to finding a bright future relationship. For this couple, and for myself, though, that's exactly where love kicked in.","Erin Havel, Contributor
Advocate, Activist, Author",2013-12-03
https://www.huffingtonpost.com/entry/devin-hester-punt-return-_n_5846836.html,WATCH: Devin Hester Breaks NFL Record With 20th Return Touchdown,SPORTS,,Chris Greenberg,2014-09-19
https://www.huffingtonpost.com/entry/worst-toys-2012-toady-awards_us_5b9c91f0e4b03a1dcc7fe530,'Worst Toys' 2012: CCFC Names TOADY Award Nominees,PARENTING,Vote between now and Dec. 5 on the CCFC's website here. This year's full list includes the LEGO Friends Butterfly Beauty,,2012-11-30
https://www.huffingtonpost.com/entry/former-nfl-safety-sash-diagnosed-with-cte_us_56a82349e4b0947efb65ee5c,Former Super Bowl Champion Who Died At 27 Had CTE,SPORTS,Tyler Sash died at 27.,,2016-01-27
https://www.huffingtonpost.com/entry/hairdresser-industry-recession-proof_us_5b9ba54ee4b03a1dcc794583,10 Things Your Hairdresser Won't Tell You,MONEY,"3. ""...except when we feel like negotiating."" Some hairdressers will advertise a high price to make them look like they're","SmartMoney, SmartMoney",2012-04-30
https://www.huffingtonpost.com/entry/new-incredibles-2-official-trailer_us_5ad0b98be4b016a07e9bce18,New ‘Incredibles 2’ Trailer Is All About Mom’s New Job And Dad Staying At Home,ENTERTAINMENT,Get a sneak peek at Bob Odenkirk’s new character as well.,Elyse Wanshel,2018-04-13
https://www.huffingtonpost.com/entry/trumps-coming-challenge_us_582ea267e4b099512f822eb0,Why Is Everyone Suddenly Running? Because TRUMP'S COMING!,WEIRD NEWS,Everyone flee!,Ed Mazza,2016-11-18
https://www.huffingtonpost.com/entry/cambridge-analytica-trump-hitler_us_5ad609fde4b077c89ced02cd,Cambridge Analytica Founder Once Compared Trump To Hitler,POLITICS,"Trump vilified Muslims the same way Hitler vilified Jews, Nigel Oakes said.",Willa Frej,2018-04-17
https://www.huffingtonpost.com/entry/salt-water-hair-damage_us_5b9d6562e4b03a1dcc877c22,How Salt Water Really Affects Your Hair & What To Do About It,STYLE & BEAUTY,"Here at HuffPost Style, we are passionate about protecting our skin from the sun. Laying out on the beach for hours may feel",Dana Oliver,2013-08-02
https://www.huffingtonpost.com/entry/gay-talese-says-kevin-spacey-accusers-should-just-suck-it-up_us_5a0315c8e4b04e96f0c6e6f7,Gay Talese Says Kevin Spacey Accusers Should Just 'Suck It Up',QUEER VOICES,Whole lotta no.,Jenavieve Hatch,2017-11-08
https://www.huffingtonpost.com/entry/the-content-brief-whats-u_us_5bb3611ce4b0fa920b97509b,The Content Brief: What's Up With All the Hacking?,TECH,"Facebook, Apple and Twitter were all targeted recently as well, possibly by the same Eastern European gang. You can check","Shawn Amos, Contributor
blues preacher | content junkie | doughnut lover",2013-02-23
https://www.huffingtonpost.comhttp://www.dailycandy.com/everywhere/article/141582/Superhero-Playlist?vwink=DC:SYND:HUFFPOPARENTS,Carpool Playlist: Songs For Superheroes,PARENTING,Your caped crusader goes after bad guys and leaps Lego buildings in a single bound. Put ka-pow! in playtime with a superhero,,2013-01-11
https://www.huffingtonpost.com/entry/russia-eyes-crackdown-on_us_5b9cc7e8e4b03a1dcc81cd6d,Russia May Crack Down On Duty-Free Alcohol Thanks To In-Flight Brawls,TRAVEL,"""Changes are needed to end such uproar on planes. It's a direct threat to flight security,"" he said, without giving any other","Reuters, Reuters",2013-02-04
https://www.huffingtonpost.com/entry/dave-brat-immigration_n_5597710.html,Dave Brat Hires Same GOP Firm Doing Immigration Work For Mark Zuckerberg,POLITICS,,Ryan Grim and Ashley Alman,2014-07-18
https://www.huffingtonpost.com/entry/yes-microlending-reduces-extreme-poverty_us_5952761be4b0c85b96c65cce,"Yes, Microlending Reduces Extreme Poverty",IMPACT,"Overall, however, my study suggests that more microcredit would benefit poor countries. National governments and international","The Conversation Global, ContributorThe Conversation is a collaboration between editors and academ...",2017-06-27
https://www.huffingtonpost.com/entry/sustainable-seafood-trade_us_5b9d2655e4b03a1dcc84e973,Trader Joe's Seafood Promise to Greenpeace Still Murky,FOOD & DRINK,"Although Trader Joe's is moving in the right direction, I can't go there today and pick up fish fillets for dinner without worrying about whether I am contributing to the degradation of the ocean.","Zester Daily, Contributor
Zester Daily: The culture of food and drink.",2013-05-13
https://www.huffingtonpost.com/entry/computer-science-in-k-12_b_5644994.html,Computer Science in K-12 Classrooms Needs to Catch Up,EDUCATION,It's estimated that in the next decade the number of computer science jobs in the U.S. will outnumber qualified people by 1 million. That's 1 million jobs for the taking that Americans will miss out on because of inadequate skill sets.,"Matthew Lynch, Ed.D., ContributorAuthor of The Call to Teach and editor of The Edvocate, www.th...",2014-08-03
https://www.huffingtonpost.com/entry/what-is-it-like-to-take-a_us_5b9bc346e4b03a1dcc7a283f,What Is it Like to Take a Cross-Country Road Trip by Bike?,TRAVEL,"And reader, if you haven't learned the taste of that kind of love yet, I hope you do. I thought of giving up. There was no","Quora, Contributor
The best answer to any question",2012-05-29
https://www.huffingtonpost.com/entry/trump-delegates-pennsylvania_us_57203cc5e4b0b49df6a9a7e4,Trump's Biggest Wins On Tuesday Were These Obscure Races In Pennsylvania,POLITICS,Has the Trump campaign finally figured out how the nominating process works?,Nick Baumann,2016-04-27
https://www.huffingtonpost.com/entry/clinton-sanders-obama_us_56aa378de4b05e4e3703753a,Bernie Sanders And Hillary Clinton Are Actually Fighting About Barack Obama,POLITICS,It's a debate over what Obama accomplished -- and what he didn't.,Jonathan Cohn,2016-01-28
https://www.huffingtonpost.com/entry/meaning-of-life_us_5b9b63bae4b03a1dcc772660,"Rock, Paper, Scissors: A Dialogue on Who We Are",WELLNESS,"This is a genuine inquiry into the nature of life, desire, suffering and happiness. I hope you will enjoy taking this philosophical journey with the three most neurotic, supposedly non-sentient beings in the universe.","James Napoli, Contributor
Humorist, Author of The Official Dictionary of Sarcasm and The...",2012-02-29
https://www.huffingtonpost.com/entry/pinners-to-follow_us_5b9c8c32e4b03a1dcc7fa991,Pinners To Follow: Chronicle Books And 4 Other Pinterest Accounts,HOME & LIVING,These accounts are hot!,Shana Ecker,2012-11-21
https://www.huffingtonpost.com/entry/going-back-to-the-old-whooping-cough-vaccine-could-save-lives_us_56fbeb21e4b083f5c6062929,Going Back To The Old Whooping Cough Vaccine Could Save Lives,HEALTHY LIVING,The current pertussis vaccine isn't as effective as the old shots.,"Rachael Rettner, LiveScience.com",2016-03-30
https://www.huffingtonpost.com/entry/throwback-thursday-how-a_b_5883000.html,Throwback Thursday: How a DNA Test Broke an Immigration Officer's Heart,POLITICS,"Covered in torture scars, Alonzo fled to the United States, leaving five children behind. After winning political asylum, Alonzo filed visa petitions for his children to join him. The children's fates thus landed in my very inexperienced hands.","Laura Murray-Tjan, ContributorFounder, Federal Immigration Appeals Project",2014-09-25
https://www.huffpost.com/entry/sumatran-tiger-melati-killed-london-zoo_n_5c5e6304e4b0eec79b2384f6,Popular Sumatran Tiger Melati Killed By Intended Mate At London Zoo,ENVIRONMENT,"Melati, 10, was fatally mauled when she was introduced to Asim.",Mary Papenfuss,2019-02-09
https://www.huffingtonpost.com/entry/fathers-day-gin_us_5b9d40e6e4b03a1dcc85fa8b,"This Father's Day, Give the Gift of Gin",FOOD & DRINK,"Fatherhood is one great big adventure, so why not get a little adventurous on his day? Here are 11 off-the-beaten path gins for Father's Day.","Tony Sachs, Contributor
Writer of words, drinker of booze, eater of food, listener of ...",2013-06-13
https://www.huffingtonpost.com/entry/soap-opera-hair-photos_us_5b9bbe9de4b03a1dcc7a0208,"Soap Opera Hair: Julianne Moore, Kelly Ripa And More Celebrities Before They Were Famous (PHOTOS)",STYLE & BEAUTY,"Did you know that before Julianne Moore starred in films such as, ""Crazy Stupid Love"" and ""The Kids Are Alright,"" she played",Sarah Leon,2012-05-23
https://www.huffingtonpost.com/entry/service-workers-to-rally-against-trump-over-immigration-policies_us_59e21c56e4b03a7be580f6f6,Service Workers To Rally Against Trump Immigration Policies,POLITICS,"The hospitality union Unite Here plans demonstrations in 40 cities: ""We need protections for the workers who drive this industry.""",Dave Jamieson,2017-10-14
https://www.huffingtonpost.com/entry/taylor-swift-predicted-kim-kardashian-recording_us_578f98f7e4b04ca54ebfb11a,Taylor Swift Predicted This Kim Kardashian Recording Disaster Last Year,ENTERTAINMENT,🔮 POP STAR PRECOG. 🔮,Cole Delbyck,2016-07-20
https://www.huffingtonpost.com/entry/did-boston-childrens-hospital-plan-an-exorcism_us_58f3e4d4e4b048372700d974,Did Boston Children’s Hospital Plan An Exorcism?,POLITICS,What Three Children’s Hospital Psychiatrists Were Up To A Year Before The Pelletier Case Might Surprise You This article,"Martin Gottesfeld, ContributorImprisoned human rights activist, alleged Anonymous hacker, an...",2017-04-17
https://www.huffingtonpost.com/entry/sunedison-bankruptcy-threat_us_56fab6e9e4b014d3fe2439dd,The World's Largest Renewable Energy Developer Could Go Broke,BUSINESS,"Blame the ""hyper-growth"" strategy.",Ben Walsh,2016-03-29
https://www.huffingtonpost.com/entry/betsy-devos-education-secretary_us_589b712fe4b09bd304bf81db,Betsy DeVos Kicks Off Her New Job By Making A Joke About That Famous Bear Comment,POLITICS,The new education secretary has faced unprecedented opposition.,Rebecca Klein,2017-02-08
https://www.huffingtonpost.com/entry/for-dad_us_5b9d436de4b03a1dcc8610b4,For Dad,PARENTING,My dad (Frank Hawk) died of lung cancer in 1995. He was my biggest fan. He supported me when I chose skateboarding over all other sports.,"Tony Hawk, Contributor
World champion skateboarder, father",2013-06-14
https://www.huffingtonpost.com/entry/jimmy-fallon-kristen-stewart-word-blurt_us_55cb4581e4b0923c12beb282,Jimmy Fallon And Kristen Stewart Crack Up Playing 'Word Blurt',COMEDY,"""Marshmallow belly.""",Andy McDonald,2015-08-12
https://www.huffingtonpost.com/entry/my-candidates-lost-now-what_b_6240814.html,My Candidates Lost: Now What?,POLITICS,"My family remains a bit lost as we figure out what to do post-midterms. Our 11-year-old who remained involved throughout the midterms is ready to move on. In the car the other day, she nudged me to find a new hobby.","Amy Arndt, ContributorHumorist, Blogger, The Amy Situation",2014-11-29
https://www.huffingtonpost.com/entry/evolving-to-survive-ourse_b_5558151.html,Evolving to Survive Ourselves,RELIGION,"As a Taoist monk, I find the notion of the Earth as a superorganism to make perfect sense; I also find the notion of evolution as a propulsive, all-encompassing, and all-pervasive force to be completely congruent with the ancient Chinese concept of Tao.","Arthur Rosenfeld, ContributorTaoist monk, author, speaker",2014-07-04
https://www.huffingtonpost.com/entry/the-ugly-side-of-pretty_us_5b9c6445e4b03a1dcc7e4efb,The Ugly Side of Pretty,STYLE & BEAUTY,"Self-absorbed, spoiled, jealous, mean, vapid: these are some of the words that are used to describe models. Now before you","Kristen Tipaldo, Contributor
International model scout, blogger, ex-New York/Connecticut so...",2012-10-10
https://www.huffpost.com/entry/florida-former-felons-vote-restored_n_5c332425e4b0bcb4c25da9b6,Voting Rights Will Soon Be Restored To Over 1 Million Former Felons In Florida,POLITICS,"Starting at midnight on Tuesday, most former felons in the state who have completed the terms of their sentence can register to vote.",Dominique Mosbergen,2019-01-07
https://www.huffingtonpost.com/entry/why-some-pot-smokers-face-a-higher-risk-of-drinking-problems_us_581b6c0fe4b0ba0d98fdccda,The Health Reason You Might Want To Enjoy Pot And Wine Separately,HEALTHY LIVING,Using alcohol and marijuana together may put you at risk for alcohol-related problems.,"Live Science, Rachael Rettner",2016-11-03
https://www.huffingtonpost.comhttp://pubx.co/ZTaif4,World’s Saddest Elephant Dies After 60 Years Alone In Her Cell,GREEN,"Hanako, the world's loneliest elephant, has died.",,2016-05-27
https://www.huffingtonpost.com/entry/the-20-funniest-tweets-from-women-this-week_us_5a7cd58ae4b0c6726e117a8c,The 20 Funniest Tweets From Women This Week,WOMEN,We're here for all the lady Doritos takedowns.,Hollis Miller,2018-02-09
https://www.huffingtonpost.com/entry/a-still-mother_us_5b9d97f8e4b03a1dcc89ebf4,A Still Mother,PARENTING,"Our beautiful, perfect daughter, Callie Elizabeth Catalino, was born at 8:03 p.m. on May 31, 2011. I whispered to her that I loved her and that I would miss her every day of my life. I asked her to give us strength to continue on, to make it through each minute of our ""new normal.""","Kathryn Catalino, Contributor
Literacy Assistant",2013-10-15
https://www.huffingtonpost.com/entry/on-experiencing-fear_b_5698367.html,On Experiencing Fear,WOMEN,,"Carol Morgan, ContributorProfessor. TV Personality. Keynote Speaker. Coach. Author. Pro...",2014-08-22
https://www.huffingtonpost.com/entry/chicken-nugget-ingredients_us_5b9d9e11e4b03a1dcc8a5080,What's Really Inside A Chicken Nugget?,WELLNESS,"Beyond the obvious gross-out factor, these chicken bits probably aren't particularly harmful, explains David Katz, M.D., founding",Laura Schocker,2013-10-24
https://www.huffingtonpost.com/entry/eleven-strategies-to-mobilize-for-womens-rights-in_us_5859dd01e4b068764965b8f1,Eleven Strategies To Mobilize For Women’s Rights In A Trump Era,WOMEN,The silver lining from the election of Trump is the increased energy and engagement of women as activists and donors. In,"Tuti Scott, ContributorPhilanthropy consultant and coach who focuses on women's empow...",2016-12-21
https://www.huffingtonpost.com/entry/trump-secrets-cheats-golf_us_58ab21f6e4b045cd34c3cc47,Donald Trump's Secrets and Hypocrisy ... About Golf,POLITICS,"Also, the president has repeatedly been accused of cheating at the game.",Nick Baumann,2017-02-20
https://www.huffingtonpost.comhttp://www.yourtango.com/experts/larry-cappel/weve-come-long-way-baby-4-good-things-about-gay-marriage,Gay Marriage's Unexpected Benefits: 3 Good Reasons For Marriage Equality,QUEER VOICES,"Gay marriage not only benefits gay people, it benefits the entire country. More then 14 years ago, states like Colorado passed",,2012-12-16
https://www.huffingtonpost.com/entry/alaska-kidnapping-rape-cabin_us_5645f355e4b045bf3deeac26,"Kidnapper Beat, Raped Woman For 5 Weeks In Remote Cabin: Cops",CRIME,The woman says her abductor duct-taped her to his body at night to prevent her from fleeing.,"Mark Thiessen, Associated Press",2015-11-13
https://www.huffingtonpost.com/entry/rudy-giuliani-obama-communism_n_6726892.html,Rudy Giuliani: Obama Was Influenced By Communism At An Early Age,POLITICS,,Igor Bobic,2015-02-21
https://www.huffingtonpost.com/entry/drag-queens-new-york-midwest_us_59d1683ae4b06791bb115b02,Two Queens On What It's Like To Live And Breathe Drag In Wisconsin And New York,QUEER VOICES,Stephanie Stone and Toyota Corona talk queer culture in two very different parts of America.,James Michael Nichols,2017-10-06
https://www.huffingtonpost.com/entry/what-wont-change-in-20-years_us_577942c0e4b0746f56484102,What Won’t Change In 20 Years?,TECH,"For entrepreneurs, understanding what is constant and what is changing can give you an enormous competitive edge on those who don't.","Peter Diamandis, ContributorChairman XPRIZE",2016-07-03
https://www.huffingtonpost.com/entry/rutgers-stabbing_us_581d003be4b0aac62484859e,Rutgers University Stabbings Leaves 3 Injured,CRIME,A suspect was also injured and taken into custody.,"Laila Kearney, Reuters",2016-11-04
https://www.huffingtonpost.com/entry/greece-election-political-parties_us_55f731e9e4b09ecde1d9588c,Small Parties Claim Their Share In Upcoming Greek Elections,THE WORLDPOST,Some of the country's lesser-known political players believe they've spotted their chance.,"Danae Leivada, The Huffington Post",2015-09-15
https://www.huffingtonpost.com/entry/jimmy-kimmel-baby-bachelor-in-paradise_us_598a0391e4b0d793738ab5b4,Jimmy Kimmel Premieres 'Baby Bachelor In Paradise' After 'Bachelerotte' Finale,ENTERTAINMENT,"The most relatable ""Bachelor"" series yet.",Doha Madani,2017-08-08
https://www.huffingtonpost.com/entry/post_7292_b_5243408.html,Georgia Governor Vetoes Private Probation Bill,CRIME,"The bill would have allowed these private probation companies to shield details of their practices from public eyes, while still raking in millions from those they're meant to supervise.","Lauren-Brooke Eisen, ContributorSenior Counsel at the Brennan Center for Justice at the New Yo...",2014-05-01
https://www.huffingtonpost.com/entry/hypertension_us_5b9dd757e4b03a1dcc8da11d,The New Hypertension Guidelines: Should We Let Up on Blood Pressure Control?,WELLNESS,"I believe there is an epidemic of overtreatment, but not because the blood pressure level that we aim for is too low. The current targets have a fabulously successful track record; they should not be abandoned.","Samuel Mann, Contributor
Hypertension specialist, Professor of Clinical Medicine, NYPre...",2014-02-09
https://www.huffingtonpost.com/entry/exercise-twice-a-day-safe-healthy_us_5b9d5162e4b03a1dcc8699cc,Is It Safe To Exercise Twice A Day?,WELLNESS,"""A highly conditioned world class athlete would be able to safely hand multiple training sessions in one day,"" says Greatist",,2013-07-05
https://www.huffingtonpost.com/entry/judge-allow-prior-abuse-m_n_6163800.html,Judge to Allow Prior Abuse Allegations in Marissa Alexander Trial,BLACK VOICES,,,2014-11-15
https://www.huffingtonpost.com/entry/post_8904_b_6495930.html,Will the Church Fail or Fulfill Martin Luther King Jr's Legacy?,RELIGION,"In a world that considers cathedrals of stone and even the pulpit where Dr. King spoke irrelevant, what is the future of the church?  We must come out of our pulpits and into the streets, into the gaps of broken relationship and broken trust.  We must do the hard and beautiful work of building the beloved community.","Rev. Dr. Amy Butler, ContributorSenior Minister, Riverside Church",2015-01-18
https://www.huffingtonpost.com/entry/jimmy-fallon-pga-golfers-superlatives_n_5673035.html,Jimmy Fallon Tees Off On PGA Golfers,COMEDY,,Bill Bradley,2014-08-13
https://www.huffingtonpost.com/entry/sprint-depression_us_5b9b871ee4b03a1dcc7855f0,5 Reasons You Don't Like Spring and How to Readjust,WELLNESS,"However you're feeling about the change of season, you're likely guided by more than the flip of your paper calendar. Your emotional calendar greatly influences the changes in you as the seasons shift.","John Sharp, M.D., Contributor
Faculty, Harvard Medical School",2012-04-11
https://www.huffingtonpost.com/entry/sweet-caroline-parody-celebrates-parents-precious-bathroom-time_us_57e3efc1e4b0e80b1ba09b20,'Sweet Caroline' Parody Celebrates Parents' Precious Bathroom Time,PARENTS,"""Hiding never felt so good.""",Caroline Bologna,2016-09-22
https://www.huffingtonpost.com/entry/organ-donation_us_5b9d56d6e4b03a1dcc86d43e,An Educated Consumer Is the Best Customer... Even in a Hospital Setting,WELLNESS,Organ donation is an important part of our giving back to those who are awaiting a functioning organ when our bodies no longer have need of those organs. It is also a very individual and private decision that one should consider while one is still healthy.,"Rev. Dr. Martha R. Jacobs, Contributor
Author, 'A Clergy Guide to End of Life Issues'",2013-07-15
https://www.huffingtonpost.com/entry/travel-beauty-tips_us_5b9dac06e4b03a1dcc8b3631,"Your Ultimate Guide To Staying Beautiful While Traveling By Plane, Car, Train And Even Boat",STYLE & BEAUTY,"Taking the night train? Wash off all your makeup. Washing your face before bedtime, whether on a train or not, has less to",Dana Oliver,2013-11-21
https://www.huffpost.com/entry/jon-stewart-to-receive-mark-twain-prize-for-american-humor_n_626593a5e4b00b4e017fdaf5,Jon Stewart To Receive Mark Twain Prize For American Humor,ENTERTAINMENT,"The former host of ""The Daily Show"" is the latest recipient of the Mark Twain prize for lifetime achievement in comedy.","Ashraf Khalil, AP",2022-04-24
https://www.huffingtonpost.com/entry/michael-sam-nfl-draft_b_5303565.html,Hard Not to See Bias in Michael Sam's Draft Fall,SPORTS,"In today's NFL full of pass-happy offenses and hybrid defensive fronts, football reasons alone can't justify why an award-winning pass-rusher like Sam fell so far in the draft.","Hank Koebler, ContributorSports Writer",2014-05-12
https://www.huffingtonpost.com/entry/mayan-apocalypse-2012-tikal-guatemala_us_5b9ca14be4b03a1dcc807127,Mayan Apocalypse 2012: A Visit To Tikal (PHOTOS),TRAVEL,The site is impressive not just because it is big -- it is large enough that I got lost for a good half an hour without running,Andrew Burmon,2012-12-17
https://www.huffingtonpost.com/entry/north-korean-cheerleaders-jimmy-kimmel_us_5a8413ade4b0adbaf3d91e8e,You Won't Believe North Korean Cheerleaders' New Obsession On 'Jimmy Kimmel',COMEDY,A certain someone has global appeal in comedy bit.,Ron Dicker,2018-02-14
https://www.huffingtonpost.com/entry/nypd-officer-suspect-killed-in-shootout-after-robbery_us_581cfa36e4b0aac624847b6e,"Police Sergeant, Suspect Killed In New York Shootout",CRIME,Another officer was injured amid gunfire in the Bronx.,"Gina Cherelus, Reuters",2016-11-04
https://www.huffingtonpost.com/entry/exercise-with-your-pet_us_5b9cb26fe4b03a1dcc80f937,"A New Year, A New Way to Exercise With Your Dog",WELLNESS,"It's early in the New Year, and no doubt many have vowed to exercise and get into shape. But do you look at your dog and feel guilty that you're working out instead of playing with him? How about incorporating your dog into a cardio, calorie-burning workout?","Sophia Yin, Contributor
Veterinarian, applied animal behaviorist",2013-01-11
https://www.huffingtonpost.com/entry/resumes-jobs_us_5bb2b55de4b0480ca65a0b21,Resume Soufflé,BUSINESS,"I received an email from a gentleman widely regarded as one of the world's foremost resume experts.""Now how do I say this diplomatically? Your resume really sucks."" The comment didn't just sting. I felt like one of the victims on an episode of CSI.","Gary M. Krebs, Contributor
Gary M. Krebs is founder of GMK Writing and Editing, Inc. He i...",2012-02-12
https://www.huffingtonpost.com/entry/a-permanent-solution-to-a_b_7106116.html,A Permanent Solution to a Temporary Problem,HEALTHY LIVING,,"Michael Neill, ContributorTransformative coach; Best-selling author",2015-04-22
https://www.huffingtonpost.com/entry/the-art-of-blending-wines_us_5b9d36fde4b03a1dcc859f5d,The Art of Blending Wines: From Barrel to Bottle (VIDEO),FOOD & DRINK,Vineyard owner and winemaker James Frey is perfecting the art of blending wine.,"Rebecca Gerendasy, Contributor
Co-founder, Cooking Up a Story",2013-06-03
https://www.huffingtonpost.com/entry/queer-eye-for-the-straight-guy-trailer_us_5a5f6f8be4b096ecfca99a3e,'Queer Eye' Is Back And It's Just As Fabulous As You Remember It,QUEER VOICES,Get ready for the Fab Five to restyle and revamp a new generation.,Curtis M. Wong,2018-01-17
https://www.huffingtonpost.com/entry/inuit_us_5b9c75e8e4b03a1dcc7edf66,Making Eyebrows in the Water,WELLNESS,"This Inuit ritual is another indigenous instruction for the great care and attention needed to see through to the essential realm of spirit that underlies everything. Though even when sighting what matters briefly, there is no guarantee that the deeper reality will surface in the same place twice.","Mark Nepo, Contributor
Author, New York Times bestseller ‘The Book of Awakening’",2012-10-30
https://www.huffingtonpost.com/entry/yoga-and-healing_us_5b9d43dee4b03a1dcc86164f,Part III: Trauma Training Should Be Mandatory for Yoga Teachers,WELLNESS,Don't insist a student take a pose s/he doesn't want to do. Don't ask twice. Respect your students' body wisdom. Become unattached to that teacher/student hierarchy. Teach your students to trust themselves. That's how they'll make friends with their bodies. That's how they'll heal.,"Margaret A. Howard, MFA, LCSW, Contributor
Feminist psychotherapist and writer",2013-06-17
https://www.huffingtonpost.com/entry/how-to-clean-cook-shrimp_us_5b9d1815e4b03a1dcc8464d5,"Don't Be Scared, It's Just Shrimp: How To Clean, Cook And Enjoy",FOOD & DRINK,Certain ingredients just stress people out.,Rebecca Orchant,2013-04-26
https://www.huffingtonpost.com/entry/obama-economic-legacy_us_57325736e4b016f3789778f7,Opinions On Barack Obama's Economic Legacy Don't Have Much To Do With The Economy,POLITICS,Views are once again divided along partisan lines.,Ariel Edwards-Levy,2016-05-10
https://www.huffingtonpost.com/entry/mexico-obesity-rate-united-states_us_5b9d55b1e4b03a1dcc86c62e,"Mexico Obesity Rate Higher Than U.S., Says U.N. Report",WELLNESS,And now some more news: Mexico has surpassed the U.S. in terms of obese and overweight residents. The new data comes from,,2013-07-09
https://www.huffingtonpost.com/entry/prank-gifs_us_5bad244fe4b04234e8573036,15 Pranks They Never Saw Coming (GIFS),COMEDY,The most important part of any prank is the element of surprise. These 15 clever individuals were able to pull off some crazy,,2013-07-14
https://www.huffingtonpost.com/entry/dad-baseball-catch-phillies-video_us_57650f7de4b0853f8bf110a1,Chillest Dad Ever Catches Baseball One-Handed While Holding Daughter,WEIRD NEWS,Put him in the outfield!,Lee Moran,2016-06-18
https://www.huffingtonpost.com/entry/walking-dead-star-apparently-quits-social-media-after-death-threats_us_5909d2a9e4b0bb2d0873aa55,'Walking Dead' Star Quits Social Media After Frightening Death Threats,ENTERTAINMENT,"""When you start saying you hope I die, I don’t know if you’re talking about Josh or Eugene.""",Bill Bradley,2017-05-03
https://www.huffingtonpost.com/entry/full-house-true-detective_us_56d842c0e4b03a4056778267,Here's What It'd Be Like If 'Full House' Was 'True Detective',ENTERTAINMENT,"Murder? Sex? Crime? You got it, dude.",Bill Bradley,2016-03-03
https://www.huffingtonpost.com/entry/dealing-with-tragedy_us_5b9d435fe4b03a1dcc860fc5,Tragedy in a Community: The Balance of Support and Privacy,WELLNESS,When tragedy strikes it is our natural spirit to want to do something to manage our own feelings of helplessness and compassion. But perhaps in addition to what we do we need to focus on what we don't do as well.,"Lori Stevic-Rust, Ph.D. ABPP, Contributor
Clinical health psychologist; Author, 'Greedy for Life'",2013-06-17
https://www.huffingtonpost.com/entry/times-the-internet-perfectly-summed-up-thanksgiving_us_564a2c76e4b08cda3489fda4,41 Times The Internet Nailed How You Feel About Thanksgiving,COMEDY,Can we eat yet?! 🍗🍖,Minou Clark,2015-11-17
https://www.huffingtonpost.com/entry/cheating-in-athletics-the_b_7552408.html,Cheating in Athletics: The Real Cost of (a Lack of) Trust,SPORTS,"It goes beyond the dollars lost in endorsements to the broken families and friendships, and the derailed careers. The very integrity of our ""heroes"" and the games they play is sometimes called into question.","David Horsager, ContributorAuthor, ""The Trust Edge: How Top Leaders Gain Faster Results, ...",2015-06-10
https://www.huffingtonpost.com/entry/my-mother-has-been-by-my_us_5bb1a62be4b01857b709483e,'My Mother Has Been By My Side and Has Had Faith in Me When I Had No Faith in Myself' -- 20 Questions for Women in Construction,IMPACT,"People believe that we are here to fill a quota, not to do a job. When they see that you CAN do what you were sent here to do, they begin to respect you.","Nontraditional Employment for Women, Contributor
Prepares and trains women",2013-03-02
https://www.huffingtonpost.com/entry/vice-afghan-women-rights_us_5703c485e4b083f5c608d4c6,A Filmmaker's Battle To Expose The Broken Promise Of Women's Rights In Afghanistan,THE WORLDPOST,"""Maybe I should give you to an Afghan man to take your nose off,"" one lawmaker told the filmmaker.",Jesselyn Cook,2016-04-07
https://www.huffingtonpost.com/entry/5-secrets-every-fiancee_us_5b9c1f83e4b03a1dcc7c7947,5 Secrets Every Fiancée Needs To Know (But No One Tells You!),WEDDINGS,"Watching the Olympics is a good reminder that when done well, people make very difficult things look easy.  That's often the truth with beautiful weddings.","Claudia Maittlen-Harris, Contributor
Writer, The Zeros Before the One",2012-08-10
https://www.huffingtonpost.com/entry/ebola_b_6008390.html,How Ebola Spreads,HEALTHY LIVING,"If someone with Ebola sneezes and you get snot on your arm, then you have had direct contact with the virus. If someone sneezes in the room with you, and you do not get sneezed on directly, you wouldn't be exposed.","Abby Norman, ContributorAuthor",2014-10-23
https://www.huffingtonpost.com/entry/nobody-speak-how-billionaires-are-silencing-the_us_59735908e4b0f1feb89b43bd,‘Nobody Speak’: How Billionaires Are Silencing the First Amendment,BUSINESS,"When documentary filmmaker Brian Knappenberger set out to make a film about Hulk Hogan’s lawsuit against Gawker Media, he","Robert Scheer, ContributorRobert Scheer has built a reputation for strong social and pol...",2017-07-22
https://www.huffingtonpost.com/entry/north-korea-tests-new-anti-aircraft-system-state-news-agency-says_us_592ada8de4b053f2d2acf10e,"North Korea Tests New Anti-Aircraft System, State News Agency Says",THE WORLDPOST,KCNA said Kim Jong Un supervised the test.,,2017-05-28
https://www.huffingtonpost.com/entry/brian-stelter-blizzard-gives-upside-down-report-blizzard_n_6554550.html,Brian Stelter Gives Upside Down Blizzard Report,MEDIA,,Jackson Connor,2015-01-27
https://www.huffingtonpost.com/entry/the-centers-mike-thompson_b_6118958.html,"The Center's Mike Thompson Says 'P.S., I Love You Because...'",QUEER VOICES,"In recent months, for a variety of media outlets, I've been thrilled to interview people about why they love my hometown of Palm Springs, California, hence the headline, ""P.S., I Love You Because...""","Nicholas Snow, ContributorGay activist, actor, journalist, singer/songwriter and multime...",2014-11-07
https://www.huffingtonpost.com/entry/this-week-in-world-war-i_b_5701968.html,"This Week in World War I October 24-31, 1914",POLITICS,,"Joseph V. Micallef, ContributorBest Selling Military History and World Affairs Author and Key...",2014-10-26
https://www.huffingtonpost.com/entry/syria-tourism-homs_n_5268641.html,Syria's Tourism Minister Thinks Business Will Be Booming,WORLDPOST,,Nick Robins-Early,2014-05-05
https://www.huffingtonpost.com/entry/royal-baby-toddler-council-official-statement_us_5b9d5fe9e4b03a1dcc87313e,The Toddler Council's Official Statement On The Royal Baby,PARENTING,"To the general public, please remember that it is not your job to watch news reports about a baby that may or may not be real. Your job is to pay attention to the toddler in your life.","Bunmi Laditan, Contributor
Author, The Honest Toddler: A Child's Guide to Life",2013-07-23
https://www.huffpost.com/entry/mental-health-twitter_l_5c76f409e4b0952f89dde930,Twitter Thread Nails The More Subtle Symptoms Of Mental Health Conditions,WELLNESS,"""For me, it's the amount of dishes in my sink.""",Jamie Feldman,2019-02-28
https://www.huffingtonpost.com/entry/frank-niles-gps-guide_us_5b9caadee4b03a1dcc80b53c,GPS Guide: Dr. Frank Niles Finds His Center,WELLNESS,The stress and strain of constantly being connected can sometimes take your life -- and your well-being -- off course. GPS,,2012-12-27
https://www.huffingtonpost.com/entry/artist-pays-latino-day-workers-hourly-wage-to-sit-for-a-portrait_us_56ba59c0e4b08ffac1230ca5,Artist Pays Latino Day Workers Hourly Wage To Sit For A Portrait,ARTS & CULTURE,John Sonsini's quiet rebellion against #ArtHistorySoWhite.,Priscilla Frank,2016-02-11
https://www.huffingtonpost.com/entry/ricky-gervais-donald-trump-campaign_us_580cc23be4b02444efa3e278,Ricky Gervais: Donald Trump Is More David Brent Than JFK,ENTERTAINMENT,"The comedian said the GOP nominee's campaign is ""like a joke that got out of hand.""",Lee Moran,2016-10-23
https://www.huffingtonpost.com/entry/why-we-shouldnt-lose-sigh_b_6051288.html,Why We Shouldn't Lose Sight of Full Equality,QUEER VOICES,"Whether at school or in public spaces, many LGBT youth don't feel safe and continue to face disgraceful levels of discrimination (and some don't feel safe at home, either). But when they enter the workforce, disadvantages persist.","Patrick McNeil, ContributorCivil and human rights advocate",2014-10-27
https://www.huffingtonpost.com/entry/insomnia-bad-calm-insomnia-sleeplessness_n_6153984.html,Stressed About Your Sleep? This Perspective Could Help,HEALTHY LIVING,,Leigh Weingus,2014-11-13
https://www.huffingtonpost.com/entry/kate-brown-oregon_us_56cce584e4b041136f18b490,The Political Revolution Is Close To Fruition In Oregon,POLITICS,Democratic Gov. Kate Brown has advanced a slew of progressive priorities since she took office last year.,Samantha Lachman,2016-02-24
https://www.huffingtonpost.com/entry/how-to-end-breast-cancer_us_5b9da10be4b03a1dcc8a7a3a,How to End Breast Cancer: A Request,WELLNESS,"In what seems like a previous lifetime, I was a congressional lobbyist in Washington. I might as well draw on that knowledge for something, right?","Jennifer Campisano, Contributor
Blogger, mother, Stage 4 cancer fighter",2013-10-31
https://www.huffingtonpost.com/entry/exploring-singapores-cafe_us_5b9c49a2e4b03a1dcc7d9499,Exploring Singapore's Café Culture In 24 Hours,TRAVEL,"While most people spend their layover in Singapore scrambling to hit well-known hawker stands, I chose to sip lattes and gnash on gourmet vegetarian cuisine at some of the city's coolest cafés.","Maria Russo, Contributor
Travel Writer. Editor, Culture-ist Magazine",2012-09-18
https://www.huffingtonpost.com/entry/german-mayoral-candidate-stabbed-in-anti-refugee-attack_us_56228e6ce4b0bce34700f67b,German Mayoral Candidate Stabbed In Anti-Refugee Attack,THE WORLDPOST,BERLIN (AP) — A leading candidate to be mayor of Cologne was stabbed and seriously wounded Saturday by a man who claimed,"Geir Moulson, AP",2015-10-17
https://www.huffingtonpost.com/entry/trips-after-breakup_us_5b9db33de4b03a1dcc8bae59,5 Trips To Book After A Breakup,TRAVEL,"After all, no one ever said a broken heart would be easy, but it doesn't have to be boring. And while the thought of being",Carla Herreria,2013-12-06
https://www.huffingtonpost.com/entry/a-is-for-asexual-erasing-the-asexual-orientation_us_59454b7be4b024b7e0df4c75,'A' Is For Asexual: Erasing The Asexual Orientation,QUEER VOICES,"""Guess what, Equinox? Videos like yours that erase Asexuality from the equation completely just perpetuate a system where young Asexuals continue feeling 'broken.'""","Heather Leah, ContributorEditor-and-Chief for Candid Slice",2017-06-17
https://www.huffingtonpost.com/entry/6-ways-to-do-turtlenecks_us_5b9de74de4b03a1dcc8e6f6a,6 Ways to Do Turtlenecks Right,STYLE & BEAUTY,"To tuck or not to tuck, that is the question.","GalTime, Contributor
Contributor",2014-03-03
https://www.huffingtonpost.com/entry/the-ultimate-game-of-thrones-baby-name_us_5b9d2dcce4b03a1dcc853f71,The Ultimate 'Game of Thrones' Baby Name,PARENTING,"Plenty of authors dating back to Shakespeare have invented names that caught on with parents. But a name taken from a word that's not a name, from an imagined language? I can't think of a precedent.","Laura Wattenberg, Contributor
Baby Name Wizard",2013-05-22
https://www.huffingtonpost.com/entry/south-carolina-remove-confederate-flag_n_7627214.html,SC State Rep: I'll Introduce Legislation To Remove Confederate Flag,POLITICS,,Braden Goyette,2015-06-20
https://www.huffingtonpost.com/entry/husky-cant-stop-blowing-bubbles-we-cant-stop-saying-awww_us_5757d1f6e4b01270c7737344,Husky Can't Stop Blowing Bubbles; We Can't Stop Saying Awww,WEIRD NEWS,"Gurgle, gurgle, gurgle",Ron Dicker,2016-06-08
https://www.huffpost.com/entry/not-just-the-flu-coronavirus-rolin-baker_n_5e8f5493c5b6d641a6bb92fa,Not Just The Flu,POLITICS,Rolin Baker's family says he died of the coronavirus two weeks ago. They haven't been able to grieve together.,Christopher Mathias,2020-04-12
https://www.huffingtonpost.com/entry/off-the-shoulder-tops_n_5366431.html,The Best Top You Didn't Know About,STYLE,,Michelle Persad,2014-05-25
https://www.huffingtonpost.com/entry/leo-varadkar-to-become-irelands-first-openly-gay-prime-minister_us_5931b1f1e4b02478cb9b3dcd,Leo Varadkar To Become Ireland's First Openly Gay Prime Minister,WORLD NEWS,The 38-year-old son of an Indian immigrant will be the youngest person to hold office.,"Padraic Halpin and Conor Humphries, Reuters",2017-06-02
https://www.huffingtonpost.com/entry/lena-dunham-apologizes-for-distasteful-abortion-remark_us_585a6eeee4b0eb5864849756,Lena Dunham Apologizes For 'Distasteful' Abortion Remark,WOMEN,"""My words were spoken from a sort of 'delusional girl' persona.""",Ron Dicker,2016-12-21
https://www.huffingtonpost.comhttp://www.nytimes.com/2016/03/16/arts/television/mariah-carey-to-star-in-a-series-for-e.html?_r=1,Mariah Carey To Star In A Series For E!,BLACK VOICES,"The Kardashians, Caitlyn Jenner and the female wrestlers of “Total Divas” will welcome a new neighbor to the E! lineup later",,2016-03-17
https://www.huffingtonpost.com/entry/mia-love-plane-tickets_us_55e9b8a7e4b002d5c075d1fc,"Mia Love Will Repay Taxpayers For $1,000 In Flights",POLITICS,She flew to D.C. for the White House Correspondents' Dinner.,Laura Barrón-López,2015-09-04
https://www.huffingtonpost.com/entry/presidents-day-50-states_us_5b9b5751e4b03a1dcc76c385,"President's Day: 50 States, 50 Presidential Sites (PHOTOS)",TRAVEL,Presidents Day: that strategic February Monday holiday in the U.S. that's situated at arm's length between George Washington's,,2012-02-16
https://www.huffingtonpost.com/entry/the-end-of-policy_b_6444944.html,"Democracy In Cuba Must Be Homegrown, Not Midwifed By Washington",WORLDPOST,"Notwithstanding the actions taken on December 17, we will not have an effective Cuba policy until these questions about a future Cuban democracy are answered.","Carlos A. Saladrigas, ContributorCo-founder of The Vincam Group; Co-founder of the Cuba Study G...",2015-01-09
https://www.huffpost.com/entry/james-austin-johnson-donald-trump-saturday-night-live_n_6152f084e4b03d83bad7ffc8,New 'SNL' Comic James Austin Johnson Is 'Best Trump Impersonator.' See Why.,ENTERTAINMENT,"Johnson, officially announced as a new cast member before Saturday's 47th season premiere, has been lauded as a pitch-perfect impressionist of the ex-president.",Ron Dicker,2021-09-28
https://www.huffingtonpost.com/entry/roy-moore-alabama-senate-ballot_us_5a04baa6e4b0937b51108e64,Here’s What Could Happen With Roy Moore And The Alabama Senate Ballot,POLITICS,Here are four different scenarios for Moore and the Republican Party.,Paul Blumenthal,2017-11-09
https://www.huffingtonpost.com/entry/3-skincare-crimes-i-know_us_5b9cf1a8e4b03a1dcc832618,3 Skincare Crimes I Know You're Guilty of Committing,STYLE & BEAUTY,Remember when your mother used to say you're only hurting yourself? That's right. Committing these skincare crimes is just making things worse for your skin. Our poor skin doesn't need a magical elixir or potion; it just needs a little TLC and SPF.,"Janna Mandell, Contributor
Freelance senior beauty writer for San Francisco Chronicle and...",2013-03-19
https://www.huffingtonpost.com/entry/human-chain-muslims-travel-ban-anniversary_us_5a6b8310e4b01fbbefb19c27,Allies Form Human Chain Around Muslims Praying During Travel Ban Protest,RELIGION,"“It’s what we should do as Americans,"" said Rev. Dr. Chloe Breyer, executive director of the Interfaith Center of New York.",Carol Kuruvilla,2018-01-27
https://www.huffingtonpost.com/entry/5-things-customers-may-not-tell-you_b_5455075.html,5 Things Customers May Not Tell You Before They Leave for Good,BUSINESS,"If you've never hired secret shoppers for yourself, here are some common messages they have to communicate to their clients. Are these same issues persuading your own customers to walk away without leaving clues?","Dianna Booher, ContributorCEO, BooherResearch.com Author, 46 books on leadership communi...",2014-06-09
https://www.huffingtonpost.com/entry/huffpost-rise-morning-newsbrief-mar-11_us_56e27182e4b065e2e3d58747,HuffPost Rise: What You Need To Know On March 11,POLITICS,"Welcome to the HuffPost Rise Morning Newsbrief, a short wrap-up of the news to help you start your day.",,2016-03-11
https://www.huffingtonpost.com/entry/journalists-trump-press-restrictions_us_594be36ee4b0312cfb627381,"Journalists Condemn Trump Press Restrictions, But Don't Expect Them To Boycott Briefings",MEDIA,"""They don’t want the American public to see this live,” CNN's Wolf Blitzer said as video coverage is again barred.",Michael Calderone,2017-06-22
https://www.huffingtonpost.com/entry/dustin-hoffman-accusers-nbc-interview_us_5a3924b1e4b0fc99878eceb1,Dustin Hoffman Accusers Speak Out About Alleged Abuse In Joint NBC Interview,ENTERTAINMENT,"""As hard as it is, I think that I wanted to choose truth over shame.""",Elyse Wanshel,2017-12-19
https://www.huffingtonpost.com/entry/5-reasons-to-become-an-entrepreneur_b_5254356.html,5 Reasons to Become an Entrepreneur,BUSINESS,"Acknowledging the national importance of entrepreneurship to America's economic growth, one of the attendees there asked an important question: How do we encourage more people to become entrepreneurs?","Diane Smith, ContributorAdvisory Board Member, Mobile Future",2014-05-03
https://www.huffingtonpost.com/entry/lunarbaboon-dad-comics-hilarity-of-parenting_us_58ed4384e4b0c89f912264dd,Dad's Comics Nail The Hilarity Of Raising Kids Today,PARENTS,Chris Grady hopes his new book of comics resonates with other parents.,Caroline Bologna,2017-04-17
https://www.huffingtonpost.com/entry/snoop-dogg-claims-he-was-racially-profiled-in-sweden_us_55b63a56e4b0224d8832b7f2,Snoop Dogg Claims Swedish Police Racially-Profiled Him,BLACK VOICES,Snoop Dogg calls out Swedish police after arrest.,Aaron Barksdale,2015-07-27
https://www.huffingtonpost.com/entry/trump-north-korea-summit_us_5b072e7ae4b0fdb2aa51ba41,How Kim Jong Un ‘Baited’ Trump Into Canceling The North Korea Summit,WORLD NEWS,Trump’s slapdash attempt at negotiations has left the U.S. isolated from its Asian allies.,Jesselyn Cook and Nick Robins-Early,2018-05-24
https://www.huffingtonpost.com/entry/how-do-retail-stores-prof_b_6141644.html,How Do Retail Stores Profit From Black Friday Sales?,BUSINESS,"In-store sales, like coupons and other similar concepts, are a form of price discrimination which can allow a business to make substantially more money.","Quora, ContributorThe best answer to any question",2014-11-12
https://www.huffpost.com/entry/seth-meyers-kayleigh-mcenany_n_61271b47e4b01d0862ed16d4,"Kayleigh McEnany Is 'Fully Inhabiting An Alternate Reality,' Seth Meyers Says",ENTERTAINMENT,"“Well, she’s right about one thing. You didn’t see crisis after crisis if you were watching Fox.""",Josephine Harvey,2021-08-26
https://www.huffingtonpost.com/entry/10-sexiest-american-flags_us_5bad23c7e4b04234e8572687,The 10 Sexiest American Flags (PHOTOS),COMEDY,"We'd pledge allegiance to THAT We'd party with these flags Stripes for days Oh, we'll keep an eye on the grand, old flag",,2013-07-04
https://www.huffingtonpost.com/entry/american-heart-month_us_5b9b5984e4b03a1dcc76d481,Nicholson Crying? Post-Heart Attack Depression -- Heart Month: Day 19,WELLNESS,"Actor Jack Nicholson realistically acted the post-heart attack depression that 50 percent of survivors experience following a heart attack. His character experiences an unusual (for him) emotional moment in Nancy Meyer's 2003 comedy ""Something's Gotta Give"" with Diane Keaton.","Suzanne O'Malley, Contributor
Author, Screenwriter, Yale University Lecturer",2012-02-19
https://www.huffingtonpost.com/entry/what-my-students-think-ab_2_b_5219868.html,What My Students Think About School Lunch,EDUCATION,"In my years as an educator, I have spent the majority of my time with teenagers between the ages of 13 and 18, and I have come to one certainty: teenagers say some of the most profound and entertaining things you could ever imagine.","Nicholas Ferroni, ContributorHost, educator, historian and student mentor",2014-04-28
https://www.huffpost.com/entry/womens-march-abortion-supreme-court_n_6158c01fe4b0487c855f8b91,Women's March Targets Abortion Access On Steps Of Supreme Court,POLITICS,"At an unrelated event, GOP Sen. Susan Collins said she's working to make Roe v. Wade ""the law of the land.""","Ellen Knickmeyer, AP",2021-10-02
https://www.huffingtonpost.com/entry/sarah-sanders-flag-anthem-black-and-white_us_59cd5575e4b06791bb0f6e08,White House Says Its Stance On Flag & Anthem Issue Is 'Pretty Black And White',POLITICS,Phrasing?,David Moye,2017-09-28
https://www.huffingtonpost.com/entry/grammy-winners-list-2016_us_56c00551e4b08ffac1259831,"Grammy Winners 2016 Include Taylor Swift, Ed Sheeran And Kendrick Lamar",ENTERTAINMENT,And the Grammys go to ..,Stephanie Marcus,2016-02-15
https://www.huffingtonpost.com/entry/boy-burned-by-power-line_us_571fcb84e4b0b49df6a96faa,11-year-old Burned After School Driver Asks Him To Move Power Line: Cops,CRIME,"""She shouldn’t have asked a kid to get off the bus, at all,"" the boy's mom fumed.",Nina Golgowski,2016-04-26
https://www.huffingtonpost.com/entry/dems-lining-up-to-skip-ne_n_6634144.html,Dems Lining Up To Skip Netanyahu Speech,POLITICS,,,2015-02-07
https://www.huffingtonpost.com/entry/believe-it-or-not-big-tob_b_5487933.html,"Believe It or Not, Big Tobacco May Help Make Anti-Addiction Drugs",SCIENCE,"Much of the research into nicotinic compounds comes from Big Tobacco, the makers and marketers of one of the most addictive substances on the planet and the single most preventable cause of death. Researchers even believe that understanding nicotine may lead one day to an effective ""cure"" for smoking.","Substance.com, ContributorThe stuff that hooks us.",2014-06-17
https://www.huffingtonpost.com/entry/new-genocide-trial-in-guatemala_b_6382940.html,New Genocide Trial in Guatemala?,WORLDPOST,"If the genocide trial does restart, the role of the international community will be of utmost importance to ensuring a fair process. There is little doubt that there will be strong opposition from conservative elites and from sectors of the military. But the desire for the victims for truth and justice remains steadfast.","Jo-Marie Burt, ContributorEducator, writer and human rights activist. Teaches at George ...",2014-12-29
https://www.huffingtonpost.com/entry/rowan-blanchard-girl-meets-world-queer_us_569bd1ebe4b0b4eb759eb2f8,Rowan Blanchard From 'Girl Meets World' Identifies As 'Queer',ENTERTAINMENT,"""I personally don’t wanna label myself as straight, gay or whateva.""",Cole Delbyck,2016-01-17
https://www.huffingtonpost.com/entry/gop-candidate-finger-pointing_us_55d22de8e4b055a6dab10448,Can You Guess The GOP Candidate By Their Morally Superior Pointing Finger?,COMEDY,"They're better than you, and their fingers let you know it ...",Andy McDonald,2015-08-18
https://www.huffpost.com/entry/jimmy-kimmel-donald-trump-border-wall_n_5c18c5c0e4b08db99057496f,Jimmy Kimmel Has New Theory About Why Donald Trump Wants A Border Wall,COMEDY,It's all about frustration.,Lee Moran,2018-12-18
https://www.huffingtonpost.com/entry/48-hours-in-lisbon_us_5b9c0b1be4b03a1dcc7bf37d,48 Hours In Lisbon,TRAVEL,I'm drawn to Lisbon mostly because it is a mix of a European city with a Mediterranean climate.,"Sivan Askayo, Contributor
New York-based Travel photojournalist",2012-07-26
https://www.huffingtonpost.com/entry/trump-breaks-tradition-by-skipping-visit-to-polish-jewish-memorial_us_595e4674e4b0d5b458e88cc2,Trump Breaks Tradition By Skipping Visit To Polish Jewish Memorial,POLITICS,"Since the fall of communism in 1989, every American president visiting Warsaw has stopped at the site.",Carol Kuruvilla,2017-07-06
https://www.huffingtonpost.com/entry/vintage-thanksgiving-pics_us_5b9dafb0e4b03a1dcc8b76de,7 Vintage Thanksgiving Pics Remind You Of Life Before Smart Phones Took Over Your Family,HOME & LIVING,"It might be easier to connect to family members thanks to our smart phones, tablets and Skype, but it's also easier to feel",Brie Dyas,2013-11-28
https://www.huffingtonpost.com/entry/how-to-pack-for-fishing-trip_us_570bd4b9e4b01422324988a5,Here's What To Bring On A Fishing Trip,TRAVEL,Plan ahead.,James Cave,2016-04-11
https://www.huffingtonpost.com/entry/assad-allies-aleppo-trump-takes-office_us_583dbd24e4b04b66c01bee57,"Assad, Allies Aim To Seize All Aleppo Before Trump Takes Power: Official",THE WORLDPOST,"Accounts from eastern Aleppo, where the UN says at least 250,000 civilians are trapped with no access to the outside world, point to a dire humanitarian situation.","Laila Bassam and Ellen Francis, Reuters",2016-11-29
https://www.huffingtonpost.com/entry/6-divorce-survival-strate_us_5b9b5cf8e4b03a1dcc76f178,7 Divorce Survival Strategies For Women,DIVORCE,"I've seen some women who are emotionally and physically devastated by their divorce, while others emerge stronger and more empowered. The following are six key strategies for surviving divorce whether you're a woman in your 20s or your 70s.","Lisa Helfend Meyer, Contributor
Lisa Helfend Meyer is certified as a Specialist in Family Law ...",2012-02-29
https://www.huffingtonpost.com/entry/how-to-be-your-best-health-expert_us_57d2bd0ee4b0273330ac3d15,How To Be Your Best Health Expert,HEALTHY LIVING,"Maybe you know what you should be doing to get your health back on track. Then again, maybe you don’t. Theories on how to","Catarina Catarino, ContributorTransformational Nutrition & Eating Psychology Practitioner, P...",2016-09-09
https://www.huffingtonpost.comhttp://poly-graph.co/bechdel/,Men Making Movies About Men,WOMEN,"The writers, directors and producers who make films that fail the Bechdel Test.",,2016-01-15
https://www.huffingtonpost.com/entry/5-great-ski-resort-areas_us_5b9c2a70e4b03a1dcc7cc4e4,5 Great Ski Resort Areas For Golf,TRAVEL,Here's a list of 5 ski resort towns that require sticks as well as poles.,"Liftopia, Contributor
Largest online and mobile marketplace for lift tickets and oth...",2012-08-26
https://www.huffingtonpost.com/entry/steve-king-dreamer-deported_us_58f69d25e4b029063d3500a8,Steve King Toasts Border Patrol After Deportation Of Dreamer,POLITICS,"The Republican congressman once infamously said a large proportion of young undocumented immigrants were drug mules with ""calves the size of cantaloupes.""",Elise Foley,2017-04-18
https://www.huffingtonpost.com/entry/wellness-journey-happiness_n_5516455.html,This Woman Ditched Her Career And Flew Across The World To Train For Her Dream Job,HEALTHY LIVING,,Leigh Weingus,2014-06-24
https://www.huffingtonpost.com/entry/now-its-burger-king-renou_b_5724760.html,Now It's Burger King Renouncing US Citizenship -- Let's Eat Somewhere Else,BUSINESS,Every single step to Burger King's success was backed and enabled up by our taxpayer-funded American system. Our government is the reason that Burger King is extremely profitable.,"Dave Johnson, ContributorFellow, Campaign for America's Future",2014-08-27
https://www.huffingtonpost.com/entry/custom-coffee-stencils_us_5b9d49a2e4b03a1dcc865409,Custom Coffee Stencils Get Your Message Across,FOOD & DRINK,Custom stencils have changed your morning cup of joe forever.,,2013-06-25
https://www.huffingtonpost.com/entry/friday-talking-points_b_5701935.html,Friday Talking Points -- Big and Little Brother,POLITICS,"We're going to focus on the aftermath and ramifications of what has been happening in Ferguson, Missouri for the past few weeks. It even reached international proportions, as both Egypt and Russia got in a few digs at American police and protesters.","Chris Weigant, ContributorPolitical writer and blogger at ChrisWeigant.com",2014-08-23
https://www.huffingtonpost.com/entry/emily-blunt-looper_us_5bb3f996e4b066f8d2529b88,"Emily Blunt, 'Looper' Star, On Comic-Con And 'True Nerd' Joseph Gordon-Levitt",ENTERTAINMENT,"You're at Comic-Con because you're in a sci-fi movie, ""Looper."" I don't think of Emily Blunt and sci-fi. I know! Right? But",Mike Ryan,2012-07-14
https://www.huffingtonpost.comhttp://www.theguardian.com/technology/2013/dec/27/facebook-dead-and-buried-to-teens-research-finds,Researchers: Teens 'Embarrassed To Even Be Associated' With Facebook,TECH,"Facebook is 'dead and buried' to older teenagers, an extensive European study has found, as the key age group moves on to",,2013-12-28
https://www.huffingtonpost.com/entry/democratic-debate-schedule_us_569bf741e4b0b4eb759ec2c0,DNC Chair Claims Weekend Debates Are Meant To 'Maximize' Attention For Candidates,POLITICS,"Yes, really.",Marina Fang,2016-01-17
https://www.huffingtonpost.com/entry/ramadan-amid-the-new-middle-east-crisis_b_5536174.html,Ramadan Amid the New Middle East Crisis,RELIGION,"Peacemaking is among the good deeds incumbent on Muslims during the holy month of fasting and prayer. Distribution of charity and food, customary at Ramadan, is needed especially by people displaced by conflict. How, then, will Ramadan be celebrated in the countries worst affected by the latest Middle East crisis?","Stephen Schwartz, ContributorExecutive Director, Center for Islamic Pluralism",2014-06-28
https://www.huffingtonpost.com/entry/stacy-kranitz_n_6318082.html,These American World War II Re-Enactors Dress Up Like Nazis For Fun,ARTS,,Priscilla Frank,2014-12-19
https://www.huffingtonpost.com/entry/brides-rendition-of-carri_us_5b9ddcd1e4b03a1dcc8de128,Bride's Rendition Of Carrie Underwood's 'Look At Me' Will Blow You Away,WEDDINGS,Arianna -- whose vocal chops are Disney-princess-level amazing -- told Bouquet Catcher earlier this month that she knew Ryan,,2014-02-12
https://www.huffingtonpost.com/entry/community-health_us_5b9ba933e4b03a1dcc7966f7,Can Social Networks Cure Disease? Part II,WELLNESS,"Acute disease can be left to the hospitals, but creating health and healing of chronic disease seems to happen best in the community -- with people helping people where each one of us lives, where we eat, cook, learn, work, play and pray.","Mark Hyman, MD, Contributor
Practicing Physician",2012-05-27
https://www.huffingtonpost.com/entry/ian-mcleod-21-years_us_5b9c66f5e4b03a1dcc7e601d,"Ian McLeod, Dad, Creates Time-Lapse Video '21 Years' With Photos From Everyday Of His Son's Life",PARENTING,"McLeod says that when his son was born and he started taking pictures daily, he wasn't planning to continue for so many years",,2012-10-12
https://www.huffingtonpost.com/entry/power-and-influence_us_5bb2f75be4b0480ca65fbd62,Power and Influence,BUSINESS,"Power and leadership are being redefined. No longer are we comfortable equating leadership with force, and power with dominance. In forward-thinking corporations, power is shifting from I-centric to We-centric, and this shift requires a commitment and a plan of action.","Judith E. Glaser, Contributor
CEO, Benchmark Communications, Inc.; chairman, The Creating WE...",2013-06-09
https://www.huffingtonpost.com/entry/pig-virus-wipes-out-nations-hogs_n_5221471.html,Killer Pig Virus Wipes Out More Than 10 Percent Of Nation's Hogs,GREEN,,,2014-04-27
https://www.huffingtonpost.com/entry/yemen-prime-minister_n_6502504.html,"Yemeni Houthi Fighters Surround Prime Minister's Home, Official Says",WORLDPOST,,,2015-01-19
https://www.huffingtonpost.com/entry/stressed-parents_us_5b9ce039e4b03a1dcc829f90,Do You Feel Like You're The Only Parent Spinning Out Of Control?,PARENTING,"I believe there are steps to getting off the rat wheel of parental stress, but we all have to join together and stop trying to out perform each other. Rest. Relax. Take a Deep Breath. The world is still spinning. The sun is probably going to come up tomorrow. And everything is going to be OK.","Andrew Braner, Contributor
CEO/President KIVU Gap Year",2013-03-04
https://www.huffingtonpost.com/entry/missouri-dress-code-tshirt_us_55ddc986e4b08cd3359dfe56,T-Shirt Mocks Scandal-Ridden Legislators Who Suggested Intern Dress Code,POLITICS,"""Perhaps instead of implementing a dress code for women, they should make it mandatory for the men to wear a chastity belt to work.""",Matt Ramos,2015-08-26
https://www.huffingtonpost.com/entry/raul-ibanez-home-run-yankees-tigers-alcs-game-1_us_5bb6b920e4b097869fd28e65,Raul Ibanez Home Run: Yankees Force Extra Innings Against Tigers In ALCS Game 1 (VIDEO),SPORTS,"He did it again. Raul Ibanez hit another game-tying, ninth inning home run, continuing his emergence as an unlikely October",,2012-10-14
https://www.huffingtonpost.com/entry/angelina-jolie-by-the-sea-interview_us_563a5819e4b0b24aee487ea4,"Angelina Jolie Gets Real About Her Marriage, Directing And Conquering Fear",ENTERTAINMENT,"""It gets really bad, but you work it out.”",Cole Delbyck,2015-11-04
https://www.huffingtonpost.com/entry/amtrak-lost-philadelphia-septa-new-york-fiasco_us_5b9dac2ee4b03a1dcc8b3914,How Does A Freaking Amtrak Train Get LOST In The Philly Suburbs?!?,TRAVEL,An Amtrak train carrying 130 people got lost last week after it traveled too far backward while turning around and ended,Hunter Stuart,2013-11-21
https://www.huffingtonpost.com/entry/win-without-losing-money_us_5b9c2280e4b03a1dcc7c8abb,Win Without Losing... Money,MONEY,Managing my wealth this way allowed me to achieve financial independence at the age of 34 as well as avoid the market crashes of 2008 and 2009.,"Ike Ikokwu, Contributor
The Financial Independence Coach",2012-08-14
https://www.huffingtonpost.com/entry/to-my-12-remaining-embryos_us_5966947fe4b07b5e1d96ed0a,To My 12 Remaining Embryos,PARENTS,You have been frozen now for almost three years.,"Desiree Fortin, ContributorMom of Triplets",2017-07-12
https://www.huffingtonpost.com/entry/trump-emmanuel-macron_us_590f74ace4b0d5d9049d39f3,Trump Congratulates Emmanuel Macron On Winning French Presidential Election,POLITICS,"""I look very much forward to working with him!""",Igor Bobic,2017-05-07
https://www.huffingtonpost.com/entry/whats-new-in-italy_us_5b9cd8b5e4b03a1dcc82600d,What's New In Italy For 2013,TRAVEL,"Formerly presented every other year, the Venice Biennale -- a world-class, contemporary fair -- is now an annual event.","Rick Steves, Contributor
Contributor",2013-02-22
https://www.huffingtonpost.com/entry/new-york-fashion-week-nail-trends_us_5b9c45c0e4b03a1dcc7d7f94,"New York Fashion Week: The Most Outrageous Nail Trends Spotted At Rodarte, The Blonds, Prabal Gurung And More (PHOTOS)",STYLE & BEAUTY,"Want more? Be sure to check out Stylelist on Twitter, Facebook, Tumblr and Pinterest. Over the past two seasons at New York",Dana Oliver,2012-09-14
https://www.huffingtonpost.com/entry/molly-crabapple-trumpbeast_us_58d93069e4b02a2eaab61a49,Artist's 'Trumpbeast' Is A Chilling Portrait Of The Current Administration,ARTS & CULTURE,Molly Crabapple is not here to make pretty pictures.,Priscilla Frank,2017-03-27
https://www.huffpost.com/entry/worldwide-gun-deaths-study_n_5b869e09e4b0cf7b0030dfec,"Worldwide Gun Deaths Reach 250,000 Yearly",WORLD NEWS,"Brazil, Colombia, Guatemala, Mexico and Venezuela are the countries that with the U.S. contributed to half the study deaths.",,2018-08-29
https://www.huffingtonpost.com/entry/dont-act-your-age-harry-t_b_5559130.html,"Don't Act Your Age - Harry, Tonto, Paul and You",ENTERTAINMENT,,"Jeffrey Sonnenfeld, ContributorSenior Associate Dean and Lester Crown Professor of Management...",2014-07-05
https://www.huffingtonpost.com/entry/30-feminist-lessons-in-30-years_b_5837124.html,30 Feminist Lessons I've Learned In 30 Years,WOMEN,"I recently crossed over into my 30s. The lead-up to the day was a slurry of thoughts and feelings about this huge milestone, marked by bursts of self-reflection and a quick skip down that list of classic questions about ""where I am"" in my life. I thought it prudent to try to gather this slurry into a collection of lessons best learned over the last three decades.","Lindsay Menard-Freeman, ContributorSenior Manager, Youth Program & Advocacy - Women Deliver",2014-10-13
https://www.huffingtonpost.com/entry/homemade-texas-roadhouse_b_5972726.html,Homemade Texas Roadhouse Rolls,TASTE,"So it should come as no surprise to anyone that one of my favorite yeast rolls are those served at Texas Roadhouse restaurants. Now, in case you have never been to a Texas Roadhouse before, let me explain the glory of these rolls to you.","Food Fanatic, ContributorWe love food.",2014-10-12
https://www.huffingtonpost.com/entry/right-wing-media-group-th_b_5883178.html,Right-wing Media Group That Backs Limbaugh Suddenly Concerned About 'Civil Discourse',MEDIA,Sometimes the double standards employed by the right-wing Media Research Center are breathtaking in their blatantness.,"Terry Krepel, ContributorFounder and Editor, ConWebWatch.com; former senior editor, Med...",2014-09-25
https://www.huffingtonpost.com/entry/kate-holmes-alterna-haircare-photos_us_5b9cbb9ce4b03a1dcc814fed,"Katie Holmes Signs With Alterna Haircare, Giving Us Jen Aniston Déjà Vu (PHOTOS)",STYLE & BEAUTY,"Seriously, it's like déjà vu all over again.",Ellie Krupnick,2013-01-18
https://www.huffingtonpost.com/entry/hillary-clinton-exposed-the-emotional-tightrope-women-are-constantly-walking_us_57d1a3efe4b03d2d45992613,Hillary Clinton Exposed The Emotional Tightrope Women Constantly Walk,WOMEN,Here’s why her Humans Of New York interview resonated so deeply.,Emma Gray,2016-09-09
https://www.huffpost.com/entry/meta-facebook-hate-speech-russia-putin_n_622b2436e4b0317d0a2f1f11,"Meta Grants Exemption To Hate Speech Rules, Allowing Calls For Violence Against Putin",MEDIA,The rules change applies to Facebook and Instagram users in 12 countries following Russia's invasion of Ukraine.,Marita Vlachou,2022-03-11
https://www.huffingtonpost.com/entry/finally-fall-12-cozy-baking-recipes-to-welcome-the_us_59b9841ee4b0390a1564da8b,Finally Fall! 12 Cozy Baking Recipes To Welcome The Season,TASTE,"These comforting breakfast treats are like a cross between scones and oatmeal cookies: buttery and tender on the inside, crisp","Jennifer Segal, ContributorChef, Cookbook Author, Busy Mom",2017-09-16
https://www.huffingtonpost.com/entry/star-wars-poetry_us_55eeeaf7e4b03784e276688f,"Guys, 'Star Wars' Isn't A Blockbuster Franchise, It's Poetry",ARTS & CULTURE,"""This changes everything ... Or at least it feels like it.""",Lauren Duca,2015-09-08
https://www.huffingtonpost.com/entry/paula-patton-best-dressed-of-the-week_us_5badf053e4b0bb1705fb91ef,"Paula Patton, Condola Rashad, Tonya Lewis Lee And More: Week's Best Style Moments (PHOTOS)",BLACK VOICES,"Paula Patton's outfit has love written all over it, so it's not wonder we adore the look so much. The ""Baggage Claim"" actress",Julee Wilson,2013-09-22
https://www.huffingtonpost.com/entry/progressive-activists-divided-on-border-wall_us_5a639eb0e4b0dc592a094b23,Progressive Activists Divided On What Immigration Compromises They Will Accept,POLITICS,"The border wall is a sticking point for some, but not others.",Daniel Marans,2018-01-20
https://www.huffingtonpost.com/entry/financial-advisers-are-sc_us_5b9be169e4b03a1dcc7aef5c,Financial Advisers Are Scaling Down Summer Vacation Plans,MONEY,"""I don't feel comfortable leaving the office with everything going on,"" he said. Martiak, whose firm has $300 million in","Reuters, Reuters",2012-06-21
https://www.huffingtonpost.com/entry/blackout-for-human-rights-my-life-matters-video-series_us_5798f4fce4b01180b53141d4,Black Celebs Call Out Police Brutality In Compelling New Video Series,BLACK VOICES,"Ava DuVernay, Ryan Coogler and David Oyelowo are among the many black influencers featured in the “My Life Matters"" series.",Brennan Williams,2016-07-27
https://www.huffingtonpost.com/entry/thank-you-tim-cook_b_6083102.html,"Thank You, Tim Cook",QUEER VOICES,"Apple has an impressively large and well-organized segment of out employees -- most of the major tech companies do, in fact -- and I bet they are all walking a bit taller and prouder today. We have a long way to achieve that level playing field, but that ""sunlit path toward justice"" Tim refers to just got much, much brighter.","Jonathan D. Lovitz, ContributorLGBT Advocate; VP of External Affairs at National Gay & Lesbia...",2014-10-31
https://www.huffingtonpost.com/entry/oscar-night-pooping_us_5a945535e4b01f65f599112e,We Lost Our Minds Trying To Understand Celebrities’ Oscar Night Pooping Secrets,ENTERTAINMENT,"How an innocent question devolved into a depraved, months-long journey to the center of the colon.",Claire Fallon and Priscilla Frank,2018-02-28
https://www.huffingtonpost.com/entry/rnc-violence-police_us_578e201ae4b0a0ae97c35002,Cleveland Police Are Using Bikes To Prevent Violence At The RNC,POLITICS,Police say they only arrested one person on Monday.,Arthur Delaney,2016-07-19
https://www.huffingtonpost.com/entry/tyler-roysdon-firefighter-racist-facebook_us_59bc2a97e4b0edff971c0fbc,Firefighter Says Saving One Dog Is ‘More Important’ Than A Million Black People,BLACK VOICES,Tyler Roysdon has been suspended for his racist Facebook post.,David Moye,2017-09-15
https://www.huffingtonpost.com/entry/classic-summer-desserts-deathmatch_us_5b9d54e2e4b03a1dcc86bcae,Classic Summer Desserts: A HuffPost Deathmatch,FOOD & DRINK,Running around outside always works up our appetite for something sweet.,,2013-07-09
https://www.huffingtonpost.com/entry/adhd_us_5b9dec4fe4b03a1dcc8ed37a,Mind Games: Surprising News About ADHD Medication,WELLNESS,Note: This post has been revised since its original publication. The news now is filled with reports about the abuse and,"Donna Wick, Ed.D, Contributor
Clinical psychologist and founder, Mind to Mind Parent",2014-03-25
https://www.huffingtonpost.com/entry/people-are-obsessed-with-this-real-life-baymax-from-big-hero-6_us_59848997e4b041356ebf6763,People Are Obsessed With This Real-Life Baymax From 'Big Hero 6',PARENTS,Disney brought the character to life!,Taylor Pittman,2017-08-04
https://www.huffingtonpost.com/entry/mob-of-up-to-60-storms-bart-train-and-robs-passengers-in-oakland_us_58ff184ae4b0288f5dc7c012,Up To 60 Robbers Storm BART Train In Flash Mob Hold-Up,CRIME,They took travelers' valuables and were gone in 30 seconds.,Ron Dicker,2017-04-25
https://www.huffingtonpost.com/entry/30-day-challenge-to-change-the-world_b_5807564.html,30-Day Challenge to Change the World -- Beginning Right Now,HEALTHY LIVING,"We all have the capacity to make the world a more loving, abundant place. And it needn't be heavy or hard, it can be simple and yet profoundly transformative. Try it out and see for yourself!","Heather Strang, ContributorSpiritual Teacher & Author",2014-09-12
https://www.huffpost.com/entry/prescription-drug-medicare-part-d-cap_n_62ed95cde4b09fecea4e24d4,This Is The Most Underappreciated Part Of The Democratic Prescription Drug Bill,POLITICS,"Some Medicare recipients spend more than $10,000 a year on lifesaving medication. That could change.",Jonathan Cohn,2022-08-06
https://www.huffingtonpost.com/entry/hurricanes-expose-resilience-gap-on-small-islands_us_59c1661ee4b0f96732cbc9b9,Hurricanes Expose Resilience Gap On Small Islands,GREEN,"By Robert Glasser Two years ago this month, Tropical Storm Erika, dumped an enormous quantity of rain on the small island","A View From The United Nations, ContributorSenior officials speak on global issues",2017-09-19
https://www.huffingtonpost.comhttps://editorial.huffingtonpost.com/mt.cgi?__mode=view&_type=entry&id=1926690&blog_id=3&saved_changes=1&classic=1,"'Young Mona'? Doubts Grow as Experts Hostile, Evasive or Say 'Misrepresented'",CULTURE & ARTS,"Last week, a version of the Mona Lisa, that had languished unseen in a Swiss bank vault for nearly half-a-century, was unveiled with all the razzamatazz of a new Ferrari.",,2012-09-30
https://www.huffingtonpost.com/entry/memorial-day-display-henderson-trashed_us_574c0297e4b055bb11727d88,Man Accused Of Driving Through Memorial Day Cross Display,CRIME,"""This is something you don't do. This is a form of desecration.""",Lee Moran,2016-05-30
https://www.huffingtonpost.com/entry/goldbergs-wwe-return-succ_b_14701044.html,Goldberg's WWE Return Success Reason Revealed! Backstage Heat Between TNA & ROH! | WrestleTalk News,SPORTS,,"Oli Davis, ContributorOli Davis is the guy all over WrestleTalk's YouTube channel an...",2017-02-12
https://www.huffingtonpost.com/entry/lady-doritos-twitter-backlash_us_5a78a642e4b006e74aef01cd,People Hilariously Blast ‘Lady Doritos’ On Twitter,WOMEN,"PepsiCo’s CEO said men enjoy licking Dorito dust off their fingers with “great glee,” but women don’t. Oh, and that women  ""don’t like to crunch too loudly in public.""",Elyse Wanshel,2018-02-05
https://www.huffingtonpost.com/entry/making-time-to-make-a-dif_b_5543500.html,Making Time to Make a Difference,IMPACT,"I don't define myself solely by my job. For me, it's just as important to use my time outside of work in ways that are fulfilling. In my spare time, I volunteer with the YAI Network.","YAI, ContributorSeeing beyond disability",2014-07-01
https://www.huffingtonpost.com/entry/coming-out-later-in-life_b_7213680.html,What It's Like To Come Out Later In Life,FIFTY,"When Bruce Jenner came out as transgender, it made me think about boomers coming out of whatever closet they've spent much of their lives in. Whether transgender, gay or lesbian, as a straight, male boomer I wanted to understand their experience, to know how it feels for someone to come out late in life.","Ken Solin, ContributorVoice Actor, Author, Columnist, Date Coach for Women Over 50",2015-05-14
https://www.huffingtonpost.com/entry/white-blood-cells-cancer-spread-metastasis_us_5b9d5048e4b03a1dcc869086,White Blood Cells May Play Role In Spread Of Cancer,WELLNESS,"White blood cells, the body's defense against infection, could actually play a role in spreading cancer, according to a new",,2013-07-05
https://www.huffingtonpost.com/entry/paul-ryan-budget-donald-trump_us_573345fbe4b096e9f0935265,A Paul Ryan Budget In A Donald Trump World,POLITICS,Speaker Paul Ryan wants to move a budget. But everyone's attention on Capitol Hill is on Trump. So why do it?,Matt Fuller,2016-05-11
https://www.huffingtonpost.com/entry/once-a-preemie-always-a-preemie_us_59bc0391e4b06b71800c38b8,"Once A Preemie, Always A Preemie",PARENTS,"As we stood crowded near the door, my daughter scanned the room, her face full of delight. It was the first day of preschool","Stacey Skrysak, ContributorTelevision news anchor, blogger at Perfectly Peyton, mom to a ...",2017-09-15
https://www.huffingtonpost.com/entry/im-the-mother-of-the-groom_us_5b9cbb75e4b03a1dcc814dcf,I'm The Mother-Of-The-Groom -- Now What Do I Do?,WEDDINGS,"The three of us took the dress upstairs to a bedroom and closed the door. Peter's bride slipped the dress over her head. Christina zipped her into it. It didn't fit, of course. But my daughter-in-law-to-be looked beautiful in it.","Barbara Falconer Newhall, Contributor
Author, Essayist",2013-01-19
https://www.huffingtonpost.com/entry/metal-water-bounces-hydrophobic_n_6516318.html,This Metal Is So Waterproof That Droplets Bounce Off,SCIENCE,,Macrina Cooper-White,2015-01-22
https://www.huffingtonpost.com/entry/why-shaking-hands-is-stil_b_5947304.html,Why Shaking Hands Is Still Better Than Fist-Bumping,BUSINESS,"I have asked a handful (pun intended) of adults why they fist-bump and most of the time the response is something along the lines of: Well, it seems to be the trend. AHA! This is not a good reason to forgo the time-honored handshake!","Debra Fine, ContributorBestselling author, keynote speaker and trainer",2014-10-07
https://www.huffingtonpost.com/entry/obamas-first-date_us_5b9b850be4b03a1dcc7840c5,"Obamas Dish On Their First Date & That Time POTUS Did Malia's Hair (VIDEO, PHOTOS)",STYLE & BEAUTY,"""Just trying to give a tip for the young men out there,"" the president says, smiling at the camera. It did work. Back in",Jessica Misener,2012-03-30
https://www.huffingtonpost.comhttp://www.buzzfeed.com/stevekandell/the-ports-guy-the-making-of-darren-rovell,The $ports Guy: The Making Of Darren Rovell,SPORTS,"Darren Rovell, just shy of 400,000 followers strong, does not exist on Twitter alone — his return to ESPN after six years",,2013-09-28
https://www.huffingtonpost.com/entry/joe-biden-run-for-office_us_579e085fe4b0693164c1926d,Joe Biden Won't Rule Out A Future Run For Office,POLITICS,He's old in age but not at heart.,Sam Stein,2016-07-31
https://www.huffingtonpost.com/entry/why-these-trump-voters-are-sticking-up-for-an-undocumented_us_58d14509e4b0e0d348b347e8,Why These Trump Voters Are Sticking Up For An Undocumented Neighbor,POLITICS,It's consistent with their conservative values.,"Pete Buttigieg, ContributorMayor of South Bend, Indiana",2017-03-21
https://www.huffingtonpost.com/entry/a-very-gassy-babys-letter-to-a-new-mom-circa-1980_b_7194884.html,"A 'Very Gassy Baby's' Letter to a New Mom, Circa 1980",PARENTS,"My mom, with a high school diploma and a tremendous dose of courage in tow, gave up most of her dreams to watch me pursue mine. I will never, ever know the strength that such a choice requires.","Christina Berchini, ContributorEditor at Heycollegekid.com",2015-05-05
https://www.huffingtonpost.com/entry/how-to-change-your-manage_b_7107566.html,How to Change Your Manager's Mind,BUSINESS,There are always situations where you can influence a manager. Launching a new project. Brainstorming a product or service. Taking the business to the next level. But many people fail to see their power in these situations.,"Chris Deaver, Contributor",2015-04-21
https://www.huffingtonpost.com/entry/japan-tohoku-earthquake-five-year-anniversary_us_56e2fdb4e4b0860f99d8d5a5,Japan Honors Victims Of Its Worst Earthquake 5 Years On,THE WORLDPOST,The Tohoku earthquake triggered a huge tsunami and the Fukushima nuclear meltdown.,Alexandra Ma,2016-03-11
https://www.huffingtonpost.com/entry/jane-goodall-harambe_us_574f5f2ae4b0eb20fa0cbbbb,Jane Goodall To Cincinnati Zoo Director: 'I Feel So Sorry For You',GREEN,"Goodall sent a message of empathy after the zoo shot its 17-year-old gorilla, Harambe.",Kim Bellware,2016-06-02
https://www.huffingtonpost.comhttp://fashionista.com/2012/10/see-the-rest-of-victoria-beckhams-largefeld-lensed-shoot-for-french-elle/,See The Rest Of Victoria Beckham's Lagerfeld-Lensed Shoot For French Elle,STYLE & BEAUTY,"Here it is: The full Victoria Beckham editorial for French Elle, shot by Karl Lagerfeld himself in Coco Chanel's famous Paris",,2012-10-20
https://www.huffingtonpost.com/entry/people-skills_b_7095032.html,'People' Skills,COMEDY,,"Marcia Liss, Contributor(Almost) Famous Cartoonist",2015-04-19
https://www.huffingtonpost.com/entry/toning-workout_us_5b9dccf6e4b03a1dcc8d122a,Tone From Head To Toe In Just 5 Moves,WELLNESS,You will need: Free weights By Jessica Smith for Shape.com More from Shape.com: Are You Taking the Wrong Approach to Setting,,2014-01-22
https://www.huffingtonpost.com/entry/why-americas-public-media-cant-do-its-job_us_590dcabbe4b0f711807244eb,Why America's Public Media Can't Do Its Job,MEDIA,"By Christopher Chávez, University of Oregon When the Trump administration released its proposed budget in March, it suggested","The Conversation US, ContributorViews from experts in academia, providing fact-based analysis ...",2017-05-07
https://www.huffingtonpost.com/entry/lies-damned-lies-and-plai_b_11041860.html,"Lies, Damned Lies And Plain Nonsense",MEDIA,"There is one thing about the Internet, Facebook and other forms of social media that is alarming: They open up the world to the worst forms of distortion of facts and outright lies, speculation, and innuendo based on rumors without the benefit of any form of honest research.","Tim Giago, ContributorFounder, Native American Journalists Association",2016-07-17
https://www.huffingtonpost.com/entry/7-eleven-slurpee-drone-delivery_us_57960178e4b01180b52f720c,"7-Eleven Delivers A Slurpee By Drone, Because We're Living In The Future",TASTE,"Who do they think they are, Amazon?",Abigail Williams,2016-07-25
https://www.huffingtonpost.com/entry/are-life--business-diffic_b_5690959.html,Are Life and Business Difficult?,BUSINESS,"I will argue that life is difficult, even if you accept fully that it is difficult.  It is difficult not because it is difficult -- though it often is -- but because we humans have a genius for making it difficult.  And we have that genius because we are lost, strangers in a strange world.","Richard Koch, ContributorAuthor, 'The 80/20 Principle'",2014-08-19
https://www.huffingtonpost.com/entry/10-reasons-to-make-singing-your-happiness_b_6203630.html,10 Reasons to Make Singing Your Happiness Drug!,HEALTHY LIVING,"Our brains developed with singing and music as a survival mechanism. Before there were governments or nations, tribes and groups used songs and dance to build loyalty to the group, transmit vital information and ward off enemies. Those who sang survived.","Tania de Jong, ContributorLeading Australian soprano, social entrepreneur, spiritual jou...",2014-12-10
https://www.huffingtonpost.com/entry/why-the-housing-market-is_n_5211961.html,Here's What's Really Holding Back The Economy,BUSINESS,,,2014-04-25
https://www.huffingtonpost.com/entry/cass-clemmer-trans-periods_us_597101bce4b0aa14ea78a251,Powerful Photo Shows That Women Aren't The Only Ones Who Get Periods,QUEER VOICES,"""Not all people who menstruate are women, and not all women menstruate.”",James Michael Nichols,2017-07-22
https://www.huffingtonpost.com/entry/erykah-badu-hitler-good-painter_us_5a68bd36e4b002283008b642,Erykah Badu Under Fire For Seeing 'Something Good' In Hitler,BLACK VOICES,"The singer says the Führer ""was a wonderful painter.""",David Moye,2018-01-24
https://www.huffingtonpost.com/entry/making-a-difference-the-world-of-giving_b_6840476.html,"Making A Difference: The World of Giving - Authors, Books, Reading and Literacy",IMPACT,What are you reading? What was the last book you read? These are two of my favorite questions to ask in order to jump start a conversation with an old friend or a new acquaintance.,"Lisa M. Dietlin, ContributorCEO, Lisa M. Dietlin and Associates, Inc., philanthropic advis...",2015-03-11
https://www.huffingtonpost.com/entry/kylie-jenner-tattoo-swimsuit-photo_us_56e6aae8e4b065e2e3d66110,Kylie Jenner Flashes Tiny Tattoo In Swimsuit Photo Shoot,ENTERTAINMENT,The life of a Jenner.,Julia Brucculieri,2016-03-14
https://www.huffingtonpost.com/entry/home-health-care_us_5b9dcf17e4b03a1dcc8d2592,Home Health Care: A New Start for a New Year,WELLNESS,"If you are caring for someone with little or no family or who is reluctant to reach out, a probing conversation might help you discover ways to build or rebuild social connections. Here are some ways to begin.","Marki Flannery, Contributor
I am Executive Vice President and Chief of Provider Services f...",2014-01-24
https://www.huffingtonpost.com/entry/brittle-nail-causes_us_5b9cc001e4b03a1dcc817b30,Brittle Nail Causes: Why Do My Nails Break?,WELLNESS,Our editors explain this common condition and what you can do about it.,Meredith Melnick,2013-01-24
https://www.huffingtonpost.com/entry/athletes-sleep_us_5b9c7286e4b03a1dcc7eb79e,Using Sleep to Improve Your Game,WELLNESS,It won't surprise me to see more sports teams adopting a sleep-better-to-perform better strategy similar to the one the Jets have put into play this season. But using sleep to improve performance isn't just the purview of athletes.,"Dr. Michael J. Breus, Contributor
Clinical Psychologist; Board Certified Sleep Specialist",2012-11-08
https://www.huffingtonpost.com/entry/the-process-part-13-life_us_5b9df5ace4b03a1dcc8f8cb9,"The Process, Part 13: Life Gets Better",WELLNESS,Today is day 31. When I leave the hospital today I'll be almost 84 percent done and only have six more treatments left.,"Stan Collender, Contributor
Executive Vice President, Qorvis MSLGROUP",2014-04-04
https://www.huffingtonpost.comhttps://www.washingtonpost.com/news/capital-weather-gang/wp/2015/12/23/scores-of-eastern-u-s-cities-to-shatter-christmas-eve-warm-weather-records/,Eastern U.S. Cities To Shatter Christmas Eve Warm Weather Records,GREEN,The warm air surging up the East Coast on Christmas Eve will prove nothing short of historic. Dozens of records will fall,,2015-12-23
https://www.huffingtonpost.com/entry/larry-nassar-victims-impact-statements_us_5a5e0860e4b03c4189691307,Larry Nassar’s Victims Get Their Day In Court: ‘Little Girls Don’t Stay Little Forever’,WOMEN,Dozens of women are set to give impact statements about the abuse they faced from the former USA Gymnastics doctor.,Alanna Vagianos,2018-01-16
https://www.huffpost.com/entry/dont-visit-friends-social-distancing_l_5e7539b1c5b6eab77948423b,Why You Shouldn't Go To Your Friend's House While Social Distancing,WELLNESS,Social distancing during COVID-19 means you Facetime instead of heading over to your friend's house to hang. We don't want to spread this.,Brittany Wong,2020-03-21
https://www.huffpost.com/entry/mothers-day-cards-2020-social-distancing_l_5ea70c02c5b6a30004e6272c,35 Mother's Day Cards That Sum Up Social Distancing,PARENTING,These spot-on cards capture the sentiments surrounding Mother's Day 2020.,Caroline Bologna,2020-04-28
https://www.huffingtonpost.com/entry/stonehenge-path-discoverd-solstice-axis_us_5baeb98ee4b014374e2e8b2f,Stonehenge Path Offers New Clues To Site's Age-Old Secrets,SCIENCE,"“It was constructed in 2300 BC so is a later addition to the stone circle, but people would have processed along it to the",Meredith Bennett-Smith,2013-09-14
https://www.huffingtonpost.com/entry/chiwetel-ejiofor-james-bond-villain_us_5bb4564ee4b066f8d2584d1a,Chiwetel Ejiofor May Play The Villain In Next James Bond Movie,ENTERTAINMENT,"Plot details surrounding the still-untitled Bond entry are unknown. Joining Craig and, potentially, Ejiofor are Ben Whishaw",,2014-04-05
https://www.huffingtonpost.comhttp://blogs.babycenter.com/mom_stories/moms-if-we-support-one-another-our-kids-will-thrive/,"Moms: If We Support One Another, Our Kids Will Thrive",PARENTING,"This post is part of the Global Mom Relay. Every time you share this blog, $5 will go to women and girls around the world",,2013-04-22
https://www.huffingtonpost.com/entry/post_us_5b9c2f91e4b03a1dcc7ceeb9,Why We Need to Treat Parenthood as a Privilege,PARENTING,"Pronatalist beliefs also condone the right for anyone to have children whenever they want to have them, which leads many people to have children before they are emotionally, psychologically or financially ready.","Laura Carroll, Contributor
Editor, Nonfiction Author, Expert on the Childfree Choice",2012-08-28
https://www.huffingtonpost.com/entry/lgbt-wellness-june-20_n_5515100.html,Study Reveals Where You Find Your Sexual Partners Is Key To Your Risk For STI's,QUEER VOICES,,JamesMichael Nichols,2014-06-22
https://www.huffingtonpost.com/entry/yoga-back-pain_us_5b9c36aae4b03a1dcc7d24a7,Yoga to the Rescue: Three Stretches to Help Lower Back Pain,WELLNESS,"If your lower back simply feels tense or tight, taking five minutes to practice this simple sequence of yoga postures can help alleviate your discomfort.","David Magone, Contributor
Director, PranaVayu Yoga",2012-09-10
https://www.huffingtonpost.comhttp://pubx.co/NY4BKy,They Gave A Sick Puppy A Peaceful Place To Die — But She Lived Instead,GOOD NEWS,"When Mary and her three daughters moved to Ankara, Turkey, for her husband's job, they decided they wanted to do something",,2016-04-02
https://www.huffingtonpost.com/entry/divorce-benefits_us_5b9d9d1ae4b03a1dcc8a43ab,6 Little-Known Benefits Of Being Divorced,DIVORCE,"Written by Alexandra Churchill for YourTango.com 6. You'll Have An Easier Retirement As we've already mentioned, we rarely",,2013-10-26
https://www.huffingtonpost.com/entry/my-day-as-a-test-case-for_us_5b9dec9be4b03a1dcc8ed981,My Day as a Test Case for Self-Compassion,WELLNESS,That's when I saw it. Namaste Disappointment. We all know what that feels like. Our disappointments might be different but,"Kellie Edwards, Contributor
Psychologist, Mindfulness Teacher and Coach",2014-03-14
https://www.huffingtonpost.comhttp://www.nytimes.com/2016/02/28/opinion/sunday/what-women-find-in-friends-that-they-may-not-get-from-love.html?_r=1&mtrref=undefined&gwh=827169F0AC5371546C427E7BA8B8E1F5&gwt=pay&assetType=opinion,What Women Find In Friends That They May Not Get From Love,WOMEN,Sara and I met as office drones in 1999. We became friends in a period of our lives when the demands of our jobs were just,,2016-02-29
https://www.huffingtonpost.com/entry/white-castle-wedding_us_5b9d1c85e4b03a1dcc848eb8,White Castle Wedding: Couple Ties The Knot Inside Burger Joint (VIDEO),WEDDINGS,"Copeland concluded the ceremony by presenting the happy couple to the crowd of diners: ""Ladies and gentlemen, Carla and Bobby",,2013-04-30
https://www.huffpost.com/entry/prince-philip-funeral-arrangements-revealed_n_6071d47ec5b6a74b3bdbfacc,Buckingham Palace Announces Prince Philip's Funeral Arrangements,WORLD NEWS,The 99-year-old Duke of Edinburgh took part in designing the modified Land Rover that will carry his coffin.,"Danica Kirka, Associated Press",2021-04-10
https://www.huffingtonpost.com/entry/sheila-abdus-salaam-queer-rights_us_58ef852be4b0bb9638e1dc3d,Black Female Judge Judge Remembered As A Defender Of Queer Rights,QUEER VOICES,Judge Sheila Abdus-Salaam helped reverse a precedent in New York that tore children from their parents.,Carol Kuruvilla,2017-04-13
https://www.huffingtonpost.com/entry/tully-review-charlize-theron-diablo-cody-jason-reitman_us_5ae718b1e4b04aa23f2558ab,"In 'Tully,' Charlize Theron Comes To Terms With Adulthood Being A Sad Joke",ENTERTAINMENT,"In their follow-up to ""Young Adult,"" Diablo Cody and Jason Reitman remain masters of the depression dramedy.",Matthew Jacobs,2018-05-03
https://www.huffingtonpost.com/entry/golden-globes-2017-reactions_us_584ebd8fe4b0e05aded4a207,See The Kids From 'Stranger Things’ And Others React To Golden Globe Nominations,ENTERTAINMENT,"Some were in tears, while others cracked jokes about the 2017 nods.",Lauren Moraski,2016-12-12
https://www.huffingtonpost.com/entry/does-loving-differently-mean-loving-better_us_5b9d0081e4b03a1dcc83a9fe,Does Loving Differently Mean Loving Better?,PARENTING,"Does different treatment necessarily mean better or worse treatment? Do different interactions mean that one child is a favorite? And, god forbid, does different love inherently mean better love?","Christine Organ, Contributor
Author of ""Open Boxes: the gifts of living a full and connecte...",2013-04-11
https://www.huffingtonpost.com/entry/terrelle-pryor-racial-slur_us_59d60ed5e4b0380b6c9a7760,Terrelle Pryor Says He Flipped Off Fan After Being Called The N-Word,BLACK VOICES,The Washington receiver said he heard the slur several times on Monday in the Kansas City game.,Ron Dicker,2017-10-05
https://www.huffingtonpost.com/entry/finding-the-wisdom-courag_b_8810906.html,"Finding the Wisdom, Courage, and Compassion to See That The Other Is Us",IMPACT,"At a time when the headlines are dominated by stories of extremism and xenophobia, from Daesh terrorists to Donald Trump, we are reminded of stories that show us that wisdom, compassion, and courage cannot be extinguished.","Kim Samuel, ContributorPresident, Samuel Family Foundation",2015-12-25
https://www.huffpost.com/entry/sri-lanka-block-social-media-bombings_n_5cbce6f4e4b032e7ceb9c0a9,"Sri Lanka Blocks Social Media After Bombings, Citing Misinformation",WORLD NEWS,"The nationwide social media blockage came after eight blasts swept through Sri Lankan churches and hotels on Easter Sunday, killing more than 200 people.",Sanjana Karanth,2019-04-21
https://www.huffingtonpost.com/entry/short-bouts-of-exercise-can-boost-self-control_us_5b9ce705e4b03a1dcc82d573,Short Bouts Of Exercise Can Boost Self-Control,WELLNESS,"The new analysis finds that exercise's impact on self-control is small, but measurable. It could be particularly important",,2013-03-09
https://www.huffingtonpost.com/entry/memory-fonts-sub-rosa_us_56aa7e1ce4b0d82286d5571a,Stunning Font Collection Reflects The Fleetingness Of Memory,ARTS & CULTURE,This typeface changes each time it's printed.,Maddie Crum,2016-01-29
https://www.huffingtonpost.com/entry/yves-klein-sponge-relief_us_5bb23866e4b0171db69e7c5a,Yves Klein Sponge Relief Expected To Nab $10 Million At Auction (PHOTO),CULTURE & ARTS,The piece is essentially a large-scale sponge relief soaked in the artist's signature color -- International Klein Blue (IKB,Katherine Brooks,2012-10-20
https://www.huffingtonpost.com/entry/miley-cyrus-v-cover-magazine-photo_us_5b9d1e2de4b03a1dcc849798,"Miley Cyrus V Cover: Is This Magazine Shot Even Hotter Than The Last? (PHOTOS, VIDEO)",STYLE & BEAUTY,"BuzzFeed says Miley looks like a ""pilates instructor."" We have to say we're just impressed she bothered with a bra this time",,2013-05-01
https://www.huffingtonpost.com/entry/breakup-advice_us_5b9dd13de4b03a1dcc8d3c3f,'I Need Space': How To Deal When Your Partner Says Those 3 Words,DIVORCE,"There is no right or wrong way to feel, but by being careful with your response and yourself, you can be assured to walk",,2014-01-28
https://www.huffingtonpost.com/entry/why-september-12th-matters_us_59a80479e4b096fd8876c0c0,Why September 12th Matters,POLITICS,"September 12th is very special day. Every year, reliably, something big happens on that day. This year is no different. The","Steven Rosenbaum  , ContributorTechnologist / Business Leader / Author",2017-08-31
https://www.huffingtonpost.com/entry/breastfeeding-and-pornography_us_5b9c1da9e4b03a1dcc7c6b4a,A Mother Fights Back When Video Of Her Breastfeeding Appears On Porn Sites,PARENTING,"Maryann Sahoury's goal was to teach others about breastfeeding. Instead, she learned a few lessons herself: To read things before you sign them. And that people can be creeps.","Lisa Belkin, Contributor
Senior Columnist, The Huffington Post",2012-08-08
https://www.huffingtonpost.com/entry/ryan-lochte-girlfriend_us_5b9c1e9ae4b03a1dcc7c71c4,Ryan Lochte Wants A Girlfriend: Whom Should He Date?,STYLE & BEAUTY,"If you ask us, Ryan Lochte is quite a catch. But when Us Weekly wanted to know why the chiseled swimmer is still single, his",Erin Clements,2012-08-09
https://www.huffingtonpost.com/entry/health-stories-november-2015_us_563d01c9e4b0411d3070fa40,ICYMI: What Runners Think About And A New-Old Approach To Staph,HEALTHY LIVING,Health stories you may have missed.,Erin Schumaker,2015-11-07
https://www.huffingtonpost.com/entry/lincoln-20_b_8023742.html,,POLITICS,,"Robert Moran, ContributorRobert Moran leads Brunswick Insight, and writes and speaks on...",2015-08-22
https://www.huffingtonpost.com/entry/sports-nice-list-2013_us_5bb7315ae4b097869fd48646,"Peyton Manning, Jason Collins, Jack Hoffman Headline 2013 Sports 'Nice List'",SPORTS,"To paraphrase a certain North Pole resident, there is room for every athlete on the HuffPost Sports Nice List. That said",Chris Greenberg,2013-12-25
https://www.huffingtonpost.com/entry/real-housewives-wardrobe-malfunction-pictures-photos-yolanda-foster_us_5b9cffd6e4b03a1dcc83a3c7,'Real Housewives' Wardrobe Malfunction Proves That Reality Exists Off-Screen (PHOTO),STYLE & BEAUTY,"One of our favorite things about the ever-expanding cast of ""Real Housewives"" is that they offer an uncensored view of all",,2013-04-03
https://www.huffingtonpost.com/entry/zika-virus-continues-to-replicate-in-newborns-brains-study-finds_us_585174f7e4b092f086869076,"Zika Virus Continues To Replicate In Newborns' Brains, Study Finds",HEALTHY LIVING,"This explains why Zika virus can have a devastating impact on babies, even when their mothers had only mild illnesses.",,2016-12-14
https://www.huffingtonpost.com/entry/corneal-melt-rheumatoid-arthritis-complication-iris_us_5b9ddd78e4b03a1dcc8de909,'Corneal Melt': Arthritis Complication Lets Irises Slip Out,WELLNESS,The condition generally happens in patients with long-standing rheumatoid arthritis. These patients often say they feel like,,2014-02-13
https://www.huffingtonpost.com/entry/cameron-diaz-instyle-cover_us_5b9b93e4e4b03a1dcc78c5db,Cameron Diaz 'InStyle' Cover Features The Actress In Couture (PHOTOS),STYLE & BEAUTY,"It's all finally making sense. Cameron Diaz caught us off-guard when she took Paris' Couture Week by storm, attending shows",Ellie Krupnick,2012-04-15
https://www.huffingtonpost.com/entry/trumps-riyadh-visit-whitewashes-saudi-terrorism_us_591f4834e4b0b28a33f62be2,Trump's Riyadh Visit Whitewashes Saudi Terrorism,POLITICS,President Trump will make America complicit in Saudi Arabia’s spread of jihadi terrorism.,"Adam Weinstein, ContributorPolicy Associate, National Iranian American Council, Veteran o...",2017-05-19
https://www.huffingtonpost.com/entry/robin-mcgraw-omaze-online-fundraiser-winner_us_5671118ae4b0648fe3018f33,Robin McGraw Gives One Woman A Surprise She Will Never Forget,ENTERTAINMENT,"Christy, a single mom to a 23-year-old son, was recently selected as the winner of Robin McGraw’s “Walk a Day In Robin’s",,2015-12-16
https://www.huffingtonpost.com/entry/all-22-female-senators-push-congress-on-sexual-harassment-reform_us_5abb8443e4b06409775bad29,All 22 Female Senators Push Congress On Sexual Harassment Reform,POLITICS,"The bipartisan group says it's ""unacceptable"" that the Senate has failed to fix sexual harassment policies involving lawmakers and staffers.",Marina Fang,2018-03-28
https://www.huffingtonpost.com/entry/worst-toy-toady-2013_us_5b9dadf0e4b03a1dcc8b5acf,And The Nominees For Worst Toy Of The Year Are...,PARENTING,"Without further ado, the TOADY nominees are: Commentary: ""No more struggles to get little Bobby or Susie to use the potty",Ron Dicker,2013-11-25
https://www.huffingtonpost.com/entry/iron-clothes-with-hair-straightener_us_5b9c2adee4b03a1dcc7cc8db,How To Iron Clothes With A Hair Straightener,HOME & LIVING,We'd be lying if we said we never stepped out of the house with a wrinkled shirt because our clothes iron was broken (and,Nicole Guzzardi,2012-08-22
https://www.huffingtonpost.com/entry/john-ridley-jimi-all-is-by-my-side_n_5882540.html,John Ridley On Directing 'Jimi: All Is By My Side',BLACK VOICES,,,2014-09-25
https://www.huffingtonpost.com/entry/the-fidget-spinner-explains-the-world_us_591f2374e4b0e8f558bb25f2,The Fidget Spinner Explains The World,HEALTHY LIVING,"Fidget spinners are the perfect material metaphor for everyday life in early 2017, for good and for ill.","The Atlantic, ContributorExploring the American idea since 1857",2017-05-19
https://www.huffingtonpost.com/entry/as-florida-governor-jeb-b_n_7644816.html,"As Florida Governor, Jeb Bush Provided Special Access To Lobbyists",POLITICS,,,2015-06-23
https://www.huffingtonpost.com/entry/zac-posen-gold-dress-magnum-ice-cream_us_5b9cfff9e4b03a1dcc83a47c,Zac Posen Designs Gold Dress In Honor Of Magnum Ice Cream (PHOTOS),STYLE & BEAUTY,This isn't chocolate's first time at the fashion rodeo... But this one has SEA SALT CARAMEL. Winner. Want more? Be sure to,Ellie Krupnick,2013-04-03
https://www.huffingtonpost.com/entry/the-best-of-mothers_us_5b9d705fe4b03a1dcc88041f,The Best of Mothers,PARENTING,There's no way to fast forward or take a shortcut when we give a moment to our kids; there's no app for that. That's what makes it special.,"Allison Tate, Contributor
Writer, mother of four",2013-08-19
https://www.huffingtonpost.com/entry/fake-venices-around-the-w_us_5b9bab4fe4b03a1dcc7976b9,15 Venices Around The World (PHOTOS),TRAVEL,The Venice of...,"BootsnAll, Contributor
A one-stop indie travel guide, founded in 1998",2012-05-07
https://www.huffingtonpost.com/entry/heres-what-happened-when-a-feminist-lesbian-had-wings-at-hooters_b_7167480.html,Here's What Happened When a Feminist Lesbian Had Wings at Hooters,QUEER VOICES,So here's my quandary: What's a girl to do about places like Hooters and Twin Peaks or -- eek -- strip clubs when one both loves and respects the female body?,"Jenny Block, ContributorColumnist and author of 'O Wow! Discovering Your Ultimate Orga...",2015-05-03
https://www.huffingtonpost.com/entry/in-directing-protecther-i-found-peace-in-my-broken-pieces_us_59e7698ce4b0d0e4fe6c82ac,"#MeToo: In Directing 'ProtectHer,' I Found Peace In My Broken Pieces",WOMEN,"Fearful that I would be known as the female director behind only a sexual assault film, I have been less upfront about my own experience. Until now.","Sara Hirsh Bordo, ContributorProducer and director",2017-10-18
https://www.huffingtonpost.comhttp://healthland.time.com/2013/08/31/this-is-your-brain-on-facebook/,This Is Your Brain On Facebook,TECH,That little zing you get when someone “likes” your picture or sings your praises on Facebook? That’s the reward center in,,2013-08-31
https://www.huffingtonpost.com/entry/parenthood_us_5b9c0b71e4b03a1dcc7bf7eb,Top 10 Ways to Celebrate Parenthood,PARENTING,What are your plans for Treat Yo Self 2012?,"Eva Glettner, Contributor
Writer",2012-07-26
https://www.huffingtonpost.com/entry/moonbows-photos_us_5b9d8ba5e4b03a1dcc895b90,Moonbows Are Awesome And Here Are The Best Places To See Them,TRAVEL,"We love rainbows. We even all know that we love facts about rainbows. But what about moonbows, which are created by moonlight",,2013-09-28
https://www.huffingtonpost.com/entry/drunk-driving-down-us_n_6634240.html,HIGH & BEHIND THE WHEEL? Drug Use Up Among Drivers,CRIME,,,2015-02-07
https://www.huffingtonpost.com/entry/how-to-find-great-ideas_n_5591342.html,The Perspective-Shifting Habit Of These Extremely Creative People,HEALTHY LIVING,,Alena Hall,2014-07-17
https://www.huffingtonpost.com/entry/donald-trump-opposed-iraq-war-evidence_us_56c08fbae4b0c3c55051bc87,"Donald Trump Keeps Saying He Opposed The Iraq War, But No One Can Find Any Evidence",MEDIA,The Republican candidate has yet to produce the articles he claims exist.,Michael Calderone,2016-02-14
https://www.huffingtonpost.com/entry/mourners-honored-the-orlando-victims-at-stonewall-inn-vigil_us_576164d4e4b0df4d586eb075,New Yorkers Honored The Orlando Victims At Stonewall Inn Vigil,QUEER VOICES,"It was a moving tribute filled with tears, but also love.",Savannah OLeary,2016-06-15
https://www.huffingtonpost.com/entry/accepting-your-child_us_5b9da807e4b03a1dcc8aec00,The Big Misconception About Accepting Your Child,PARENTING,A teenager announces plans to pursue a certain career. His parents think it's not the right fit. Should they try to change,,2013-11-12
https://www.huffingtonpost.com/entry/thad-cochran-chris-mcdaniel_n_5206821.html,GOP Senator Attacks Tea Party Rival As 'Wrong On Meth',POLITICS,,Michael McAuliff,2014-04-24
https://www.huffingtonpost.com/entry/kim-kardashian-daily-mail-tweets_us_56ba675ce4b0b40245c483bf,Kim Kardashian Slams Daily Mail For Claiming She's In 'Self-Imposed Diet Exile',ENTERTAINMENT,"Tell 'em, Kim!",Julia Brucculieri,2016-02-09
https://www.huffingtonpost.com/entry/a-sides-with-jon-chattman_b_6923588.html,A-Sides With Jon Chattman: Brian Wilson and the Summer of 2015,ENTERTAINMENT,The album and the tour combined with an upcoming bio-flick entitled Love & Mercy based on Wilson's life is truly making 2015 the Summer of Wilson. The film spans the icon's life and he's portrayed by two gifted stars portray him: Paul Dano and John Cusack.,"Jon Chattman, ContributorWriter/author, thisisasides.com founder/host, consultant, endl...",2015-03-24
https://www.huffingtonpost.com/entry/book-haus-home-of-the-bes_us_5b9dc0c3e4b03a1dcc8c739b,Book Haus: Home of the Best Team of Guidebook Editors & Designers in the Business,TRAVEL,"I enjoy lining up on my windowsill the books we birth and nurture. And beyond that lineup, immediately across the street","Rick Steves, Contributor
Contributor",2014-01-02
https://www.huffingtonpost.com/entry/the-virus-in-our-food-sup_us_5b9cfe71e4b03a1dcc839a3d,The Virus in Our Food Supply,WELLNESS,"by guest blogger Alberto Gonzalez, founder and CEO of GustOrganics Alberto Gonzalez is the founder and CEO of GustOrganics","Maria Rodale, Contributor
CEO and Chairman of Rodale, Inc. and book author",2013-04-02
https://www.huffingtonpost.com/entry/belgian-police-machete-charleroi_us_57a63650e4b03ba680128cec,Man Yelling 'Allahu Akbar!' Attacks Two Belgian Police Officers With A Machete,THE WORLDPOST,The attacker died after being shot.,,2016-08-06
https://www.huffingtonpost.com/entry/russias-cyber-war-against-america-will-any-president_us_5952c35ce4b0f078efd9859e,Russia's Cyber War Against America: Will Any President Fight Back?,POLITICS,"I recently responded to this question on Quora: If Russia did influence U.S. elections, would that be considered an act of","Jim Moore, ContributorJournalist, audiobook narrator, editor and photojournalist",2017-06-27
https://www.huffingtonpost.com/entry/wednesdays-morning-email-trump-plays-to-his-base-in-divisive-arizona-rally_us_599d5f12e4b0d97c40003f1d,Wednesday's Morning Email: Trump Plays To His Base In Divisive Arizona Rally,POLITICS,And suggests he'll pardon Joe Arpaio.,Lauren Weber,2017-08-23
https://www.huffingtonpost.com/entry/broncos-patriots-afc-championship-game_us_56a55bcee4b076aadcc7027f,Peyton Manning And The Denver Broncos Are Going To The Super Bowl,SPORTS,"The Broncos beat Tom Brady's New England Patriots, 20-18, on Sunday.",Juliet Spies-Gans,2016-01-24
https://www.huffingtonpost.com/entry/staying-alive-staying-human_us_589b4c68e4b09bd304bf2cc0,"Staying Alive, Staying Human",POLITICS,"Ben Stern, now 95 years old, was still a teenager when the Nazis invaded Mogielnice, the small town outside Warsaw where","Ira Glasser, ContributorExecutive Director, ACLU (1978-2001, Retired) and President of...",2017-02-08
https://www.huffingtonpost.com/entry/blackish-abc-nfl-anthem-protest_us_5aa6a2fde4b03c9edfae4a2d,Here's Why ABC Shelved 'Black-ish' Episode On NFL Anthem Protests,BLACK VOICES,Differences between ABC and showrunner Kenya Barris led to the cancellation.,Ron Dicker,2018-03-12
https://www.huffingtonpost.com/entry/comedians-live-tweet-the-oscars_us_5bacfc48e4b04234e8553f93,Comedians Live Tweet The Oscars,COMEDY,"Oscar night means just one thing for us: watching our Twitter feed obsessively for the funniest, snarkiest, most sarcastic",,2012-02-26
https://www.huffingtonpost.com/entry/life-changes_us_5b9c7361e4b03a1dcc7ebed7,Settling vs. Settling Down,WELLNESS,"If you are anchored to yourself, your priorities and the people you love, no matter where life takes you, you are home, and that is an idea I feel very settling.","Amanda J Slavin, Contributor
CEO and Founder of CatalystCreativ, Curator at Life is Beautif...",2012-10-25
https://www.huffingtonpost.com/entry/wedding-hair_us_5b9d2002e4b03a1dcc84ac89,"Wedding Hair: The Big Day Is A Woman's Biggest 'Hair Moment,' Joico Survey Finds",WEDDINGS,"In a survey conducted by Wakefield Research on behalf of national hair brand Joico, 73 percent of American women agreed that",,2013-05-02
https://www.huffingtonpost.com/entry/doj-immigration-case-dapa_us_57a9dcbee4b0aae2a5a13aeb,DOJ Tries To Make Nice With Judge Overseeing Major Immigration Case,POLITICS,The department apologized after the judge accused its lawyers of being unethical.,Cristian Farias,2016-08-09
https://www.huffingtonpost.com/entry/jennifer-lawrence-bafta_us_5bb44c65e4b066f8d257dc0f,"Jennifer Lawrence After Thinking Her BAFTA Win Was A Prank: 'Oh, Go F--k Yourself'",ENTERTAINMENT,"“Oh, it was a big surprise,” she told Deadline this week from the ""X-Men"" set. “I didn’t remember that the BAFTAs were happening",,2014-02-22
https://www.huffingtonpost.com/entry/food-workers-sick_us_56265730e4b0bce347023966,Half Of Food Industry Employees Work When They're Sick,HEALTHY LIVING,Can we get a side of Purell and some paid sick leave? 😷,Suzy Strutner,2015-10-20
https://www.huffingtonpost.com/entry/episode-105-shirtless-curtain-pullers_us_5bafab51e4b0ad76925fc2d9,Episode 105: Shirtless Curtain Pullers (AUDIO),QUEER VOICES,,"The Six Pack, Contributor
Radio show hosted by DJ Ben Harvey and comedian Dave Rubin",2012-10-06
https://www.huffingtonpost.com/entry/more-jewish-cemetery-tombstones-knocked-over-in-philly_us_591b61dae4b0ed14cdda4902,More Jewish Cemetery Tombstones Knocked Over In Philly,POLITICS,The vandalism brought to mind similar incidents this year in which hundreds of tombstones were toppled at Jewish cemeteries.,Andy Campbell,2017-05-16
https://www.huffingtonpost.com/entry/vatican-finance-george-pell_n_6775156.html,Vatican's Finance Czar Defends Spending By His Office,RELIGION,,,2015-02-28
https://www.huffingtonpost.com/entry/kardashian-parenting-photo-kendall_us_566dbe30e4b0e292150e3f85,Here's The One Photo That Encapsulates Kardashian Parenting,ENTERTAINMENT,They grow up so fast!,Cole Delbyck,2015-12-13
https://www.huffingtonpost.com/entry/3-steps-to-peaceful-sleep_us_5b9d3ee2e4b03a1dcc85e504,Sleep During Divorce in 3 Peaceful Steps,DIVORCE,"Sleep is one of our most precious resources, yet a good night's sleep can be hard to come by during divorce.","Andra Brosh and Allison Pescosolido, Contributor
Contributor",2013-06-27
https://www.huffingtonpost.com/entry/my-spiritual-greek-easter_b_5165684.html,My Spiritual Greek Easter!,RELIGION,"Throughout Holy Week, Orthodoxy is in grieving for Christ's ascent to Calvary and his crucifixion but on the day of the Resurrection there is the cleansing from sin and the restart of the human race.","Justine Frangouli-Argyris, ContributorJournalist and writer",2014-04-18
https://www.huffingtonpost.com/entry/vmas-2012-red-carpet-fashion-photos-mtv_us_5b9c39f4e4b03a1dcc7d3aca,VMA 2012 Photos: See All The Red Carpet Fashion!,STYLE & BEAUTY,"Want more? Be sure to check out HuffPost Style on Twitter, Facebook, Tumblr and Pinterest. Because tonight are the 2012 MTV",,2012-09-06
https://www.huffingtonpost.com/entry/donald-trump-working-class-voters_us_56aa44d0e4b0d82286d51ffa,"Donald Trump Is Killing It With White, Working-Class Voters In The Rust Belt",POLITICS,Even among some Democrats.,Dave Jamieson,2016-01-28
https://www.huffingtonpost.com/entry/huffpost-weird-news-podcast-turkey_n_6255432.html,Meet The Man Who Killed Your Turkey,WEIRD NEWS,,Andy Campbell,2014-12-02
https://www.huffingtonpost.com/entry/medical-malpractice-costs_us_5b9da066e4b03a1dcc8a6e57,It Ain't the Lawyers: Medical Malpractice Costs Have Been Dropping,WELLNESS,"Am I unique among doctors in how little I pay for medical malpractice? Not really, but before we discuss what other doctors pay, I'd like to discuss national trends for medical malpractice. Believe it or not, the cost of medical malpractice has been dropping, nationally, for about a decade.","David Belk MD, Contributor
Board Certified in Internal Medicine",2013-11-01
https://www.huffingtonpost.com/entry/three-people-who-live-in-my-head-and-their-words-of-wisdom_b_7285030.html,Three People Who Live In My Head and the Words of Wisdom They Speak,HEALTHY LIVING,"Of course I falter more than I succeed, but I do think over the year, these words of wisdom have helped me to develop a better mental filter, to increase my use of the [BACKSPACE] key and to commit to a life of graciousness.","Bruce Reyes-Chow, ContributorParent, Pastor and Writer",2015-05-15
https://www.huffingtonpost.comhttp://www.dailycandy.com/everywhere/flipbook/109554/Get-Kids-to-Take-a-Nap-Pajamas-Night-Lights-Bedding-for-Kids#slide=1?refcd=huffpo,Lights Out. We Mean It.,PARENTING,"Lantern Night-Light Back in the olden days before lightbulbs and electrical sockets, people used lanterns to keep things",,2012-07-27
https://www.huffingtonpost.com/entry/grief_us_5b9c2a73e4b03a1dcc7cc516,Dealing With Grief: Ask Noah,WELLNESS,"I believe strongly in the five stages of grief model, developed by the Swiss-American psychiatrist Elisabeth Kübler-Ross. It has proven to be applicable for many aspects of grief, including those involving the loss of a loved one.","Noah Kass, Contributor
Psychotherapist",2012-08-24
https://www.huffingtonpost.com/entry/steph-curry-olympics-withdrawal_us_5755c655e4b0ee0c56ea30c2,"Steph Curry Bows Out Of Summer Olympics, Citing Injuries -- Not Zika",SPORTS,"He needs to focus, he says, on getting ready for the next NBA season.",Juliet Spies-Gans,2016-06-06
https://www.huffingtonpost.com/entry/google-facebook-microsoft-rally-behind-apple_us_56d99d07e4b0000de4043436,Apple's Case Just Got Boosted By Some Very Powerful Allies,TECH,Tech companies are taking action against anti-encryption efforts.,"Jim Finkle and Dustin Volz, Reuters",2016-03-04
https://www.huffingtonpost.com/entry/mitt-romney-2016-election_us_56df2e1ce4b0ffe6f8eb27f8,"Sorry, Mitt Romney, But Republicans Don't Care What You Think About 2016",POLITICS,A new poll finds the 2012 nominee relatively unpopular with his own party.,Ariel Edwards-Levy,2016-03-08
https://www.huffingtonpost.com/entry/maui-cliff-divers_us_55be70e2e4b06363d5a285ee,These Daring Cliff Divers Take Adventure Travel To New Heights,TRAVEL,Do not try this at home. Obviously.,Carla Herreria,2015-08-04
https://www.huffingtonpost.com/entry/catholic-diocese-pennsylvania-abusers-list_us_5ac7eee1e4b09d0a1193cecc,"Pennsylvania Diocese Releases Names Of 51 Clergy, Laypeople Accused Of Misconduct",RELIGION,Bishop Lawrence T. Persico said he hopes it helps survivors heal old wounds.,Carol Kuruvilla,2018-04-07
https://www.huffingtonpost.com/entry/expert-advice-for-taking_us_5b9b7219e4b03a1dcc779882,Expert Advice for Taking the Red Plunge,STYLE & BEAUTY,"Because red hair is a top trend, many women ask questions on going red. I'm bringing you the top questions and answers on how to rock your red hair.","Adrienne Vendetti, Contributor
Co-Founder of How to be a Redhead",2012-03-15
https://www.huffingtonpost.com/entry/paul-lepage-unhinged-washington-post_us_57eb61d3e4b0c2407cda7a6b,Washington Post: Maine Gov. Paul LePage Is 'Completely Unhinged' And Should Quit,POLITICS,"Newspaper also says he should ""seek help.""",Ed Mazza,2016-09-28
https://www.huffingtonpost.com/entry/remembering-prince_b_9761364.html,Remembering Prince,BLACK VOICES,"Although the shock and disbelief was instant, the lingering effect resembles that of an actual family member. I was a fan of his music and admired his talents, but I can't help think of the meaningful times that our career paths crossed and complimented each other dating all the way back to 1978.","Michael Mauldin, ContributorCEO of Scream Nation and President of Mauldin Brand Inc.",2016-04-23
https://www.huffingtonpost.com/entry/a-dc-tour-mustsee-the-geo_us_5b9d4ca2e4b03a1dcc8666c6,A DC Tour Must-See: The George Washington Masonic Memorial,TRAVEL,A visit to the George Washington Masonic Memorial is an unexpected glimpse into both the private life and the deep spiritual leanings of the father of our country.,"Halle Eavelyn, Contributor
Transformational Coach, Author, Speaker, Tour Leader",2013-06-26
https://www.huffingtonpost.com/entry/steven-mnuchin-trump-tax-plan_us_5900a01ee4b0026db1dcf0be,"Trump Treasury Chief: Our Tax Cuts Will Pay For Themselves, Once We Figure Out What They Are",POLITICS,🤔,Zach Carter,2017-04-26
https://www.huffingtonpost.com/entry/4-steps-to-help-your-teen_us_5b9c74dce4b03a1dcc7ed111,4 Steps To Help Your Teen Survive Your Divorce,DIVORCE,"Many divorcing parents put all their attention on helping their younger children cope while assuming that their teenager will understand and adapt. Unfortunately, in many cases teens deal with divorce in more self-destructive and dangerous ways than younger children.","Rosalind Sedacca, Contributor
Divorce & Parenting Coach, Founder of the Child-Centered Divor...",2012-10-29
https://www.huffingtonpost.com/entry/where-in-the-world-is-the-best-place-to-be-in-may_b_7119942.html,Where in the World Is the Best Place to Be in May?,TRAVEL,"This month, we invite you to sing for spring at one of the world's most famous university cities, and mingle with the stars on the French Riviera.","Lonely Planet, ContributorThe world's leading travel content provider, empowering people...",2015-04-23
https://www.huffingtonpost.com/entry/why-is-bacon-called-bacon_us_5b9df6e4e4b03a1dcc8fa406,Why Is Bacon Called Bacon? and Other Favorite Food Name Origins,FOOD & DRINK,"From bacon to bread, the name of every single food in existence also got its start somewhere. We rounded up 10 of the most essential foods around, did some digging and tracked down where their names came from.","The Daily Meal, Contributor
All things food and drink",2014-04-06
https://www.huffingtonpost.com/entry/frac-daddy-kentucky-derby_us_5bb138fae4b09bbe9a5cab59,"Frac Daddy, Horse Owned By Montana Oilmen, To Run In Kentucky Derby",ENVIRONMENT,The natural gas industry will be given some prime advertising at Saturday's Kentucky Derby in the form of a race horse named,,2013-05-04
https://www.huffingtonpost.com/entry/theater-glorious-as-you-l_us_5bb3f7b4e4b066f8d25272af,"Theater: Glorious ""As You Like It;"" ""Harvey"" Not Invisible Enough",ENTERTAINMENT,"This show is every bit as worthy of transferring to Broadway as Merchant, though the lack of marquee star power makes that","Michael Giltz, Contributor
BookFilter creator",2012-06-23
https://www.huffingtonpost.com/entry/stephen-colbert-trump-abstinence-only-education_us_5adaef63e4b009869bf99128,Stephen Colbert Pokes Holes In Trump's Abstinence-Only Sex Education Agenda,COMEDY,"“How do you spend that much money on not giving away condoms?""",Lee Moran,2018-04-21
https://www.huffingtonpost.comhttp://247wallst.com/special-report/2014/02/14/cities-paying-the-most-and-least-in-taxes/4/,The Cities Paying The Least In Taxes: 24/7 Wall St.,BUSINESS,"Although a little late this year, due largely to the federal government’s 17-day shutdown in 2013, tax season is here. Read",,2014-02-17
https://www.huffingtonpost.com/entry/game-of-thrones-premiere-photos-reveal-one-surprising-return_us_5967880fe4b0a8d46d12ae55,'Game Of Thrones' Premiere Photos Reveal One Surprising Return,ENTERTAINMENT,How a boat that.,Bill Bradley,2017-07-13
https://www.huffingtonpost.com/entry/5-best-active-travel-dest_us_5b9d5386e4b03a1dcc86abae,5 Summer Travel Destinations with Kids,TRAVEL,"When I plan travel with my three children, I look for destinations that will keep them active and satisfied. Here, I've gathered five of my favorite summer getaways that offer the best in healthy traveling. My kids and I absolutely love them!","Alison Lewis, Contributor
Founder and Editor-in-Chief, Healthy Travel",2013-07-09
https://www.huffingtonpost.com/entry/vivienne-westwood-fashion_us_5b9d01d5e4b03a1dcc83ba26,Vivienne Westwood Was Pushing Fashion Boundaries Since Day One (PHOTO),STYLE & BEAUTY,"Take a look back at some of our other favorite vintage snaps: In celebration of Westwood's 72nd birthday (on April 8), we",Michelle Persad,2013-04-08
https://www.huffingtonpost.com/entry/healthiest-cocktails-drinks-booze-happy-hour_us_56ddb1c7e4b0ffe6f8ea041c,These Are The Healthiest Drinks To Order At Happy Hour,HEALTHY LIVING,What to *clink* without undoing all of your hard work.,Kate Bratskeir,2016-03-07
https://www.huffingtonpost.com/entry/natalie-portman-as-jackie_us_5bb402ede4b066f8d2534c66,Natalie Portman As Jackie Kennedy: 'Black Swan' Actress In Talks To Play First Lady,ENTERTAINMENT,"What do Katie Holmes, Blair Brown, Jeanne Tripplehorn, Jaclyn Smith, Jacqueline Bisset, Jill Hennessy and Sarah Michelle",Erin Clements,2012-09-30
https://www.huffpost.com/entry/south-florida-sun-sentinel-ron-desantis-trump_n_609508d1e4b0aead1b821a8a,Florida Newspaper Rips GOP Gov. Ron DeSantis For Acting Like ‘Tyrannical' Trump,POLITICS,"And ""like Trump, DeSantis keeps revealing his thin skin,"" wrote the editorial board of the South Florida Sun-Sentinel.",Lee Moran,2021-05-07
https://www.huffingtonpost.com/entry/ronny-chieng-daily-show_us_5953b701e4b0da2c732018ca,Ronny Chieng Nails Why Media Diversity Matters Not Just 'For Diversity's Sake',ENTERTAINMENT,"""... We all have shared common human experiences.”",Kimberly Yam,2017-06-28
https://www.huffingtonpost.com/entry/the-touching-reason-this-mom-cherishes-breastfeeding-her-daughter_us_57717aefe4b0f168323a72ab,The Touching Reason This Mom Cherishes Breastfeeding Her Daughter,PARENTS,"She said it has become ""one of the most important parts"" of her day.",Taylor Pittman,2016-07-05
https://www.huffingtonpost.com/entry/resume-help-angel_us_559c1a50e4b04a9c98e84418,Your Résumé Will Probably Need The Help Of This Résumé Angel,COMEDY,Booty69@gmail.com? Maybe not the best contact info.,Andy McDonald,2015-07-07
https://www.huffingtonpost.comhttp://www.xojane.com/family/we-finally-had-the-sex-talk-with-my-eight-year-old,We Finally Had The Sex Talk With My Eight-Year-Old And This Is How It Went Down,PARENTING,"Oliver asks a lot of questions. By questions, I mean sex questions. The frequency of the questions had increased recently",,2013-07-11
https://www.huffingtonpost.com/entry/helicopter-ambulance-save-lives_us_5b9b9647e4b03a1dcc78d8d8,"Helicopters Save More Lives Than Ambulances After Serious Trauma, Study Finds",WELLNESS,"Traumatic injury is the leading cause of death in the U.S. for people under the age of 45, killing 169,000 individuals annually",Amanda L. Chan,2012-04-18
https://www.huffingtonpost.com/entry/near-death-experience_us_5b9d82cee4b03a1dcc88ef3c,Knocking on Heaven's Door: My Near-Death Experience,WELLNESS,"If Vicki hadn't insisted on rushing me to the hospital, there is a good chance I would have died.","Stanton Peele, Contributor
Addiction expert",2013-09-16
https://www.huffingtonpost.com/entry/in-defense-of-light-and-magic_b_5378828.html,In Defense of Light and Magic,COLLEGE,"Originally, one attended a ""university"" to study the universe and to seek one's niche in it. The best universities are still such places, where the connections that bind us to one another and to the cosmos are unveiled. Being an educator -- helping students celebrate the mystery and explore the connections -- is, on good days, magical indeed.","Dave Pruett, ContributorFormer NASA researcher; Emeritus Professor of Mathematics, Jam...",2014-05-24
https://www.huffingtonpost.com/entry/laura-linney-gives-birth_us_5b9dcca6e4b03a1dcc8d096c,"Laura Linney Gives Birth to a Baby Boy at Age 49 and the Question Remains, Should You Ever Give Up Your Dream to Conceive?",PARENTING,"With my son, it was a completely different experience. At the time, like many other women, I just assumed that as an early thirties mom, as soon as my husband and I started ""trying"" to get pregnant, we'd be blessed with another little fetus.","Melissa Chapman, Contributor
Surviving marriage 💍marriedmysugardaddy.com & motherhood 👦🏼👧🏼 ...",2014-01-21
https://www.huffingtonpost.com/entry/regina-king-taraji-p-henson-women-in-hollywood_us_5640d470e4b0411d3071c765,Why Regina King Calls Sisterhood Among Women In Hollywood 'Priceless',BLACK VOICES,She talked about that adorable Emmy moment with Taraiji P. Henson.,Rahel Gebreyes,2015-11-09
https://www.huffingtonpost.com/entry/love-marriage-and-separat_us_5b9d7132e4b03a1dcc880fa0,"Love, Marriage and Grey Divorce Italian Style",DIVORCE,Ulysses is a contradiction.  He's traditional enough to believe minors should reside primarily with their mothers and bohemian enough to want an open relationship.,"Tara M. Fass, Contributor
Licensed Psychotherapist in Los Angeles",2013-08-19
https://www.huffingtonpost.com/entry/charlies-kids_n_6457626.html,These Parents Are Teaching Others How To Prevent What Tragically Killed Their Baby,PARENTS,,Catherine Pearson,2015-01-26
https://www.huffingtonpost.com/entry/age-is-so-much-more-than_us_5b9dee4ce4b03a1dcc8efa2d,Age Is So Much More than Just a Number!,WELLNESS,"With age come wisdom, courage, humility, compassion, patience and heart-healing laughter. We have earned every line on our faces because they reflect the passions of willing hearts and souls that have done some real living and are so much the richer for it.","Robin Korth, Contributor
International author and speaker",2014-03-17
https://www.huffingtonpost.com/entry/radiohead-world-tour-2016_us_56e6d608e4b0860f99d98f36,Radiohead Announces Major 2016 World Tour,ENTERTAINMENT,"Time to break out your ""Lotus Flower"" dance moves again.",Julia Brucculieri,2016-03-14
https://www.huffingtonpost.com/entry/life-after-divorce-how-to_us_5b9c1184e4b03a1dcc7c1df4,Life After Divorce: How To Meet Single Men,DIVORCE,"After divorce and being out of the dating scene for a while, it may be hard to remember where to meet single men.","Janis Spindel, Contributor
CEO, Janis Spindel Serious Matchmaking, Inc.",2012-07-31
https://www.huffingtonpost.com/entry/republicans-supreme-court-nominee_us_57168733e4b0060ccda49f56,So Much For 'Letting The People Decide' The Supreme Court Nominee,POLITICS,A new poll shows a majority of Americans want a vote this year on Merrick Garland. The GOP still says no.,Jennifer Bendery,2016-04-19
https://www.huffingtonpost.com/entry/the-womens-march-was-not-a-tantrum_us_588427cee4b08f5134b6218a,The Women's March Was Not A Tantrum,WOMEN,"Today was not a tantrum. Today women, men, and children gathered in cities around the world by the hundreds of thousands","Michelle Morse-Wendt, ContributorTeacher, Wife, Mother, Learner, Listener, Blogger",2017-01-22
https://www.huffingtonpost.com/entry/prosecutor-gun-spiders_us_5631b5a4e4b063179910fabf,Assistant Prosecutor Suspended For Pulling Gun On Fake Spiders,WEIRD NEWS,Chris White reportedly has arachnophobia.,Ed Mazza,2015-10-29
https://www.huffingtonpost.com/entry/elizabeth-warren-scott-pruitt_us_58a6881ae4b07602ad53435c,Sen. Elizabeth Warren Slams Pruitt: 'Big Polluters Have Their Fantasy EPA Nominee',POLITICS,"""Scott Pruitt sides with the corporate polluters. He has no business as head of the EPA.”",Nick Visser,2017-02-17
https://www.huffingtonpost.com/entry/north-west-penelope-disick-photos_us_55aa7437e4b065dfe89e85b3,North West And Penelope Disick Are The Cutest Toddler Duo Around,ENTERTAINMENT,"Literally imagine their play dates.   Children, you know? She finished the Instagram story with a picture of herself with",Lily Karlin,2015-07-18
https://www.huffingtonpost.com/entry/learning-to-live-in-the-m_us_5b9df180e4b03a1dcc8f3a20,Learning to Live in the Midst of Our Lives,WELLNESS,"Although we cannot shed life of its pressures, we can learn to ride the waves of the stress that comes and goes by first understanding the rationale behind our emotions, and then using simple practices to help center our body and mind.","Claire Diaz-Ortiz, Contributor
Social Innovation at Twitter, Author, Speaker.",2014-03-25
https://www.huffingtonpost.com/entry/tennessee-rainbow-noose-project_us_5717b883e4b024dae4f0b96e,Tennessee Student's Rainbow Noose Art Project Sparks Outrage,QUEER VOICES,The student said she did not intend to offend the LGBT community with the project.,"Brendan O'Brien, Reuters",2016-04-20
https://www.huffingtonpost.com/entry/homemade-pasta-recipes-fresh_us_5b9d812be4b03a1dcc88dd40,"Homemade Pasta Recipes, Because It's So Much Better Fresh",FOOD & DRINK,It's so much better when made fresh.,Julie R. Thomson,2013-09-12
https://www.huffingtonpost.com/entry/obama-jobs-legacy_us_586fee63e4b02b5f8588bb14,How Obama Used The Bully Pulpit To Help Workers,POLITICS,"With a lot less ""bully"" than Donald Trump.",Arthur Delaney,2017-01-10
https://www.huffingtonpost.com/entry/measuring-flour_us_5b9d6cdce4b03a1dcc87db80,How Do You Measure Up in the Kitchen?,FOOD & DRINK,There are a million ways to scoop a cup of flour. How do you do it?,"Jeffrey de Picciotto, Contributor
Creator, FudeHouse.com",2013-08-20
https://www.huffingtonpost.com/entry/pamplona-bulls-americans-gored_us_577f6ad9e4b01edea78d5efe,5 Americans Hospitalized On Day 2 Of Pamplona's Running Of The Bulls,THE WORLDPOST,At least 16 people were injured during Friday's run.,Lee Moran,2016-07-08
https://www.huffingtonpost.com/entry/the-true-value-of-sea-turtles_b_7122652.html,The True Value of Sea Turtles,GREEN,"Some people live wonder-free lives. For those who work with sea turtles, awe can be a daily experience. When we share our work, we make the world better. More sea turtle lovers equal more ocean advocates -- a virtuous, positive feedback loop.","Wallace J Nichols, ContributorMarine biologist, author, dad",2015-04-29
https://www.huffingtonpost.com/entry/daca-and-the-debt-ceiling_us_59b1b01ae4b0dfaafcf6a029,DACA And The Debt Ceiling,POLITICS,This week on So That Happened: President Trump struck a surprising deal with congressional Democrats to fund the government,Zach Young and Arthur Delaney,2017-09-07
https://www.huffingtonpost.com/entry/donald-trump-china-trade-policy_us_58f01dace4b0b9e9848ad61b,Critics Fear Donald Trump Is Backing Off China Trade Crackdown,POLITICS,"Even if China is no longer manipulating its currency, reforms are still needed, they say.",Daniel Marans,2017-04-14
https://www.huffingtonpost.com/entry/why-growing-up-means-failing-learning-and-moving-on_b_7232652.html,"Why Growing Up Means Failing, Learning, and Moving On",WOMEN,"Part of growing up is learning that maybe all your dreams won't come true, no matter how hard you work or how much you want them. And an even bigger part of growing up is learning to accept this, move past it -- and, ultimately, find something new to immerse yourself in.","Unwritten, ContributorOnline fashion and lifestyle destination",2015-05-26
https://www.huffingtonpost.com/entry/browns-canyon-is-a-sanctu_b_6368216.html,Browns Canyon Is a Sanctuary for Our Veterans,GREEN,I can't think of a better place to recover than on a stretch of the Arkansas River renowned for its prized trout fishing and incredible whitewater rafting.,"Garett Reppenhagen, ContributorRocky Mountain Director of the Vet Voice Foundation",2014-12-26
https://www.huffingtonpost.com/entry/dolce-gabbana-sues-dolce-banana_us_5b9b8098e4b03a1dcc781dad,Dolce & Gabbana Sues Over 'Dolce And Banana' Boutique,STYLE & BEAUTY,"This isn't Dolce & Gabbana's first trademark stand-off, but in the past the brand has been on the receiving end. Levi's sued",Ellie Krupnick,2012-03-27
https://www.huffingtonpost.com/entry/can-new-tool-make-cervical-biopsy-more-efficient-less-painful_us_598cc404e4b08a247273443b,"Can New Tool Make Cervical Biopsy More Efficient, Less Painful?",HEALTHY LIVING,Researchers experiment testing with a rotating fabric brush instead of a sharp object.,"Lisa Rapaport, Reuters",2017-08-10
https://www.huffingtonpost.com/entry/air-pollution-magnetic-particles_us_57cf2225e4b0a48094a6294e,Air Pollution Leaves Significant Traces Of Magnetic Metals In Your Brain,SCIENCE,The nanoparticles formed during combustion possibly contribute to Alzheimer's disease.,Bahar Gholipour,2016-09-06
https://www.huffpost.com/entry/more-than-15-million-have-had-covid-vaccine-in-extraordinary-effort-by-nhs_n_602a90d6c5b680717ee97ea7,More Than 15 Million Have Had Covid Vaccine In 'Extraordinary' Effort By NHS,WORLD NEWS,"Boris Johnson praises ""army of vaccinators who have jabbed like there is no tomorrow.""",Rachel Wearmouth,2021-02-15
https://www.huffingtonpost.com/entry/huffington-post-in-the-wa_b_6037798.html,"In the War Between the CIA and Senate Democrats, Everybody Won Except the Public",POLITICS,"This entire investigation into the CIA's role in illegal tortures has died, allegedly because the Senate's Sergeant-at-Arms doesn't trust the CIA, the CIA's Inspector General finds the CIA's accusations against the Democratic-led Committee to be based on ""inaccurate information,"" and the U.S. Attorney General asserts that the CIA's case against that Committee isn't worth pursuing.","Eric Zuesse, ContributorInvestigative historian",2014-10-23
https://www.huffpost.com/entry/trevor-noah-trump-george-washington_n_5bac3100e4b091df72ed4372,Trevor Noah Hints That Trump May Have A Problem With George Washington,COMEDY,"Trump ""has this insane and innate talent for destroying people's lives when he vouches for them.""",Carla Baranauckas,2018-09-27
https://www.huffingtonpost.com/entry/gay-parents-claim-the-right-to-be-imperfect_us_5b9d5897e4b03a1dcc86e9b6,"Gay Parents, Claim the Right to Be Imperfect",PARENTING,There are so many people and organizations in the world who regularly proclaim LGBT families to be less than. The natural reaction to that hatred is our own proclamations that we are PERFECT! Our kids are PERFECT! Our family's PERFECTION puts your straight mediocrity to shame!,"Dawn Dais, Contributor
Author, 'The Sh!t No One Tells You: A Guide to Surviving Your ...",2013-07-18
https://www.huffingtonpost.com/entry/anderson-cooper-letterman-cbs-mom-hook-up-celebrities_n_5958416.html,Anderson Cooper Jokes That His Mom 'Hooked Up With' Her Fair Share Of Hollywood Men,MEDIA,,Catherine Taibi,2014-10-09
https://www.huffingtonpost.com/entry/tweeting-hatred-the-hounding-of-afghan-refugees-in-pakistan_us_5968f9cde4b0d6341fe88e32,Tweeting Hatred: The Hounding Of Afghan Refugees In Pakistan,WORLD NEWS,"ISLAMABAD, PAKISTAN – It was a day after deadly clashes between Pakistani and Afghan forces at the Torkham border crossing","Umer Ali, Refugees Deeply",2017-07-14
https://www.huffingtonpost.com/entry/what-i-wish-people-understood-about-fidget-toys-and_us_59e5d5dde4b0a741e4b353ed,What I Wish People Understood About Fidget 'Toys' And Disabilities,HEALTHY LIVING,"While they might be fun for some, they actually serve a purpose to many.","The Mighty, ContributorWe face disability, disease and mental illness together.",2017-10-17
https://www.huffingtonpost.com/entry/appeals-court-to-review-trumps-revised-muslim-ban_us_59199e12e4b0031e737f06a5,Appeals Court To Review Trump's Revised Muslim Ban,POLITICS,The case may well be settled by the Supreme Court.,"Tom James, Reuters",2017-05-15
https://www.huffingtonpost.com/entry/north-korea-suspends-nuclear-missile-test_us_5ada67f0e4b009869bf965e2,North Korea Suspends Nuclear And Missile Tests: State Media,WORLD NEWS,Pyongyang also said it plans to close down a former test site.,Carla Herreria and Eline Gordts,2018-04-20
https://www.huffingtonpost.com/entry/how-one-california-school-district-is-leading-the-way_us_5a2ee705e4b0cf10effbaf84,How One California School District Is Leading The Way On New Science Standards,EDUCATION,"By Carolyn Jones As schools nationwide take on the most comprehensive overhaul of science standards in 20 years, a school","EdSource, ContributorNonprofit news site focused on education policy and its effects",2017-12-11
https://www.huffingtonpost.com/entry/ed-murray-gay-senator-catholic_us_5bafab95e4b0ad76925fc865,"Ed Murray, Gay Washington Senator, Remains Rooted In His Catholic Faith",QUEER VOICES,Murray’s resilient faith and his willingness to speak out on complex issues can be traced to his mother’s love of dialogue,"The National Catholic Reporter, The National Catholic Reporter",2012-10-13
https://www.huffingtonpost.com/entry/blake-lively-preserve-website_n_5621133.html,This Is What The Internet Had To Say About Blake Lively's New Website,STYLE,,Megan Mayer,2014-07-26
https://www.huffingtonpost.com/entry/donut-shop_us_5b9da6dbe4b03a1dcc8ad3f1,Donut Shop's Divorce Advice? 'Don't Get A Divorce; Get A Donut',DIVORCE,"Some of you might recognize the catchphrase and the donut shop itself from an episode of ""Lopez Tonight."" George Lopez is",Brittany Wong,2013-11-08
https://www.huffingtonpost.comhttp://www.couriermail.com.au/ipad/even-dogs-suffer-after-divorce/story-fn6ck620-1226411540076,Even Dogs Suffer After Divorce,DIVORCE,"EVERYONE knows the emotional fallout from a bad divorce: the wounded kids, the bitter ex, the financial costs. But who knew",,2012-06-28
https://www.huffingtonpost.com/entry/pharrell-williams-style_us_5b9df693e4b03a1dcc8f9b43,41 Outfits That Prove Pharrell's Style Is Out Of This World,STYLE & BEAUTY,"Of course we can't get enough of his music -- we're playing ""Happy"" on repeat and jamming to some of his throwback collaborations",Chanel Parks,2014-04-05
https://www.huffingtonpost.com/entry/celebs-reveal-trumps-alternative-constitution-in-funny-or-die-bit_us_589310aae4b0bf5206e63e39,Celebs Reveal Trump's 'Alternative Constitution' In Funny Or Die Bit,ENTERTAINMENT,This sure explains a lot.,Ron Dicker,2017-02-02
https://www.huffingtonpost.com/entry/new-scrutiny-of-goldmans-_n_6191710.html,Report: Revolving Door Gave Goldman Access To Fed Secrets,BUSINESS,,,2014-11-20
https://www.huffingtonpost.com/entry/golden-globes-2014-winners_us_5bb44856e4b066f8d25776e9,Golden Globes 2014 Winners Unveiled At 71st Annual Awards Ceremony,ENTERTAINMENT,"Going into the night, ""12 Years A Slave"" and ""American Hustle"" led all films with seven nominations each, including Best",,2014-01-12
https://www.huffingtonpost.com/entry/here-i-am-momentum-is-on_us_5bb1b81de4b01857b70ad639,Here I Am: Momentum Is On Our Side; It Is Time for Donors to Step Up,IMPACT,Feature Video: Be the Generation -- Seize the Momentum on AIDS This great animation by STOP AIDS in the UK shows why momentum,"Lucy Chesire, Contributor
Executive Director and Secretary to the Board, TB ACTION Group",2013-11-28
https://www.huffingtonpost.com/entry/cnn-isis-video-network-wont-show_n_5857402.html,Why CNN Won't Play Latest ISIS Video,MEDIA,,Catherine Taibi,2014-09-21
https://www.huffingtonpost.com/entry/5-places-to-go-sandboarding_us_5b9d2e4ae4b03a1dcc8543da,The Next Big Thing: 5 Places to Go Sandboarding,TRAVEL,Love the thrill of downhill sports? Lose your woolly socks and thermal fleece and get ready for sandboarding -- arguably the coolest new way to have fun on a beach or desert getaway.,"MiniTime, Contributor
MiniTime is the first family travel site with personalized rec...",2013-05-23
https://www.huffingtonpost.com/entry/fatal-shootings-by-onduty_n_7049328.html,Thousands Of Fatal Shootings By Police. Only 54 Officers Charged.,CRIME,,,2015-04-12
https://www.huffingtonpost.com/entry/golden-age-of-mothering_b_6636506.html,I'm In My Golden Age Of Mothering,PARENTS,"Golden ages are characterized by stability, harmony, prosperity. Is it any surprise I don't want this time to end? Who would?! Let's be golden forever!","Sarah Reinhart, ContributorMother of five, writer and photographer",2015-02-11
https://www.huffingtonpost.com/entry/elliot-rodger-and-the-c-word_b_5400621.html,Elliot Rodger And The C-Word,WOMEN,"It was one of those icky moments that, if you are a woman, you have likely experienced. It may have been years ago, but it might as well have been yesterday because you still remember it in vivid detail -- including how vulnerable you felt, how powerless you must have seemed.","Ann Brenoff, ContributorSenior Writer/Columnist, The Huffington Post",2014-05-28
https://www.huffingtonpost.com/entry/amanda-haas-family-meals-cooking-makers_us_5b9cdbd5e4b03a1dcc827c13,MAKER Amanda Haas On Helping Families Cook And Eat Together (VIDEO),PARENTING,More MAKERS Rachel Simmons On Why Young Girls Can Be So Aggressive Sheryl Sandberg On Being Home For Dinner That philosophy,,2013-02-26
https://www.huffingtonpost.com/entry/the-simple-skin-care-routine-that-helped-me-get-rid_us_59f1fc71e4b06acda25f480f,The Simple Skin-Care Routine That Helped Me Get Rid Of My Hormonal Acne,HEALTHY LIVING,"If I've learned anything, it's that less really is more, and that you have to choose your ingredients very carefully.","Refinery29, ContributorThe #1 new-media brand for smart, creative and stylish women e...",2017-10-26
https://www.huffingtonpost.com/entry/caitlyn-jenner-run-california-senate_us_596d0775e4b010d77672fbaa,Caitlyn Jenner Is Talking About Running For Office,QUEER VOICES,The Olympian and reality star says she’s interested in a senatorial run.,Elyse Wanshel,2017-07-17
https://www.huffingtonpost.com/entry/weekly-roundup-of-ebay-vi_us_5b9d8976e4b03a1dcc894156,Weekly Roundup of eBay Vintage Home Finds,HOME & LIVING,"This eclectic mix of designer and non-designer vintage home finds caught my discerning eye because of their uniqueness, contemporary","Mary Kincaid, Contributor
Founder and Editor of Zuburbia.com",2013-09-23
https://www.huffingtonpost.comhttps://www.washingtonpost.com/news/morning-mix/wp/2016/06/15/im-the-shooter-its-me-gunman-called-local-tv-station-during-attack-station-says/,"'I'm The Shooter, It's Me': Gunman Reportedly Called Local TV Station During Orlando Attack",POLITICS,"As the deadliest mass shooting in American history unfolded in Orlando early Sunday morning, Matthew Gentili was staffing",,2016-06-15
https://www.huffingtonpost.com/entry/djesus-uncrossed-on-snl-spoofs-tarantino-in-christ-revenge-fantasty_us_5bad16bee4b04234e856a676,'Djesus Uncrossed' On 'SNL' Spoofs Tarantino In Christ Revenge Fantasy (VIDEO),COMEDY,But the sketch received attention from beyond the right-wing media. The Los Angeles Times questioned whether the sketch was,Ross Luippold,2013-02-17
https://www.huffingtonpost.com/entry/obamacare-open-enrollment-5-things-you-should-know_us_56379e6fe4b0631799131a4b,Obamacare Open Enrollment: 5 Things You Should Know,HEALTHY LIVING,This story was originally published by Berkeley Wellness. The Affordable Care Act has reduced the nation’s uninsured population,"Nancy Metcalf, Berkeley Wellness",2015-11-02
https://www.huffingtonpost.com/entry/moving-trailer-for-mr-rogers-documentary-highlights-the-power-of-kindness_us_5ab16b0ae4b054d118ddcb74,Moving Trailer For Mr. Rogers Documentary Highlights The Power Of Kindness,ENTERTAINMENT,“The greatest thing that we can do is to help someone know that they’re loved and capable of loving.”,Elyse Wanshel,2018-03-20
https://www.huffingtonpost.com/entry/loneliness_us_5b9b9941e4b03a1dcc78ede1,5 Causes of Loneliness,WELLNESS,"Amid the flurry of research on happiness these days, it's easy to lose sight of another side of adulthood: Many of us all suffer from loneliness.","Delia Lloyd, Contributor
American blogger based in London",2012-04-23
https://www.huffingtonpost.com/entry/muscle-shaking-causes_us_5b9c86c4e4b03a1dcc7f74f0,Muscle Shaking: Is Your Workout Better If Your Body Trembles?,WELLNESS,"""If you are not controlling your activation of your muscles with the proper nerve recruitment and there still is a load on",Meredith Melnick,2012-11-19
https://www.huffingtonpost.com/entry/miracle-wardrobe_us_56e6f298e4b065e2e3d6a51a,6 Miracle Workers For Your Wardrobe (And They're Under $20),STYLE,Game. Changers.,Michelle Persad,2016-03-15
https://www.huffingtonpost.com/entry/human-being-vs-human-doing-which-one-are-you_b_5501612.html,Human Being vs. Human Doing: Which One Are You?,HEALTHY LIVING,"In my own practice, it has become clear to me that much of anxiety and depression is a result of loneliness and especially, human touch. The loss of this magnificent part of our being a human being, is that we may never know the inner part of our beautiful essence and authenticity.","Joan E. Childs, ContributorLicensed Clinical Social Worker, Expert in Codependency, Inner...",2014-06-19
https://www.huffingtonpost.com/entry/mcdonalds-mccafe-in-super_b_5690866.html,McDonald's McCafé In Supermarkets In 2015,BUSINESS,,"BurgerBusiness, ContributorBurgerBusiness.com",2014-08-19
https://www.huffingtonpost.com/entry/no-justification-for-perm_b_5577922.html,No Justification for Permanently Banning Sales Taxes on Internet Access Charges,POLITICS,"For the first time since 1998, lawmakers are seriously considering permanently extending the moratorium on new state and local sales taxes on Internet access service and eliminating the ""grandfather clause"" exempting existing taxes -- changes that could cost states $7 billion a year in potential annual revenue.","Michael Mazerov, Contributor",2014-07-11
https://www.huffpost.com/entry/breaking-fast-gay-ramadan-romance-trailer_n_5fda6578c5b6f24ae35cef79,'Breaking Fast' Follows Gay Muslim Man Looking For Love During Ramadan,ENTERTAINMENT,"The romantic comedy stars Haaz Sleiman and Michael Cassidy as a cross-cultural, would-be couple and is due out Jan. 22.",Curtis M. Wong,2020-12-16
https://www.huffingtonpost.com/entry/racism-as-a-treacherous-denial-of-the-existence-of_us_5a591918e4b003efadb6ad63,Racism As A Treacherous Denial Of The Existence Of God,RELIGION,It has been astounding and disturbing to observe the silence of Republican leaders on the dastardly statement the president,"Susan K Smith, ContributorRev. Dr.",2018-01-12
https://www.huffingtonpost.com/entry/6-castles-for-game-of-thr_us_5b9c0c5ce4b03a1dcc7bffbf,6 Castles For Game of Thrones Themed Getaways (PHOTOS),TRAVEL,Gather your loyal family and friends to rent out one of these amazing castles and have it all to yourselves. Live like a Lannister.,"Home Away, Contributor
HomeAway.com",2012-07-29
https://www.huffingtonpost.com/entry/things-only-vegetarians-understa_us_5b9dcae3e4b03a1dcc8cf0d4,10 Things Only Vegetarians Understand,WELLNESS,10. The smell of BBQ can be drool-worthy and disgusting at the same time. --Kerry Cragin While fielding groan-worthy questions,,2014-01-18
https://www.huffingtonpost.com/entry/sexual-assault-victims-punishment_us_55ada33de4b0caf721b3b61c,When Colleges Threaten To Punish Students Who Report Sexual Violence,COLLEGE,"Victims turn to their universities for help, but get warned that they, too, could face disciplinary charges.",Tyler Kingkade,2015-07-22
https://www.huffingtonpost.com/entry/lancet-special-series-on-_b_5523043.html,Lancet Series On Midwifery: Women Should Be In The Heart Of Decision-Making,IMPACT,"I know from my experience as a midwife and an academic that midwifery is the best value option for delivering high-quality maternal and newborn care. By a long way, investing in well-educated midwives can give a 16-fold return on investment.","Petra ten Hoope-Bender and Sheetal Sharma, Contributors",2014-06-23
https://www.huffingtonpost.com/entry/huffpost-hill-people-unsure-which-human-catastrophe-to-be-distracted-by_us_5851c6dbe4b02edd4115c785,HUFFPOST HILL - People Unsure Which Human Catastrophe To Be Distracted By,POLITICS,Like what you read below? Sign up for HUFFPOST HILL and get a cheeky dose of political news every evening!  Republicans have,Eliot Nelson and Jeffrey Young,2016-12-14
https://www.huffingtonpost.com/entry/americas-strangest-museum_us_5b9da8efe4b03a1dcc8af9d4,America's Strangest Museums (PHOTOS),TRAVEL,"Whether devoted to barbed wire or Bigfoot, most of these strange museums spring from the passionate hobbies of individuals like Bannister. And their labors of love are a reminder that what can be considered worthy to collect is as varied as the country itself.","Travel + Leisure, Contributor
TravelandLeisure.com",2013-11-14
https://www.huffingtonpost.com/entry/mueller-aint-going-away_us_5a1c7811e4b05d1c376acec8,Mueller Ain't Going Away,POLITICS,"For the president, the hostile takeover of the MAGA mantra is the stuff of catastrophe.","Bill Blum, ContributorLawyer, retired judge, novelist, columnist @truthdig, and lect...",2017-11-27
https://www.huffingtonpost.com/entry/coral-reefs-future_us_592e66d9e4b0e95ac194f6fa,"Coral Reefs Are Changing So Fast, Scientists Say We Need To Rewrite The Playbook",WORLD NEWS,"""To steer coral reefs through the next century, we will need to be bold.""",Nick Visser,2017-05-31
https://www.huffingtonpost.comhttp://www.houzz.com/ideabooks/14812173/list/Container-Gardening-Basics--The-Dirt-on-Soil,Container Gardening Basics: The Dirt On Soil,HOME & LIVING,It's absolutely essential to have the right one for your plants.,,2013-07-27
https://www.huffingtonpost.com/entry/jeb-comeback-watch-please-clap_us_56b22db6e4b01d80b244b17c,"Jeb! Comeback Watch: Please, Please Clap",POLITICS,Somebody? Please?,Jason Linkins,2016-02-03
https://www.huffingtonpost.com/entry/diabetes-sleep-men-insulin-sensitivity_us_5b9d4562e4b03a1dcc86276a,Sleep And Diabetes: Catching Up On ZZs Over Weekend Could Improve Men's Insulin Sensitivity,WELLNESS,"Having good insulin sensitivity is vital to preventing Type 2 diabetes. When a person has good insulin sensitivity, it means",,2013-06-20
https://www.huffingtonpost.com/entry/carrie-fisher-last-scenes_us_58d45546e4b03692bea40846,Carrie Fisher's Last-Ever 'Star Wars' Scenes Are Staying Just As They Are,ENTERTAINMENT,"The plot of ""The Last Jedi"" won't be modified because of her death, Disney's CEO said.",Mary Papenfuss,2017-03-24
https://www.huffingtonpost.com/entry/star-wars-posters_n_5948808.html,9 Rare 'Star Wars' Posters That Every Fan Will Love,ENTERTAINMENT,,Christopher Rosen,2014-10-11
https://www.huffingtonpost.com/entry/jimmy-fallon-tribute-mother_us_5a0ab8e9e4b0b17ffcdfe3b1,Jimmy Fallon's Tribute To His Late Mother Will Have You Reaching For Tissues,ENTERTAINMENT,"The host returned to ""The Tonight Show"" on Monday night.",Rebecca Shapiro,2017-11-14
https://www.huffingtonpost.com/entry/surfer-style_us_5b9d82c5e4b03a1dcc88ed64,5 Things We Can Learn About Style From Surfer Chicks,STYLE & BEAUTY,"If You Have To Wear Pants, Make Them Fun We salute the shift and offer the below five tips to help further the surfification",,2013-09-13
https://www.huffingtonpost.com/entry/rupauls-drag-race-battle-of-the-seasons_us_57166d24e4b0018f9cbb3fb8,'Drag Race' Battle Of The Seasons Tour Kicks Off In North America,QUEER VOICES,Are you ready to see your favorite RPDR queens in person?,James Michael Nichols,2016-04-19
https://www.huffingtonpost.com/entry/your-online-reputation-doesnt-take-the-holidays-off_us_5b9db0a8e4b03a1dcc8b89e5,Your Online Reputation Doesn't Take the Holidays Off,PARENTING,"Whether it is on Facebook, Twitter or a text on your cell phone, many will see photos and videos flying through cyberspace over the holiday season. Maybe some of these pictures and videos won't be so joyous; this is when digital decisions may have been made in haste.","Sue Scheff, Contributor
Author and Family Internet Safety Expert",2013-12-04
https://www.huffingtonpost.com/entry/seth-rogen-macklemore_b_5368642.html,"Seth Rogen Charges Macklemore with Anti-Semitism, but Fails to See the Issues in His Own Film",BLACK VOICES,"Some may not see the connection between these two situations, but I'd argue that Ike Barinholtz using a slur that offends black folks, and Macklemore donning a getup that offends Jews, are strikingly similar.","Jai Tiggett, ContributorWriter and producer.",2014-05-22
https://www.huffingtonpost.com/entry/baking-tips_us_5b9c5a11e4b03a1dcc7dfa9d,Baking Tips: Miracle Release Pan,FOOD & DRINK,Test out the miracle release pan on these cake recipes. The best solution is to try Veronica's way and make your own. It's,,2012-09-28
https://www.huffingtonpost.com/entry/dnc-chair-says-committee-was-attacked-by-russian-hackers-through-election-day_us_5856acb6e4b08debb78992e4,DNC Chair Says Russian Hackers Attacked The Committee Through Election Day,POLITICS,That goes against Obama's statement that the attacks ended after he spoke to Putin in September.,Dave Jamieson,2016-12-18
https://www.huffingtonpost.com/entry/fighting-for-kids-in-the-gender-revolution_us_5870fc37e4b0a5e600a78b2b,Fighting for Kids in the Gender Revolution,QUEER VOICES,"""I am resolved this year to remain fearless.""","Julie Tarney, ContributorProud mom, advocate, speaker, author, 'My Son Wears Heels'",2017-01-07
https://www.huffingtonpost.com/entry/bernie-sanders-wall-street_us_570e6dece4b03d8b7b9f08e0,Bernie Sanders Has A Very Lonely But Very Committed Following On Wall Street,POLITICS,It's more of a support group than a revolutionary force.,Sam Stein and Paul Blumenthal,2016-04-13
https://www.huffingtonpost.com/entry/waves-of-valor_b_6008200.html,Waves of Valor,IMPACT,"After attending the August 9th surf camp, which for me gave new meaning to the expression ""fun in the sun"" I couldn't wait for the next one; the final surf camp at Chico State Beach in Huntington Beach which was on Sept 27th.","Annie Stein, ContributorAuthor",2014-10-20
https://www.huffpost.com/entry/ken-jennings-parenting-tweets_l_5ebe132fc5b6c9c18741ba92,25 Funny And Relatable Parenting Tweets From Ken Jennings,PARENTING,"The 'Jeopardy!' champion has two children with his wife, Mindy.",Caroline Bologna,2020-05-23
https://www.huffpost.com/entry/trump-presidential-library-location-ideas_n_5fbd3066c5b63d1b7706ecb8,"Historian Asks Where Trump Library Should Be, Twitter Users Have Ideas",POLITICS,"Suggestions include Palm Beach, the Hague, Four Seasons Landscaping and Randy Quaid's beard.",David Moye,2020-11-24
https://www.huffingtonpost.com/entry/islamic-militants-journalists_us_568028f2e4b06fa688805b5c,Islamic Militants Are The World’s Leading Killers Of Journalists,MEDIA,France ranked as the second-deadliest country for the press in 2015.,Michael Calderone,2015-12-29
https://www.huffingtonpost.com/entry/25-images-transgender-people_us_58b07dfce4b060480e079bbc,These Beautiful Photos From Around The World Are Elevating Global Trans Identity,QUEER VOICES,❤️️  ❤️️  ❤️️,James Michael Nichols,2017-02-25
https://www.huffingtonpost.com/entry/ashley-benson-pink-eye-makeup-best-beauty-list_us_55b13968e4b0a9b948540ce2,"Ashley Benson's Pink Eye Makeup, And More Celebrity Beauty Looks We Loved This Week",STYLE,"Whenever ""pink eye"" is the topic of discussion, chances are it has absolutely nothing to do with makeup. But Ashley Benson",Dana Oliver,2015-07-24
https://www.huffingtonpost.com/entry/kim-kardashian_us_56ec4efbe4b084c6722033fa,6 Wardrobe Staples That Have Kim Kardashian Written All Over Them,STYLE,You don't need a Kardashian bank account to look like a Kardashian.,Michelle Persad,2016-03-21
https://www.huffingtonpost.comhttp://www.bellasugar.com/Best-Met-Gala-Red-Carpet-Hair-Makeup-30197391,The Met Ball's Most Memorable Beauty Looks Over The Years,STYLE & BEAUTY,"Celebrating all things punk rock, the 2013 Met Gala, hosted by Beyoncé Knowles, is poised to be a memorable one. But fashion's",,2013-05-06
https://www.huffingtonpost.comhttp://www.nickmom.com/more-lols/90s-song-titles-every-parent-can-relate-to/?xid=HPPsynd,Top 9 '90s Song Titles Every Parent Can Relate To,PARENTING,#9. “Doll Parts” -- Hole Read more on NickMom,,2013-04-08
https://www.huffingtonpost.com/entry/ruth-bader-ginsburg-eight_us_574750d3e4b03ede44144423,Ruth Bader Ginsburg Says Eight 'Is Not A Good Number' For The Supreme Court,POLITICS,"Good for a family comedy, not great for the nation's high court.",Cristian Farias,2016-05-27
https://www.huffingtonpost.com/entry/trump-fox-news-podesta_us_58dac814e4b0cb23e65c1898,Trump Really Wants To Deflect Attention From His Russia Scandal,MEDIA,The president hyped a Fox News segment featuring a guest tied to White House chief strategist Steve Bannon and top campaign backers.,Michael Calderone,2017-03-28
https://www.huffingtonpost.com/entry/michelle-obama-throwback-princeton_us_5b051a39e4b0784cd2afa508,Michelle Obama Reflects On ‘Scary’ Time At Princeton With Sweet Throwback Snap,BLACK VOICES,"""I was black and from a working-class neighborhood in Chicago, while Princeton’s student body was generally white and well-to-do.""",Lee Moran,2018-05-23
https://www.huffingtonpost.com/entry/india-lesbian-ad_n_7565428.html,Emotional Ad Starring Lesbian Couple Challenges India's Anti-Gay Laws,QUEER VOICES,,Lydia O'Connor,2015-06-11
https://www.huffingtonpost.com/entry/mail-order-ice-cream_us_5b9d51dae4b03a1dcc869d4a,The Best Mail-Order Ice Cream Pints (PHOTOS),FOOD & DRINK,"If you can't find these pints at your local store, don't despair.",,2013-07-03
https://www.huffingtonpost.com/entry/bra-shopping_us_5b9bbf98e4b03a1dcc7a0738,"Breasts, Bras and a RHONJ Parenting Fail",PARENTING,"Teresa made fun of her daughter's body. She turned an intimate event into a public one, bringing an entire television audience's attention to her daughter's breasts and burgeoning sexuality.","Dr. Logan Levkoff, Contributor
Sexologist, AASECT-certified sexuality educator, TV Personality",2012-05-22
https://www.huffingtonpost.com/entry/when-theres-no-going-home_b_6171208.html,When There's No Going Home,IMPACT,"It's high time that we understand the lost human capital of foster care children and be proactive in our approach to to usher them into adulthood -- really, just another three to five years -- the right way.","Susan Kools, RN, PhD, FAAN, ContributorDirector of Inclusion, Diversity and Excellence Achievement, U...",2014-11-17
https://www.huffingtonpost.com/entry/art-smith-chef_us_5b9ce5e0e4b03a1dcc82cb1a,HuffPost Tastemakers: Chef Art Smith Commemorates Venezuela,FOOD & DRINK,Cacahapas are definitely involved.,,2013-03-06
https://www.huffingtonpost.com/entry/ida-and-the-cycles-of-violence-and-forgiveness_b_6961888.html,Ida and the Cycles of Violence and Forgiveness,RELIGION,"The choice of mercy, of forgiveness, is anathema to my sense of manhood and my obligation for revenge and justice; but what would come of such forgiveness, besides a rejection of cultural and institutionalized violence and loss of personal pride, if I had the courage to enact it?","Matthew Hoh, ContributorVeterans for Peace; MatthewHoh.com",2015-03-30
https://www.huffingtonpost.com/entry/workman-building-shooting_us_55d799fde4b0a40aa3ab1067,Gunman Kills Guard And Then Self At NYC Federal Building,CRIME,"A gunman slipped through a side door of a Manhattan federal building late Friday, fatally shot a security guard, then killed",Kim Bellware and Andy Campbell,2015-08-21
https://www.huffingtonpost.com/entry/celebrities-lipstick-best-worst-beauty_us_5b9da9b8e4b03a1dcc8b04c8,Celebs Show Us How To Wear Pink Lipstick In Winter (PHOTOS),STYLE & BEAUTY,"Well, hello gorgeous! Rose's vibrant lip color makes her complexion look even more luminous, and her full-body curls are",Dana Oliver,2013-11-17
https://www.huffingtonpost.com/entry/martha-mcsally-senate_us_5af4ae35e4b00d7e4c18c747,"Facing Challenge From The Right, GOP Lawmaker Pulls Support For Immigration Bill",POLITICS,Rep. Martha McSally of Arizona is running in a Senate primary against conservative favorites Kelli Ward and Joe Arpaio.,Amanda Terkel and Elise Foley,2018-05-10
https://www.huffingtonpost.com/entry/portland-rothko-retrospec_us_5b9b7ea4e4b03a1dcc78115a,Portland Rothko Retrospective Brings Artist Home,TRAVEL,"I'm here not to gawk at Hotel Lucia's art, though I certainly did, but for the rare opportunity to take in a Mark Rothko retrospective at the Portland Art Museum.","Pam Grout, Contributor
Author, National Geographic's 100 Best Volunteer Vacations",2012-03-27
https://www.huffingtonpost.com/entry/elephant-pictures-adults-and-babies_us_5bb11ab6e4b09bbe9a5ab1c6,Elephant Pictures: Mighty Pachyderms And Adorable Babies,ENVIRONMENT,"For more information about elephants and how to help them, visit the International Fund for Animal Welfare (IFAW), The David",,2012-07-08
https://www.huffingtonpost.com/entry/nathan-carman-missing-man-found_us_57e940cae4b0e80b1ba318b5,Man Found Adrift In Ocean A Week After Vanishing With Mom,CRIME,"Nathan Carman, 22, was found in a life raft off the coast of Massachusetts Sunday. His mother is still missing.",Nina Golgowski,2016-09-26
https://www.huffingtonpost.com/entry/hillary-clinton-trump-legitimacy_us_59c01f2de4b0f22c4a8bcb71,Hillary Clinton Won't Rule Out Questioning The Legitimacy Of Donald Trump's Election,POLITICS,She said she's open to it if Russia's interference is deeper than is now known.,Amanda Terkel,2017-09-18
https://www.huffingtonpost.com/entry/workers-stress_us_5b9dfba7e4b03a1dcc8fe242,The Two Things That Bother Stressed-Out Workers The Most,WELLNESS,"""Work occupies a large portion of our lives, so keeping workplace stress in check is an absolute necessity in maintaining",,2014-04-14
https://www.huffingtonpost.com/entry/diet-and-nutrition_us_5b9dbcd4e4b03a1dcc8c3e53,The Most Difficult Thing About Giving Up Junk Food,WELLNESS,"The people who have had hostile reactions to my diet -- despite my best attempts to stay under their radar -- are either overeaters or heavy drinkers, or both.  Once they fire a shot, I back away. Call me crazy. And while you're at it, color me healthy. And very happy.","Maureen Anderson, Contributor
Maureen Anderson is the host of the nationally syndicated radi...",2013-12-23
https://www.huffingtonpost.com/entry/4-reasons-lawmakers-shoul_b_6762056.html,4 Ways the Drug War Harms National Security,POLITICS,"Just think of where we could be as a nation if some of the people spending years in prison for a nonviolent drug offense could have, instead, studied sustainable architecture or climate change adaptation?","James Carli, ContributorDrug Policy and Sustainability Consultant",2015-02-26
https://www.huffpost.com/entry/halle-berry-speechless-after-netflix-buys-directorial-debut-for-20-million_n_5f5e28a3c5b6b4850801d9e7,Halle Berry 'Speechless' After Netflix Buys Directorial Debut For $20 Million,ENTERTAINMENT,"The Oscar winner directs and stars in ""Bruised,"" about a disgraced MMA fighter getting back in the ring.",Cole Delbyck,2020-09-13
https://www.huffingtonpost.com/entry/the-gem-and-jam-festival-_b_6511096.html,The Gem and Jam Festival L.A. Pre-Party,ENTERTAINMENT,"As the festival community grows, so does our reach. The mind can reach further than the hand or any man made cord. This evening at the Gem and Jam Pre-Party reminded me to unplug, reach out and connect with my fellow humans.","Morena Duwe, ContributorMusic & Culture Journalist",2015-01-21
https://www.huffingtonpost.com/entry/ed-sheeran-jimmy-fallon-classroom-instruments_us_58b54f43e4b060480e0b8fcd,Ed Sheeran Joins Jimmy Fallon To Play ‘Shape Of You’ On Classroom Instruments,ENTERTAINMENT,🎤 And now I'm singing like... 🎤,Lee Moran,2017-02-28
https://www.huffingtonpost.com/entry/planned-parenthood-fire_us_560d6510e4b0768127010af7,"Planned Parenthood Fire In Southern California Was Arson, Authorities Say",POLITICS,Cameras recorded someone throwing a container of flammable liquid through a window.,,2015-10-01
https://www.huffingtonpost.com/entry/thursdays-morning-email-from-flynn-to-mueller-breaking-down-the-russia-probe_us_591d7bf7e4b03b485caed539,Thursday's Morning Email: From Flynn To Mueller: Breaking Down The Russia Probe,POLITICS,And the Dow took its deepest dive since September amid the turmoil.,Lauren Weber,2017-05-18
https://www.huffingtonpost.com/entry/ny-startup-makersrowcom-e_us_5bb36086e4b0fa920b9743e8,NY Startup MakersRow.com Embraces Local 'Makers' Movement,TECH,"Matt wanted to do his own designs, and so he took his vision for watches and launched Steel Cake, his very own watch brand.  Soon he was a small designer shipping his designs overseas to get them produced.  It wasn't fun.","Steven Rosenbaum  , Contributor
Technologist / Business Leader / Author",2013-02-09
https://www.huffingtonpost.com/entry/interest-in-vegan-diets-on-the-rise_us_5b9cffd0e4b03a1dcc83a350,Interest In Vegan Diets On The Rise: Google Trends Notes Public's Increased Curiosity In Veganism,WELLNESS,"Last year, Mark Bittman of The New York Times reported that American demand for meat was steadily decreasing, with the Department",Anjali Sareen,2013-04-03
https://www.huffingtonpost.com/entry/planet-earth-digs-uncomfortably-deep-into-these-animal-relationships_us_5aee0ce5e4b0ab5c3d6635f3,'Planet Earth' Parody Reads A Little Too Much Into Animal Behavior,ENTERTAINMENT,They're not people. But it's fun to imagine they are.,Andy McDonald,2018-05-05
https://www.huffingtonpost.comhttps://firstlook.org/theintercept/2015/07/31/exclusive-edward-snowden-says-obama-administrations-war-encryption-just-doesnt-make-sense/,Snowden: Apple Should Fight Obama Administration On Encryption,TECH,"As the Obama administration campaign to stop the commercialization of strong encryption heats up, National Security Agency",,2015-08-01
https://www.huffingtonpost.com/entry/jennifer-lopez-tattoos_us_5b9baa96e4b03a1dcc796ec0,"Jennifer Lopez Tattoos For 'Follow The Leader' Take Us By Surprise (VIDEO, PHOTOS)",STYLE & BEAUTY,"We already knew Jennifer Lopez was a badass since her krav maga-fighting days in ""Enough."" But the star seems to have reached",,2012-05-04
https://www.huffingtonpost.com/entry/funny-divorce_us_5b9d794ce4b03a1dcc8876cb,Funny Divorce Photo: What Happens When An Ex Is Awarded Half,DIVORCE,"During divorce proceedings, it's common for former spouses to divide their assets 50-50. But one divorcé took that task a",,2013-09-01
https://www.huffingtonpost.com/entry/the-trace-bloomberg-guns_n_7581446.html,Bloomberg-Backed News Start-Up Tackles Gun Violence 'Epidemic',MEDIA,,Michael Calderone,2015-06-16
https://www.huffingtonpost.com/entry/mom-friends_us_5b9cd7c0e4b03a1dcc825530,When Kids End the Friendship But Parents Hang On,PARENTING,"You miss the camaraderie you shared with the other parent. You now find yourself wondering if the relationship that felt so real was actually just one born out of convenience. Should you move on and let your mom-friendship continue to fray, or should you try to reclaim the relationship?","GalTime, Contributor
Contributor",2013-02-22
https://www.huffingtonpost.com/entry/when-i-own-my-sexuality-will-i-need-queer-visibility_us_59027d8ee4b03b105b44b72b,"When I Own My Sexuality, Will I Need Queer Visibility Any Less?",QUEER VOICES,It began at a time when I didn’t know the why. Why it mattered so much to see two women walking down the street holding hands,"Lily Remi, ContributorYoung Aussie writer & student",2017-04-27
https://www.huffingtonpost.com/entry/trump-budget-seniors_us_58d1450ce4b0ec9d29df7e17,6 Ways Seniors Lose Out Under Trump's Budget,HEALTHY LIVING,And that's not counting health care or Social Security.,Ann Brenoff,2017-03-21
https://www.huffingtonpost.com/entry/richard-branson-origin-magazine_us_5b9ca398e4b03a1dcc807ca0,Richard Branson: Interview With ORIGIN Magazine,WELLNESS,"MP: What advice would you give to women in business, bringing a vision into reality? A couple important things to live by",,2012-12-18
https://www.huffingtonpost.comhttp://www.cnn.com/2016/04/20/politics/obama-saudi-arabia-tensions/,Saudis Snub Obama On Riyadh Arrival Amid Growing Tensions,THE WORLDPOST,"President Barack Obama received a chilly reception from Saudi Arabia's leaders as he landed in Riyadh Wednesday, a clear",,2016-04-20
https://www.huffingtonpost.com/entry/twitter-nazis-suspended_us_5a37ebdce4b0ff955ad51dc7,Twitter Has Started Its Messy 'Purge' Of Neo-Nazi And 'Alt-Right' Accounts,POLITICS,"In an effort to curb racist abuse and violent extremism on its site, Twitter started enforcing new rules Monday.",Christopher Mathias,2017-12-18
https://www.huffingtonpost.com/entry/the-book-of-dads-album-shows-new-fathers_n_5406523.html,"What It's Like To Become A Brand New Dad, In Photos",PARENTS,,Mandy Velez,2014-05-29
https://www.huffingtonpost.com/entry/dee-rees-mudbound_us_59fd18d4e4b0baea2631d8fc,'Mudbound' Has More To Say About Whiteness In America Than Any Other Trump-Era Movie,ARTS & CULTURE,A person doesn't have to be hateful in order to be racist.,Zeba Blay,2017-11-27
https://www.huffingtonpost.com/entry/kids-weight-sleep_us_5b9da52fe4b03a1dcc8ab827,Study Shows Lost Sleep May Add Weight in Kids,WELLNESS,"What can 2.5 hours do? During the week the kids slept more they reported eating 134 fewer calories per day compared to their intake during the reduced sleep condition, and their measured weight was about half a pound less.","Ayala Laufer-Cahana, M.D., Contributor
Physician, Entrepreneur, Co-Founder: Herbal Water Inc.",2013-11-08
https://www.huffingtonpost.com/entry/fusebox-the-writers-room_us_5bb22858e4b0171db69de905,Fusebox: The Writer's Room with Robert Faires,CULTURE & ARTS,"This podcast features writer Robert Faires (photo credit: Leon Alesi), talking about his creative space. Faires is the Arts","Turnstyle News, Contributor
Tech news and digital culture from the West Coast.",2012-05-19
https://www.huffingtonpost.com/entry/my-ease-into-veganese_b_5653486.html,My Ease Into Veganese,HEALTHY LIVING,,"Joanne Dagonese, ContributorInnovative thinker, mother, grandmother, professional substitu...",2014-08-07
https://www.huffingtonpost.com/entry/democrats-florida-state-house-win_us_5a838997e4b0cf06751f92f4,Democrats Take Florida District That Went Narrowly For Trump,POLITICS,A backlash to the president is helping the party pick up seats in state legislatures.,Daniel Marans,2018-02-14
https://www.huffingtonpost.com/entry/why-enda-matters-to-the-trans-community_us_5bafb53de4b0ad7692607945,Why ENDA Matters to the Trans Community,QUEER VOICES,Those who oppose ENDA or oppose transgender inclusion in it ask why we need it when 84 percent of U.S. companies include gender identity in their equal opportunity statements. The short answer is that what we have in place is not preventing discrimination against transgender people.,"Brynn Tannehill, Contributor
Board member of the Trans United Fund",2013-05-12
https://www.huffingtonpost.com/entry/saturday-night-live-zooey-deschanel-video_us_5bacfbc1e4b04234e85534cc,"Saturday Night Live: Zooey Deschanel Gets Quirky With Mary Kate Olsen, Michael Cera And Bjork (VIDEO)",COMEDY,"Zooey Deschanel, well-documented possessor of quirk, was a great sport Saturday night when she took part in a sketch that",,2012-02-12
https://www.huffingtonpost.com/entry/donald-trump-carrier-rexnord_us_583eee92e4b04fcaa4d5f0ca,There's More Than One Indiana Company That Wants To Go To Mexico,POLITICS,"President-elect Donald Trump has been focused on Carrier, but there are several others.",Arthur Delaney,2016-11-30
https://www.huffingtonpost.com/entry/eat-for-your-hearts-conte_b_7101854.html,Eat for Your Heart's Content,HEALTHY LIVING,,"Margaret Marshall, ContributorAuthor: Healthy Living Means Living Healthy...Lose Weight, Fee...",2015-04-26
https://www.huffingtonpost.com/entry/room-237-review_us_5bb41efde4b066f8d2550797,Walls Can Talk: A Room 237 Review,ENTERTAINMENT,"It would be much too easy to dismiss this chatty little flick as a silly study in crackpot speculation. Rather, its well-crafted eloquence succeeds in raising poignant questions that are pertinent to understanding human behavior.","Tony Bartolone, Contributor
Actor, comedian, writer",2013-03-31
https://www.huffingtonpost.com/entry/how-bells-palsy-breaking-bad-and-baby-number-three-saved-my-marriage_b_6670098.html,"How Bell's Palsy, Breaking Bad, and Baby Number Three Saved My Marriage",WOMEN,I am proud to admit that my fears were in vain and we are still in that happy place. Don't get me wrong it's not all unicorns and rainbows but it's so much more than business. And thanks to The Walking Dead we still have a mutual obsession.,"Ashford Evans, ContributorSales rep, small business owner, mom to 3 kids under 5 years, ...",2015-02-13
https://www.huffingtonpost.com/entry/ebola-pets_n_6015084.html,Everything You Need To Know About Ebola And Your Pets,HEALTHY LIVING,,Sarah Klein,2014-10-21
https://www.huffingtonpost.com/entry/samsung-just-unveiled-its-thinnest-phone-ever_us_55a6a369e4b0896514d01191,Samsung Just Unveiled Its Thinnest Phone Ever,TECH,Hot damn! This thing is thin!,Alexandra Ma,2015-07-15
https://www.huffingtonpost.com/entry/actions-to-turn-the-tide_us_5b9d36cee4b03a1dcc859ec4,Actions to Turn the Tide of Cheating,PARENTING,"Is cheating a lost cause? Is it so rampant, all we can hope for is to punish offenders? I sure hope not. Today, I will offer five big action steps I believe we can take to turn the tide.","Tim Elmore, Contributor
Founder and President of Growing Leaders, Best-Selling Author",2013-06-04
https://www.huffingtonpost.com/entry/pancake-recipes-easy_us_5b9c273ae4b03a1dcc7cacc0,Pancake Recipes For All Your Breakfast Needs,FOOD & DRINK,Because one recipe just isn't enough.,Julie R. Thomson,2012-08-17
https://www.huffingtonpost.com/entry/truck-safety_n_5468742.html,"Just Days Before Tracy Morgan Accident, Senate Moved To Weaken Trucker Fatigue Rules",POLITICS,,Melissa Jeltsen,2014-06-08
https://www.huffingtonpost.com/entry/fathers-day-2012-funniest-dads-in-tv-and-movies-photos_us_5bad00b9e4b04234e8558f0e,Father's Day 2012: Funniest Dads In TV And Movies (PHOTOS),COMEDY,"If there's one thing that is ever-present throughout the history of television and movies, it's funny father figures. With",Seena Vali,2012-06-16
https://www.huffingtonpost.com/entry/alabama-drivers-licenses_us_586428bde4b0d9a59459ff7e,"Feds, Alabama Reach Deal To Ensure Greater Access To Driver's Licenses",POLITICS,An investigation by the Department of Transportation found that the closure of 31 facilities fell hardest on African-Americans.,Cristian Farias,2016-12-29
https://www.huffingtonpost.com/entry/game-of-thrones-watermelon-carving_us_576aa83ee4b09926ce5d38cf,Watch This Artist Carve A Watermelon Into The Night King From 'Game Of Thrones',ENTERTAINMENT,You've never seen the leader of the White Walkers like this.,Steven Hoffer,2016-06-22
https://www.huffingtonpost.com/entry/homemade-gift-ideas-ice-cream-phone-case_us_5b9c92bfe4b03a1dcc7ff235,Homemade Gift Ideas: Popsicle And Ice Cream Sandwich Cell Phone Cases,HOME & LIVING,These ice cream treats hold all the important things.,Amy Marturana,2012-12-03
https://www.huffingtonpost.com/entry/happiness-tips_us_5b9d7037e4b03a1dcc8801be,How Singing With Others and 'Imperfect Harmonies' Makes You Happier and Healthier,WELLNESS,"Want to make new friends, exercise your brain and memory and reduce stress? All these health and well-being benefits come from something simple, practical and ageless: singing with others.","Brenda Peterson, Contributor
Brenda Peterson Books",2013-08-19
https://www.huffingtonpost.comhttp://www.usatoday.com/story/life/2016/03/06/lee-daniels-2016-bet-honors-acceptance-speech/81406502/,Lee Daniels Credits Patti LaBelle For His Sobriety At BET Honors,BLACK VOICES,Lee Daniels left his heart on the Warner Theatre stage Saturday.   While accepting the BET Honors' television and film award,,2016-03-07
https://www.huffingtonpost.com/entry/bestworst-brands-may-714_us_5b9bb4f6e4b03a1dcc79bf5b,"Best/Worst Brands May 7-14: Fifty Shades of Shame, Slim Aarons, Members Only",STYLE & BEAUTY,"If you've got a product, destination, or idea that you think moves culture forward, send me a message @321takeoff. Speaking","Alona Elkayam, Contributor
I am the Brandinista–An award-winning creative director that w...",2012-05-13
https://www.huffingtonpost.com/entry/lebron-james-fans_us_5bb6d2c9e4b097869fd31067,How LeBron James Won Back His Fans,SPORTS,"LeBron James' drive to win has helped the Heat to an impressive win streak, but it's his happiness on and off the court that has earned him other accolades. He's paving his own way now. And, as a result, we're finally warming up to LeBron.","Danny Groner, Contributor
Freelance Journalist",2013-03-03
https://www.huffingtonpost.com/entry/uva-rape_n_6324170.html,WATCH: Friends Dispute Key Allegation In Rolling Stone Rape Story,COLLEGE,,,2014-12-14
https://www.huffingtonpost.com/entry/trump-obamacare-tweet_us_597de5e7e4b0da64e879ae31,Trump Urges Republican Senators Not To Give Up On Healthcare,POLITICS,"“Don’t give up Republican Senators, the World is watching: Repeal & Replace.""",,2017-07-30
https://www.huffingtonpost.com/entry/obama-trump_us_57b24fa4e4b0863b02847019,Obama: Trump Makes The Case Against Himself Every Time He Opens His Mouth,POLITICS,"The president said he's ""tired"" of talking about Hillary Clinton's opponent.",Mollie Reilly,2016-08-16
https://www.huffingtonpost.com/entry/sherry-vine-tv-network_us_56b27851e4b01d80b244ff3b,Drag Icon Sherry Vine Is Launching Her Own Queer TV Network,QUEER VOICES,Here's why gaySVTVworld could be Vine's most ambitious project yet.,Curtis M. Wong,2016-02-04
https://www.huffingtonpost.com/entry/rupaul-2016-election_us_5820b66de4b0aac62485e263,RuPaul Has An Important 2016 Election Message For You,QUEER VOICES,"""Don't f*ck it up!""",James Michael Nichols,2016-11-07
https://www.huffpost.com/entry/southern-baptist-sexual-abuse-report_n_5c61239de4b0eec79b254dd3,Southern Baptist Leaders Promise 'Change' After Report Uncovers Rampant Sexual Abuse,RELIGION,"Almost 400 Southern Baptist church leaders and volunteers have faced allegations of sexual misconduct since 1998, according to a damning report.",Dominique Mosbergen,2019-02-11
https://www.huffingtonpost.com/entry/giving-back_us_5b9d2cebe4b03a1dcc85303e,What Is the True Meaning of Inspiration?,WELLNESS,"Understand that you can be an inspiration to others, no matter what you feel you have or have not achieved. Even if you feel that you have not yet reached the endpoint, and even if you feel like you have reached a low point, you have the ability to inspire.","Dr. R. Kay Green , Contributor
Senior Marketing Consultant / CEO of EDesign Consulting Ltd.",2013-05-20
https://www.huffingtonpost.com/entry/foods-boost-memory_us_5b9c2ad2e4b03a1dcc7cc848,Foods That Boost Your Memory,WELLNESS,"Worried about losing your memory? Help may be as close as your kitchen. Amy Jamieson-Petonic, R.D., of Cleveland Clinic, shares",,2012-08-27
https://www.huffingtonpost.com/entry/amy-schumer-seth-rogan-bud-light-gender_us_57b1dbd5e4b071840412009f,Amy Schumer And Seth Rogen Want To Sell Bud Light To All Gender Identities,QUEER VOICES,#NoLabels,Cavan Sieczkowski,2016-08-15
https://www.huffingtonpost.comhttp://247wallst.com/special-report/2013/11/06/jobs-with-the-widest-pay-gaps-between-men-and-women/,Jobs Where Women Are Getting Paid The Least Compared To Men,BUSINESS,"The gender wage gap has narrowed over the years. In 1979, women made an estimated 62% of what men earned. In 2012, the wage",,2013-11-09
https://www.huffingtonpost.com/entry/the-business-of-faith-an-_b_8091514.html,The Business of Faith - An Interview with Al Erisman,RELIGION,,"Romal Tune, ContributorAward-winning author, Consultant, and Strategist",2015-09-05
https://www.huffingtonpost.com/entry/richard-hatch-battlestar-galactica-star-dies-at-71_us_589b1395e4b04061313a79eb,"Richard Hatch, 'Battlestar Galactica' Star, Dead At 71",ENTERTAINMENT,"“I will always remember him fondly for his inspiring sense of youthful wonder, his boundless passion for creative expression, and his huge, kind heart,” his manager Michael Kaliski told Variety.","Lawrence Yee, Reuters",2017-02-08
https://www.huffingtonpost.com/entry/most-expensive-college-football-tickets_us_5bb2d3b2e4b0480ca65cd238,The Most Expensive College Football Tickets In 2012,BUSINESS,"American ""Nanny State"" Laws Click over to CNBC to get the full list. This list of the top 10 college games of the fall 2012","CNBC, CNBC",2012-09-15
https://www.huffingtonpost.com/entry/how-to-stay-healthy-when-the-affordable-care-act-is-dismantled_us_58d43352e4b03787d3568155,How To Stay Healthy When The Affordable Care Act Is Dismantled,COMEDY,Or just ask your wealthy parents for help!,Andy McDonald,2017-03-23
https://www.huffingtonpost.com/entry/after-one-year-st-louis-county-still-doesnt-know-how-to-handle-protests_us_55ce72fae4b055a6dab079a8,"One Year After Mike Brown Was Killed, St. Louis County Still Doesn't Know How to Handle Protests",POLITICS,"ST. LOUIS -- One year ago, the world watched as militarized police aimed their weapons at civilians protesting the killing",Mariah Stewart,2015-08-15
https://www.huffingtonpost.com/entry/2017-tony-award-winners_us_593db401e4b0b13f2c6b9ad2,A Complete List Of The 2017 Tony Award Winners,ARTS & CULTURE,"A year after ""Hamilton"" dominated the Tonys, Broadway shines.",Katherine Brooks,2017-06-11
https://www.huffingtonpost.com/entry/breathtaking-philadelphia_us_5b9d836ce4b03a1dcc88f889,Breathtaking Philadelphia Ceremony Venues for $350,WEDDINGS,"Back in the day, if you didn't want to get married in a church your options were pretty much limited to: city hall, an old firehouse, a cookie cutter hotel, or maybe a park.","Kristy Crocetto, Contributor
Movie Blogger, Higher Education Professional, Food Lover",2013-09-17
https://www.huffingtonpost.com/entry/christopher-columbus-and-donald-trump-have-something-in-common_us_57fc0f51e4b0b6a43034f1a6,Christopher Columbus And Donald Trump Have Something In Common,COMEDY,Step 1: Know someone rich.,Andy McDonald,2016-10-10
https://www.huffingtonpost.com/entry/gays-of-future-past_b_5501529.html,Gays of Future Past,QUEER VOICES,"For anyone under 30, it may be difficult to imagine a time when the gay-rights movement wasn't operating at a milestone-a-minute pace. Fortunately a wave of artistic and media projects has emerged to remind us of heroes past, to refocus us on the type of activism that helped elevate the LGBT movement and to inspire us to make that final push.","Frank Bua, ContributorWriter, activist, educator and gay dad",2014-06-19
https://www.huffingtonpost.com/entry/problem-and-gift-of-perspective_us_5b9cc7a2e4b03a1dcc81cc61,The Problem -- and Gift -- of Perspective,PARENTING,"It can take moments like I had at that baptism to hit you up the side of the head and make you see that not only has time passed, but that you are wiser and better for it.","Claire McCarthy, M.D., Contributor
Pediatrician at Boston Children's Hospital, Assistant Professo...",2013-02-05
https://www.huffingtonpost.com/entry/straight-actors-gay-characters_n_5838136.html,5 Essential Tips For Straight Actors Playing Gay Characters,QUEER VOICES,,,2014-09-17
https://www.huffingtonpost.com/entry/israel-settlement-jerusalem_n_6184948.html,Israel's Move Into East Jerusalem Could Spark More Violence,WORLDPOST,,,2014-11-19
https://www.huffingtonpost.com/entry/gop-debate-fact-check_us_56321251e4b0c66bae5b1477,Fact-Checking The CNBC Republican Presidential Debate,POLITICS,There were quite a few questionable claims made during the event.,,2015-10-29
https://www.huffpost.com/entry/trump-charity-bought-trump-painting_n_5bd275fce4b0d38b5881bfde,Trump Charity Had To Buy His Giant Portrait Because No One Else Would: Lawyer,POLITICS,The New York attorney general is accusing Trump's foundation of illegally spending on things like the portrait.,Mary Papenfuss,2018-10-26
https://www.huffingtonpost.comhttp://blogs.babycenter.com/mom_stories/your-babys-cries-mean-something-how-to-tell-what/,Want To Know Why Your Baby Is Crying? Read This!,PARENTING,Waaaaaaaaah! A scream pierces the quiet in the house. Is it something urgent? Or can you finish doing the dishes before you,,2012-11-19
https://www.huffingtonpost.com/entry/four-things-women-with-children-are-tired-of-hearing_b_5947714.html,4 Things Moms Are Tired of Hearing,PARENTS,"There are several things I wish total strangers would quit saying. And from my conversations with other moms, I'm not the only one who hears them.","Ariel Lawhon, ContributorWriter. Reader. Author of THE WIFE, THE MAID, AND THE MISTRESS...",2014-10-08
https://www.huffingtonpost.com/entry/ferguson-arrests_n_5682679.html,Police In Ferguson Let High-Profile Journalists Go While Charging Regular Folks With Crimes,POLITICS,,Amanda Terkel,2014-08-15
https://www.huffingtonpost.com/entry/exercise-depression-symptoms_us_5b9d8080e4b03a1dcc88d558,"Exercise Linked With Decreased Symptoms Of Depression, Review Shows",WELLNESS,"A team from the University of Edinburgh examined 39 past studies on depression and exercise, which included 2,326 people",,2013-09-15
https://www.huffingtonpost.com/entry/presidential-debate-coverage_us_57fb0cd9e4b0e655eab593ae,Here's A Complete Rundown Of What Happened At The Second Presidential Debate,POLITICS,There was a lot to talk about.,Paige Lavender,2016-10-10
https://www.huffingtonpost.com/entry/stephen-colbert-steve-bannon-nazi-street-fighter_us_59b25de9e4b0b5e531054409,Stephen Colbert Remakes Steve Bannon Into A Nazi Street Fighter,COMEDY,"The ""Late Show"" host did not hold back.",Rebecca Shapiro,2017-09-08
https://www.huffingtonpost.com/entry/breastfeeding-infographic_n_5656263.html,"Everything You Need To Know About Breastfeeding In The U.S., By The Numbers",PARENTS,,Caroline Bologna,2014-08-07
https://www.huffingtonpost.com/entry/patty-jenkins-wonder-woman-sequel-deal_us_59b6d83fe4b0a50fd051e115,Patty Jenkins Officially Seals The Deal To Direct 'Wonder Woman' Sequel,ENTERTAINMENT,She'll become the highest paid female director of all time.,Julia Brucculieri,2017-09-11
https://www.huffingtonpost.com/entry/mistress-and-wife-meet_n_7123978.html,Mistress And Wife Meet For The First Time Since Love Triangle Turned Deadly,ENTERTAINMENT,,Rochelle Nelson,2015-04-23
https://www.huffingtonpost.com/entry/will-smith-roy-moore_us_5a32524de4b091ca26858e18,Will Smith's Comments On Roy Moore's Defeat Are Something Else,ENTERTAINMENT,What in the world?,Ron Dicker,2017-12-14
https://www.huffingtonpost.comhttp://www.dailycandy.com/everywhere/flipbook/135297/Childrens-Shoes#slide=1?refcd=huffpo,Give Sandals The Boot: 17 Pairs Of Fall Shoes For Kids,PARENTING,"Pieces of Flair We love this riff on Dad’s MacAlister boots with full-coverage multicolored glitter. But fear not, Mom. The",,2012-09-20
https://www.huffingtonpost.com/entry/celeb-parents-name-their_us_5b9d75d1e4b03a1dcc884374,Celebrity Baby Names Inspired By Other Celebrities,PARENTING,"Written by Linda Rosenkrantz for Nameberry.com It seems that celebrities are as starstruck as the rest of us, judging from",Mandy Velez,2013-08-25
https://www.huffingtonpost.com/entry/health-and-longevity-chal_b_6064836.html,Health and Longevity: Chalk It Up to Mind,HEALTHY LIVING,,"Russ Gerber, ContributorChristian Science practitioner and teacher",2014-10-29
https://www.huffingtonpost.com/entry/san-diego-banks-foreclosed-homes_us_5bb2c1fce4b0480ca65b6f76,"San Diego Voters Want To Fine Banks $1,000 Per Day For Neglecting Foreclosed Homes",BUSINESS,"When banks don't do the upkeep on seized properties, the empty homes wind up being a huge financial drain on the community",Alexander Eichler,2012-05-12
https://www.huffingtonpost.com/entry/carbohydrates-health_us_5b9c30f7e4b03a1dcc7cf8f5,"If Carbs Are So Bad for You, Why Are They So Good for Athletes?",WELLNESS,"Carbohydrates have long been considered the most important source of energy for any type of muscle activity, be it leaping over a hurdle or climbing out of bed.","Judith J. Wurtman, PhD., Contributor
Co-Author, 'The Serotonin Power Diet'",2012-09-20
https://www.huffingtonpost.com/entry/american-horrorstory-freak-show_n_5931602.html,The Cast Of 'Freak Show' Is 'Extra-Ordinary',ENTERTAINMENT,,Lauren Duca,2014-10-04
https://www.huffingtonpost.com/entry/shepard-smith-others-get-prison-for-what-kushner-did_us_5a8f60eae4b01e9e56b9ef52,Shepard Smith: People Go To Prison For What Jared Kushner Did,POLITICS,"As Trump's son-in-law continues to revise his answers, Robert Mueller may be looking over his shoulder, too.",Mary Papenfuss,2018-02-23
https://www.huffingtonpost.com/entry/fda-blood-donation-gay_us_5797d37ee4b0d3568f84f562,U.S. Opens Door To A Change In Blood Donation Policy For Gay Men,QUEER VOICES,Gay rights advocates say the latest update did not go far enough.,,2016-07-26
https://www.huffingtonpost.com/entry/in-boston-look-for-the-helpers_us_5b9d0d58e4b03a1dcc84111c,"In Boston, Look for the Helpers",PARENTING,"The streets on the news are familiar. I spent hours walking them with my infant daughter, trying to encourage a nap. We ate at the restaurants, attended Red Sox games and made friends.We watched the marathon from the finish line.","Sarah Chang, Contributor
Copywriting/Content Management/Content Strategy",2013-04-16
https://www.huffingtonpost.com/entry/chip-kelly-is-his-own-wor_b_8673602.html,Chip Kelly is his Own Worst Enemy,SPORTS,"Coach Chip Kelly has come under fire, with some saying he may be gone after the season is over. After back to back 10-6 seasons, the Eagles are 4-7 without showing much sign of improvement. The problem is Chip Kelly. He is his own worst enemy.","Alan Schechter, ContributorNew York Jets and NFL Writer, Member of the Pro Football Write...",2015-11-28
https://www.huffingtonpost.com/entry/travel-soul-searching_us_5b9ca291e4b03a1dcc807718,Soul-Searching: Travel Can Improve Your Life,TRAVEL,"I have not chosen travel media as a career because I simply want to have a fun time, live the travel dream or live selfishly. No. Travel has taught me that it is a great teacher.","Kate Thomas, Contributor
On-camera Host and Video Producer, TravelwithKate.com",2012-12-20
https://www.huffingtonpost.com/entry/love-and-relationships_us_5b9d8cbce4b03a1dcc896453,Why Men's Self-Esteem Drops When Their Romantic Partners Succeed,WELLNESS,"Taken together, these findings indirectly reveal a significant upheaval and transformation underway, regarding what men have traditionally learned to define as ""manhood"" and ""success"" in our culture.","Douglas LaBier , Contributor
Business psychologist, psychotherapist & writer; director, Cen...",2013-09-30
https://www.huffingtonpost.com/entry/emma-robinson-voice-autotuned_us_5bb25f13e4b0171db69f9bd5,Amateur Singer Emma Robinson's Voice Naturally Sounds Auto-Tuned (VIDEO),CULTURE & ARTS,"""I don't even know how [to] use autotune, this was recorded on an iPad,"" Robinson said in the comments section of another",Hunter Stuart,2013-07-07
https://www.huffingtonpost.com/entry/magical-mop-dog_n_7007684.html,This Mop Has A Big Surprise For You,COMEDY,,Leigh Weingus,2015-04-05
https://www.huffingtonpost.com/entry/australia-politicians-sex-staff_us_5a8611abe4b004fc31906bec,A Sex Scandal Is Threatening The Future Of Australia's Governing Coalition,WORLD NEWS,"Barnaby Joyce's affair ""appalled all of us,"" Prime Minister Malcolm Turnbull said.",Josh Butler,2018-02-16
https://www.huffingtonpost.com/entry/happiness-after-holocaust_us_5b9de43be4b03a1dcc8e3957,Happiness After Holocaust: An Evening With Anne Frank's Sister Eva Schloss,WELLNESS,"Humanity's dark side leaves everyone ashamed: first the victims and, later, the abusers when exposed. We are collectively","Maura Sweeney, Contributor
Ambassador of Happiness(R)",2014-02-24
https://www.huffingtonpost.com/entry/interior-department-door-ryan-zinke_us_5aa1ab09e4b07047bec49ff1,"Interior Department Spending $138,670 To Replace Doors In Zinke's Office",POLITICS,The upgrade is meant to ensure the interior secretary doesn't get locked out on the balcony and that rain doesn't leak in.,Chris D'Angelo,2018-03-08
https://www.huffingtonpost.comhttp://www.xojane.com/family/what-the-parenting-books-dont-tell-you-its-ok-to-stick-your-kid-in-front-of-the-tv,What The Parenting Books Don't Tell You: It's OK To Stick Your Kid In Front Of The TV,PARENTING,"I once proclaimed that I wouldn’t let my child watch much TV, if any at all. Then again, I also once swore I would never",,2013-07-23
https://www.huffingtonpost.com/entry/wto-in-seattle---15-years_b_6085098.html,WTO in Seattle - 15 Years Ago,BUSINESS,"A generation ago, trade deals were about trade. They were really boring, with incomprehensible names. The WTO broadened those goals from boring tariffs to policies that are normally settled through democratic accountable political processes.","Stan Sorscher, ContributorLabor Representative, Society for Professional Engineering Emp...",2014-10-31
https://www.huffingtonpost.com/entry/jennifer-aniston-jimmy-kimmel-haircut_us_5b9cb3efe4b03a1dcc810515,Jennifer Aniston Gives Jimmy Kimmel A Haircut Live On Television (VIDEO),STYLE & BEAUTY,Did it turn out better than the time Phoebe cut Monica's hair?,Rebecca Adams,2013-01-09
https://www.huffingtonpost.com/entry/the-emotional-side-of-hom_us_5b9d4671e4b03a1dcc8631f2,The Emotional Side of Homebuying,HOME & LIVING,Homebuying is an inherently emotional experience and brings with it feelings that don't always serve our best interest in the heat of decision-making.,"Michele Serro, Contributor
Founder and CEO, Doorsteps",2013-06-26
https://www.huffingtonpost.com/entry/rupaul-drives-web-series_us_5bafb9bce4b0ad769260dc80,"RuPaul Stars In 'RuPaul Drives,' New World Of Wonder Web Series (VIDEO)",QUEER VOICES,"In a press release about the new series sent to The Huffington Post, RuPaul explains the idea behind ""RuPaul Drives..."" saying",Christopher Rudolph,2013-08-17
https://www.huffingtonpost.com/entry/peter-jacob-vandalism_us_57fd1b2ee4b0e655eab7cc3f,New Jersey Congressional Candidate's Home Vandalized With Swastikas,POLITICS,He blames it on the racist rhetoric spread by Donald Trump.,Lydia O'Connor,2016-10-11
https://www.huffingtonpost.com/entry/deihl-artisan-meat-share_us_5b9cf93fe4b03a1dcc836ac5,HuffPost Tastemakers: Artisan Meat Share,FOOD & DRINK,Craig Deihl has some great things to share.,,2013-03-26
https://www.huffingtonpost.com/entry/trump-mexico-fence-spending-bill_us_5ab40810e4b0decad0481089,Trump Doesn’t Get His ‘Great Beautiful Wall’ But Does Get 33 Miles Of Fence,POLITICS,The president’s political advisers believe some of his base will revolt if he can't deliver on his concrete promises.,S.V. Date and Elise Foley,2018-03-22
https://www.huffingtonpost.com/entry/half-of-former-catholics-have-forsaken-religion-altogether_us_55e893f4e4b0b7a9633c4b1a,Half Of Former Catholics Have Forsaken Religion Altogether,RELIGION,And the majority of them say they are unlikely to return to the church.,Antonia Blumberg,2015-09-13
https://www.huffingtonpost.com/entry/trump-tax-returns_us_586d9d97e4b0c8575a7731f4,Senate Democrats Would Like To Remind You That Donald Trump Still Hasn't Released His Tax Returns,POLITICS,They reintroduced a bill that would require Trump and future presidential nominees to disclose tax information.,Marina Fang,2017-01-05
https://www.huffingtonpost.com/entry/should-we-have-another-baby_us_5b9ba7b5e4b03a1dcc795b69,Should We Have Another Baby?,PARENTING,"The question of whether or not my wife and I should embark on having a second child has been lingering. I know it's not just my decision, but I want to be certain with my own stance on it.","Charlie Capen, Contributor
Pretend writer. Pretend actor. Pretend father. Pretend person.",2012-06-13
https://www.huffingtonpost.com/entry/opie-and-anthony-host-charged-assault_us_56780953e4b014efe0d5f2ca,‘Opie And Anthony’ Ex-Host Charged After Woman Live Streams Alleged Assault,CRIME,Anthony Cumia was arrested shortly after his 26-year-old girlfriend accused him of breaking her hand in a Periscope video.,Nina Golgowski,2015-12-21
https://www.huffingtonpost.com/entry/donald-trump-harassment-excuses_us_57fff345e4b0162c043afeba,Trump Debuts 3-Part Defense Against Sexual Abuse Allegations,POLITICS,Expect to see a lot more of this before Election Day.,Christina Wilkie,2016-10-13
https://www.huffingtonpost.com/entry/nfl-patriots-beat-steelers-week-1_us_55f1dd64e4b002d5c078a0b4,New England Patriots Open NFL Season By Defeating Pittsburgh Steelers 28-21,SPORTS,Football is back 🙏🏈,Justin Block,2015-09-11
https://www.huffingtonpost.com/entry/star-wars-greatest-movie-franchise_us_5bb3f387e4b066f8d25233bd,'Star Wars' v. 'Lord Of The Rings': What's The Best Movie Franchise Of All Time? (VOTE),ENTERTAINMENT,It's that easy. Then check back to see how your fellow entertainment junkies voted. Warning: This could potentially ruin,Crystal Bell,2012-05-28
https://www.huffingtonpost.com/entry/how-to-find-mrright_us_55b6c5b3e4b0a13f9d19efdf,How To Stop Kissing Frogs And Start Finding Your Man,ENTERTAINMENT,"Who exactly, precisely, specifically do you consider to be a quality guy? Figuring this out now doesn't mean that you shouldn't",,2015-07-28
https://www.huffingtonpost.com/entry/it-remains-a-priority-for_us_5b9bcca9e4b03a1dcc7a58a4,The Never-Ending Challenge Of Securing Our Air Transport Sector,TRAVEL,We know commercial aviation is an indispensable pillar of the national and global economy and a symbol of freedom. That's why it's been a focus of terrorists for decades before 9/11 and in the years since -- and will be for the foreseeable future.,"Justin P. Oberman, Contributor
Transport and Homeland Security Consultant; Former TSA Assista...",2012-06-05
https://www.huffingtonpost.com/entry/song-to-song-trailer_us_58a743afe4b037d17d279096,Rooney Mara And Ryan Gosling's Meet-Cute Gets Complicated In 'Song To Song' Trailer,ENTERTAINMENT,"Whatever is happening in this Terrence Malick movie, we're in.",Matthew Jacobs,2017-02-17
https://www.huffingtonpost.com/entry/american-hiv-rate-disparities_n_7638570.html,Where You Live Helps Determine Whether You'll Survive HIV/AIDS,HEALTHY LIVING,,Erin Schumaker and Meredith Melnick,2015-06-24
https://www.huffingtonpost.com/entry/queer-kid-stuff-body-positivity_us_5abd64f2e4b0f112dc9afa6c,Here's A Great Way To Talk To Kids About Body Positivity,QUEER VOICES,"""It’s all about loving yourself just the way you are.""",Curtis M. Wong,2018-03-30
https://www.huffingtonpost.com/entry/muhammad-ali-reparations_us_575309c6e4b0c3752dcdd07f,Don't Let Muhammad Ali's Story Get Whitewashed,SPORTS,History says we'll try and forget the boxing legend's radicalism. We shouldn't.,Maxwell Strachan,2016-06-04
https://www.huffingtonpost.com/entry/bernie-sanders-campaign_us_57572d3ce4b08f74f6c06b39,The Bernie Sanders Campaign Didn't Matter,POLITICS,"Sanders got as far as he did because of a terrible, lopsided economy -- and that's not going away.",Zach Carter,2016-06-07
https://www.huffingtonpost.com/entry/a-sadder-pride-because-of-washington-inaction_us_59405935e4b09ad4fbe3e9ca,A Sadder Pride Because Of Washington Inaction,QUEER VOICES,"As a community, LGBT Americans have always been forced to confront hate. Guns have just made it easier for people to turn their hatred into bloodshed.","Rep. Robin Kelly and David Cicilline, Contributors",2017-06-13
https://www.huffingtonpost.com/entry/louisiana-lgbt-anti-discrimination_us_570e7a6be4b0ffa5937dcc96,Louisiana Governor Signs Executive Order To Protect LGBT Rights,POLITICS,The order covers state employees and employees of state contractors.,"Daniel Trotta, Reuters",2016-04-13
https://www.huffingtonpost.com/entry/cardboard-box-tourism-on-_b_8163724.html,Cardboard Box Tourism on the Greek Islands - The Plight of the Syrian Refugees,WORLDPOST,"When you land on the Greek islands, the last thing you expect is to be surrounded by thousands of people living in cardboard boxes and tents. However, that's just what I saw when I landed in Lesvos, Greece - a small island of 85,000 that has almost 20,000 refugees, now living on the streets, ""stuck"" on its island.","Nushin Alloo, ContributorGlobal strategy & development consultant, previously US State ...",2015-09-19
https://www.huffingtonpost.com/entry/manifesting-desires_us_5b9c5e75e4b03a1dcc7e25c3,What Are the 5 Universal Laws That Initiate Manifestation of Our Desires?,WELLNESS,"The universe is nothing but the self curving within itself to experience itself as spirit, mind, and matter. Consciousness in motion expresses itself as the matter of the universe -- our life situations.  The source of all creation is the spirit.","Peter Baksa, Contributor
Investigative Journalist/Entreprenuer/Author of 'The Point of ...",2012-10-04
https://www.huffingtonpost.com/entry/college-basketball-player-dribbles-out-clock-while-his-team-is-losing-by-1_us_583d5bace4b04b66c01ba23d,College Basketball Player Dribbles Out Clock While His Team Is Losing By 1,SPORTS,D'oh!,Ron Dicker,2016-11-29
https://www.huffpost.com/entry/goblin-planet_n_5bb46311e4b0876eda99705a,Weird Goblin Planet Found On The Edge Of Solar System,SCIENCE,The dwarf planet is new evidence of the long-sought Planet X.,Ed Mazza,2018-10-03
https://www.huffingtonpost.com/entry/jean-paul-gaultier_us_5b9b82b0e4b03a1dcc782a83,Jean Paul Gaultier Undressed: Lessons From the Designer's Childhood,STYLE & BEAUTY,"Gaultier's teddy bear, named Nana, was the first model who wore his fashion inventions. As a child, he spent hours crafting the now-famous cone brazier for Nana.","Teresa Rodriguez, Contributor
Author of FLY SOLO & Body, Mind, and Solo, founder jetsetmama....",2012-04-03
https://www.huffingtonpost.com/entry/march-madness-schedule-saturday-sunday_us_56eb02a0e4b09bf44a9cb686,The 2016 March Madness Schedule For Saturday And Sunday's Games,SPORTS,Watch live as your brackets bust.,Juliet Spies-Gans,2016-03-19
https://www.huffingtonpost.com/entry/george-hw-bush-laura-and_us_5b9baac3e4b03a1dcc797236,"George H.W. Bush, Laura And Family Arrive In New York Following Cruise On Queen Mary 2",TRAVEL,"Upon getting on the ship, Bush reiterated how excited he was. Barbara told USA Today that her husband had ""been talking about",,2012-05-04
https://www.huffingtonpost.com/entry/yemanja-feeding-a-dream-i_us_5b9df5cde4b03a1dcc8f8ee6,Yemanja: Feeding a Dream in the Carribean,FOOD & DRINK,"Just try a Vampira -- tequila, tomato, and some secrets even Bloody Mary wants to know -- and see if you ever want to go home again.","Dark Rye, Contributor
An online magazine from Whole Foods Market",2014-04-03
https://www.huffingtonpost.com/entry/facebook-safety-check-pakistan_us_56f81026e4b0143a9b487cab,Facebook Safety Check For Pakistan Bombing Accidentally Goes Worldwide,TECH,Even users thousands of miles from Lahore received the notification.,Kim Bellware,2016-03-27
https://www.huffingtonpost.com/entry/women-short-of-breath_us_5b9da6c3e4b03a1dcc8ad1f8,"Women Get Short Of Breath Faster Than Men While Exercising, Study Says",WELLNESS,"""Biologically, women's lungs are smaller,"" says lead study author Dennis Jensen, Ph.D., assistant professor at McGill University",,2013-11-08
https://www.huffingtonpost.com/entry/jonah-from-tonga-brownface_n_5713211.html,This HBO Show Used 'Brownface' And Pissed Off A Lot Of People,BLACK VOICES,,Carla Herreria,2014-09-03
https://www.huffingtonpost.com/entry/iraqi-forces-launch-final-assault-on-isis-held-mosul_us_59468386e4b01eab7a2e4f6d,Iraqi Forces Launch Final Assault On ISIS-Held Mosul,WORLD NEWS,"“This will be a terrifying time for around 100,000 people still trapped in Mosul’s Old City.""","Hamuda Hassan and Maher Chmaytelli, Reuters",2017-06-18
https://www.huffingtonpost.com/entry/asians-voting-clinton-election_us_58f79128e4b0de5bac431ec5,Poll In 11 Asian Languages: Far More Asians Voted For Clinton Than Reported,POLITICS,"Actual Asian-language poll reports 79% voted for Clinton, compared to the originally reported 65%.",Kimberly Yam,2017-04-20
https://www.huffingtonpost.com/entry/kelloggs-racist-corn-pops-boxes_us_59f1b5bae4b0af27f589d5a0,Kellogg’s Is Redesigning  Corn Pops Boxes So They're Not Racist,BLACK VOICES,"The company said it ""did not intend to offend.""",Lee Moran,2017-10-26
https://www.huffingtonpost.com/entry/relax-a-guidepost-to-heal_us_5b9cdbcae4b03a1dcc827b99,Relax:  A Guidepost to Health,TRAVEL,"Like a top athlete looking to boost performance, we all need recovery time to perform at our best. So, pace yourself and don't be afraid to turn it off.  Get some exercise and fresh air.  And quit eating lunch at your desk.  My dad would approve.","Bill Marriott, Contributor
Executive Chairman of the Board, Marriott International",2013-04-22
https://www.huffingtonpost.com/entry/7-musthave-experiences-in_b_6050812.html,7 Must-Have Experiences in South Africa,TRAVEL,"Whether it's the people, the culture, the scenery or some combination of all of the above, there is something about the country that compels you to want to explore more.","Tausha Cowan, ContributorCommunicator, travel enthusiast, founder of The Globe Getter",2014-11-02
https://www.huffingtonpost.com/entry/ben-carson-confederate-flag_us_5609a00ae4b0768126fea92d,Ben Carson: NASCAR Fans Should Keep Flying The Confederate Flag On Private Property,POLITICS,The GOP presidential hopeful just nabbed the support of retired NASCAR driver Richard Petty.,,2015-09-28
https://www.huffingtonpost.com/entry/back-to-the-future-ancien_us_5b9d59a0e4b03a1dcc86f6a4,Back to the Future: Ancient Beauty Secrets,STYLE & BEAUTY,"One of the things I love most about being in the beauty industry is that it really is the best blend of art and science. It's essential to evolve, and be completely engaged with the global beauty scene.","Napoleon Perdis, Contributor
Makeup artist",2013-07-15
https://www.huffingtonpost.com/entry/watch-becoming-fearless-about-work_us_5b9bd4eee4b03a1dcc7a985e,WATCH: Becoming Fearless About Work (VIDEO),WELLNESS,"How fearless are you when it comes to your career? In this exclusive Becoming Fearless video, Arianna Huffington and familiar",,2012-06-12
https://www.huffpost.com/entry/larry-kudlow-republican-national-convention-speech_n_5f45c630c5b6cf66b2b003ea,Trump Adviser Larry Kudlow Goes Full Trickle-Down In Throwback Economic Speech,POLITICS,"Capital gains tax cuts are just what the economy needs, according to Kudlow.",Daniel Marans and Matt Fuller,2020-08-26
https://www.huffingtonpost.com/entry/the-touching-story-behind-the-african-dancers-rihanna-just-made-instagram-famous_us_5aa96d42e4b0f4aaa1130fdf,The Touching Story Behind The African Dancers Rihanna Just Made Instagram Famous,ENTERTAINMENT,Rihanna has some pretty adorable new squad members. The songstress celebrated being the first female artist to reach 2 billion,"Suzy Byrne, Yahoo Entertainment",2018-03-14
https://www.huffingtonpost.com/entry/out-of-the-suburbs-and-into-the-woods-a-haiku-diary_b_5660535.html,Out of the Suburbs and into the Woods: A Haiku Diary,PARENTS,Truth: Family vacations are a whirlwind of frantically keeping your people entertained and happy when what you want is to be bored. Just for 10 minutes. One minute. One second.,"Peyton Price, ContributorAuthor, Suburban Haiku: Poetic Dispatches From Behind The ...",2014-08-08
https://www.huffingtonpost.com/entry/monique-calls-for-netflix-boycott-claims-race-and-gender-bias_us_5a64fc3be4b0e5630070d04b,"Mo'Nique Urges Netflix Boycott, Claims Race And Gender Pay Disparity",BLACK VOICES,"She claims she was offered only $500,000 for a comedy special while Amy Schumer got $13 million.",Taryn Finley,2018-01-21
https://www.huffingtonpost.com/entry/valentines-day-travel-hotel-packages_us_5b9cbf91e4b03a1dcc81756b,Valentine's Day Travel: The Most Over-The-Top Hotel Packages (PHOTOS),TRAVEL,"Ah, Valentine's Day. Whether you love it or hate it, it's an inevitability. February 14 is going to happen. Every hotel imaginable",,2013-01-31
https://www.huffingtonpost.com/entry/those-who-make-it-possibl_b_5574398.html,Those Who Make It Possible,IMPACT,"On days when you get to relax and have fun gathering with your friends and family for picnics and maybe some fireworks, give a few minute thoughts to those who keep us safe while we do it.","Anita Casalina, ContributorFounder, Billions Rising Foundation, Show Creator World Change...",2014-07-10
https://www.huffpost.com/entry/grace-and-frankie-dolly-parton_n_626a80e0e4b0cca67552a7f2,Jane Fonda Teases Dolly Parton's 'Grace & Frankie' Cameo And It Sounds Incredible,ENTERTAINMENT,"The country music star's role in the Netflix show's final season will ""knock your socks off,"" Fonda promised.",Lee Moran,2022-04-28
https://www.huffingtonpost.com/entry/julian-castro-obama-cabinet_n_5343763.html,Reports Link Rising Democratic Star To Obama Cabinet Post,POLITICS,,Chris Gentilviso,2014-05-17
https://www.huffingtonpost.com/entry/bernie-sanders-jane-sanders-fbi-investigation_us_594fc816e4b0da2c731c2d1d,"Facing FBI Bank Fraud Investigation, Bernie And Jane Sanders Hire Lawyers",POLITICS,The senator and his wife have hired a pair of high-profile defense attorneys in light of the federal probe.,Dominique Mosbergen,2017-06-25
https://www.huffingtonpost.com/entry/wedding-photos_us_5b9d62cde4b03a1dcc875f51,10 Things We Should All Know About Wedding Photographs,WEDDINGS,The photo isn't about the thing you see. It's about what others missed seeing in that moment that they ought to not miss. Don't create your wedding or its moments for the photos' sake. The photos should be created for the wedding's sake.,"G.E. Masana, Contributor
Portrait Artist-Photographer",2013-07-29
https://www.huffingtonpost.com/entry/aly-raisman-larry-nassar_us_5a69c747e4b0e56300769009,Aly Raisman: 'This Is Bigger Than Larry Nassar',WOMEN,"The Olympic gymnast said USA Gymnastics and others need to be held accountable for Nassar's abuses, too.",Hayley Miller,2018-01-25
https://www.huffingtonpost.com/entry/bachelorette-contestant-gives-most-emotionally-honest-moment_us_59643b0ee4b005b0fdc7cb7e,One Contestant Gives Us The Most Emotionally Honest Moment Of 'The Bachelorette',ENTERTAINMENT,Dean admitted that his family doesn't get along that well -- something you don't often hear on the show.,"Claire Fallon, Emma Gray, and Nick Offenberg",2017-07-11
https://www.huffingtonpost.com/entry/10-celebworthy-hot-spots_us_5b9cecf5e4b03a1dcc82fced,10 Celebrity Spring Break Hot Spots,TRAVEL,You've clocked two months of solid work since Christmas break and it's time for another escape.,"Joy Pecknold, Contributor
Fashion and travel writer, Passport blog editor for Kiwi Colle...",2013-03-13
https://www.huffingtonpost.com/entry/my-story-of-surviving-40-years-with-hiv-abridged-version_us_58458e75e4b04587de5debef,My Story Of Surviving 40 Years With HIV,HEALTHY LIVING,"This Dec. 1, World AIDS Day, marked the beginning of my 40th year of living with HIV. I use this day as the ceremonial start","Jim Chud, ContributorLong term HIV Survivor with a lot on My mind",2016-12-05
https://www.huffingtonpost.com/entry/republican-epa-administrators-endorse-clinton_us_57a9350ee4b06adc11f13ec3,"These Republicans Who Used To Run The EPA Are Terrified Of Trump, Too",POLITICS,"“Donald Trump has shown a profound ignorance of science.""",Kate Sheppard,2016-08-09
https://www.huffingtonpost.com/entry/elizabeth-warren-destroy-gop-health-care-bill_us_58d527c2e4b02a2eaab2e3c4,Watch Elizabeth Warren Destroy GOP Health Care Bill In Constituent Meeting,POLITICS,"Take note, Democrats.",Daniel Marans,2017-03-24
https://www.huffingtonpost.com/entry/brazil-impeachment-trial_us_57c3af2fe4b085c1ff29fc8a,Suspended Brazilian President Dilma Rousseff To Take The Stand At Impeachment Trial On Monday,THE WORLDPOST,"With the odds stacked against her, Rousseff’s testimony appears to be aimed at making a point for the history books rather than a bid to sway the Senate to block her eviction from office.","By Anthony Boadle, Reuters",2016-08-29
https://www.huffingtonpost.com/entry/why-credit-card-points-ar_b_6401630.html,Why Credit Card Points Aren't the New Miles,TRAVEL,"Since United and Delta changed the way miles are earned, everyone has been advocating the nearest credit card as the best way to get points. The math still shows flying is cheaper.","Map Happy, ContributorTravel smart.",2015-01-06
https://www.huffingtonpost.com/entry/sharpen-your-saw-habit-7_us_5b9decf6e4b03a1dcc8ee209,Sharpen Your Saw: Habit No. 7 of 7 Habits of Highly Effective People,WELLNESS,Ongoing Process of Sharpening The Saw Sharpening The Saw is an ongoing process of personal change -- not something you can,"Bruce Mayhew, Contributor
Corporate Trainer / Executive Coach",2014-03-21
https://www.huffingtonpost.com/entry/only-member-of-congress-to-vote-against-war-on-terror-says-shed-do-it-again_us_58e8eb1de4b058f0a02f9ac7,Only Member Of Congress To Vote Against War On Terror Says She'd Do It Again,POLITICS,"Barbara Lee said presidents have been ""hiding behind"" the 2001 war authorization ""to engage in unilateral action.""",Laura Barrón-López,2017-04-08
https://www.huffingtonpost.com/entry/its-not-far-and-einstein_b_7141936.html,It's Not Far and Einstein,IMPACT,"Tanzanians are habitually late for meetings and appointments. Mainly this is because the transportation infrastructure is so limited, it is tough to get around. The other reason is that Tanzania survives through relationships that focus on regular communication.","Phil Latessa, ContributorExecutive Director, Empower Tanzania Inc.",2015-04-27
https://www.huffingtonpost.com/entry/david-perdue-wins-georgia-senate-race_n_5839128.html,David Perdue Wins Georgia Senate Race,POLITICS,,Ashley Alman,2014-11-05
https://www.huffingtonpost.com/entry/1870-pregnancy-advice_us_5b9d1e8be4b03a1dcc849c52,10 Fascinating Pieces of Advice About Pregnancy and Childcare From the 1870s,PARENTING,"Dr. George H. Napheys' advice on pregnancy and nursing is totally insane, but much of his child rearing advice still applies.","Babble.com, Contributor
Real parents sharing real moments that help you think, help yo...",2013-05-06
https://www.huffingtonpost.com/entry/yellow-duck-protest-president-brazil_us_56ee8887e4b084c672207a1c,Gigantic Yellow Ducks Drafted In To Protest Against Brazil's President,THE WORLDPOST,The nation is enduring its deepest recession in 25 years.,,2016-03-20
https://www.huffingtonpost.com/entry/fanny-packs-are-in-we-swear_n_7453652.html,Why You Should Run Out And Buy A Fanny Pack,STYLE,,Michelle Persad,2015-05-28
https://www.huffingtonpost.com/entry/healthy-fall-autumn_us_5b9c5027e4b03a1dcc7db9ee,Healthy Fall: 7 Reasons Why Autumn Is Good For You,WELLNESS,"The sun rises just a little bit later and sets just a little bit earlier; there's a tell-tale chill in the air, enough to",,2012-09-22
https://www.huffingtonpost.com/entry/truth-and-consequences_3_b_6712344.html,Truth and Consequences,EDUCATION,"Winston Churchill once defended democracy by calling it, ""The worst form of government, except for all those other forms that have been tried from time to time."" Perhaps the same can be said for test-based accountability.","Peter Cunningham, ContributorExecutive Director, Education Post; Former Assistant Secretary...",2015-02-23
https://www.huffingtonpost.com/entry/fullbodied-fun-at-a-bb-wi_us_5b9c4249e4b03a1dcc7d6934,6 B&B Wineries Uncorking Full-Bodied Fun (PHOTOS),TRAVEL,"With the arrival of fall comes the wine harvest season. So, make plans to spend a weekend at one of these six B&B wineries and raise a glass to a fantastic getaway.","BnBFinder.com, Contributor
BnBFinder",2012-09-12
https://www.huffingtonpost.com/entry/corporate-power-must-be-tamed_b_5346356.html,Corporate Power Must Be Tamed,POLITICS,"This complacency by governments who are cowed by big business and big finance means a cocktail of increasing inequality, joblessness and informality with little or no change in the volatility of the financial sector as serious financial regulation gets pushed into the medium term at best.","Sharan Burrow, ContributorGeneral Secretary, International Trade Union Confederation",2014-05-18
https://www.huffingtonpost.com/entry/lgbt-fallen-heroes_us_5bafc111e4b0ad7692616ba5,'LGBT Fallen Heroes' Aims To Honor Late LGBT Service Members,QUEER VOICES,"""The LGBT Fallen Heroes Fund started because we needed a better way to handle the Memorial Service that we hold and we needed",,2014-02-02
https://www.huffingtonpost.com/entry/bill-maher-donald-trump-undecided_us_5801d03be4b0162c043c38b9,Bill Maher Rips The Undecided Voters Still Considering Donald Trump,COMEDY,"""There was no breaking point for you?""",Lee Moran,2016-10-15
https://www.huffingtonpost.com/entry/chris-crocker-v-magazine_us_5bafa2cae4b0ad76925f4823,"Chris Crocker Profiled In 'V' Magazine, Prepares For Debut Of 'Me At The Zoo' On HBO",QUEER VOICES,"However, Crocker insists that while he currently may be presenting as masculine, he hasn't divorced himself from his feminine",,2012-05-05
https://www.huffingtonpost.com/entry/how-to-use-the-cavaliers-motivational-tool-in-your-own-life_us_5768339ae4b0853f8bf1a7c7,The Cavaliers Had A Secret Motivational Tool. You Can Use It Too.,HEALTHY LIVING,It kept them focused on both the championship and the team.,Anna Almendrala,2016-06-20
https://www.huffingtonpost.com/entry/dreamers-are-our-students-and-we-must-protect-them_us_59f79a81e4b0c0c8e67c3968,DREAMers Are Our Students And We Must Protect Them,POLITICS,These individuals are American in every way.,"Eduardo J. Padrón, ContributorPresident, Miami Dade College.",2017-10-30
https://www.huffingtonpost.com/entry/best-beers-craft_us_5b9df55ae4b03a1dcc8f83e3,The 10 Best Beers You've Probably Never Heard Of,FOOD & DRINK,Get out of your beer rut.,Julie R. Thomson,2014-04-07
https://www.huffingtonpost.com/entry/uae-happiness-minister_us_56be178fe4b0c3c550510f38,This Country Is Making Happiness A Government Priority,HEALTHY LIVING,Sounds promising.,Lindsay Holmes,2016-02-15
https://www.huffingtonpost.com/entry/amazon-prime-streaming-standalone_us_5714df8fe4b0018f9cba6c4b,Amazon's New Streaming Service Is Cheaper Than Standard Netflix,TECH,But it may not be as good of a deal as you think.,Damon Beres,2016-04-18
https://www.huffingtonpost.com/entry/stream-super-bowl-50-free-online_us_56a7ce37e4b01a3ed12417bf,How To Stream The Super Bowl Online For Free In 2016,SPORTS,CBS Sports has got you covered.,Juliet Spies-Gans,2016-02-06
https://www.huffingtonpost.com/entry/stunning-travel-photograpy_us_5b9c7daae4b03a1dcc7f23b2,Stunning Travel Photography Exhibit Inspires Wanderlust (PHOTOS),TRAVEL,Le Méridien hotels and Air France have teamed up to present a stunning selection of wanderlust-inspiring travel photographs,,2012-11-07
https://www.huffpost.com/entry/nixon-defenders-hammering_n_5df28f42e4b0ca713e5ae99c,"House Judiciary Republicans Tried To Protect Nixon Too, And Got Crushed For It",POLITICS,Yet today’s House Republicans are not likely to break with Trump in impeachment votes.,S.V. Date,2019-12-12
https://www.huffpost.com/entry/container-ship-with-cocaine-seized_n_5d25dcf8e4b0583e482a021c,Container Ship Seized After Record $1.3 Billion Cocaine Bust: CBP,U.S. NEWS,"More than 35,000 pounds of cocaine was found during a raid of the MSC Gayane in Philadelphia, authorities said.",Nina Golgowski,2019-07-10
https://www.huffingtonpost.com/entry/crumpets-recipe-bread-baking_us_5b9cc831e4b03a1dcc81ce90,Recipe Of The Day: Crumpets,FOOD & DRINK,They're just as good as English muffins.,,2013-02-05
https://www.huffingtonpost.com/entry/what-the-supreme-courts-d_us_5bb195b1e4b01857b7086d54,What the Supreme Court's Decision on Obamacare Means for Homeless People,IMPACT,"Under the ACA, all uninsured citizens with incomes under $15,000 per year will be eligible for Medicaid starting in 2014","Nan Roman, Contributor
President, National Alliance to End Homelessness",2012-07-01
https://www.huffpost.com/entry/bill-weld-donald-trump-treason-ukraine_n_5d892ba7e4b0c2a85caf8eae,"Bill Weld: Trump Is Guilty Of 'Treason, Pure And Simple'",POLITICS,"The president's GOP rival said Trump's phone call with Ukraine goes beyond ""undermining democratic institutions.""",Amy Russo,2019-09-23
https://www.huffingtonpost.com/entry/the-end-is-near_us_5bad1156e4b04234e8567030,The End Is Near,COMEDY,,"Chris Michael, Contributor
Contributor",2012-12-23
https://www.huffingtonpost.com/entry/stanford-wins-rose-bowl-with-45-16-victory-over-iowa_us_56872ad3e4b0b958f65bcfe6,Stanford Wins Rose Bowl With 45-16 Victory Over Iowa,SPORTS,The Cardinal had the highest-scoring first quarter in the Rose Bowl's lengthy history.,"GREG BEACHAM, AP",2016-01-02
https://www.huffingtonpost.com/entry/climate-disasters-can-hope-rise-from-the-ashes_us_59ee231de4b0f777352c86c6,Climate Disasters: Can Hope Rise From The Ashes?,GREEN,Three things to learn from the California wildfires.,"Lisa Bennett, ContributorCo-author Ecoliterate.",2017-10-23
https://www.huffingtonpost.comhttp://nymag.com/daily/intelligencer/2016/05/ted-cruz-is-the-second-best-con-man-in-the-gop.html,Ted Cruz Is Losing Because He’s The Second-Best Con Man In The Republican Party,POLITICS,"The most revealing debate of the 2016 primary was held on the side of a road in Marion, Indiana, on Monday.",,2016-05-03
https://www.huffingtonpost.comhttp://www.wdde.org/49661-teens-distracted-walking,Study Shows Dangers Teens Face While Using Technology And Walking,PARENTING,A new study from Safe Kids Worldwide indicates that distractions caused by technology pose a threat to kids’ safety as they’re,,2013-09-10
https://www.huffingtonpost.com/entry/mike-owings-flying-brisket-bbq-fest_us_55f87109e4b0b48f6700e523,"Man Throws Brisket At Woman During Beef At BBQ Fest, Police Say",WEIRD NEWS,Some of the comments got pretty saucy.,,2015-09-15
https://www.huffingtonpost.comhttp://www.nytimes.com/2015/09/21/business/media/firing-at-los-angeles-times-focuses-discontent.html,LA Times Braces For Cuts After Publisher Laid Off,MEDIA,"In January, Jack Griffin, the chief executive of Tribune Publishing Company, took his senior management team to visit The",,2015-09-21
https://www.huffingtonpost.com/entry/does-the-eu-have-what-it-takes-to-be-a-climate-leader_us_592c310fe4b08861ed0ccb0c,Does The EU Have What It Takes To Be A Climate Leader?,GREEN,Leadership is more than just shaking hands at high-level summits.,"Faig Abbasov, ContributorAviation and Shipping Officer, Transport & Environment",2017-05-29
https://www.huffingtonpost.com/entry/lgbt-discrimination-ndaa_us_573de95de4b0ef86171d8400,Dem Lawmakers Shout 'Shame!' As GOP Scrambles To Save Anti-LGBT Provision,POLITICS,Rep. Sean Patrick Maloney had the votes to sink the discriminatory measure. He was overruled.,Jennifer Bendery,2016-05-19
https://www.huffingtonpost.com/entry/bart-berkeley-severed-foot_us_56946813e4b09dbb4bac645a,Severed Foot Discovered In Berkeley BART Station,CRIME,"""An unusual start to the workweek.""",Ed Mazza,2016-01-12
https://www.huffingtonpost.com/entry/michael-cohen-taxis-trump_us_5acd29fde4b06a6aac8cb374,FBI Has Questions About Michael Cohen’s Shady Taxicab Business,POLITICS,The president's attorney has been linked to some of the most notorious owners in the industry.,Molly Redden,2018-04-11
https://www.huffingtonpost.com/entry/classified-america_us_5914e6f6e4b02d6199b2edbd,Classified America,POLITICS,"For a journalist — especially one covering government and politics — the most suspicious, least trustworthy word in the language","Robert Koehler, ContributorPeace journalist",2017-05-11
https://www.huffingtonpost.com/entry/kids-and-technology_us_5b9c2b50e4b03a1dcc7cce26,"Technology, Social Networks and Kids: Questions Every Parent Should Ask",PARENTING,"For parents hoping to make technology a healthy part of life for kids, it's essential to not only speak with children about online safety and digital citizenship, but also make it a running conversation.","Scott Steinberg, Contributor
Keynote Speaker and Author, 'Make Change Work For You""",2012-08-21
https://www.huffingtonpost.com/entry/food-facts_us_5b9dacb8e4b03a1dcc8b4197,6 Fascinating Food Facts You Never Saw Coming (PHOTOS),FOOD & DRINK,How much chocolate is lethal for humans?,Liat Kornowski,2013-11-21
https://www.huffingtonpost.comhttp://www.vanityfair.com/culture/2015/10/ermahgerd-girl-true-story?utm_source=digg&utm_medium=facebook,Ermahgerddon: The Untold Story Of The Ermahgerd Girl,WOMEN,"In March 2012, 23-year-old Maggie Goldenberger was in the middle of a six-month trip to India and the Philippines with her",,2015-10-16
https://www.huffingtonpost.com/entry/jared-kushner-isreal-palestinian-peace-talks_us_5947c796e4b0f15cd5bcae6d,"Donald Trump Aides Jared Kushner, Jason Greenblatt To Visit Israel, Palestinians This Week",POLITICS,The talks follow Trump’s discussions last month with Israeli Prime Minister Benjamin Netanyahu and Palestinian President Mahmoud Abbas.,,2017-06-19
https://www.huffingtonpost.com/entry/jon-stewart-emmy-variety-series_us_55fb2a8de4b00310edf66317,Jon Stewart Accepts Final Emmy For 'Daily Show' In Outstanding Variety Talk Series,ENTERTAINMENT,A final Moment of Zen from Jon Stewart.,Bill Bradley,2015-09-21
https://www.huffingtonpost.com/entry/obama-nativist-trend-coul_n_6407100.html,"Obama: 'Nativist Trend' Could Hurt GOP Among Asian, Latino Voters In 2016",POLITICS,,,2015-01-02
https://www.huffingtonpost.com/entry/ten-steps-to-fight-inertia_b_6775778.html,10 Steps to Fight Inertia,BUSINESS,"If so, here are 10 actions you can take to dislodge your organization from its conventional thinking rut.","Bill Donius, ContributorAuthor + Speaker, ""Thought Revolution""",2015-02-28
https://www.huffingtonpost.com/entry/waistlines-expand-significantly-in-the-past-decade_us_57a6832de4b0ccb0237288ab,Waistlines Expand Significantly In The Past Decade As Obesity Grows,HEALTHY LIVING,"Despite a national initiative to reduce obesity, the percentage of obese Americans has risen in the past ten years. In 2004","Dawson Church, ContributorAuthor of the award-winning science book The Genie in Your Genes",2016-08-07
https://www.huffingtonpost.com/entry/dad-stress-sperm-epigenetic-changes-offspring_us_5b9d4222e4b03a1dcc86030b,"Dad's Stress Could Affect Offspring Through Epigenetic Changes To Sperm, Mouse Study Shows",WELLNESS,"The field of epigenetics is still relatively new, but other research has also suggested parents can pass on epigenetic traits",,2013-06-16
https://www.huffingtonpost.com/entry/mike-pence-indiana-bicentennial_us_5894eac7e4b09bd304bb60a0,Indiana Is Still Figuring Out How To Pay For A Bicentennial Celebration Mike Pence Wanted,POLITICS,A deal that the governor said would pay for the celebration's projects hasn't gone through.,Sam Levine,2017-02-03
https://www.huffingtonpost.com/entry/eyes-on-nyfw_us_5b9d7ef8e4b03a1dcc88bd8b,Eyes on #NYFW,STYLE & BEAUTY,"In a year where the deaths of over 1,000 garment workers in Bangladesh revealed that the West's demand for cheap product literally kills, the need for a solutions-based approach like Modavanti could not be more pressing or timely.","Anna Therese Day, Contributor
Independent journalist",2013-09-08
https://www.huffingtonpost.com/entry/stunning-modernist-mounta_us_5b9dba2ee4b03a1dcc8c17db,Stunning Modernist Mountain Escapes,TRAVEL,"Traditionally, the high-altitude aesthetic of mountain resorts has centered on knotty-pine-wood paneling, oversized stone","Departures Magazine, Contributor
Contributor",2014-01-11
https://www.huffingtonpost.com/entry/how-not-to-audit-the-pentagon_b_9655058.html,How Not to Audit the Pentagon,POLITICS,"From spending $150 million on private villas for a handful of personnel in Afghanistan to blowing $2.7 billion on an air surveillance balloon that doesn't work, the latest revelations of waste at the Pentagon are just the most recent howlers in a long line of similar stories stretching back at least five decades.","William Hartung, ContributorWriter and Foreign Policy Expert",2016-04-10
https://www.huffingtonpost.com/entry/mike-huckabee-2016_n_7090162.html,Mike Huckabee To Announce 2016 Plans On May 5,POLITICS,,Mollie Reilly,2015-04-17
https://www.huffingtonpost.com/entry/turkey-burger-recipe_us_5b9cc0d5e4b03a1dcc818519,Recipe Of The Day: Turkey Burger,FOOD & DRINK,"Even if it isn't summer yet, you still deserve a good burger.",,2013-01-28
https://www.huffingtonpost.com/entry/bobba-fett-jason-wingreen-dies_us_568808f7e4b014efe0daa542,"The Voice Of Boba Fett In 'Star Wars,' Jason Wingreen, Dies At 95",ENTERTAINMENT,R.I.P.,Bill Bradley,2016-01-02
https://www.huffingtonpost.com/entry/walking-benefits_us_5b9d0971e4b03a1dcc83ef4a,"Alzheimer's Caregivers: Try a Walk to Help Reduce Stress and Benefit Your Mind, Body and Spirit",WELLNESS,Caregivers need to find ways to decrease their stress levels in order to remain physically healthy and maintain their emotional welfare. Getting outdoors and taking a walk every day can be a great way to reduce stress.,"Rita Altman, R.N., Contributor
Senior Vice President of Memory Care & Program Services at Sun...",2013-04-12
https://www.huffingtonpost.com/entry/rihanna-naked_us_5b9d5dc5e4b03a1dcc871ab2,Rihanna Poses Naked For Her New Fragrance Rouge (PHOTOS),STYLE & BEAUTY,"Want more? Be sure to check out HuffPost Style on Twitter, Facebook, Tumblr, Pinterest and Instagram at @HuffPostStyle. So",,2013-07-19
https://www.huffingtonpost.com/entry/most-hated-people-in-fashion_us_5b9d0e08e4b03a1dcc8414e5,The 7 Most Hated People In Fashion (PHOTOS),STYLE & BEAUTY,So tell us: did we miss anyone? 2. Victoria Beckham Posh's propensity for pouting is just one reason the fashion designer,Rebecca Adams,2013-04-16
https://www.huffingtonpost.com/entry/top-tips-for-picking-the_us_5b9c5b20e4b03a1dcc7e0589,Top Tips For Picking The Right Cruise Stateroom,TRAVEL,"The average hotel room in the United States measures 300 square feet; in contrast, the average cruise cabin measures about 175 square feet. It's what you get for that space that's important.","Anita Dunham-Potter, Contributor
Cruise journalist and consumer advocate",2012-10-01
https://www.huffingtonpost.com/entry/filmmakers-pass-out-weed-theater_n_5568579.html,Pot Documentary Filmmaker To Pass Out Free Weed At Screenings In Colorado,WEIRD NEWS,,Tyler McCarthy,2014-07-08
https://www.huffingtonpost.com/entry/how-to-deal-with-fresh-to_us_5b9d7984e4b03a1dcc887a58,How to Deal With Fresh Tomatoes,FOOD & DRINK,All the skills you need to get your tomatoes ready for cooking (or eating).,"Food52, Contributor
food52.com",2013-08-30
https://www.huffingtonpost.com/entry/mara-hoffman-campaign_us_58bdb427e4b09ab537d5852b,"Mara Hoffman Taps 'Feminists, Activists And Artists' For Powerful Shoot",STYLE,"""This project was my way to thank them for their courage and their hope, especially in the times we are facing right now.”",Jamie Feldman,2017-03-08
https://www.huffingtonpost.com/entry/son-lies-and-says-he-has-no-homework_us_5b9de9a4e4b03a1dcc8e96ef,Son Lies and Says He Has No Homework or Teacher 'Lost' His Assignments!,PARENTING,It is only when parents consider the why behind a child's upsetting behavior and then join with their child in a way that fosters safety and the sense that we're on their side that we can address their problems with them in a way that is clean and effective.,"Susan Stiffelman, Contributor
Author of Parenting With Presence (and Eckhart Tolle edition) ...",2014-03-05
https://www.huffingtonpost.com/entry/healthy-living-news_us_5b9dec13e4b03a1dcc8eccda,Chemicals in Everyday Products Can Ruin Your Health,WELLNESS,"Chemicals in your household products may be negatively affecting your hormones, says a recent study by the World Health Organization. The exposure happens on a daily basis from being in contact with items like soap, shampoo, cleaners, drinking water, food and plastic containers.","Beth Greer, Contributor
Bestselling Author, Environmental Health Advocate, Healthy Hom...",2014-03-17
https://www.huffingtonpost.com/entry/elton-jon-pubd_us_57ffbb41e4b0162c043a93f7,Elton John To Write About 'Rollercoaster' Life In Upcoming Memoir,QUEER VOICES,"We're totally feeling the love tonight, Elton.",Jenna Amatulli,2016-10-13
https://www.huffingtonpost.com/entry/dont-be-surprised-by-reti_b_5738792.html,Don't Be Surprised by Retiree Healthcare Costs,FIFTY,,"Jason Alderman, ContributorVice President, Knoweldge Universe",2014-10-01
https://www.huffingtonpost.com/entry/americans-spending-less-election-2012_us_5b9c719ce4b03a1dcc7eb0b9,Two In Five Americans Spending Less In Anticipation Of The Election: Survey,MONEY,"Considering the uncertainty of what's ahead, it's not surprising Americans intend to put money away for a rainy day. But",Caroline Fairchild,2012-10-24
https://www.huffingtonpost.com/entry/the-global-search-for-edu_b_6285838.html,The Global Search for Education: Creative China - Part 2,EDUCATION,,"C. M. Rubin, ContributorBlogger and author, 'The Real Alice in Wonderland'",2014-12-08
https://www.huffpost.com/entry/amir-locke-killing-moratorium-no-knock-entries_n_61fe70a3e4b0b69cfe8f7dfd,Minneapolis Mayor Issues Moratorium On No-Knock Entries After Police Killing Of Amir Locke,U.S. NEWS,"The parents of Locke, a 22-year-old Black man, say he was “executed” after he was startled from a deep sleep and reached for a legal firearm for protection.","STEVE KARNOWSKI and AMY FORLITI, AP",2022-02-05
https://www.huffingtonpost.com/entry/clowns-haunted-house-sex-toy-assault_n_6030384.html,Clowns Assaulted Haunted House Visitors With Sex Toys: Lawsuit,CRIME,,Hilary Hanson,2014-10-22
https://www.huffingtonpost.com/entry/hate-crimes-in-libraries_us_584f121de4b0e05aded54805,Hate Crimes In Libraries See Post-Election Spike,ARTS & CULTURE,The American Library Association is now formally tracking them.,Maddie Crum,2016-12-12
https://www.huffingtonpost.com/entry/trusting-the-crowd-and-th_b_6166406.html,Trusting the Crowd and the Machines,BUSINESS,"The business environment of the future needs to trust people and technology and provide flexibility and choice for employees to connect with complementary skills across a network, to work together on challenges, to learn fast, unlock their passion and improve performance.","Despina Katsikakis, ContributorGlobally renowned expert on how to transform the workplace to ...",2014-11-19
https://www.huffingtonpost.com/entry/easy-listener-sizzling-ho_b_10308174.html,"Easy Listener: Sizzling-Hot Jazz/Cabaret CDs From Barb Jungr, Dane Vannatter, Barbara Fasano, Tony Yazbeck",ENTERTAINMENT,,"David Finkle, ContributorWriter, Drama Critic",2016-06-05
https://www.huffingtonpost.com/entry/jake-tapper-jared-kushner-donald-trump-worl_us_58e368abe4b0f4a923b1881c,Jake Tapper Mocks Donald Trump For Handing Jared Kushner So Much Power,MEDIA,"""So Jared Kushner is in charge of the world apparently.""",Lee Moran,2017-04-04
https://www.huffingtonpost.com/entry/sleep-deprivation-blood-vessels-breathing-control_us_5b9d11cfe4b03a1dcc84430d,"Sleep Deprivation Could Impair Blood Vessel Functioning, Breathing Control: Study",WELLNESS,"The study, presented at the Experimental Biology 2013 meeting, shows that sleep deprivation may have negative effects on",,2013-04-25
https://www.huffingtonpost.com/entry/did-facebook-really-elect_b_13208968.html,Did Facebook Really Elect Trump President?,POLITICS,"By now we've all heard about it. Facebook has a fake news problem, a rampant epidemic of phony and outrageous headlines in which a fraction-of-a-penny-per-click gets traded for lies.","Mark Weinstein, ContributorLeading privacy advocate, visionary social media pioneer, and ...",2016-11-26
https://www.huffingtonpost.comhttp://parenting.blogs.nytimes.com/2012/11/16/four-hours-of-screen-time-no-problem/,Four Hours of Screen Time? No Problem,PARENTING,"This past summer, I came home from work to find my son and his friend M. playing Roblox, a massively multiplayer online game",,2012-11-16
https://www.huffingtonpost.com/entry/are-all-millennials-murderers_us_598dd91ce4b063e2ae057f2e,Are All Millennials Murderers?,BUSINESS,Millennials have been getting hammered by the media and their older counterparts for years and it really needs to STOP! I,"Dillon Knight Kalkhurst, ContributorAuthor-Speaker-Coach: Intergenerational Engagement Expert",2017-08-11
https://www.huffingtonpost.com/entry/foxconn-in-choppy-waters-over-plan-to-drain-the-great_us_5abe43afe4b0f8e848433752,Foxconn In Choppy Waters Over Plan To Drain The Great Lakes,POLITICS,Wisconsin brokered a deal that gives Foxconn billions in incentives to open a factory in the state. But the deal’s legality,"Stateline, Editorial Partner",2018-03-30
https://www.huffingtonpost.com/entry/mequilibrium-stress-tip_n_6632124.html,5 Ways To Add More Relaxation Into Your Routine,HEALTHY LIVING,,Lindsay Holmes,2015-02-07
https://www.huffingtonpost.com/entry/wedding-protest_us_5b9c86dae4b03a1dcc7f75b9,Wedding Protest: Hundreds Furious After Bride Demands Cash,WEDDINGS,"Keep in touch! Check out HuffPost Weddings on Facebook, Twitter and Pinterest. A spokesperson for the hotel where the wedding",,2012-11-16
https://www.huffingtonpost.com/entry/thomas-jefferson-homes_us_5b9d5370e4b03a1dcc86a92f,"5 Ways Thomas Jefferson Changed Our Homes, Inside And Out (PHOTOS)",HOME & LIVING,You'd be surprised at how many of his inventions withstood the test of time.,Brie Dyas,2013-07-04
https://www.huffingtonpost.com/entry/katy-perry-convent-sale-jury-award_us_5a12f957e4b0c335e9960fec,Katy Perry Awarded $1.57 Million From Entrepreneur Who Interfered With Convent Sale,ENTERTAINMENT,The pop star has been trying to buy the prime Los Angeles property for two years.,Carol Kuruvilla,2017-11-20
https://www.huffingtonpost.com/entry/kenneth-walker-firefighter-home-fire_us_57a61703e4b021fd9878ca67,Neighbor Accused Of Torching Black Firefighter's Home,BLACK VOICES,"The firefighter received a racist, threatening note days before the attack.",Hilary Hanson,2016-08-06
https://www.huffingtonpost.com/entry/look-what-we-found-on-craigslist-better-lgbt-health_us_586fb912e4b0eb9e49bfbaab,Look What We Found On Craigslist -- Better LGBTQ Health!,QUEER VOICES,Some of the other biggest LGBTQ wellness stories of the week.,"LGBT HealthLink, ContributorLGBT HealthLink is a community-driven network of experts and p...",2017-01-06
https://www.huffingtonpost.com/entry/federal-ban-methadone-vans_us_5ab50dcfe4b0cde6b4f23c65,Federal Ban On Methadone Vans Seen As Barrier To Treatment,POLITICS,States and treatment companies want to offer methadone clinics on wheels to reach more people with opioid addictions in remote and underserved areas. But the federal government is standing in their way.,"Stateline, Editorial Partner",2018-03-23
https://www.huffingtonpost.comhttp://www.mnn.com/family/protection-safety/stories/what-we-learned-from-the-deadliest-hurricane-in-us-history,What We Learned From The Deadliest Hurricane In U.S. History,ENVIRONMENT,"The 1900 Galveston Hurricane killed more than 6,000 people. The tragedy may have occurred more than 100 years ago, but it",,2013-12-08
https://www.huffingtonpost.com/entry/emoji-pantone-mashup_us_56141dcfe4b022a4ce5fc37d,And Here's The Emoji Pantone Mashup You've Been Waiting For,ARTS & CULTURE,"Pop culture mavens, rejoice!",Priscilla Frank,2015-10-07
https://www.huffingtonpost.com/entry/chris-pratt-apologizes-in-advance_n_7428104.html,Chris Pratt Pre-Apologizes For Messing Up The 'Jurassic World' Press Tour,ENTERTAINMENT,,Lily Karlin,2015-05-23
https://www.huffpost.com/entry/snl-perfectly-parodies-the-drew-barrymore-show-with-dig-at-ellen_n_5f79cc2fc5b64cf6a251ad65,'SNL' Perfectly Parodies 'The Drew Barrymore Show' With Dig At Ellen,ENTERTAINMENT,"Stop sleeping on Chloe Fineman, the master impressionist of ""Saturday Night Live.""",Cole Delbyck,2020-10-04
https://www.huffingtonpost.com/entry/ring-ring-ring-ring-ring-ring-ring_us_590b3d84e4b02655f844f1e2,"A Real, Functional Banana Phone Is Coming Soon",WEIRD NEWS,"You may look questionable while using it, but who cares!",Jenna Amatulli,2017-05-04
https://www.huffingtonpost.com/entry/selfiefinance_b_5767668.html,Selfie-Finance,BUSINESS,"This past month I became parent to a teenager. Among the obvious anxieties this rite prompted, I also had the pleasure of learning American teens have been deemed ""mediocre"" when it comes to personal finance.","Adrienne Becker, ContributorCEO of Killer Content, Inc.",2014-09-07
https://www.huffingtonpost.com/entry/republicans-bank-bill_us_5aa17972e4b0d4f5b66eb71f,Republicans Eye Making Bank Bill Even Weaker For Consumers,POLITICS,"A provision benefiting veterans has gotten less beneficial, according to a Democratic senator.",Arthur Delaney,2018-03-08
https://www.huffingtonpost.com/entry/rewards-program-encourages-snap-recipients-to-make_us_5a96ce23e4b062df100e865b,Rewards Program Encourages SNAP Recipients To Make Healthy Choices,POLITICS,Cities and states are trying new ways to entice food stamp recipients to eat their fruits and vegetables. But the Trump administration’s plans to slash food stamp benefits could change all that.,"Stateline, Editorial Partner",2018-02-28
https://www.huffingtonpost.com/entry/new-york-daily-news-sean-hannity-front-cover_us_5ad5aaa5e4b077c89cec4032,New York Daily News Scorches Sean Hannity With New Cover,MEDIA,The tabloid did not hold back.,Lee Moran,2018-04-17
https://www.huffingtonpost.comhttp://www.appeal-democrat.com/articles/climate-115331-nasheed-change.html,"Amy Goodman: The Long, Hot March Of Climate Change",ENVIRONMENT,"Phe Pentagon knows it. The world's largest insurers know it. Now, governments may be overthrown because of it. It is climate",,2012-04-22
https://www.huffingtonpost.com/entry/shonda-rhimes-netflix-exclusive-deal-leaving-abc_us_599152b5e4b08a2472756b28,Shonda Rhimes Is Taking All Her Brilliant Talent To Netflix,ENTERTAINMENT,"See ya later, network TV.",Rebecca Shapiro,2017-08-14
https://www.huffingtonpost.com/entry/marcus-mariota-beats-by-dre-video_n_7185670.html,Marcus Mariota Featured In Inspiring Beats By Dre Ad,SPORTS,The video follows the Heisman winner through his hometown of Honolulu.,James Cave,2015-05-01
https://www.huffingtonpost.com/entry/jerusalem-my-spiritual-travels_us_5b9dec97e4b03a1dcc8ed894,My Spiritual Travels in Jerusalem,TRAVEL,"Many travelers come to Jerusalem as a spiritual pilgrimage. But even if you're not religious, the city is an monumental place to visit -- especially with a seasoned guide, who can explain the city's complicated history.","La Carmina, Contributor
Travel TV host, fashion blogger at lacarmina.com and @lacarmina",2014-03-13
https://www.huffingtonpost.com/entry/unslut-project-documentary-emily-lindin_n_6745616.html,A Powerful Look At How Devastating Sexual Bullying Can Be,WOMEN,,Nina Bahadur,2015-02-25
https://www.huffingtonpost.com/entry/thursdays-morning-email-judge-halts-trumps-travel-ban_us_58ca7598e4b00705db4c5c57,Thursday's Morning Email: Judge halts Trump's travel ban,POLITICS,TOP STORIES (And want to get The Morning Email each weekday? Sign up here.) NOTE TO MORNING EMAIL READERS: Lauren Weber is,Eliot Nelson,2017-03-16
https://www.huffingtonpost.com/entry/not-even-he-can-mess-this-up_us_58ab8328e4b03250fc905e5e,Not Even He Can Mess This Up,POLITICS,The revolution is already happening.,"Michael Brune, ContributorExecutive Director, Sierra Club",2017-02-21
https://www.huffingtonpost.com/entry/transgender-military-ban-discrimination_us_57758039e4b09b4c43bfab8a,Transgender Americans Can Now Fight And Die For A Country That Doesn't Protect Them At Home,POLITICS,There is still no federal law barring workplace discrimination on the basis of sexual orientation and gender identity.,Amanda Terkel,2016-06-30
https://www.huffpost.com/entry/jonathan-bennett-jaymes-vaughan-married_n_6238dd29e4b0d39357cb4223,'Mean Girls' Star Jonathan Bennett Marries Jaymes Vaughan In Mexico,ENTERTAINMENT,"The two men made it official in a stunning beach ceremony that included a fireworks display set to the soundtrack of ""The Greatest Showman.""",Curtis M. Wong,2022-03-21
https://www.huffingtonpost.com/entry/healthy-breakfast_us_5b9b9c2be4b03a1dcc7906c1,"For the Best Breakfasts, Look to Our Neighbors",WELLNESS,The benefits of breakfast are almost too numerous to list. I find that more and more people now know that they should eat breakfast -- but they still ask me what to eat. My advice is to eat traditional foods.,"Manuel Villacorta, Contributor
Registered Dietitian Nutritionist. Speaker. Author. Founder of...",2012-04-27
https://www.huffingtonpost.com/entry/the-arctic-a-journey-of-e_us_5b9b7b8ae4b03a1dcc77f747,The Arctic: A Journey Of Epic Proportions,TRAVEL,Each day of the journey brought unpredictable thrills and excitement. And it wasn't just the landscapes that floored me.,"G Adventures, Contributor
World leader in adventure travel",2012-03-24
https://www.huffingtonpost.com/entry/schumer-gop-trump-putin_us_5898c8b0e4b09bd304bcb74e,Chuck Schumer Trolls GOP Over Donald Trump's Comparison Of America To Vladimir Putin,POLITICS,"“Where are you? You know if a Democrat said it, you’d be just howling at the moon,"" he said.",Michael McAuliff,2017-02-06
https://www.huffingtonpost.com/entry/best-restaurant-in-the-world_us_5761796de4b05e4be860627e,The Best Restaurant In The World Is Not What You're Thinking,TASTE,"Guess again, folks.",Suzy Strutner,2016-06-15
https://www.huffingtonpost.com/entry/the-snowden-effect_us_58c35900e4b0a797c1d39cdc,The Snowden Effect,POLITICS,For well over half a century the U.S. has depended on its Intelligence Community as the first line of defense in meeting,"Abraham R. Wagner, ContributorSenior Fellow, Center for Advanced Studies on Terrorism (CAST)",2017-03-11
https://www.huffingtonpost.com/entry/racing-to-win-the-conques_us_5bb305fae4b0480ca661b2f2,Racing to Win: The Conquest of the South Pole,BUSINESS,"Last week, as 52 passengers were rescued from a ship stuck in Antarctic ice for 10 days, I was reminded of an earlier expedition to the dangerous, seductive and, at the time, largely unchartered continent of Antarctica: the race to discover the South Pole.","Nancy F. Koehn, Contributor
James E. Robison Professor of Business Administration at Harva...",2014-01-11
https://www.huffingtonpost.com/entry/harden-drops-43-leads-roc_b_8499498.html,Harden Drops 43 Leads Rockets Past Kings,SPORTS,James Harden is no Stephen Curry but the runner up MVP is making noise as he gets his Rockets back on track in the West.,"Malaika Bobino, ContributorWriter and sports enthusiast",2015-11-07
https://www.huffingtonpost.com/entry/jessica-alba-chrissy-teign-vacation_n_6954578.html,Jessica Alba And Chrissy Teigen Are Gorgeous Beach Babes,ENTERTAINMENT,,Leigh Blickley,2015-03-27
https://www.huffingtonpost.com/entry/decorating-small-spaces_us_5b9c71aae4b03a1dcc7eb18f,Spice Up Small Spaces With These Expert Tips,HOME & LIVING,We see a lot of small space problems... and come up with even more solutions.,"Ron Barth, Contributor
President, Resource Furniture",2012-10-24
https://www.huffingtonpost.com/entry/human-chain-rescues-dog-kazakhstan_us_57602bdbe4b053d433065db1,Human Chain Pulls Dog Out Of Deep Channel In Heartwarming Rescue,THE WORLDPOST,A little video reminder that people really are good.,Nina Golgowski,2016-06-14
https://www.huffingtonpost.com/entry/8-things-it-took-parenthood-to-teach-me-about-my-own-parents_b_5961468.html,8 Things It Took Parenthood to Teach Me About My Own Parents,PARENTS,"It's taken 30+ years of life, marriage and two kids to really understand what my parents have done -- and are still doing -- for me. Here are a few of the decisions, actions and sacrifices they made that I only comprehended after becoming a parent myself.","Audra Rundle, ContributorWriter, runner, mom, ultra marathoner, editor",2014-10-10
https://www.huffingtonpost.com/entry/charlie-hebdo-pakistan_n_6496068.html,"Anti-Charlie Hebdo Rally In Pakistan Draws 5,000 People",WORLDPOST,,,2015-01-18
https://www.huffingtonpost.com/entry/parents-teach-your-high-school-kids-about-money_us_5b9dd2f8e4b03a1dcc8d5a5e,Parents: Teach Your High School Kids About Money,PARENTING,"As your kids move forward on their road to independence, the lessons build upon the foundation of principles you have helped them build -- and address the real-life situations and obstacles they will encounter.","Neale Godfrey, Contributor
The financial voice for Baby Boomers, Millennials, and their o...",2014-01-29
https://www.huffingtonpost.com/entry/laurensia-swandito-gps-guide_us_56f548d6e4b014d3fe22de16,Laurensia Swandito's GPS Guide On Forgetting Troubles Before Bed,HEALTHY LIVING,Let them go.,"GPS Guides, The Huffington Post",2016-03-25
https://www.huffingtonpost.com/entry/when-photography-becomes-_b_6689628.html,When Photography Becomes More Than Just Taking Pictures,ARTS,"We wanted to take the best photograph ever taken in Myanmar.   My guide, MM, and I were tired of the same stale images being photographed of his country over and over.  We felt we could do something better and if not better at least more original. Of course we are as guilty as all the other photographers that took the same tried and true photographs, great images initially but ones that were starting to bore us.","Stephen Wallace, M.D., J.D., ContributorAnesthesiologist, Attorney",2015-02-17
https://www.huffingtonpost.com/entry/gardners-fake-schedule-conflict_us_5967b85de4b06a2c8edb44c3,Gardner's Fake Schedule Conflict?,POLITICS,Monger was featured in a Healthier Colorado advertisement opposing the U.S. Senate’s bill to replace Obamacare.,"Jason Salzman, ContributorFormer Media Critic, Rocky Mountain News",2017-07-14
https://www.huffingtonpost.com/entry/teen-romance_us_5b9bd9aee4b03a1dcc7aba73,Teen Romance and the Romeo and Juliet Effect,PARENTING,Is it normal for a 13-year-old boy to be expressing love at such a young age?,"Dr. Barbara Greenberg, Contributor
Clinical Psychologist",2012-06-15
https://www.huffingtonpost.com/entry/charon-photos-pluto-moon-violent-past_us_560df47fe4b076812701805e,Stunning New Charon Photos Reveal Pluto Moon's Violent Past,SCIENCE,"Craters, sure, but Charon's surface also features mountains, landslides, and a gigantic canyon.",David Freeman,2015-10-02
https://www.huffingtonpost.com/entry/dutee-chand-scores-important-victory-for-hyperandrogenic-female-athletes_us_55b66b60e4b0224d88330c53,Dutee Chand Scores Important Victory For Hyperandrogenic Female Athletes,SPORTS,Sport's highest court has suspended IAAF rules governing women who have high levels of male hormones.,,2015-07-27
https://www.huffingtonpost.comhttp://apps.washingtonpost.com/g/page/national/the-health-hazards-of-sitting/750/,The Health Hazards Of Sitting,WELLNESS,"We know sitting too much is bad, and most of us intuitively feel a little guilty after a long TV binge. But what exactly",,2014-01-22
https://www.huffingtonpost.com/entry/uber-app-tracking_us_59a515fae4b0446b3b861a88,Uber To Pull App Feature That Tracked Riders After Their Trips Ended,BUSINESS,The change is in response to users and privacy advocates who complained about how the company collected its data.,"By Dustin Volz, Reuters",2017-08-29
https://www.huffingtonpost.com/entry/britney-spears-shares-abs-olutely-silly-selfie_us_588b2dcae4b0230ce61b3580,Britney Spears Shares Abs-olutely Silly Selfie,ENTERTAINMENT,"Mirror mirror, off the wall.",Ron Dicker,2017-01-27
https://www.huffingtonpost.com/entry/gluten-free-fad_us_5b9d7d9de4b03a1dcc88a959,This Gluten-Free Thing Is a Really Overblown Fad!,WELLNESS,"For many people, a ""gluten-free"" label unfortunately bestows a cachet of health onto whatever processed food it graces. Potato chips? They're gluten-free! Triple-chocolate brownie mud slide?  Eat without guilt! Of course, you don't actually need gluten-free products to go gluten-free.","Mark Sisson, Contributor
Former elite marathoner and triathlete; Author, 'The Primal Bl...",2013-09-05
https://www.huffingtonpost.com/entry/blink-sarah-honan_n_6943006.html,60 Years Of Jane Doe Portraits Give Nameless Women The Attention They Deserve,ARTS,,Katherine Brooks,2015-03-28
https://www.huffingtonpost.com/entry/what-does-blackonblack-cr_b_6239360.html,What Does 'Black-On-Black Crime' Have to Do With Ferguson?,POLITICS,"No matter how ""respectable"" we are or become, as long as our skin is Black we will never amount to white standards though we are expected to be a reflection of them. Respectability will never be a solution because the issue isn't us; it's how white America views blackness.","Julia Craven, ContributorPolitics Reporter, The Huffington Post",2014-11-30
https://www.huffingtonpost.com/entry/rolling-stone-review-rape_n_7004722.html,Rolling Stone Awaits Review Of Debunked UVA Gang Rape Story,MEDIA,,,2015-04-04
https://www.huffingtonpost.comhttp://www.washingtonpost.com/business/economy/under-jeb-bush-housing-prices-fueled-floridas-boom-then-it-all-went-bust/2015/07/27/3cb40da2-2409-11e5-b72c-2b7d516e1e0e_story.html,Jeb's Claim Of His Florida Boom Economy Has A Big Problem,POLITICS,"BOCA RATON, Fla. — On the campaign trail, Jeb Bush has repeatedly emphasized his record overseeing Florida’s boom economy",,2015-07-28
https://www.huffingtonpost.com/entry/emmy-dresses-2013-photos_us_5b9d89a1e4b03a1dcc89434a,These Are The Dresses The Stars Should Have Worn To The Emmys (PHOTOS),STYLE & BEAUTY,Lena Dunham --> Temperley London Alyson Hannigan --> Delpozo January Jones --> Cushnie et Ochs If she's not in a wedding,Michelle Persad,2013-09-23
https://www.huffpost.com/entry/pete-buttigieg-plan-disability-rights_n_5dbb4387e4b066da552ec31d,Pete Buttigieg Reveals New Plan To Expand Rights For People With Disabilities,POLITICS,"The proposals include ending a minimum wage loophole, improving education for disabled students and implementing Social Security reforms.",Wendy Lu,2019-11-02
https://www.huffpost.com/entry/aoc-most-important-feminist-speech-generation_n_5f1afeb3c5b6128e68251cf9,AOC Gave The Most Important Feminist Speech In A Generation,POLITICS,Rep. Alexandria Ocasio-Cortez's remarks were an eloquent dismantling of the playbook men have used to keep women in their place for centuries.,Emily Peck,2020-07-24
https://www.huffingtonpost.com/entry/pet-loss_us_5b9cc0dfe4b03a1dcc8185e6,Ending the Life of a Pet,WELLNESS,"This afternoon, my dog will leave this world in my arms without pain, with my lipstick kiss on her mature Maltese mane.  Tonight, when it is late and dark and time to sleep, I will feel her presence beside me.","Mary Crescenzo, Contributor
Playwright, writer, poet and Jazz singer",2013-01-30
https://www.huffpost.com/entry/kid-rock-nashville-christmas-parade-grand-marshall_n_5c01e947e4b0606a15b55681,Kid Rock Out As Grand Marshall Of Nashville's Christmas Parade Over Joy Behar Slur,ENTERTAINMENT,Kid Rock is being replaced with Waffle House shooting hero James Shaw Jr. after the country rapper used an expletive to refer to Joy Behar.,Carla Herreria Russo,2018-12-01
https://www.huffingtonpost.com/entry/5-cops-busted-lying-on-the-stand_b_5229900.html,5 Cops Busted Lying on the Stand: Just Another Day on the Front Lines,CRIME,"When we discover that a police officer has lied, it raises serious questions and concerns. For every falsehood uncovered, how often does one go unnoticed? How often do an officer's lies end up becoming damning evidence against a defendant?","Michael Komorn, ContributorPresident, Michigan Medical Marijuana Association",2014-04-30
https://www.huffingtonpost.com/entry/mcdonalds-transgender-lawsuit_us_59443162e4b0f15cd5bb4291,"Trans Employee Sues McDonald's For 'Extreme Sexual Harassment,' Discrimination",QUEER VOICES,La’Ray Reed says she was fired after complaining about the abuse to managers.,Curtis M. Wong,2017-06-17
https://www.huffingtonpost.com/entry/a-conversation-with-decor_us_5b9d9c59e4b03a1dcc8a31c1,A Conversation With Decorator Ellie Cullman,HOME & LIVING,"Cullman pauses from the many milestones of her career to talk about female empowerment, skin regimens and Raisinettes.","Blue Carreon, Contributor
Fashion writer",2013-10-22
https://www.huffingtonpost.com/entry/common-salad-making-mistakes_us_5b9d26ace4b03a1dcc84ec80,Common Salad Mistakes,FOOD & DRINK,"Whatever you do, take it easy with the dressing.",,2013-05-13
https://www.huffingtonpost.com/entry/nasa-asteroid-capture-mission-ideas_us_5baeb862e4b014374e2e7593,"NASA's Asteroid Capture Mission Flooded With Ideas From Private Companies, Non-Profits",SCIENCE,Wildest Private Deep-Space Mission Ideas: A Countdown How to Catch an Asteroid: NASA Mission Explained (Infographic) Animation,"LiveScience, LiveScience",2013-07-28
https://www.huffingtonpost.com/entry/lets-reduce-loss-of-life-from-irma_us_59b04bc7e4b0d0c16bb52999,Let’s Reduce Loss Of Life From Irma,IMPACT,Every effort must be made in the coming days to ensure that warnings reach the most marginalised and vulnerable.,"A View From The United Nations, ContributorSenior officials speak on global issues",2017-09-06
https://www.huffingtonpost.com/entry/how-to-make-punch-without_us_5b9db9e5e4b03a1dcc8c1369,How to Make the Perfect Boozy Punch for the Holidays,FOOD & DRINK,We love recipes -- but do we always use them? Of course not. Kenzi Wilbur shows us how to make boozy party punch with whatever is lingering in your liquor cabinet.,"Food52, Contributor
food52.com",2013-12-21
https://www.huffpost.com/entry/prisoner-voting-rights_n_5cf1414be4b0e8085e38f96a,Democrats Are Divided On Whether To Let Felons Vote In Prison,POLITICS,"Americans favor letting people vote once they finish their sentences, but are much more hesitant about letting them vote while incarcerated.",Ariel Edwards-Levy and Sam Levine,2019-05-31
https://www.huffingtonpost.com/entry/bill-maher-new-rule-liberty-university_us_5bacff0be4b04234e8557e9c,Bill Maher: Liberty University Is Not A Real School,COMEDY,"Romney delivered Liberty's commencement speech on May 12. At the end of ""Real Time"" Friday night, Bill Maher lambasted Liberty",Benjamin Hart,2012-05-20
https://www.huffingtonpost.comhttp://pubx.ch/1LqAWvD,Thieving Magpie Steals Joint From Man,WEIRD NEWS,A magpie in Germany got a pot smoker all out of joint when the bird stole the spliff the guy was smoking.,,2015-07-21
https://www.huffingtonpost.com/entry/super-bowl-fans-babies_us_5b9b4886e4b03a1dcc764a47,Super Bowl Fans: Cutest Babies And Kids In Jerseys,PARENTING,"Forget the practicing, the training, or the strategizing -- even football players themselves know their littlest fans are",,2012-02-04
https://www.huffingtonpost.com/entry/black-poet-explains-painful-reality-of-police-violence-to-his-4-year-old-nephew_us_5644cb3fe4b06037734803cd,Black Poet Explains Painful Reality Of Police Violence To His 4-Year-Old Nephew,BLACK VOICES,The harsh truth that every black child eventually has to hear.,Aaron Barksdale and Ji Sub Jeong,2015-11-13
https://www.huffingtonpost.com/entry/straight-outta-compton-mistake_us_55d47d6be4b0ab468d9f09d7,There's A Mistake In 'Straight Outta Compton' You Probably Didn't Notice,SPORTS,See anything wrong with the White Sox hat?,Ron Dicker,2015-08-19
https://www.huffingtonpost.com/entry/coco-pixar-disney-lgbtq-movie_us_5aa02bc9e4b0d4f5b66ce1e3,'Coco' Producer Says A Queer Pixar Protagonist Would Be 'A Dream',QUEER VOICES,"The film's success will encourage diversity ""in every realm,"" she said.",Curtis M. Wong,2018-03-07
https://www.huffingtonpost.com/entry/7-lessons-ive-learnt-travelling-solo-as-a-hijabi_us_59f3fc1fe4b05f0ade1b5775,7 Lessons I've Learnt Traveling Solo As A Hijabi,TRAVEL,"Instead of being a hindrance, my hijab has led to many wonderful conversations about faith, religion and humanity.","Atikah Amalina, Contributor@thetudungtraveller",2017-10-28
https://www.huffingtonpost.com/entry/kids-explain-the-national-anthem_us_5b9d5384e4b03a1dcc86ab70,"Kids Explain The National Anthem, Aren't Clear On What Ramparts Are (VIDEO)",PARENTING,"We are ""proudly to all of the states and the uniteds"" after declaring independence from Canada, according to the cute kids",,2013-07-04
https://www.huffingtonpost.com/entry/cancer-patient-wedding-planning_us_5b9de5d1e4b03a1dcc8e5711,A Cancer Patient's Guide to Wedding Planning,WELLNESS,"Planning a wedding is an expensive and logistically complicated undertaking, and it is often the first (and only) large party you will throw. But you should never feel inferior, whether it's because you are in a wheelchair, can't afford a photobooth, or simply don't give a damn about the centerpieces.","Pauline Lewis, Contributor
Writer, cancer survivor, and historian in training in Los Angeles",2014-02-26
https://www.huffingtonpost.com/entry/the-strangest-hotel-butle_us_5b9d811ee4b03a1dcc88dcc3,The Strangest Hotel Butlers Around the World,TRAVEL,"A fireplace butler? A fragrance concierge? They're real, and you'll find them -- plus plenty of other super-specific assistants -- at hotels around the world...","Conde Nast Traveler, Contributor
Conde Nast Traveler",2013-09-11
https://www.huffingtonpost.com/entry/the-road-to-everywhere-wh_us_5b9de9e5e4b03a1dcc8e9bd1,The Road to Everywhere: Why You Can't Put Off That Trip Any Longer,TRAVEL,I didn't exactly know what to do with my dad's Elantra. So I drove. I got in the car and took my first independent road trip. It was the only thing I could do to both honor my dad and escape the overwhelming pain and death at home.,"Mikah Meyer, Contributor
Travel blogger at TBCmikah.com - author, ‘Life’s More Fun When...",2014-03-06
https://www.huffingtonpost.com/entry/stephen-fry-dodges-blasphemy-charges_us_59121674e4b050bdca602033,Stephen Fry Spared Blasphemy Charges Over Calling God A ‘Maniac’: Report,RELIGION,Police in Ireland said they were unable to find enough people outraged over his remarks made in 2015.,Nina Golgowski,2017-05-09
https://www.huffingtonpost.com/entry/keeping-things-in-perspective-in-youth-sports_us_583cafb9e4b04e28cf5b8a7f,Keeping Things In Perspective In Youth Sports,PARENTS,"When done right, athletics can offer a lot of positives.","Heather Gillis-Harris, ContributorReporter, Columnist, Writer, Blogger",2016-11-28
https://www.huffingtonpost.com/entry/get-corporations-out-of-p_b_12072372.html,Get Corporations Out of Politics: Ciara Torres-Spelliscy,POLITICS,,"Nell Minow, ContributorMovie critic, corporate governance analyst",2016-09-18
https://www.huffingtonpost.com/entry/chrissy-teigen-twitter_us_5b9de43ae4b03a1dcc8e3918,What's A Twitter Roundup Without Chrissy Teigen?,STYLE & BEAUTY,"This week, our Twitter feed wasn't inundated with New York Fashion Week updates... and we're okay with it. That being said",Megan Mayer,2014-02-22
https://www.huffingtonpost.com/entry/holiday-season_us_5b9c8ccde4b03a1dcc7fb53e,Miss Grinch,WELLNESS,"Are you excited for Christmas this year? Or are you like me, dragging your feet? It seems like Thanksgiving barely happened","Nicole Luongo, Contributor
Lessons from the Broke Girl",2012-12-12
https://www.huffingtonpost.com/entry/charlie-dent-dump-trump_us_57fa45e0e4b0e655eab5244e,GOP Congressman Has A Wish List Of Trump Alternatives,POLITICS,It's a nice list! But it's far too late.,Jason Linkins,2016-10-09
https://www.huffingtonpost.com/entry/donald-trump-immigration-reform-republicans_us_57bf6487e4b04193420e6c59,Pro-Immigration Reform Republicans To Donald Trump: Told You So,POLITICS,The GOP nominee is adopting some talking points that sound surprisingly familiar.,Elise Foley,2016-08-25
https://www.huffingtonpost.com/entry/north-carolina-voter-fraud_us_5901f0f6e4b081a5c0fb4a1c,Why This Woman Who Cast An Illegal Vote For Donald Trump Is Getting A Pass For Voter Fraud,POLITICS,"“This woman is 67 years old and has never run afoul of the law for anything more serious than a speeding ticket.""",Sam Levine,2017-04-27
https://www.huffingtonpost.com/entry/the-internet-wont-get-behind-this-half-assed-fashion-choice-nsfw_us_5669cdbae4b080eddf576ea6,The Internet Won't Get Behind This Half-Assed Fashion Choice (NSFW),WEIRD NEWS,Is this person wearing pants?,Whitney Meers,2015-12-11
https://www.huffingtonpost.com/entry/exercise-motivation-negative_us_5b9c7e52e4b03a1dcc7f2cf5,5 Workout Mantras That Are Bad For Your Body,WELLNESS,"By Jessica Smith We asked Elizabeth Lombardo, Ph.D., a psychologist, physical therapist and author of A Happy You: Your Ultimate",,2012-11-13
https://www.huffingtonpost.com/entry/your-roi-on-safety-keep-y_us_5b9ddca3e4b03a1dcc8dddb3,Your ROI on Safety: Keep Your Health Safe With Preventive Screenings,WELLNESS,"Getting used to regular health screenings sets the foundation for your future well-being. The older we get, the more critical it becomes.","Dr. Sanjay Jain, MD, Contributor
Doctor, work-life expert, NY Times best selling author and key...",2014-02-18
https://www.huffingtonpost.com/entry/kesha-new-music_us_56f43fafe4b0143a9b47b62d,"Kesha Reaffirms She's Down But Not Out, Still Writing New Music",ENTERTAINMENT,Maybe one day she'll get a chance to release it.,Sara Boboltz,2016-03-24
https://www.huffingtonpost.com/entry/carrie-underwood-is-a-style-chameleon-at-american-country-countdown-awards_us_57275704e4b0f309baf14327,Carrie Underwood Is A Style Chameleon At American Country Countdown Awards,ENTERTAINMENT,The country singer can do no wrong.,Carly Ledbetter,2016-05-02
https://www.huffingtonpost.com/entry/justin-timberlakes-cant-stop-the-feeling-is-the-song-of-the-summer_us_572c8931e4b0bc9cb04663d2,Justin Timberlake's 'Can't Stop The Feeling' Is The Song Of The Summer,ENTERTAINMENT,"Get ready to ""dance, dance, dance.""",Carly Ledbetter,2016-05-06
https://www.huffingtonpost.com/entry/party-your-way-into-your_us_5b9b594be4b03a1dcc76d0ed,Party Your Way Into Your Wedding Dress,WEDDINGS,"Women who learn to let ""fun"" fuel their weight loss feel more beautiful, sexy and confident, lose more weight than dieters AND have a life full of passion, romance, relaxation and purpose.","Sarah Jenks, Contributor
Founder of Live More Weigh Less",2012-02-24
https://www.huffingtonpost.com/entry/honor-blackman-bond-girl-pics_us_5b9c312ce4b03a1dcc7cfaa5,"5 Lessons From Honor Blackman, 86-Year-Old Bond Girl (PHOTOS)",STYLE & BEAUTY,"So, why is Blackman still self-conscious? Take a peek at our gallery below to find out and head over to Telegraph.co.uk for",Sarah Leon,2012-08-28
https://www.huffingtonpost.com/entry/obama-climate-change_us_57d16526e4b06a74c9f2d9fc,Obama: Climate Change Trends Are 'Terrifying',POLITICS,"“It’s a slow-moving issue that, on a day-to-day basis, people don’t experience and don’t see.”",Paige Lavender,2016-09-08
https://www.huffingtonpost.com/entry/the-snowiest-place-on-ear_us_5b9ddcd4e4b03a1dcc8de248,You Think You Have It Bad? Here's One Of The Snowiest Places On Earth,TRAVEL,"On the northern part of the main island of Honshu sits the city of Aomori. Head a bit south and you get to Sukayu Onsen, a",,2014-02-13
https://www.huffingtonpost.com/entry/victorias-secret-fashion-show-2013_us_5b9da966e4b03a1dcc8afda0,Victoria's Secret Fashion Show 2013 Stars Taylor Swift Giving The Angels Competition (PHOTOS),STYLE & BEAUTY,"But the show was, as always, about the models. Candice Swanepoel, the lucky Angel chosen to wear this year's $10 million",Rebecca Adams,2013-11-14
https://www.huffingtonpost.com/entry/why-jeff-sessions-hates-stoners-or-actually-loves_us_5a4edc94e4b0ee59d41c0986,Why Jeff Sessions Hates Stoners (Or Secretly Loves Them),POLITICS,The attorney general's coffers are lined by many who stand to benefit from incarcerating cannabis users.,"Chelsea Taylor, ContributorLate 20-something macro-MSW who just wants to learn things and...",2018-01-05
https://www.huffingtonpost.com/entry/this-world-heart-day-share-the-power-learn-cpr_us_59cd06a8e4b02ba6621ffaee,"This World Heart Day, 'Share The Power' -- Learn CPR, How To Use An AED",HEALTHY LIVING,"However, less than half of the 350,000-plus Americans who experience a cardiac arrest outside a hospital each year receive","Nancy Brown, ContributorCEO, American Heart Association",2017-09-29
https://www.huffingtonpost.com/entry/america-china-digital-war_b_5523110.html,The Battle for Soft Power: America's Digital Cold War with China,WORLDPOST,"Talk these days of the creative economy as soft power and a harbinger of world peace, ignores the huge struggles taking place between Google, Facebook no one hand and Baidu, We Chat, Tencent on the other, pitching the U.S. and China directly against each other in a cold digital war of online platforms, search engines and aggregation algorithms. It is very nice to assert the diversity of cultures in a globalized world. But this diversity is in reality dependent on some very hard issues of finance, intellectual property rights and communications infrastructures.","Justin O’Connor, ContributorProfessor Monash University, Australia",2014-06-23
https://www.huffingtonpost.com/entry/skye-mccole-bartusiak-dead_n_5603982.html,'The Patriot' Actress Skye McCole Bartusiak Dead At 21,ENTERTAINMENT,,Lauren Duca,2014-07-20
https://www.huffingtonpost.com/entry/american-food_us_5b9bec3ee4b03a1dcc7b2550,American Food: Classic Recipes From The USA,FOOD & DRINK,"It's difficult to define American food, to say that dish x is the best representation of an entire country that's so expansive",,2012-06-28
https://www.huffingtonpost.com/entry/republicans-loretta-lynch_n_7075276.html,Republicans Use Abortion Fight To Jam Loretta Lynch Nomination,POLITICS,,Jennifer Bendery,2015-04-16
https://www.huffingtonpost.com/entry/trump-loves-huffington-post_us_56b26d67e4b01d80b244f42f,Donald Trump's Unrequited Love Affair With The Huffington Post,POLITICS,"Uhhh, this is awkward.",Janie Velencia,2016-02-04
https://www.huffingtonpost.com/entry/daily-meditation-deliver-us_us_56be8335e4b0b40245c6d201,Daily Meditation: Deliver Us,RELIGION,"We all need help maintaining our personal spiritual practice. We hope that these Daily Meditations, prayers and mindful awareness",Antonia Blumberg,2016-02-15
https://www.huffingtonpost.com/entry/national-pride-march-on-washington-joins-forces-with-major-lgbtq-festival_us_5889f826e4b0024605fde12c,LGBTQ March On Washington Joins Forces With Major Pride Festival,QUEER VOICES,Members of the community are ready to stand up for their rights in the Donald Trump era.,Hayley Miller,2017-01-27
https://www.huffingtonpost.com/entry/thriving_us_5b9dcd32e4b03a1dcc8d1444,4 Things That Make the Difference Between Surviving and Thriving,WELLNESS,"In light of those things we cannot change, it makes sense that we would do everything in our power to choose habits that will serve to strengthen our ability to bounce back in difficult times.","Kate Bartolotta, Contributor
Coach & Author",2014-01-27
https://www.huffingtonpost.com/entry/wedding-nails_us_5b9d3a43e4b03a1dcc85bc41,Wedding Nails: Inspiration For Every Bride (PHOTOS),WEDDINGS,If you've browsed through Pinterest or Instagram any time in the last year you'll know that nail art is huge. Really huge,,2013-06-05
https://www.huffingtonpost.com/entry/best-restaurants-for-east_us_5b9dfc86e4b03a1dcc8ff222,Best Restaurants for Easter Brunch in NYC,TRAVEL,"Whether you've given up sweets, savory delicacies, and lavish meals out for Lent or not, a delicious Easter brunch is the perfect way to celebrate the holiday.","Oyster.com, Contributor
The Hotel Tell-All",2014-04-15
https://www.huffingtonpost.com/entry/daniel-flores-barber-cuts-customers-throat_n_7565992.html,Barber Who Slashed Customer's Throat Heads To Prison,CRIME,,,2015-06-12
https://www.huffingtonpost.com/entry/john-oliver-opioids_us_580dbdd3e4b02444efa3fefc,John Oliver Shreds Pharmaceutical Industry Over America's Massive Opioid Crisis,COMEDY,Part of the problem: Alternative options for pain aren’t always available or covered by insurance.,Ed Mazza,2016-10-24
https://www.huffingtonpost.com/entry/trump-vodka-charity_us_575740f2e4b0a3d6fbd31033,Donald Trump Promised To Give Trump Vodka Proceeds To Charity -- But Never Did,POLITICS,"The donation, Trump said, was in ""honor of my late brother, Fred Trump.""",Christina Wilkie,2016-06-07
https://www.huffingtonpost.com/entry/sleep-stages-what-happens-during-sleep_us_5b9b5ef5e4b03a1dcc77010a,Sleep Stages: What Happens During Sleep?,WELLNESS,"We do know that these different functions seem to take place during different phases of the night, although there's no one",Sarah Klein,2012-02-27
https://www.huffingtonpost.com/entry/unusual-island-vacations_us_5b9bb00be4b03a1dcc79985e,Unusual Island Vacations (PHOTOS),TRAVEL,It's getting warmer as summer approaches and we've got a full-blown case of spring fever. We keep catching ourselves dreaming,,2012-05-08
https://www.huffingtonpost.com/entry/fabulous-fiji_b_7103310.html,Fabulous Fiji,TRAVEL,"There's so much to do here, if catching a tan is not your cup of tea; sailing, fishing, scuba diving the colorful coral reefs, yoga in the morning on the beach and of course... the spa.","Jamal Hammadi, ContributorCelebrity Hairstylist",2015-05-06
https://www.huffingtonpost.com/entry/did-george-bush-really-wr_b_6163160.html,Did George Bush Really Write That Book About His Father?,POLITICS,"All over the country, newspaper reviewers are wasting space reviewing George Bush's biography about his father.  Whether they pan it or praise it, they'll say over and over, as Michiko Kakutani recently did in The New York Times, things like ""he writes--"" or ""he says--"" Does he?","Lev Raphael, ContributorAuthor, reviewer, and blogger",2014-11-15
https://www.huffingtonpost.com/entry/i-am-not-a-summer-time-mom_us_5977b4f5e4b0940189700d60,I Am NOT A Summertime Mom,PARENTS,"I love the idea of summer, but with four children, the reality of it is never quite like I imagine.","Sarah Williams, ContributorWife to 1 + Mom to 4 = sixwilliams.com",2017-07-25
https://www.huffingtonpost.com/entry/drawing-soul_us_5b9c0c78e4b03a1dcc7c008f,Drawing for the Soul,WELLNESS,"My very favorite time to draw is in the evening.  I like to settle into my comfy chair with a clip board, lots of paper and pencils jammed conveniently in my hair.  The movement of the pencil on the paper is rather hypnotic, and before I know it, hours have gone by.","Penny Will, Contributor
Founder of Flutegirl.ca",2012-07-27
https://www.huffingtonpost.com/entry/mother-daughter-communication_us_55d58613e4b0ab468d9fe125,The Shocking Way A Mother And Daughter Communicate,ENTERTAINMENT,"Beth, 22, claims she grew up in a ""house of horrors"" filled with unbelievable acts of abuse and neglect, allegedly at the",,2015-08-20
https://www.huffingtonpost.com/entry/boy-scouts-could-use-fitn_us_5b9d5d01e4b03a1dcc871259,"Boy Scouts Mislead and Exclude With BMI Policy, and There's a Better Way",PARENTING,"The Boy Scouts have been in the news again for exclusionary practices, this time not for sexual orientation, but for body mass index cutoffs for their Jamboree.","Katja Rowell, M.D., Contributor
Author and family doctor turned childhood feeding specialist",2013-07-19
https://www.huffingtonpost.com/entry/american-isis-aclu-case_us_5a2eb5d8e4b0c780113741ef,This Judge Isn't Buying The Trump Admin's Excuses For Holding A U.S. Citizen 'Incommunicado',POLITICS,"“What the government is suggesting is an end run around the right to habeas,"" said U.S. District Judge Tanya Chutkan.",Ryan J. Reilly,2017-12-11
https://www.huffingtonpost.com/entry/black-jews-10-celebrities-jewish_us_5badcf8fe4b0bb1705faed88,Black Jews: 10 Celebrities You Didn't Know Were Jewish,BLACK VOICES,"What do Drake, Sammy Davis Jr. and Adam Sandler have in common? These three men share more than just fame and good looks",,2012-12-16
https://www.huffingtonpost.com/entry/dog-river-otter-play-cute-ridiculous_us_5bacfcc1e4b04234e8554dc8,Dog & River Otter Play: Cute/Ridiculous Animal Thing Of The Day (VIDEO),COMEDY,"We especially love how the otter effortlessly jumps back and forth through the fence, and even pretends to leave at one point",,2012-03-18
https://www.huffingtonpost.com/entry/march-madness-at-work_us_5bb2ebafe4b0480ca65ecbc0,March Madness Watchers To Cost Businesses $134 Million In Just The First Two Days: Study,BUSINESS,"Despite the apparent prevalence of tournament watching, Challenger said employers are making a good, albeit expensive, long",Caroline Fairchild,2013-03-17
https://www.huffingtonpost.com/entry/14-books-to-help-kids-get-ready-for-the-new-school_us_597b9033e4b06b305561d08f,14 Books To Help Kids Get Ready For The New School Year,PARENTS,"Whatever the transition your child is facing, we hope a few of these books might help ease their fears.","Brightly, ContributorBrightly is a resource to help make it a little easier, and a ...",2017-07-28
https://www.huffingtonpost.com/entry/jason-wu-target-cats_us_5b9b41b5e4b03a1dcc75fe03,Jason Wu's Cat Has Us Dreaming Of Kitty Couture (PHOTOS),STYLE & BEAUTY,Fashion's obsession with animals is nothing new. Years ago Stella McCartney put horses on pieces in her spring 2001 collection,Christina Anderson,2012-02-02
https://www.huffingtonpost.com/entry/patriotic-looks-for-ameri_us_5b9d5382e4b03a1dcc86aae6,Patriotic Styles for American Holidays,STYLE & BEAUTY,"Fireworks, BBQs, and parades... all just some of the ways we love to celebrate America! From President's Day to Veteran's Day, here's a list of patriotic apparel to get you looking and feeling all-American when honoring and celebrating this great country!","Amanda Callaghan, Contributor
Arts and Politics Journalist",2013-07-05
https://www.huffingtonpost.com/entry/joe-donnelly-neil-gorsuch-supreme-court_us_58e13c95e4b0c777f7883526,Joe Donnelly Becomes Third Democratic Senator To Back Neil Gorsuch,POLITICS,Inching closer to 60 votes.,Igor Bobic,2017-04-02
https://www.huffingtonpost.com/entry/new-years-quotes-2013_us_5b9c9107e4b03a1dcc7fde49,New Year's Quotes: Inspirational Sayings To Inspire A Fresh Start,WELLNESS,"“Cheers to a new year and another chance for us to get it right,"" Oprah once toasted. Her words continue to ring true: This",,2012-12-31
https://www.huffpost.com/entry/facebook-twitter-trump-statement_n_5ff64708c5b665581f67afc0,"Facebook, Twitter Finally Remove Trump Posts For Encouraging Violent Mob",POLITICS,"Twitter said Trump's account would be locked for 12 hours after ""repeated and severe"" violations of its policies. Facebook imposed a 24-hour block.",Nick Visser,2021-01-07
https://www.huffingtonpost.com/entry/ashley-greene-makeup_us_5b9b93b3e4b03a1dcc78c3c5,Ashley Greene On The Importance Of No Makeup And Crunchy Teenage Hair (PHOTOS),STYLE & BEAUTY,"But like the rest of us, she's had some regrettable hair moments My hair's been every color under the sun, and some are good",Simone Kitchens,2012-04-17
https://www.huffingtonpost.com/entry/flat-chested-small-busted-women_us_5b9cd5cbe4b03a1dcc824439,'Flat-Chested' And More Things Not To Say To Small-Busted Women (PHOTOS),STYLE & BEAUTY,"""Have you ever considered implants?""",Christina Anderson,2013-02-19
https://www.huffingtonpost.com/entry/ellen-degeneres-responds-to-caitlyn-jenners-comments-about-marriage-equality_us_55ef47bce4b002d5c0771495,Ellen DeGeneres Responds To Caitlyn Jenner's Comments About Marriage Equality,QUEER VOICES,"""I want her to be happy -- which is what I want for her [to want] for me.""",James Michael Nichols,2015-09-08
https://www.huffingtonpost.com/entry/net-neutrality_n_6519456.html,Republicans Wage Last-Minute Campaign To Undermine Net Neutrality Rules,POLITICS,,Dana Liebelson,2015-01-22
https://www.huffingtonpost.com/entry/the-veep-and-me_b_7183996.html,The Veep and Me,FIFTY,"I'm at a time in my life when I'm obsessed with minimizing future regrets and, to that end, I feel compelled to agree to just about any experience. How else do I explain saying yes to being a driver in a motorcade for Vice President Biden, being handed the keys to a 15 passenger vehicle and chauffeuring around a bunch of his 20-something staffers and some local journalists?","Phyllis Berger, ContributorWriter",2015-05-01
https://www.huffingtonpost.com/entry/marble-statue-ron-swanson_n_5592397.html,"Marble Statue Looks Exactly Like Ron Swanson, But Was Carved In Mid-1800s",ARTS,,Tyler McCarthy,2014-07-16
https://www.huffingtonpost.com/entry/self-worth_us_5b9ceb6be4b03a1dcc82f346,Do You Compare Yourself to Others?,WELLNESS,"The more you learn to love and value your unique essence, the less you will find yourself comparing yourself to others. There is only one you. You are incomparable!","Margaret Paul, PhD , Contributor
Best-selling author, seminar leader and co-creator of Inner Bo...",2013-03-12
https://www.huffingtonpost.com/entry/recyclable-materials-paper-plastic-glass-aluminum_us_5bb12851e4b09bbe9a5bb006,"Recyclable Materials: How Many Times You Can Reuse Aluminum, Paper, Glass And More",ENVIRONMENT,"From Earth911's Kathryn Sukalich: If you have curbside pickup for recyclables at your home, you probably have a general idea",,2012-11-24
https://www.huffingtonpost.com/entry/roasted-cauliflower-with_us_5b9ce4e1e4b03a1dcc82c431,Roasted Cauliflower with (or without) Tahini Dressing,FOOD & DRINK,Roasted Cauliflower The great thing about this recipe is that the cauliflower by itself is totally yum and goes great with,"Maria Rodale, Contributor
CEO and Chairman of Rodale, Inc. and book author",2013-03-06
https://www.huffingtonpost.com/entry/louise-bourgeois_n_5600404.html,"A Love Letter To Louise Bourgeois, A Feminist Icon Whether She Likes It Or Not",ARTS,,Katherine Brooks,2014-07-19
https://www.huffingtonpost.com/entry/nine-babies-hoax_us_5b9ba2cde4b03a1dcc79346f,Report Of Mexican Woman Expecting Nine Babies A Hoax,PARENTING,"Reports said Perez had conceived the babies after receiving fertility treatment, but tests carried out by doctors on Friday","Reuters, Reuters",2012-04-28
https://www.huffingtonpost.com/entry/copy-paste-facebook-status_us_560a9687e4b0af3706ddd489,Copy/Paste This To Prohibit Old High School Friends From Posting On Facebook,COMEDY,Just in case.,John Trowbridge,2015-09-29
https://www.huffingtonpost.comhttp://www.circleofmoms.com/article/when-you-don-t-love-your-step-children-04461?trk=hpdivorce,When You Don't Love Your Step Children,DIVORCE,"Like many Circle of Mom members who are step moms, Bianca N. has a dirty little secret: “It’s been a tough ride with my husband’s",,2012-06-18
https://www.huffingtonpost.com/entry/easy-cooking-tip_us_5b9c97aae4b03a1dcc801d6e,Easy Cooking Tip: Mise En Place Will Keep You Stress-Free,FOOD & DRINK,We've all been there. You start to cook. Then you freak out.,,2012-12-07
https://www.huffingtonpost.com/entry/these-adorable-photos-of-little-lord-vader-will-make-your-star-wars-day_us_572a38eee4b016f378946c49,This 4-Year-Old Darth Vader Is Wickedly Adorable,GOOD NEWS,The cutest villain in the galaxy.,Kimberly Yam,2016-05-04
https://www.huffingtonpost.com/entry/odell-beckham-jrs-immaturity-cannot-be-tolerated_us_5872df68e4b043ad97e3e9db,Odell Beckham Jr.'s Immature Jaunt Was Selfish And Ill-Advised,SPORTS,Let this serve as a lesson for the remarkably gifted but controversial young receiver.,Jordan Schultz,2017-01-09
https://www.huffingtonpost.com/entry/jay-franzone-gay-abstaining-sex-donate-blood_us_57ab6a22e4b0db3be07cc8c0,This Gay Man Is 8 Months Into A Year Without Sex So He Can Donate Blood,QUEER VOICES,"""I’m proud of my decision. I stand by it and I really look forward to giving blood.”",Kira Brekke,2016-08-13
https://www.huffingtonpost.com/entry/confessions-of-a-phone-addict_us_5b9d8d6be4b03a1dcc8967b2,Confessions of a Phone Addict,WELLNESS,"Before I head out the door to go anywhere I usually make sure I have the Holy Trinity in my possession: Cell phone, wallet, lip gloss. Last night, I failed to do my check and it wasn't until I was on the subway that I realized the error of my ways.","Caitlyn Becker, Contributor
Correspondent, HuffPost Live",2013-09-26
https://www.huffingtonpost.com/entry/the-victory-of-wall-stree_n_5624883.html,The Victory Of Wall Street Democrats,POLITICS,,,2014-07-27
https://www.huffpost.com/entry/best-netflix-shows-april-2020_l_5e86ac0dc5b63e06281b948c,The Best Shows To Watch On Netflix In April 2020,HOME & LIVING,"Two wonderful comedies just debuted on Netflix: ""Middleditch & Schwartz"" and ""The Midnight Gospel.""",Todd Van Luling,2020-04-05
https://www.huffingtonpost.com/entry/doc-mcstuffins-tv-show-for-son_us_5b9b7b87e4b03a1dcc77f6bd,Doc McStuffins: The TV Show I Made For My Son,PARENTING,"As a parent of a sick child, all you want in the world is to make them feel better, safer, more comfortable, less afraid.  And you'll do anything to make that happen. Absolutely anything. Me, I made a TV show.","Chris Nee, Contributor
Creator/Executive Producer, ""Doc McStuffins""",2012-03-22
https://www.huffingtonpost.com/entry/piping-hot-paleo-pizza-cr_b_6118802.html,The Perfect Piping Hot Paleo Pizza Crust,TASTE,"This paleo pizza crust couldn't be simpler to make - there's no kneading, no rising, and it only takes a few minutes to put together!","Food Fanatic, ContributorWe love food.",2014-11-07
https://www.huffingtonpost.com/entry/free-new-years-eve-printables_us_5b9cac70e4b03a1dcc80c3b5,Free New Year's Eve Printables That Will Make Your Home Festive In Minutes (PHOTOS),HOME & LIVING,"Ah, the internet is a wonderful thing!",Michelle Manetti,2012-12-30
https://www.huffingtonpost.com/entry/are-you-a-workaholic_us_5b9d6cc2e4b03a1dcc87d646,Are You a Workaholic?,WELLNESS,"In my work as a research psychologist currently studying women in the workplace, I hear women describe this sort of near-obsessive commitment to work with increasing frequency. For many, it's how they develop feelings of self worth. This can be both empowering and dangerous.","Dr. Peggy Drexler, Contributor
Author, research psychologist and gender scholar",2013-08-10
https://www.huffingtonpost.com/entry/confessions-of-a-serial-s_b_5675529.html,Confessions of a Serial Songwriter: Generation Gasps,ENTERTAINMENT,"These days, I catch myself pretending to know what my young colleagues are talking about when they refer to some hot new topliner (that's new school speak for lyricist) with a perplexingly random moniker such as Catnip or Carpeting.","Shelly Peiken, ContributorGrammy-Nominated Songwriter;  Author, ""Confessions of a Serial...",2014-08-14
https://www.huffingtonpost.com/entry/trump-giuliani-cohen-corporate-clients_us_5af606e6e4b0e57cd9f979c7,Giuliani Says Cohen Never Spoke With Trump About His Big-Dollar Clients,POLITICS,The president’s new lead lawyer sees this as proof Trump is draining the swamp.,S.V. Date,2018-05-11
https://www.huffingtonpost.com/entry/guggenheim-removes-animal-cruelty-art_us_59ca4896e4b0cdc773347cdc,Guggenheim Museum Pulls Controversial Animal-Related Art After Threats Of Violence,ARTS & CULTURE,The pieces featured live reptiles and video footage of dogs strapped to treadmills.,Priscilla Frank,2017-09-26
https://www.huffingtonpost.comhttp://www.refinery29.com/2013/12/58780/wedding-beauty-hair-tips,"Winter Wedding Hair, Makeup Tips - Bridal Beauty",WEDDINGS,"June and September brides may have the seasonal spotlight, but winter beauties get a few perks of their own. Snowy backdrops",,2013-12-16
https://www.huffingtonpost.com/entry/aggressive-comcast-workers_us_5b9c623ce4b03a1dcc7e40ec,Comcast Contract Workers Allegedly Scare Seattle Residents With Threatening Sales Tactics,MONEY,"If you think your rights are being violated by your cable service provider, the Federal Trade Commission can help. Click",Caroline Fairchild,2012-10-08
https://www.huffingtonpost.comhttp://www.nytimes.com/2016/05/13/world/europe/pope-says-hes-open-to-studying-whether-women-can-serve-as-deacons.html,Pope Francis Says He’s Open To Studying Whether Women Can Serve As Deacons,RELIGION,ROME — Pope Francis suggested on Thursday that he was open to studying whether women can serve as deacons in the Roman Catholic,,2016-05-12
https://www.huffingtonpost.com/entry/germany-christmas-markets_us_5b9c9276e4b03a1dcc7feb9d,Germany's Christmas Markets And How To Celebrate In Bavaria,TRAVEL,"Germany's most famous Christmas Market is often referred to as the ""Little Town from Wood and Clot,"" due to the 180 wooden market stalls decorated with red and white fabrics in the picturesque old town.","Viator, Contributor
Tours and activities around the world",2012-12-09
https://www.huffingtonpost.com/entry/reads-for-adoptive-parents_us_56c4ddfce4b0c3c5505387d9,15 Essential Reads For Adoptive Parents,PARENTS,We’re all in this together.,Kyli Singh,2016-04-05
https://www.huffingtonpost.com/entry/interview-nick-frost-on-c_us_5bb4574fe4b066f8d2585d68,"Interview With Nick Frost on Cuban Fury, Wrapping Up the Cornetto Trilogy",ENTERTAINMENT,"I had the chance to talk with the genial and gregarious Frost a few weeks ago about where the first fires of Fury started to burn, and his thoughts on having wrapped up the ""Cornetto"" films.","Zaki Hasan, Contributor
Film Critic, Professor of Communication & Media",2014-04-12
https://www.huffingtonpost.com/entry/intel-referral-bonus-women-minorities_us_55bfbd29e4b0d4f33a039827,Intel Makes Huge Push To Hire More Women And Minorities,BUSINESS,And it's offering big bonus checks to employees who help.,Jenny Che,2015-08-03
https://www.huffingtonpost.com/entry/snl-cold-open-white-house-firings_us_5aaddf11e4b0337adf844f44,John Goodman's Angry Rex Tillerson Spews About Being Fired By A 'Moron' On 'SNL',COMEDY,"“Call Jurassic Park, 'cause the Rex-y's loose!”",Mary Papenfuss,2018-03-18
https://www.huffingtonpost.com/entry/happy-economic-new-year_b_6397160.html,Happy Economic New Year!,IMPACT,"World Economic Forum in Davos focuses on brain research, ethical leadership, renewable energy and the global sharing economy. The conference will stream LIVE in late January. I will sit ready with popcorn and my notebook.","Kathrine Aspaas, ContributorAuthor of the bestselling book The Age of Generosity. Economis...",2014-12-31
https://www.huffingtonpost.com/entry/scores-killed-in-shootout-near-cairo_us_59eb4589e4b00f08619f1f87,Scores Killed In Shootout Near Cairo,WORLD NEWS,Egypt is battling an Islamist insurgency concentrated in the Sinai peninsula.,,2017-10-21
https://www.huffingtonpost.com/entry/kentucky-clerk-marriage-licenses_us_55e5c2d5e4b0c818f619224c,Kentucky Can't Just Fire The Clerk Who Won't Give Marriage Licenses To Gay Couples,POLITICS,The benefits of being an elected official.,Cristian Farias,2015-09-01
https://www.huffpost.com/entry/israel-new-government-netanyahu-out_n_60c5eafce4b0d27e3d04bb47,"Israel's Parliament Approves New Coalition, Ending Netanyahu's Long Rule",WORLD NEWS,"Naftali Bennett, a former ally of Netanyahu turned bitter rival, becomes prime minister.","Joseph Krauss, AP",2021-06-13
https://www.huffingtonpost.com/entry/music-creative_n_5511501.html,Here's Proof Music Can Do More Than Just Make You Feel Good,HEALTHY LIVING,,Rebecca Adams,2014-06-24
https://www.huffingtonpost.com/entry/on-rachel-ramplemans-girl_b_7047000.html,On Rachel Rampleman's Girls Girls Girls,ARTS,"Rachel Rampleman introduced me to the NYC-based, all-ladies Mötley Crüe tribute band, Girls Girls Girls one Saturday night in early 2014 during a visit to her Brooklyn studio. The band was getting ready to play their last show and I was invited to witness the final act.","Vanessa Albury, ContributorArtist, curator & writer. www.vanessaalbury.com",2015-04-20
https://www.huffingtonpost.com/entry/selena-gomez-versace-photos_us_5b9d887ae4b03a1dcc893591,Selena Gomez Vamps It Up For Versace (PHOTOS),STYLE & BEAUTY,"Want more? Be sure to check out HuffPost Style on Twitter, Facebook, Tumblr, Pinterest and Instagram at @HuffPostStyle. The",,2013-09-21
https://www.huffingtonpost.com/entry/ohio-water_n_5645525.html,Still No Drinking Water In Ohio's 4th Largest City,GREEN,,,2014-08-03
https://www.huffpost.com/entry/police-car-crowd-tacoma-washington_n_600d69c0c5b6d64153acb129,"Police Car Drives Through Crowd At Street Race, Injuring At Least 1",U.S. NEWS,"The officer sped away after people began pounding on his windows, according to police in Tacoma, Washington.",,2021-01-24
https://www.huffingtonpost.com/entry/whale-freed-fishing-gear_us_5bb15102e4b09bbe9a5e67c8,"Biologists Free Whale From Fishing Gear Off Georgia Coast (PHOTOS, VIDEO)",ENVIRONMENT,"Whale No. 4057 is pictured on Sunday, February 16 dragging a heavy, thick rope. (Photo by Georgia Wildlife Resources Division",Brianna Elliott,2014-02-23
https://www.huffingtonpost.com/entry/pierce-brosnan-malibu-home_us_5b9d7255e4b03a1dcc881a8b,Pierce Brosnan's Malibu Home Is Almost Too Beautiful For Words (PHOTO),HOME & LIVING,** Brosnan's home is absolutely breathtaking and we can definitely see why Bullard is bragging. Click through our slideshow,Michelle Manetti,2013-08-19
https://www.huffingtonpost.com/entry/how-to-clean-a-grill-with-coffee_us_5b9bd58fe4b03a1dcc7a9cff,How To Clean A Grill With...Coffee?,HOME & LIVING,"Coffee is good for starting the day, keeping you awake for meetings and...cleaning the grill? Yes, it's true. The acidic","Chris Barnes, Contributor
Non-Profit Public Relations Specialist",2012-06-12
https://www.huffingtonpost.com/entry/doug-jones-the-shape-of-water_us_5a27f078e4b044d167262d00,"A Lifetime Of Firsts For Doug Jones, Everyone's Favorite Movie Monster",ENTERTAINMENT,"The well-regarded creature actor recalls his collaborations with Guillermo del Toro, his red-carpet brush with Joan Rivers and the change he made to ""Hocus Pocus.""",Matthew Jacobs,2017-12-08
https://www.huffingtonpost.com/entry/worst-mom-selfie_n_5268445.html,‘Worst Mom In The World' Selfies,WEIRD NEWS,,,2014-05-05
https://www.huffingtonpost.com/entry/munich-terror-threat_us_56868836e4b014efe0da83ea,Munich Train Stations Reopen After New Year's Eve Terror Threat,THE WORLDPOST,Germany was warned of an imminent attack at midnight by between five and seven Islamic State militants from Syria and Iraq.,,2016-01-01
https://www.huffingtonpost.com/entry/je-suis-larry-flynt_b_6453512.html,Je Suis Larry Flynt?,POLITICS,"In our society, vulgarians like Larry Flynt and the murdered journalists of Charlie Hebdo are the vanguard who protect freedom of speech. They are the canary in the coal mine, whose death warns us of the unseen dangers gathering around us.","Victor Dorff, ContributorEducator, author, and lawyer",2015-01-14
https://www.huffingtonpost.comhttp://www.vice.com/read/ireland-gay-marriage-referendum-charlie-bird?utm_source=vicetwitterus,What I Learned Talking To LGBT People About Coming Out In Ireland,QUEER VOICES,It all changed a year ago today. People danced in Dublin's streets when Ireland became the first country in the world to,,2016-05-25
https://www.huffingtonpost.com/entry/despite-strong-criticism-of-trump-by-gop-senators-they_us_58a16870e4b080bf74f03e4d,"Despite Strong Criticism Of Trump By GOP Senators, They Mostly Fall In Line",POLITICS,"When Ronald Reagan was elected president I literally became ill. It was unexpected as was his victory tally, but as difficult","Michael Russnow, ContributorProfessional screenwriter, actor, former U.S. Senate aide and ...",2017-02-13
https://www.huffingtonpost.com/entry/10-marriage-vows-you-coul_us_5b9dee98e4b03a1dcc8f02a2,10 Marriage Vows You Couldn't Possibly Have Known to Make On Your Wedding Day,WEDDINGS,Let's be honest. Most of us are more likely to upgrade the operating system on our iPhone than to revise the vows that we made at our wedding.,"Winifred M. Reilly, MA, MFT, Contributor
Marriage and Family therapist, author of the book, It Takes On...",2014-03-31
https://www.huffingtonpost.com/entry/elon-musk-artificial-intelligence_us_5a1b3e02e4b0cee6c0508746,Elon Musk's Tweet Gives Creepy Insight Into Future Of Humanoid Robots,TECH,"""In a few years, that bot will move so fast you’ll need a strobe light to see it. Sweet dreams…""",Doha Madani,2017-11-26
https://www.huffingtonpost.com/entry/paris-agreement-a-good-foundation_b_8903946.html,Paris Agreement--A Good Foundation for Meaningful Progress,GREEN,"The Paris Agreement provides an important new foundation for meaningful progress on climate change, and represents a dramatic departure from the past 20 years of international climate negotiations.","Robert Stavins, ContributorDirector of the Harvard Environmental Economics Program",2016-01-02
https://www.huffingtonpost.com/entry/pink-floyd-new-album-the-endless-river_n_5561346.html,Pink Floyd Is Releasing A New Album,ENTERTAINMENT,,Ryan Kristobak,2014-07-06
https://www.huffingtonpost.com/entry/ladavid-johnson-bounc-executed_us_5a0683d2e4b01d21c83ea731,"Army Sgt. La David Johnson Found Bound, May Have Been Executed In Niger: Report",WORLD NEWS,Niger villagers recount finding Johnson's body with a  large head wound.,Mary Papenfuss,2017-11-11
https://www.huffingtonpost.com/entry/lucky-kiwi-and-coconut-cupcakes_b_6869752.html,Lucky Kiwi and Coconut Cupcakes,TASTE,"Since cabbage and pregnancy are most likely an unpleasant combination for both myself and my husband, I decided to make cupcakes instead. Kiwi and coconut are quite complementary flavors, and I assure you, your friends, families and co-workers will be absolutely delighted by these cupcakes.","Dough Mamma, ContributorPrivate chef, culinary school graduate and second-generation f...",2015-03-15
https://www.huffingtonpost.com/entry/freedom-caucus-secret-meeting_us_581a5140e4b0c43e6c1dc515,Top Freedom Caucus Members Hold Secretive Meeting To Ponder The House's Future,POLITICS,"Speaker Paul Ryan's name came up, of course.",Matt Fuller,2016-11-02
https://www.huffingtonpost.com/entry/table-talk-2012-election_us_5b9c8005e4b03a1dcc7f36f9,Table Talk: Voting And The 2012 Election,PARENTING,"Not all countries allow their citizens to vote, so the ability to have a direct say in how government works is a privilege",,2012-11-09
https://www.huffingtonpost.com/entry/heart-drug-research-cardiologists-doctors_us_5b9d7be3e4b03a1dcc889001,Cardiologists Worry As Heart Drug Research Loses Steam,WELLNESS,"""We need to take a lesson from our colleagues in oncology where the approaches are really very smart,"" said Keith Fox, professor","Reuters, Reuters",2013-09-03
https://www.huffingtonpost.com/entry/celiac-disease-pill-gluten-intolerance_us_5b9cc448e4b03a1dcc81a8ee,Celiac Disease Pill? Scientists Find Potential Therapeutic For Gluten Intolerance,WELLNESS,People with lactose intolerance have a lactase pill available that helps them breakdown the protein so they can eat dairy,,2013-01-30
https://www.huffingtonpost.com/entry/black-churches-baltimore-food-justice_us_559c5622e4b04e28f1e52ec1,How Black Churches Are Helping Their Communities Get Access To Healthy Food,RELIGION,Jesus made a revolutionary statement when he stood on the Mount of Olives and declared: “For I was hungry and you gave me,Antonia Blumberg,2015-07-08
https://www.huffingtonpost.com/entry/japan-tsunami-debris-2011-earthquake_us_5bb1167be4b09bbe9a5a6cec,"Japan Tsunami Debris Looms Off U.S. Coasts, Raising Environment Fears",ENVIRONMENT,"""We need something much more elaborate to understand and stop this debris before it actually reaches our shores,"" said Sen",,2012-05-27
https://www.huffingtonpost.com/entry/james-holmes-death-penalty_us_55bbe03ae4b06363d5a24ae6,Jury Moves Closer To Death Penalty In James Holmes Trial,CRIME,"“If the people haven’t cried enough yet, prepare to cry a great deal more.”",Ryan Grenoble,2015-08-03
https://www.huffingtonpost.com/entry/serena-williams-police-violence_us_57815ad3e4b0344d514f9416,"Serena Williams Speaks Out On Police Violence, Dallas Shooting",SPORTS,"""I feel anyone in my color in particular is of concern. I do have nephews that I'm thinking, 'do I have to call them and tell them, don't go outside.'""",,2016-07-09
https://www.huffingtonpost.com/entry/parents-kids-ferguson-protest_n_5701274.html,Black Mother Speaks Out: African-American Boys ‘Won't Ever Really Be Safe',BLACK VOICES,,Rahel Gebreyes,2014-08-22
https://www.huffingtonpost.com/entry/warm-up-for-onelegged-kin_b_7421154.html,Warm Up for One-Legged King Pigeon Pose,HEALTHY LIVING,Mastering this deep hip opener and backbend can help stretch these areas and release tension. Use the following five poses from teacher Chelsea Jackson to warm up safely for One-Legged King Pigeon.,"Yoga Journal, ContributorLeading authority on yoga and the yoga lifestyle for 40 years",2015-05-28
https://www.huffingtonpost.comhttp://mic.com/articles/136670/this-british-television-show-just-did-something-practically-unheard-of-in-america#.YXdNOEeCs,This British Television Show Just Did Something Practically Unheard Of In America,BLACK VOICES,A new television thriller called 'Undercover' is making history in Britain for casting black actors in all of its lead roles,,2016-03-02
https://www.huffingtonpost.com/entry/popcorn-preview-quartet_us_5bb413bde4b066f8d2546337,Popcorn Preview: Quartet,ENTERTAINMENT,Gosford Park http://www.popcorndiary.com/PagesClassics/cla_gosford_park.htm Read more Popcorn Previews at www.popcorndiary.com,"Leslie Sisman, Contributor
Popcorn Diary",2013-01-26
https://www.huffingtonpost.com/entry/parenting-humor_us_5b9bdb7be4b03a1dcc7ac4d7,"'It's Not Me, It Is You'",PARENTING,"If there's a room full of people who don't want or need to make friends, there is invariably one in the room who wants and needs to make a friend. That person will, without fail, find me.","Meredith Gordon, Contributor
The Larry David of Housewives. Writer, badsandy.com",2012-06-15
https://www.huffingtonpost.com/entry/paul-ryan-donald-trump-video_us_57f94b9be4b068ecb5df0099,Paul Ryan Pretends Donald Trump Doesn't Exist,POLITICS,The House speaker was booed Saturday for distancing himself from the GOP nominee.,Marina Fang,2016-10-08
https://www.huffingtonpost.com/entry/iggy-azalea-grammys_n_6622736.html,"Iggy Azalea Lost Best Rap Album, So We Can All Sleep Tonight",ENTERTAINMENT,,Ryan Kristobak,2015-02-08
https://www.huffingtonpost.com/entry/lisbon-in-three-hours-got_us_5b9c5b1ee4b03a1dcc7e0560,Lisbon In Three Hours And The Art Of Layover Tourism,TRAVEL,"At the top, there was an awe-inspiring panoramic view of the city including Rossio Square, the Carmo Convent, the Castle of São Jorge and the Tagus River.","Lori Needleman, Contributor
An American in Spain",2012-10-22
https://www.huffingtonpost.com/entry/sex-friend-should-you-hav_us_5b9d2ecbe4b03a1dcc854d0e,Sex Friend: Should You Have Sex With A Friend Post-Split? (VIDEO),DIVORCE,"One of the scariest parts of moving on after a split is dating again, and the intimidating (but exciting!) prospect of having",,2013-05-22
https://www.huffingtonpost.com/entry/teens-virtual-playground_us_5b9df0c9e4b03a1dcc8f28af,"Teens, Drugs and the Internet: The Perfect Storm",PARENTING,"It's nothing new that teens put peers' input above that of their parents. But what has changed? The input comes not just from classmates and neighbors, but from complete strangers who enter our children's lives through their virtual world -- the Internet.","Sue Scheff, Contributor
Author and Family Internet Safety Expert",2014-03-21
https://www.huffingtonpost.com/entry/tia-mowrys-cute-family-photo-serves-as-an-adorable-pregnancy-announcement_us_5a04662de4b03deac08ba19c,Tia Mowry's Cute Family Photo Serves As An Adorable Pregnancy Announcement,PARENTS,Congrats are in order!,Taylor Pittman,2017-11-09
https://www.huffingtonpost.com/entry/serena-williams-ax-throwing-contest-jimmy-fallon_us_5ae1a872e4b04aa23f1ff67f,Serena Williams Is Also A Total Badass At Ax Throwing,ENTERTAINMENT,We shouldn't be surprised.,Lee Moran,2018-04-26
https://www.huffingtonpost.com/entry/rory-mcilroy-dad-bet-winner_n_5603785.html,BIG Win For The McIlroy Family,SPORTS,,Michael Klopman,2014-07-20
https://www.huffingtonpost.com/entry/jeff-flake-islamophobia-deedra-abboud_us_596f477de4b00db3d0f46bcf,GOP Senator Defends Democratic Opponent Hit By Anti-Muslim Attacks,POLITICS,"""Sorry you have to put up with this,"" Jeff Flake (R-Ariz.) said.",Willa Frej,2017-07-19
https://www.huffingtonpost.com/entry/undocumented-woman-arrested-while-seeking-protective-order-faces-10-years-in-prison_us_58b9a5cbe4b0d2821b4dda1d,Undocumented Woman Arrested While Seeking Protective Order Faces 10 Years In Prison,POLITICS,"Irvin González was fleeing her ex-boyfriend, who she says beat and strangled her, when she was detained by immigration agents.",Melissa Jeltsen and Roque Planas,2017-03-03
https://www.huffpost.com/entry/kathie-lee-gifford-today-show-leaving_n_5c0fd563e4b06484c9ff08b4,Kathie Lee Gifford To Exit NBC's 'Today' Show,MEDIA,"NBC News chief Noah Oppenheim says the show will ""continue to include"" Hoda Kotb.",Amy Russo,2018-12-11
https://www.huffingtonpost.com/entry/facebook-clamps-down-ads-cash-in_us_59b95c63e4b086432b039454,Facebook Tightens Rules On Who Can Cash In On Ads,TECH,The social network is responding to criticism that it is too simple for providers of fake news and sensational headlines to cash in.,"Douglas Busvine, Reuters",2017-09-13
https://www.huffingtonpost.com/entry/trump-clinton-washington-redskins_us_582097aee4b0e80b02cb3450,Trump Ad Blasts Hillary Clinton For Opposition To 'Redskins' Name,SPORTS,This will surely swing the election.,Travis Waldron,2016-11-07
https://www.huffingtonpost.com/entry/entertaining-guests-holdiays_us_5b9ca86ae4b03a1dcc809f7a,The Dos and Don'ts Of Entertaining Drop-In Guests,FOOD & DRINK,"We've compiled a list of the dos and don'ts of entertaining those unexpected guests (the ones that drop in, seemingly, out of nowhere) to ensure everyone feels welcome -- and is well-fed.","Food52, Contributor
food52.com",2012-12-21
https://www.huffingtonpost.com/entry/chris-christie-teachers_n_7025016.html,Teacher Tells Chris Christie He Isn't A Good Example For Her Students,POLITICS,,Sara Bondioli,2015-04-08
https://www.huffingtonpost.com/entry/learning-from-a-year-of-l_us_5b9dc329e4b03a1dcc8c9809,Learning from a Year of Living On a Bicycle,TRAVEL,"Build a Routine Don't Stop 2014 is here. How crazy is that? A simple minute, 11.59 to 00.00, but with it a switch from one","Dave Gill, Contributor
I talk about adventure, ambition and lifestyle at VagueDirecti...",2014-01-07
https://www.huffingtonpost.com/entry/5-mindblowing-spots-for-a_us_5b9c73dfe4b03a1dcc7ec53e,5 Awesome Spots For A Corporate Retreat (PHOTOS),TRAVEL,"At Oyster.com, we've covered some resorts that provide truly awesome settings for company getaways. The daily schedule may still be in your boss's hands, but at least the resorts will make the probability of being able to squeeze in some fun much higher.","Oyster.com, Contributor
The Hotel Tell-All",2012-11-04
https://www.huffingtonpost.com/entry/las-vegas-review-journal-reporters-owner_us_56734d24e4b014efe0d4ecd6,Las Vegas Review-Journal Reporters Believed Credibility Depended On Revealing Secret Owner. So They Did.,MEDIA,“We needed to be the one to report it. It’s about our journalists.”,Michael Calderone,2015-12-18
https://www.huffingtonpost.com/entry/india-billy-elliot-amir-shah_us_595b42bce4b05c37bb7fe67b,See The Slick Moves That Got India's 'Billy Elliot' Into One Of America's Top Ballet Schools,GOOD NEWS,"The son of a welder, 15-year-old Amir Shah has been learning ballet for just two years. But he's been hailed a prodigy.",Dominique Mosbergen,2017-07-04
https://www.huffingtonpost.com/entry/celebrities-sing-karaoke_n_5544307.html,"Here Are Videos Of Celebrities Singing Karaoke, You're Welcome",ENTERTAINMENT,,Leigh Blickley,2014-07-03
https://www.huffpost.com/entry/fbi-slams-character-attacks-after-trump-talks-of-agency-stench_n_5ba710f2e4b0181540ddb9f7,FBI Group Rips Character 'Attacks' After Trump Slams Agency 'Stench',POLITICS,"Demeaning comments will not deter agents from continuing to protect the American people, the group said.",Mary Papenfuss,2018-09-23
https://www.huffingtonpost.com/entry/michelle-obama-diet-gardening-american-grown_us_5b9bd0c0e4b03a1dcc7a76bc,"Michelle Obama Talks Daily Diet, Gardening And Picky Eaters",PARENTING,"But it doesn't work to keep us thriving. Her daily eats: I try to eat -- when I'm being good -- five meals, a breakfast, which",Catherine Pearson,2012-06-06
https://www.huffingtonpost.com/entry/swat-cat-is-back-thank-god_us_569812b6e4b0b4eb759dcf8a,"Boston Police's Beloved, Missing 'SWAT Cat' Finally Returns Home",CRIME,We can all breathe a sigh of relief.,,2016-01-14
https://www.huffingtonpost.comhttp://blogs.reuters.com/great-debate/2012/11/02/the-unequal-reality-of-fridays-jobs-report/,Unequal Realities Inside The Jobs Report,BUSINESS,Today's U.S. Labor Department report on jobs confirms what we've known for more than a year: We have entered a new normal,,2012-11-03
https://www.huffingtonpost.comhttp://www.forbes.com/sites/work-in-progress/2013/06/11/challenge-2013-linking-employee-wellness-morale-and-the-bottom-line/,"Challenge 2013: Linking Employee Wellness, Morale And The Bottom-Line",WELLNESS,"As the work-life balance debate roars on with employees wondering whether to lean-in or lean-out these days, perception is",,2013-06-11
https://www.huffingtonpost.com/entry/volunteers-make-up-more-than-half-of-first-responders-after-italy-quake_us_57befcb2e4b085c1ff27f0fe,Volunteers Make Up More Than Half Of First Responders After Italy Earthquake,IMPACT,"“We dedicate all our free time to training, often to the detriment of our families.""","Steve Scherer, Reuters",2016-08-25
https://www.huffingtonpost.com/entry/arctic-safari_us_5b9dad17e4b03a1dcc8b481a,Walking With Polar Bears: The Next Great Safari,TRAVEL,"Not many get to see polar bears in the wild. Most who do take a Tundra Buggy tour, riding in giant tank-like buses. Others see the bears from the decks of cruise ships plowing through the Arctic Oceans. But very few ever actually walk among the bears.","Richard Bangs, Contributor
Author, producer, travel & technology pioneer, co-founder Moun...",2013-11-22
https://www.huffingtonpost.com/entry/great-spring-weekend-geta_us_5b9df100e4b03a1dcc8f2b3a,Great Spring Weekend Getaways (PHOTOS),TRAVEL,"We've planned easy weekend getaways from major U.S. cities to help you take advantage of the rising temperatures. Each itinerary includes suggestions for where to stay, eat, and play.","Travel + Leisure, Contributor
TravelandLeisure.com",2014-03-24
https://www.huffingtonpost.com/entry/donald-trump-womens-march-resistance_us_590b338ae4b05c397686e83f,Check Out The Message Women Left For Trump Where He's Speaking In Manhattan,WOMEN,He is not going to love this homecoming gift.,Cavan Sieczkowski,2017-05-04
https://www.huffingtonpost.com/entry/yoga-therapy_us_5b9d421be4b03a1dcc86021b,What Is Yoga Therapy?,WELLNESS,"Yoga therapy encompasses not only the body and the movements we do on the yoga mat, but how we live and treat others and ourselves off the mat, which is ultimately what matters for a healthy and whole life.","Larry Payne, Ph.D., Contributor
Founding president, International Association of Yoga Therapis...",2013-06-20
https://www.huffingtonpost.com/entry/a-seat-at-the-table_us_58e48372e4b09deecf0e1bb4,A Seat At The Table,WOMEN,Roger Ailes and Mike Pence offer two textbook cases for how women are systematically excluded from professional settings.,"Kerri Lynn Stone, ContributorProfessor of Law, Florida International University College of Law",2017-04-05
https://www.huffingtonpost.com/entry/fifth-harmony-ally-brooke-hernandez_us_58b5e8eae4b0a8a9b786d3ab,Ally Brooke Hernandez Drops Hints About Fifth Harmony's New Album,ENTERTAINMENT,New music? YES PLEASE.,Minou Clark,2017-02-28
https://www.huffingtonpost.com/entry/new-york-artist-supplies_us_5922dc59e4b03b485cb30f0b,One Of The Biggest Challenges New York Artists Face Is Affording Supplies,ARTS & CULTURE,"Here's why ""many low-income community members don’t feel empowered to engage in the variety of arts and culture opportunities in NYC.""",Priscilla Frank,2017-05-22
https://www.huffingtonpost.com/entry/occupy-louisville-protestors-arrested-chase-bank-kentucky_us_5bb2b71fe4b0480ca65a4e29,Occupy Louisville Protestors Arrested After Clash With Police At Chase Bank In Kentucky,BUSINESS,"For footage of the clash between police and protestors, watch the full report by WHAS above, or go to @OccupyLou to view",Ileana Llorens,2012-02-26
https://www.huffingtonpost.comhttp://www.smartmoney.com/spend/deal-of-the-day/7-tips-for-buying-a-bargain-engagement-ring-1341872908682/?link=SM_hp_ls4e,7 Tips For Buying An Engagement Ring,MONEY,You'd think this summer would be a great time to shop for that diamond engagement ring. The wholesale price of a one-carat,,2012-07-10
https://www.huffingtonpost.com/entry/dick-clark-flintstones-home_us_5b9cd295e4b03a1dcc8223bd,Dick Clark's 'Flintstones' Home Reduced To $3.25 Million (VIDEO) (PHOTOS),HOME & LIVING,"If you watched Saturday morning cartoons, then the answer is 'yes.'",Rain Embuscado,2013-02-14
https://www.huffingtonpost.com/entry/tree-breaching-in-pipes-l_us_5b9cc00ee4b03a1dcc817c85,Tree Breaching In Pipes Leads To Kind Of Horrifying Picture  (PHOTO),HOME & LIVING,It's kind of horrifying to see--but this could happen to you.,Michelle Manetti,2013-01-24
https://www.huffingtonpost.com/entry/im-a-nightmare-ex-girlfriend-im-cool-with-that_us_59a9738ce4b0c50640cd5ed9,I'm A Nightmare Ex-Girlfriend — And I'm Cool With That,WOMEN,"Every time a relationship ends, I go scorched earth.","Refinery29, ContributorThe #1 new-media brand for smart, creative and stylish women e...",2017-09-01
https://www.huffingtonpost.com/entry/panorama-mars-dune-curiosity_us_568c95c3e4b0a2b6fb6ddbbc,Curiosity Captures 360-Degree Panorama From Martian Dune,SCIENCE,The Mars rover is currently exploring the red planet's active Bagnold Dunes.,Dominique Mosbergen,2016-01-06
https://www.huffingtonpost.com/entry/hillary-clinton-scott-walker-education_us_55ca1b91e4b0f1cbf1e64abd,Hillary Clinton Goes After Scott Walker On Education Cuts,POLITICS,Walker's latest budget proposal included a $300 million cut to Wisconsin's university system.,Samantha Lachman,2015-08-11
https://www.huffingtonpost.comhttp://www.billboard.com/articles/columns/hip-hop/7318945/phife-dawg-memorial-queens-tribe-called-quest,A Tribe Called Quest Fans Gather In Queens For Phife Dawg Memorial,BLACK VOICES,"More than 200 A Tribe Called Quest fans gathered at St. Albans Park in Jamaica, Queens, on a cloudy Monday morning (April",,2016-04-05
https://www.huffingtonpost.com/entry/trump-yemen-civil-war_us_58ee795be4b0da2ff85dabc5,Trump Inches Toward A Bigger U.S. Role In Another Middle East War,POLITICS,"Absent a plan from the president, U.S. partners Saudi Arabia and the UAE are moving forward despite strategic and humanitarian concerns.",Akbar Shahid Ahmed,2017-04-12
https://www.huffingtonpost.com/entry/words_us_5b9c6a28e4b03a1dcc7e763e,Love Needs No Words,WELLNESS,"Words complete me. They are my companions when I am lonely, my inspiration when I despair, and my weapons when I rage. But words are the tools of the brain, particularly the left hemisphere.","Karen Wyatt MD, Contributor
I am hospice physician, death awareness advocate, and spiritua...",2012-10-18
https://www.huffingtonpost.com/entry/building-muscle_us_5b9d4f6fe4b03a1dcc86888b,How to Build Muscle,WELLNESS,"So you wanna put on some lean muscle mass. And you want to do it within the context of the Primal Blueprint, but aren't sure where to start. It's a common question and it's about time I addressed it head on.","Mark Sisson, Contributor
Former elite marathoner and triathlete; Author, 'The Primal Bl...",2013-07-03
https://www.huffingtonpost.com/entry/i-cant-erase-the-past-i-l_b_8334672.html,I Can't Erase the Past -- I Learned So Much From It,HEALTHY LIVING,,"Sheila Hamilton, ContributorHost and News Director of Portland, Oregon's highly-rated Kink...",2015-10-25
https://www.huffingtonpost.com/entry/not-sure-what-to-title-th_b_7726838.html,"""I Have a Dream That:_____________.""",IMPACT,"A few weeks ago my wife, 12-year-old son and I traveled to Washington, D.C. to attend a family wedding. My wife recommended we go a few days early to show our son the different sites and memorials, so that's what we did.","Mark Redmond, ContributorExecutive director, Spectrum Youth and Family Services; podcas...",2015-07-06
https://www.huffingtonpost.com/entry/stephen-colbert-abraham-lincoln-debate_us_57ea3df9e4b0c2407cd95582,Stephen Colbert And Abraham Lincoln's Ghost Analyze The Debate,COMEDY,Lincoln logs hilarious air time.,Ron Dicker,2016-09-27
https://www.huffingtonpost.comhttp://www.nbcnews.com/news/latino/few-latino-kids-attend-catholic-schools-here-s-why-n555041,Few Latino Kids Attend Catholic Schools - Here's Why,LATINO VOICES,"When Michael Guerra saw that a public school education wasn't a good fit for his young daughter, he began looking for an",,2016-04-14
https://www.huffingtonpost.com/entry/how-john-carpenters-music_b_6555600.html,How John Carpenter's Music Changed the World,ENTERTAINMENT,"Now, the master of horror who -- along with the early Japanese video games -- informed a generation's appreciation of electronic, moody soundtracks has released a full record of music.","Andy Hoglund, ContributorPublic relations executive, Rasky Baerlein Strategic Communica...",2015-01-27
https://www.huffingtonpost.com/entry/diy-pineapple-lamp_us_5b9daa56e4b03a1dcc8b1221,DIY Pineapple Lamp Will Make Your Day (PHOTO),HOME & LIVING,"When you think of DIY projects, you normally think of repairing squeaky floor boards or painting your home. Some of us, however",,2013-11-16
https://www.huffingtonpost.com/entry/samsung-recall-galaxy-note_us_57c9ee7ae4b078581f132451,Samsung Recalls Galaxy Note 7 Phones Over Exploding Battery,TECH,"The recall is unprecedented, and comes just weeks after the highly-anticipated phone's debut.","Se Young Lee, Reuters",2016-09-02
https://www.huffingtonpost.com/entry/beyonc%C3%A9s-iconic-post-pregnancy-look-was-menswear_us_596cd882e4b0d6341feace3c,Beyoncé's Iconic Post-Pregnancy Dress Is Unexpectedly From A Menswear Collection,STYLE,The designer speaks out.,Carly Ledbetter,2017-07-17
https://www.huffingtonpost.com/entry/recall-rahm-emanuel_us_568961ece4b014efe0daba55,Illinois Considers Allowing Recall Attempts Of Chicago Mayor,POLITICS,Illinois state law currently addresses only the recall of a governor.,"Ivan Moreno, Associated Press",2016-01-03
https://www.huffingtonpost.com/entry/rise-of-walking-for-fun-f_b_6255930.html,Rise of Walking for Fun & Fitness as a Social Trend,GREEN,"Humans' most common pastime -- forsaken for decades as too slow and too much effort -- is now recognized as a health breakthrough, an economic catalyst and a route to happiness.","Jay Walljasper, ContributorWriter, speaker, consultant on creating better communities.",2014-12-02
https://www.huffingtonpost.com/entry/antarcticas-remote-towering-mountains_us_5b9ca99ce4b03a1dcc80a80f,"Antarctica's Remote, Towering Mountains: Part 2 (PHOTOS)",TRAVEL,"Standing 45 miles out from the mountain front across McMurdo Sound, Ross Island boasts the world's southern most active volcano, Mt. Erebus, with a continuously convecting lava lake at its summit.","Ed Stump, Contributor
Professor, School of Earth and Space Exploration at Arizona St...",2012-12-24
https://www.huffingtonpost.com/entry/police-shootings-state-laws_us_591c9ac6e4b034684b08f390,"To Stop Police Shootings, We Need To Move Beyond 'Bad Cops'",HEALTHY LIVING,A new study suggests state gun laws are a factor in police shootings.,Erin Schumaker,2017-05-18
https://www.huffingtonpost.com/entry/will-epa-administrator-pruitt-tap-polluter-friendly_us_59c9b178e4b0b7022a646d33,Will EPA Administrator Pruitt Tap Polluter-Friendly Scientists For Key Advisory Panel?,POLITICS,"A third of the Environmental Protection Agency’s Science Advisory Board, an influential panel that reviews the science the","Elliott Negin, ContributorSenior Writer, Union of Concerned Scientists",2017-09-26
https://www.huffingtonpost.com/entry/vanessa-lachey_us_5b9d9779e4b03a1dcc89e427,Vanessa Lachey: 'I Love The Woman That I've Become With Nick',WEDDINGS,Interview originally published on YourTango.com YourTango: If you could tell your younger self something you know now about,,2013-10-13
https://www.huffingtonpost.com/entry/isp-vote-donations_us_58dc076ee4b08194e3b6ca91,Here's How Much Internet Providers Gave Lawmakers Who Voted To Let Them Sell Your Data,POLITICS,Both the House and Senate have voted to overturn the privacy rules.,Mollie Reilly,2017-03-29
https://www.huffingtonpost.com/entry/most-haunted-wedding-venu_us_5b9d9bf2e4b03a1dcc8a266a,Most Haunted Wedding Venues in the USA,WEDDINGS,Searching for a spooky spot to tie the knot? Give your guests the thrill of a lifetime at one of these extraordinary venues.,"Bridal Guide, Contributor
Bridal Guide has all the How-To-for-I-Do you can handle! Wheth...",2013-10-21
https://www.huffingtonpost.com/entry/celebrate-easter-with-my_us_5b9cf37ee4b03a1dcc833b43,Celebrate Easter With My Cottontail Mocktail,FOOD & DRINK,Easter is on its way and I have concocted a gorgeous Mocktail to celebrate the season!,"Julie Elsdon-Height, Contributor
www.soberjulie.com",2013-03-27
https://www.huffingtonpost.com/entry/new-years-plan-for-parents-of-bilingual-and-multilingual_us_5864ca2ce4b014e7c72edfa5,A New Year’s Plan For Parents Of Bilingual And Multilingual Children,PARENTS,I’ve always loved New Year’s. They bring hope and make you feel as if you could start your life all over again. From now,"Bea Sieradzka, ContributorLinguist, blogger and a mum writing at www.BornBilingual.org a...",2016-12-29
https://www.huffingtonpost.com/entry/george-rr-martin-wrote-this-adorably-geeky-fan-letter-when-he-was-15_us_59074bbce4b02655f83eb320,George R.R. Martin Wrote This Adorably Geeky Fan Letter When He Was 15,ARTS & CULTURE,"“Absolutely stupendous, the ultimate, utmost!”",Maddie Crum,2017-05-01
https://www.huffingtonpost.com/entry/reproductive-rights-zine_us_58adab8ee4b04a0b274e93b1,"A Free, Lady-Led Zine Is Here To School You On Reproductive Rights",ARTS & CULTURE,Because knowledge is (girl) power.,Priscilla Frank,2017-02-23
https://www.huffingtonpost.com/entry/golden-girls-dollhouse_us_5b9d66b7e4b03a1dcc878f82,'Golden Girls' Dollhouse For Sale On Etsy Is A Miniature Replica Of Our Favorite T.V. Ladies' Home (PHOTOS),HOME & LIVING,Maybe the lenai in the background will be a clue.,Shana Ecker,2013-08-02
https://www.huffingtonpost.com/entry/trump-north-korean-defector-travel-ban_us_5a718a96e4b0be822ba1acf7,"Trump Touts North Korean Defector, Whose Compatriots He Once Banned, As 'An Inspiration'",POLITICS,Trump's travel ban would have prevented Ji Seong-ho's fellow North Koreans from attending Tuesday's State of the Union speech.,Willa Frej,2018-01-31
https://www.huffingtonpost.com/entry/gilmore-girls-creator-reveals-another-reason-why-revival-will-be-a-tearjerker_us_581736d4e4b064e1b4b34a24,'Gilmore Girls' Creator Reveals Another Reason Why Revival Will Be A Tear-Jerker,ENTERTAINMENT,Is it Nov. 25 yet?,Jenna Amatulli,2016-10-31
https://www.huffingtonpost.com/entry/new-runner-tips_us_5b9dfb8be4b03a1dcc8fe0a8,Are You A New Runner? Experts Suggest Taking It Slow,WELLNESS,"Running takes time, so he suggests taking it slow, keeping a log, and seeing how it goes. ""If you're just starting out, focus","Reuters, Reuters",2014-04-14
https://www.huffingtonpost.com/entry/chris-pine-monologue-snl_us_590f1dfee4b0104c734f9108,Chris Pine Tries To Settle 'Hollywood Chris' Debate Once And For All,ENTERTAINMENT,"He launched into a musical number during his opening monologue on ""SNL.""",Leigh Blickley,2017-05-07
https://www.huffingtonpost.com/entry/michelle-obama-bag_us_5b9bd562e4b03a1dcc7a9aab,Michelle Obama Bag: Where Are The First Lady's Purses? (PHOTOS),STYLE & BEAUTY,"Below, see her bag-toting appearance from last week and more rare ""bag lady"" moments. Royals also tend to carry bags and",,2012-06-11
https://www.huffingtonpost.com/entry/gulf-oil-spill-anniversary_us_5bb13808e4b09bbe9a5c96f0,"Gulf Oil Spill Anniversary: 3 Years Later, Ramifications Are Still Felt From BP's Tragedy",ENVIRONMENT,"Although BP already pled guilty to 14 federal criminal charges, including lying to Congress, and agreed to a $4.5 billion",Jessica Leader,2013-04-20
https://www.huffingtonpost.com/entry/hillary-clinton-could-win-in-a-landslide_us_57b1ae13e4b071840411d76c,HUFFPOLLSTER: How Hillary Clinton Could Win In A Landslide,POLITICS,Current polls suggest it's just as likely as a comeback for Donald Trump.,Ariel Edwards-Levy and Janie Velencia,2016-08-15
https://www.huffpost.com/entry/stevie-nicks-tiktok-dreams-challenge_n_5f86cd67c5b6e9e76fb90bed,Stevie Nicks Joins TikTok And Of Course Slays 'Dreams' Challenge,ENTERTAINMENT,The rock legend applied her own touches to her Fleetwood Mac hit and won in a landslide.,Ron Dicker,2020-10-14
https://www.huffingtonpost.com/entry/thomas-webber-damascus-guns_us_56eac91de4b065e2e3d8a0af,American Expat Thinks U.S. Gun Violence Is So Bad He Feels Safer In Syria,THE WORLDPOST,"""In Damascus, I know who has the guns. In America, everybody has a gun,"" he says.",Mollie Reilly,2016-03-17
https://www.huffingtonpost.com/entry/my-facebook-post-about-an_n_5906256.html,My Facebook Post About A Butt-Grabbing Customer Went Viral,WOMEN,,,2014-09-30
https://www.huffingtonpost.com/entry/donald-trump-iraq-war_us_578fa306e4b0f180da63e0cf,Trump's Supporters Don't Know Or Really Care That He Was For The Iraq Invasion,POLITICS,Nothing matters.,Sam Stein,2016-07-20
https://www.huffingtonpost.com/entry/trump-fossil-fuels-carbon-cost_us_599f14d2e4b0821444c1bb55,Trump Is Trying To Change How We Account For The Costs Of Carbon. But He's Hurting His Own Agenda In Doing So.,POLITICS,"""Rather than speeding the process of infrastructure and energy development, the Trump administration has risked slowing it down.”","Andrew Revkin, ProPublica",2017-08-24
https://www.huffingtonpost.com/entry/cinnamon-the-superfood_b_5653341.html,Cinnamon Has a Whole New Reason to Be Dubbed a 'Superfood',SCIENCE,"A recent study suggests that cinnamon may be good for a lot more than sticky buns. For the first time, the dietary addition of cinnamon powder has been shown to be effective at slowing or even halting the progression of a neurodegenerative disease.","Teagan Wall, ContributorNeuroscientist, Economist, Political Scientist, Mathematician,...",2014-08-06
https://www.huffingtonpost.com/entry/ben-carson-refugee-camp_us_56585a36e4b079b2818a622a,Ben Carson Will Reportedly Visit Refugee Camp In Jordan,POLITICS,"Last week, Carson likened Syrian refugees to ""rabid dogs.""",,2015-11-27
https://www.huffingtonpost.com/entry/hillary-clinton-washington_us_58128288e4b0390e69cf3d4e,Hillary Clinton Could Win In A Landslide But Still Lose D.C.,POLITICS,"Is Donald Trump the George McGovern of 2016: a YUGE loser? If so, Republicans want to complete the parallel by turning Clinton into Nixon.",Howard Fineman,2016-10-28
https://www.huffingtonpost.com/entry/carly-fiorina-suspends-campaign_us_563c326ae4b0411d30708c05,Carly Fiorina Suspends Her Presidential Campaign,POLITICS,She was the only woman running in the GOP field.,Nick Visser,2016-02-10
https://www.huffingtonpost.com/entry/earth-day-eating-bean-burgers-beats-measuring-cheeseburgers_b_7111852.html,Earth Day: Eating Bean Burgers Beats Measuring Cheeseburgers,GREEN,"Meatless Monday was a great start, but it's time to flip the paradigm. Eat meat and other animal products only one day a week or better yet not at all.","Linda Watson, ContributorFounder, Cook for Good",2015-04-22
https://www.huffingtonpost.com/entry/daca-military-service_us_59b0883ce4b0dfaafcf54144,Pentagon Undecided On How DACA's End Might Impact Hundreds Who Signed Up To Serve,POLITICS,"They wanted to serve the country they call home, but the president might not let them.",Elise Foley,2017-09-07
https://www.huffingtonpost.com/entry/trump-voters-are-turning-against-paul-ryan_us_58de438ae4b05eae031f0edd,Trump Voters Are Turning Against Paul Ryan,POLITICS,A new poll shows their views of the Speaker underwater.,Ariel Edwards-Levy and Grace Sparks,2017-03-31
https://www.huffingtonpost.com/entry/hannah-storm-nfl_n_5818382.html,'What Exactly Does The NFL Stand For?',SPORTS,,Michael Klopman,2014-09-14
https://www.huffingtonpost.com/entry/samantha-cameron-asos-photos_us_5b9d90bfe4b03a1dcc89963a,Samantha Cameron's ASOS Dress Fits Our Budget... But Her Accessories Don't (PHOTOS),STYLE & BEAUTY,"Dressing up an outfit with a high-end statement belt? Our FLOTUS would be proud. Still, we're sure we'll continue to see",,2013-10-02
https://www.huffingtonpost.comhttp://www.hrc.org/blog/hate-crime-charges-for-murder-of-transgender-woman,Man First To Face Prosecution Under Matthew Shepard Hate Crimes Act,QUEER VOICES,"For the first time since its passage in 2009, the Matthew Shepard and James Byrd, Jr. Hate Crimes Prevention Act has been",,2016-12-23
https://www.huffingtonpost.com/entry/mark-burnett-apprentice-tapes_us_57fc1a75e4b0b6a4303501b2,'Apprentice' Producer Denies Reports He Can Release Scandalous Old Trump Tapes,ENTERTAINMENT,Mark Burnett also says he hasn't threatened legal action against anyone who does.,David Moye,2016-10-11
https://www.huffingtonpost.com/entry/christmas-proposal_us_5b9dbd67e4b03a1dcc8c4a16,13 Reminders That This Really Is The Most Wonderful Time Of Year,WEDDINGS,"""They're getting married!!!!!"" - @jennjennxo ""I asked from the top of Griffith Park and she said 'yes.'"" - @iandietrich Keep",Kelsey Borresen,2013-12-27
https://www.huffingtonpost.com/entry/kate-middleton-olympics-2012-stella-mccartney-dress_us_5b9c1588e4b03a1dcc7c35de,Kate Middleton Does The Wave While Watching Andy Murray At The Olympics (PHOTOS),STYLE & BEAUTY,"As for her fashion choices at the game, the recently-named best-dressed royal stuck with her trusty navy blue Smythe blazer",Rebecca Adams,2012-08-02
https://www.huffingtonpost.com/entry/justin-forsett-injury_us_56522495e4b0258edb31e3d6,Ravens Running Back Justin Forsett Breaks Arm In Brutal Injury,SPORTS,The injury could put him out for the rest of the season.,Lydia O'Connor,2015-11-22
https://www.huffingtonpost.comhttp://www.forbes.com/sites/jefflanders/2012/03/07/tax-tips-for-women-going-through-divorce/,Tax Tips For Women Going Through Divorce,DIVORCE,"The American poet Ogden Nash once wrote, “Indoors or out, no one relaxes in March, that month of wind and taxes.” Read more",,2012-03-07
https://www.huffingtonpost.com/entry/veteran-tired-questions_n_6137068.html,These Are The Questions Veterans Are Tired Of Hearing,IMPACT,,Robbie Couch,2014-11-11
https://www.huffingtonpost.comhttp://variety.com/2015/legit/news/csi-anthony-zuiker-soul-train-musical-broadway-1201602732/,‘CSI’ Creator To Write 'Soul Train' Musical For Broadway,BLACK VOICES,"The brewing Broadway musical version of “Soul Train” has found its conductor, and it’s Anthony Zuiker, the creator of the",,2015-09-30
https://www.huffpost.com/entry/dramarama-nick-pugliese-queer-teen-drama_n_611440e9e4b0454ed709ce7e,'Dramarama' Star Nick Pugliese Is Ready For 'Queer Lenses On Everything' In Hollywood,ENTERTAINMENT,"The 25-year-old actor made his feature film debut in Jonathan Wysocki's coming-of-age dramedy, which hit theaters last week.",Curtis M. Wong,2021-08-16
https://www.huffingtonpost.com/entry/jeb-bush-thinks-the-greatest-president-iswho_us_55c37212e4b0d9b743db014d,One Of Jeb Bush's Favorite Presidents Has Quite An Unfortunate History,POLITICS,The 2016 contender loves James K. Polk -- and we're really confused by it.,Jared Greenhouse,2015-08-06
https://www.huffingtonpost.com/entry/chasing-a-dream-around-th_us_5b9c4e31e4b03a1dcc7dac8f,Chasing A Dream Around The World,TRAVEL,"Betsy and Warren Talbot always dreamed of traveling. But like most people, life got in the way. They were both moving up in their successful careers, living in the suburbs and accumulating cars, a house and stuff to fill it with. Then, everything changed.","Kathleen Fordyce Rohan, Contributor
Writer",2012-09-23
https://www.huffingtonpost.com/entry/trying-to-breatheas-ca-toasts-environmental-win_us_597f7035e4b07c5ef3dc1731,"Trying To Breathe: As California Toasts Environmental Win, Pollution Still Plagues",GREEN,Even though greenhouse gas emissions in the state are declining —down 10 percent since peak levels in 2004 —localized pollution is another matter.,"CALmatters, ContributorCALmatters",2017-07-31
https://www.huffingtonpost.com/entry/postvalentines-day-realit_us_5b9cd5cde4b03a1dcc824465,A Reality Check,DIVORCE,"Before I got married and then divorced, I believed in all of the ""happily-ever-after"" fairy tales. I believed in the nonsense that rom-coms push down our throats about soulmates and forever and love at first sight.","Jennifer Nagy, Contributor
Divorce & Relationship Expert",2013-02-23
https://www.huffingtonpost.com/entry/grudge-match_us_5badf5b5e4b0bb1705fbb8e3,Grudge Match,BLACK VOICES,"This is a charming and disarming geezer sports movie. Somewhat formulaic, but a lot of fun regardless. In fact, you may get so caught up in the moment you'll celebrate your gray and throw your Grecian Formula away.","Dwight Brown, Contributor
Film critic, entertainment journalist and travel writer",2013-12-22
https://www.huffingtonpost.com/entry/moises-locon-east-village-explosion-missing_n_6962578.html,Man Missing After Explosion Was Saving Up To Return To Home Country,CRIME,,Hilary Hanson,2015-03-29
https://www.huffingtonpost.com/entry/no-animals-were-harmed-on-a-dogs-purpose-according-to-american-humane_us_58960850e4b0c1284f263eb3,"No Animals Were Harmed On Set Of 'A Dog's Purpose,' According To Investigation",ENTERTAINMENT,"A group called American Humane says a leaked video was “deliberately edited for the purpose of misleading the public and stoking outrage.""",Stephanie Marcus,2017-02-04
https://www.huffingtonpost.com/entry/what-veterans-remember_b_6136706.html,What Veterans Remember,IMPACT,"On a day marked to honor our veterans and to commemorate the sacrifices made by these great men and women, we need to take a moment to give voice to those who still live in the shadows of war.","Mark E. Prior, ContributorMedia executive, author",2014-11-11
https://www.huffingtonpost.com/entry/deray-mckesson-breaks-down-the-real-meaning-of-the-ferguson-effect_us_5645fce2e4b060377348a5ae,DeRay McKesson Breaks Down The Real Meaning Of The 'Ferguson Effect',BLACK VOICES,"""If anything, the Ferguson Effect is people saying I know a better world is possible and I will fight for it.""",Taryn Finley,2015-11-13
https://www.huffingtonpost.com/entry/summer-produce_us_5b9c2ae6e4b03a1dcc7cc917,9 New Ways To Use Summer Produce,FOOD & DRINK,"You're starting to resent those plump, ripe specimens at the market, on your counter. We're here to show you how to embrace them again.","Food52, Contributor
food52.com",2012-08-21
https://www.huffingtonpost.com/entry/achieving-success_us_5b9cf753e4b03a1dcc8357ae,Change Your Shoes and Step Into Authentic Success,WELLNESS,"How do we not get lost in looking for ""success in all the wrong places,"" and end up with achievement but not fulfillment? How do we experience wealth as abundance in our being, not only in our bank accounts?","Kathy Andersen, Contributor
Award-Winning Author | Speaker | Leadership, People, Performan...",2013-03-28
https://www.huffingtonpost.com/entry/obama-trump-white-house-correspondents-dinner_us_57256a0be4b0f309baf1138a,Here's What Obama Has To Say About Donald Trump,POLITICS,Where's The Donald?,Kate Sheppard,2016-05-01
https://www.huffingtonpost.com/entry/cheating_us_5b9c3c4ee4b03a1dcc7d4518,Cheating,PARENTING,"It is only fair to acknowledge that our children are under greater pressure than we were, that competition is greater and their workload heavier. But the world has not changed so much that right and wrong do not have a line running between them.","Lisa Endlich Heffernan, Contributor
Author, Grown and Flown",2012-09-06
https://www.huffingtonpost.com/entry/blackcurrant-cocktail-wit_us_5b9dde0ae4b03a1dcc8df04c,Blackcurrant Cocktail With Coconut Water and Burnt Lemon Peel,FOOD & DRINK,"Here's a refreshing, colorful and absolutely mouthwatering concoction...","Viviane Bauquet Farre, Contributor
Chef, food and wine writer, photographer",2014-02-13
https://www.huffingtonpost.com/entry/2013-in-review-people-tre_us_5b9dbae5e4b03a1dcc8c2118,"2013 in Review: People, Trends, and More That Defined the Year (and Predictions for 2014 )",STYLE & BEAUTY,"As the end of the year approaches, we distill the people, moments, and trends that were inescapable on Instagram, ubiquitous on the street-style circuit, and always had us coming back for more.","Vogue, Contributor
Vogue",2013-12-19
https://www.huffingtonpost.com/entry/mental-illness-and-racist_us_5ba2b497e4b0c2784da4bcf2,Mental Illness and Racist Prison Ties Yield Clues to Fatal Rampages,CRIME,"While some are plausibly speculating that the murder of Tom Clements was possibly a direct organized hit by a violent gang, the 211 Crew's role could also have been a more nuanced one, of creating a violent lone wolf, from an unstable youth, who would later act on his own against a list of shared perceived enemies.","Brian Levin, J.D., Contributor
Director, Center for the Study of Hate and Extremism, Californ...",2013-03-23
https://www.huffingtonpost.com/entry/donald-trump-melania-trump-birthday-gift_us_5ae1d437e4b04aa23f2046cb,Donald Trump Was Too Busy Tweeting At Kanye West To Get Melania A Birthday Gift,POLITICS,"""You know I'm very busy to be running out looking for presents, OK?""",Lee Moran,2018-04-26
https://www.huffpost.com/entry/car-thefts-spike-coronavir_n_5ecc08c6c5b6396df96b7b33,Car Thefts Spike During COVID-19 Pandemic,CRIME,"Despite silent streets and nearly nonexistent traffic, vehicle larcenies shot up 63% in New York and nearly 17% in Los Angeles from Jan. 1 through mid-May.","Stefanie Dazio, AP",2020-05-25
https://www.huffingtonpost.com/entry/europes-10-best-adventure_us_5b9dac57e4b03a1dcc8b3bf4,Europe's 10 Best Adventure Destinations,TRAVEL,"From the glaciers and volcanos of Iceland to the warm waters of the Canary Islands, here are Europe's 10 best adventure destinations.","minube, Contributor
Community of over 2 million international travelers",2013-11-21
https://www.huffingtonpost.com/entry/bernanke-address-future-commencement_us_5bb2f53ee4b0480ca65f8725,Ben Bernanke Optimistic About Future Innovation In Commencement Address,BUSINESS,"""Nobody really knows; as Berra also astutely observed, it's tough to make predictions, especially about the future. But there","Reuters, Reuters",2013-05-18
https://www.huffingtonpost.com/entry/notre-dame-mike-pence-commencement_us_5921b3e6e4b094cdba54c801,Notre Dame Students Walk Out During Mike Pence's Commencement Speech,POLITICS,Some graduates wore rainbow flags as they walked out.,Igor Bobic,2017-05-21
https://www.huffpost.com/entry/kristen-bell-privilege-school-year-2020_l_5f582419c5b62874bc156bdf,"Kristen Bell Talks Privilege, The Confusing School Year And Giving Kids Grace",PARENTING,"The ""Good Place"" star opened up about how she's navigating 2020 with her family.",Caroline Bologna,2020-09-15
https://www.huffingtonpost.com/entry/human-civilization-longevity_us_5baebd47e4b014374e2ebab0,"Human Civilization Could Become Quasi-Immortal, Astrobiologist Says",SCIENCE,"Civilizational crossroads Civilization is facing a bottleneck, said Seth Shostak, a senior astronomer with the SETI Institute","LiveScience, LiveScience",2013-12-22
https://www.huffingtonpost.com/entry/korean-fifty-shades_n_6822096.html,Korean 'Fifty Shades' Parody Has Crazy Twist You Won't See Coming,COMEDY,,Ron Dicker,2015-03-07
https://www.huffingtonpost.com/entry/margarethe-von-trottas-ha_us_5bb42ca4e4b066f8d255aadd,Margarethe von Trotta's Hannah Arendt,ENTERTAINMENT,Indeed thinking itself is the leitmotif of the film. We see Arendt (Barbara Sukowa) taking both lessons in thinking and love,"Francis Levy, Contributor
Writer",2013-06-08
https://www.huffingtonpost.com/entry/doanld-trump-jr-elitism_us_578edf59e4b0f180da6399a0,"Donald Trump Jr., Of All People, Denounces Fancy Schools And Elitism",POLITICS,Did he forget who he is?,Janie Velencia,2016-07-20
https://www.huffingtonpost.com/entry/jeff-merkley-koch-brothers_n_6194302.html,Democratic Senator Explains How He Survived The GOP Wave,POLITICS,,Amanda Terkel and Ryan Grim,2014-11-22
https://www.huffingtonpost.com/entry/kendall-jenner-bikini-shoot_us_5b9b94b6e4b03a1dcc78cbf3,Kendall Jenner Bikini Shoot: Overly Airbrushed? (PHOTOS),STYLE & BEAUTY,"PHOTOS: Alas, Kendall Jenner seems to have gotten a decent dose of The Photoshop in her most recent bikini shoot for Flavor",Jessica Misener,2012-04-16
https://www.huffingtonpost.com/entry/charlie-sheen-anger-management_us_5b9b90f3e4b03a1dcc78aa81,Charlie Sheen's 'Anger Management': Denise Richards To Guest Star In New Show,DIVORCE,"In the series, debuting June 28, Sheen portrays a professional baseball player-turned unlikely anger management therapist",,2012-04-12
https://www.huffingtonpost.com/entry/chrissy-teigen-beyonce_us_5aba41fce4b0decad04e1dd1,Chrissy Teigen Says She Knows Which Actress Bit Beyoncé In The Face,ENTERTAINMENT,SPILL THE TEA.,Cole Delbyck,2018-03-27
https://www.huffingtonpost.com/entry/lightsaber-nasa-photo-hubble_us_5672d54be4b0648fe30265f1,Hubble Telescope Spots A Double-Bladed Celestial 'Lightsaber',SCIENCE,"Even the universe is excited about the new ""Star Wars"" movie, it seems.",Ryan Grenoble,2015-12-17
https://www.huffingtonpost.com/entry/john-lewis-donald-trump-crime-infested_us_587abffae4b0b3c7a7b1c2a9,John Lewis' Diverse District Bashes Donald Trump For 'Crime Infested' Slam,POLITICS,The president-elect's characterization of the area in and around Atlanta was not very accurate.,Mary Papenfuss,2017-01-15
https://www.huffingtonpost.com/entry/can-kids-thrive-in-a-no-rule-zone_us_5b9dd6bbe4b03a1dcc8d9968,Rules-Shmules! Can Kids Thrive in a No-Rule Zone?,PARENTING,It is time for a new way of constructing childhood. One where the child is the constructor and we are simply the providers of the bricks and mortar.,"Shefali Tsabary, Contributor
Clinical Psychologist & Author, 'The Conscious Parent' and Out...",2014-02-05
https://www.huffingtonpost.com/entry/scared-of-flying-25-expla_b_7598372.html,Scared of Flying? 25 Explanations for the Strange Sounds You Hear in a 747,TRAVEL,"Ok. I used to work at Boeing and repaired the computerized part of the machines which put together 747's. People not familiar with airplanes are scared because they are forced to be quiet and go along with acting normal while stuck in a tube hurtling through the air at 600 miles an hour, and 30,000 feet above the earth. What could go wrong?","Quora, ContributorThe best answer to any question",2015-06-24
https://www.huffingtonpost.com/entry/nationalizing-appreciatio_b_6520266.html,Give All Americans a Mandatory Civics Exam,IMPACT,"Think about it. We rarely discuss or even ponder what it means to be an American in our daily lives. When was the last time you sat down and said to yourself, or thought for a moment, or even said in a prayer: ""Thank God that I am American""?","Steven Kurlander, ContributorAttorney and Blogger",2015-02-02
https://www.huffingtonpost.com/entry/6-reasons-not-to-stress-about-being-single_b_5237213.html,6 Reasons Not to Stress About Being Single,WOMEN,Being alone does not mean you have to be lonely. And it certainly doesn't mean you have to spend every waking hour looking for someone to share your alone time with.,"Chevonne Harris, ContributorEditor, AdoreColour.com",2014-05-29
https://www.huffingtonpost.com/entry/bathrooms-with-a-view_us_5b9ce5e0e4b03a1dcc82cb16,32 Hotel Bathrooms With Amazing Views (PHOTOS),TRAVEL,Here are our favorite hotel views from the best seat in the house.,"Oyster.com, Contributor
The Hotel Tell-All",2013-03-07
https://www.huffingtonpost.com/entry/nicu-nurse_us_5b9d83a5e4b03a1dcc88fe81,Dear NICU Nurse,PARENTING,I didn't know that you would be the one to hold and rock my baby when I wasn't there. I didn't know you. I didn't know how intertwined our lives would become. I know you now. I'll never be able to think of my child's life without thinking of you.,"Heather Hucks, Contributor
Blogger, 'Preemie Babies 101'",2013-09-15
https://www.huffingtonpost.com/entry/baby-girl-born-5-weeks-after-her-twin-brother_us_570ba488e4b0142232495f24,Baby Girl Born 5 Weeks After Her Twin Brother,PARENTS,"Doctors describe it as ""delayed interval delivery.""",Taylor Pittman,2016-04-11
https://www.huffingtonpost.com/entry/lena-dunham-fashion-week_us_5b9d9184e4b03a1dcc899a38,Lena Dunham's Fashion Week Debut Is A Major Style Step For The Actress (PHOTOS),STYLE & BEAUTY,"Want more? Be sure to check out HuffPost Style on Twitter, Facebook, Tumblr, Pinterest and Instagram at @HuffPostStyle. Welcome",,2013-10-02
https://www.huffingtonpost.com/entry/christopher-swanson-suicide_us_5ba29f26e4b0c2784da3991e,"Christopher Swanson, Former Pennsylvania Teacher, Allegedly Put Suicide Note Online",CRIME,"Christopher Swanson, 41, was found dead early Friday in front of a fountain on the Mercyhurst University Campus in Erie. He",David Lohr,2013-09-21
https://www.huffingtonpost.com/entry/hamilton-musical-auditions_us_56f2b1e8e4b02c402f65d867,"Gentle People Of The Internet, Here Is Your Chance To Be In 'Hamilton'",ARTS & CULTURE,Are you aware that (you could be) making hist’ry?,Katherine Brooks,2016-03-23
https://www.huffingtonpost.com/entry/visualizing-the-aids-epidemic-aids-education-posters_us_5a207935e4b0545e64bf914b,"Visualizing The AIDS Epidemic: A Stunning Collection Of Over 8,000 AIDS Education Posters",QUEER VOICES,Over 8000 of them have been donated to date.,"Jessica Lacher-Feldman, ContributorAssistant Dean and Joseph N. Lambert & Harold B. Schleifer Dir...",2017-11-30
https://www.huffingtonpost.com/entry/walmart-mexico-bribery_us_5bb2e1aee4b0480ca65decfd,The Wal-Martyrs of Mexican Bribery,BUSINESS,"At the conclusion of its lengthy expose of Wal-Mart's bribery campaign in Mexico, the New York Times narrated the story of Emmanuel D'Herrera Arizcorreta, who died in prison as a result of his battles against Wal-Mart. But fellow activists charge that Wal-Mart is responsible for his death.","Al Norman, Contributor
Founder, Sprawl-Busters",2012-12-24
https://www.huffingtonpost.com/entry/beyond-hiv-status-interfa_b_6227964.html,Here's How SCRUFF Is Moving Beyond 'HIV Status' On Its App,QUEER VOICES,"Our community is still struggling with how to communicate about HIV and how to treat those who are HIV positive. This is especially evident in the way we are accustomed to asking guys to disclose HIV status online, which has remained largely unchanged since the advent of profile-based websites over 20 years ago.","Jason Marchant, ContributorFounding Partner and Chief Product Officer, SCRUFF",2014-12-01
https://www.huffingtonpost.com/entry/oxford-university-rejection-letter-art_us_587a157be4b09281d0eb3213,Student Transforms College Rejection Letter Into Viral Work Of Art,ARTS & CULTURE,"""I just thought it was a bit of a bummer not to get in. I felt like making it into something.""",Lee Moran,2017-01-14
https://www.huffingtonpost.com/entry/north-korea-executes-vice-premier-for-not-sitting-up-straight_us_57c6c7d8e4b0e60d31dc3939,"North Korea Executes Vice Premier For Not Sitting Up Straight, South Korea Says",THE WORLDPOST,Kim Jong Un has been purging top officials since he came to power in 2011.,"Ju-min Park, Reuters",2016-08-31
https://www.huffingtonpost.com/entry/petra-nemcova-jamie-belman-split_us_5b9b8f7de4b03a1dcc789ce7,"Petra Nemcova, Jamie Belman Split: Model & Actor End Their Engagement (PHOTOS)",STYLE & BEAUTY,A spokesman for Next Models confirmed to Vogue UK that the couple had split. We're so sad about this split! Check out some,,2012-04-11
https://www.huffingtonpost.com/entry/121212-wedding-pictures_us_5b9c9da5e4b03a1dcc8050c2,12/12/12 Wedding Pictures From Around The Globe (PHOTOS),WEDDINGS,"From Jakharta to Las Vegas, Wednesday's date -- Dec. 12, 2012, or 12/12/12/ -- is viewed by many brides and grooms as memorable",,2012-12-12
https://www.huffingtonpost.com/entry/valley-vista_b_5896490.html,Valley Vista,ARTS,The Valley was its own hotbed of creative activity back in the day when Los Angeles was still on the cusp of recognition as an important center for contemporary art.,"Peter Clothier, ContributorAuthor and Blogger, Boyhood Memories",2014-09-28
https://www.huffingtonpost.com/entry/you-have-the-right-to-rem_b_6474174.html,You Have the Right to Remain Obnoxious,POLITICS,"The right of free speech the NYPD are angry about when it comes to the demonstrators is precisely the same right of free speech they're using to harass de Blasio. And it's that same ideal of free speech, no matter how noxious it might seem, for which those police in Paris died last week.","Michael Winship, ContributorSenior writer, BillMoyers.com. Former senior writing fellow, D...",2015-01-15
https://www.huffingtonpost.com/entry/zendaya-music-verizon_us_58dadc67e4b0cb23e65c4a59,Zendaya Works To Help Students Build Careers In Tech And Science,ENTERTAINMENT,Yet another reason to love Zendaya. 🙌,Minou Clark,2017-03-31
https://www.huffingtonpost.com/entry/dax-shepard-spills-the-beans-on-how-his-kid-learned-to-drop-the-f-bomb_us_58c7fd79e4b081a56def73cb,Dax Shepard Spills The Beans On How His Kid Learned To Drop The F-Bomb,PARENTS,"It all started with ""The Wheels on the Bus.""",Taylor Pittman,2017-03-14
https://www.huffingtonpost.com/entry/post_8083_b_5616983.html,Visionary Leaders Seeking New Solution to the Old Problem of Improving Health of All Americans,HEALTHY LIVING,"If leadership creates an environment where health is a priority, evidence shows other things are likely to fall in place -- important things, such as increases in job satisfaction, productivity and retention, as well as decreases in sick days and hopefully the anguish and expense of long-term medical care.","Nancy Brown, ContributorCEO, American Heart Association",2014-07-24
https://www.huffingtonpost.com/entry/nanny-interviewing-is-like-dating_us_57c8d66fe4b06c750dd9686e,Nanny Interviewing Is Like Dating,PARENTS,This is a good thing. A very good thing.,"Jillian Conroy Zakarian, M.Ed., ContributorMA in Edu | Family-Centered Educator | Modern Governess LLC",2016-09-02
https://www.huffingtonpost.com/entry/celebrities-kickboxing_us_5b9b62c7e4b03a1dcc771f1b,9 Celebrities Who Got Fit Fighting,WELLNESS,By Jené Luciani for Shape.com Click through the slideshow below to see the Hollywood hardbodies who toned and trimmed by,,2012-03-05
https://www.huffingtonpost.com/entry/afghanistan-landslide_n_5258800.html,"More Than 2,100 Confirmed Dead In Massive Landslide",WORLDPOST,,,2014-05-03
https://www.huffingtonpost.com/entry/my-super-sweet-16-is-returning-to-mtv_us_58865b7de4b0e3a7356afc12,'My Super Sweet 16' Is Returning To MTV,ENTERTAINMENT,We cannot WAIT.,Jenna Amatulli,2017-01-23
https://www.huffingtonpost.com/entry/lulacruza-releases-brilliant-album-orcas_b_7145548.html,Lulacruza Releases Brilliant Album Orcas,ENTERTAINMENT,"Sometimes, all it takes is one vibration to evoke a deep, emotional response that will resonate within you forever. The moment at which Lulacruza's newest album Orcas awakens your senses is the moment you press play.","Morena Duwe, ContributorMusic & Culture Journalist",2015-04-26
https://www.huffingtonpost.com/entry/anything-you-can-do-i-can_2_b_6135094.html,"Women Can Do Anything Men Can Do, But Here's One Surprising Thing They're Even Better At",HEALTHY LIVING,Who would have thought that these catchy lyrics from the 1946 Broadway musical Annie Get Your Gun would fit so perfectly into a conversation today about women and heart disease?,"Mary Ann Bauman, M.D., ContributorDr. Mary Ann Bauman",2014-11-12
https://www.huffingtonpost.com/entry/im-transgender-masculine-a-lover-of-men-and-living-in-accordance-with-my-biblical-faith_us_5bafbb4ae4b0ad7692610027,"I'm Transgender-Masculine, a Lover of Men, and Living in Accordance With My Biblical Faith",QUEER VOICES,"As a person who has characteristics of both of the conventional binary genders, I cannot help but embrace the creation account not as a principle that exclusively upholds heterosexuality but as an affirmation of the importance and blessedness of human partnership.","Donovan Ackley III, Ph.D., Contributor
Peer support specialist, religious studies scholar",2013-09-28
https://www.huffingtonpost.com/entry/shaming_n_5921728.html,50 Shades Of Shame-Worthy Behaviors Beyond Airline Passengers,FIFTY,,Ann Brenoff,2014-10-03
https://www.huffpost.com/entry/haiti-president-assassinated-turbulence_n_60e694b4e4b0e01982e9d64b,Assassination Of Haitian President Only Adds To Nation’s Turbulence,WORLD NEWS,President Jovenel Moïse's killing will imperil the country's already beleaguered chain of command.,,2021-07-08
https://www.huffingtonpost.com/entry/debbie-wasserman-schultz-convention_us_5797a2d4e4b02d5d5ed3065b,Inside Debbie Wasserman Schultz's Decision To Scrap Her Convention Gig,POLITICS,"“It was very painful for all.""",Sam Stein and Amanda Terkel,2016-07-26
https://www.huffingtonpost.com/entry/resume-on-beer-brennan-gleason_n_5534535.html,This Genius Printed His Resume On Beer (And Got The Job),BUSINESS,,Sara Gates,2014-06-26
https://www.huffingtonpost.com/entry/public-defenders-setting-the-record-straight-about-our-immigration-clients_us_59401e2ee4b0b13f2c6e44d9,Public Defenders: Setting The Record Straight About Our Immigration Clients,POLITICS,"Contrary to the stories in the media, most of the people that Mayor de Blasio wants to cut from our program are not undocumented or dangerous.","Justine Olderman, Lisa Schreibersdorf, and Adriene Holder, Contributors",2017-06-13
https://www.huffingtonpost.com/entry/making-modesty-acceptable_b_7478318.html,Making Modesty Acceptable,STYLE,"When Kendall Jenner decides to wear pants with a dress, she makes a statement about the way modest apparel, and indeed cultural dress in general, is perceived based upon the wearer.","Attiya Latif, ContributorTEDx Speaker on Feminism, Women's Rights, and the Politicizati...",2015-06-01
https://www.huffingtonpost.com/entry/how-hr-scares-away-talent_b_6796148.html,How 'HR' Scares Away Talent,BUSINESS,It's a different job market now. Joining the long-term unemployed and those left lost and given up in the wake of the Great Recession are now people who have found work. Valuable Talent now looking for what's next. Talent that could mean the difference between the success and failure of your company.,"Roger Wright, ContributorAuthor, 'Finding Work When There Are No Jobs'",2015-03-04
https://www.huffingtonpost.com/entry/tillerson-spoke-and-russian-foreign-minister-discussed-syria-by-phone_us_58e945f6e4b058f0a02fab46,Tillerson Spoke And Russian Foreign Minister Discussed Syria By Phone,THE WORLDPOST,Tillerson is expected in Moscow for talks with Russian officials next week.,,2017-04-08
https://www.huffingtonpost.com/entry/hot-summer-shows_b_5630688.html,Hot Summer Shows,ENTERTAINMENT,,"Christy Ferer, ContributorVideo Pump, Christy Ferer",2014-07-30
https://www.huffingtonpost.com/entry/cookie-sesame-street-snl_n_7049880.html,Taraji P. Henson's Cookie Crashed 'Sesame Street' On 'SNL',ENTERTAINMENT,,E. Oliver Whitney,2015-04-12
https://www.huffingtonpost.comhttp://online.wsj.com/article/SB10001424127887324880504578300043260803384.html,Are You Hard-Wired To Boil Over From Stress?,WELLNESS,"Nobody wants to be that hothead who flies off the handle in the face of some everyday annoyance, causing others to roll their",,2013-02-13
https://www.huffingtonpost.com/entry/are-we-control-freaks_us_5b9d6eeae4b03a1dcc87f0d0,Are We Control Freaks?,PARENTING,"Perhaps, this is the biggest adjustment we must make: to stop pursuing control. To learn to trust and to enable our kids to navigate their way through life without the misconception that they can control it. Adaptability, not control, should be our aim.","Tim Elmore, Contributor
Founder and President of Growing Leaders, Best-Selling Author",2013-08-16
https://www.huffingtonpost.com/entry/adam-rippon-white-house-trump_us_5aa6b61fe4b087e5aaeca1fa,Adam Rippon: Mom 'Would Kill Me' If I 'Treated People The Way That Donald Trump Has',QUEER VOICES,"The Olympic bronze medalist said if he was invited to the White House, he wouldn't go.",Andy McDonald,2018-03-12
https://www.huffingtonpost.com/entry/fans-confuse-disney-debby-ryan-with-debbie-reynolds_us_58656c90e4b0d9a5945aab82,Fans Confuse Disney Star Debby Ryan With The Late Debbie Reynolds,ENTERTAINMENT,The 23-year-old star took to Twitter to clear things up.,Leigh Blickley,2016-12-29
https://www.huffingtonpost.com/entry/smart-glass-light-adjusts-on-command_us_5baeb8e2e4b014374e2e7f2a,"'Smart Glass' Blocks Light, Adjusting To Wavelengths On Command With New Technology",SCIENCE,"But now there's a glass that changes, chameleon-like, from opaque to transparent, and can be adjusted for different wavelengths","LiveScience, LiveScience",2013-08-17
https://www.huffingtonpost.com/entry/football-friendships-opposing-teams_us_5b9dd452e4b03a1dcc8d76cb,These Football Friendships Are Proof That You Can Overcome Differences (PHOTOS),WELLNESS,"""I’ve learned that something constructive comes from every defeat."" –- Tom Landry As two teams prepare to go head-to-head",,2014-02-02
https://www.huffingtonpost.com/entry/iran-openly-harassing-the-us-uk-and-others_us_58c4ed2de4b0a797c1d39dc0,"Iran Openly Harassing The U.S., U.K. And Others",POLITICS,It has become an alarming and dangerous pattern; a pattern of provocative actions initiated by Iran against many nations,"Dr. Majid Rafizadeh, ContributorPresident of the International American Council and Board Memb...",2017-03-12
https://www.huffingtonpost.com/entry/vintage-olympics-uniforms_us_5b9dd997e4b03a1dcc8db3d6,These Vintage Olympic Uniforms Will Make Your Day,STYLE & BEAUTY,"Want more? Be sure to check out HuffPost Style on Twitter, Facebook, Tumblr, Pinterest and Instagram at @HuffPostStyle. So",Jamie Feldman,2014-02-07
https://www.huffingtonpost.com/entry/evan-greebel-convicted-fraud_us_5a44ba3de4b0b0e5a7a4b0aa,Martin Shkreli's Former Lawyer Convicted Of Helping Him To Defraud Pharmaceutical Firm,CRIME,Acting U.S. Attorney Bridget Rohde said the verdict sent a message to lawyers that they will be held accountable when they “use their legal expertise to facilitate the commission of crime.”,"By Jan Wolfe and Nate Raymond, Reuters",2017-12-28
https://www.huffingtonpost.com/entry/dead-intern-aol-video_us_5605b59ee4b0dd8503079e92,"What To Do When Your Intern Dies, But There's Still A Job To Do",COMEDY,"You can't get experience as a dead intern without dying, but you can't live on if you become a dead intern!",Andy McDonald,2015-09-25
https://www.huffingtonpost.com/entry/sean-spicer-donald-trump-daily-show_us_58882b24e4b0b481c76be779,"'The Daily Show' Profiles Sean Spicer, AKA 'Donald Trump's Air Freshener'",COMEDY,"“You know that air freshener that just makes things worse?""",David Moye,2017-01-25
https://www.huffpost.com/entry/islamic-state-afghanistan-taliban_n_5b4df52ce4b0b15aba889e8f,Islamic State Fighters In Afghanistan Kill At Least 15 Taliban,WORLD NEWS,The attack occurred during a prayer ceremony at the house of a Taliban commander in northern Afghanistan.,,2018-07-17
https://www.huffingtonpost.com/entry/sleep-health-benefits_us_5b9d5270e4b03a1dcc86a28f,Sleep Health Benefits: A Good Night's Rest Boosts Benefits Of A Heart-Healthy Lifestyle,WELLNESS,"A large Dutch population study, published this week in the European Journal of Preventative Cardiology, found that sleep",Carolyn Gregoire,2013-07-03
https://www.huffingtonpost.com/entry/dance-bans_us_559b039fe4b04a9c98e824d5,Six Countries Where It's Illegal To Dance,ARTS & CULTURE,Let's just say Baby could do worse than the corner.,Mallika Rao,2015-07-07
https://www.huffingtonpost.com/entry/florida-representative-anti-muslim-comment_us_56cf8540e4b0871f60eacdf2,Muslim Woman Says Lawmaker Asked Her: 'Is It Safe To Ride The Elevator With You?',POLITICS,"""I felt like I had no dignity,"" she said of the experience.",Christopher Mathias,2016-02-26
https://www.huffingtonpost.com/entry/this-dancing-toddler-is-cooler-than-well-ever-be_us_5756db1be4b0ca5c7b500e5f,This Dancing Toddler Is Cooler Than We'll Ever Be,PARENTS,This dance video is too awesome to handle!,Caroline Bologna,2016-06-07
https://www.huffingtonpost.com/entry/heres-what-kids-really-think-about-american-girls-boy-doll_us_58b86ea5e4b0a8ded67b5798,Here's What Kids Really Think About American Girl's Boy Doll,PARENTS,"""Every toy in the world is for boys and girls.""",Taylor Pittman,2017-03-02
https://www.huffingtonpost.com/entry/why-you-should-hire-a-mom_us_5b9d9dd5e4b03a1dcc8a4cb1,Why You Should Hire a Mom,PARENTING,"While there are a growing number of full-time opportunities listed on job posting boards, relatively few organization are willing to hire people into part-time or flex-time options. Employers of America are missing out on perhaps our greatest resource.","CT Working Moms, Contributor
30 working moms juggling motherhood and a career",2013-10-25
https://www.huffingtonpost.com/entry/hope-solo-soccer-field_us_56df7ab1e4b0860f99d71f56,World's Top Women Soccer Players Still Getting Second-Class Treatment,SPORTS,"An extra helping of inequality, just in time for International Women's Day.",Kim Bellware,2016-03-09
https://www.huffingtonpost.comhttp://www.politico.com/story/2016/05/trumps-campaign-dwarfed-by-clintons-223438,FEC Analysis: Trump Campaign Dwarfed By Clinton's Well-Oiled Juggernaut,POLITICS,"At the outset of the general election, Hillary Clinton’s campaign looks like a well-oiled juggernaut next to Donald Trump’s",,2016-05-21
https://www.huffingtonpost.com/entry/human-trafficking-pedophile-rings-and-what-you-need_us_58e18869e4b0d804fbbb7456,How Children End Up The Targets Of Sex Traffickers,PARENTS,April is child abuse prevention and awareness month.,"Melanie Blow, ContributorCOO of the Stop Abuse Campaign",2017-04-02
https://www.huffingtonpost.com/entry/theresa-may-assassination-attempt-foiled_us_5a2736dee4b044d16725b835,British Authorities Reportedly Foil Terror Plot To Assassinate Prime Minister Theresa May,WORLD NEWS,Two men were arrested late last month in connection with the scheme.,Doha Madani and Dominique Mosbergen,2017-12-06
https://www.huffingtonpost.com/entry/makeup-is-not-a-prerequis_us_5b9dfd01e4b03a1dcc8ffdc7,Makeup Is Not a Prerequisite for Career Success,STYLE & BEAUTY,"We are telling them that their natural faces will distract people, that being pretty is necessary regardless of circumstance, that performing femininity in exactly the right way isn't just helpful, it's essential.","Sally McGraw, Contributor
Freelance writer, blogger and communications professional; Alr...",2014-04-17
https://www.huffingtonpost.com/entry/nik-stauskas-3-pointers_n_5744292.html,Never Play This NBA Rookie In H-O-R-S-E,SPORTS,,Ron Dicker,2014-08-31
https://www.huffingtonpost.com/entry/happiness-tips_us_5b9def06e4b03a1dcc8f0a53,10 Steps to 'Living in the Moment',WELLNESS,"In a nutshell, to live in the moment means to be centered and focused on a single situation. Not so easy when things are not going our way, and especially when we're also being pulled in a dozen digital directions at once.","Rea Nolan Martin, Contributor
Award-winning author of visionary and literary fiction, essays...",2014-03-22
https://www.huffingtonpost.com/entry/pippa-middleton-book-celebrate-launch-party-dresses_us_5b9c73e0e4b03a1dcc7ec56e,Pippa Middleton Debuts New Book In FOUR Different Outfits (PHOTOS),STYLE & BEAUTY,"One day, four outfits -- who can keep track? (Besides us, obviously.)",Jessica Misener,2012-10-25
https://www.huffingtonpost.com/entry/how-congress-auctions-off_b_6199504.html,How Congress Auctions Off Power,POLITICS,"Warren's elevation is the latest instance of fundraising prowess helping to open the gates to party leadership, a trend that cements money's role in politics and could worsen polarization.","Avram Billig, ContributorResearch Associate at the Brennan Center for Justice",2014-11-21
https://www.huffingtonpost.com/entry/eyebrow-lift-surgery-breast-implants_us_5b9cc250e4b03a1dcc8194c1,Eyebrow Lift Surgery Becoming More Popular As Breast Implants Decline In Britain,STYLE & BEAUTY,See some celebs who've admitted to getting plastic surgery! Moral of the story: Fake breasts are out and arched eyebrows,Rebecca Adams,2013-01-28
https://www.huffingtonpost.com/entry/measles-herd-immunity_n_6905560.html,How Many People Must Be Unvaccinated Before You Have To Worry About Getting Measles?,HEALTHY LIVING,,Lindsay Holmes,2015-03-20
https://www.huffingtonpost.com/entry/on-facebook-and-death_us_58c4a412e4b0a797c1d39da4,On Facebook And Death,HEALTHY LIVING,"Thanks to the internet, I saw that I wasn’t alone in missing you, that a bunch of strangers were also grieving you.","Nikita Mélusine, ContributorWriter of fact and fiction to make you think and feel. www.nik...",2017-03-12
https://www.huffingtonpost.com/entry/can-you-love-two-men-at-o_us_5b9b6ee3e4b03a1dcc7781ff,Can You Love Two Men At Once?,WEDDINGS,"There if often a powerful longing, and curiosity, about ""the one who got away."" Old boyfriends are our history-holders; they watched us grow from girls to women, they took us to drive-ins in Mustangs on summer nights.","Iris Krasnow, Contributor
Bestselling author of relationship books/American University p...",2012-03-13
https://www.huffingtonpost.com/entry/were-one-step-closer-to-brain-scans-that-can-reveal-criminal-intent_us_58cc2278e4b00705db4f45a2,We're One Step Closer To Brain Scans That Can Reveal Criminal Intent,HEALTHY LIVING,We could one day use neuroscience to determine a defendant's mental state.,"Sara G. Miller, LiveScience.com",2017-03-17
https://www.huffingtonpost.com/entry/delay-gratification-brain-hippocampus_us_5b9d9cfae4b03a1dcc8a4187,Ability To Delay Gratification Linked With Brain's Hippocampus,WELLNESS,The reason why some people are better able to delay gratification could have something to do with the brain's hippocampus,,2013-10-24
https://www.huffingtonpost.com/entry/walgreens-transgender-bathroom-policy_us_5a7c6cb8e4b044b3821a3cfc,Walgreens Has Adopted A Transgender-Inclusive Bathroom Policy,QUEER VOICES,"The new directive includes all of the drugstore chain's 8,100 locations.",Curtis M. Wong,2018-02-08
https://www.huffingtonpost.com/entry/viva-sneak-peek_us_57223a4ee4b01a5ebde4c2b8,Get A Sneak Peek At The Queer Movie You'll Soon Be Raving About,QUEER VOICES,"""Viva"" is a gay coming-of-age tale set in Cuba.",Curtis M. Wong,2016-04-28
https://www.huffingtonpost.com/entry/i-lost-weight-dj-foodie-williams_us_5b9cd6e4e4b03a1dcc824d26,I Lost Weight: DJ 'Foodie' Williams Adopted A New Way Of Eating And Lost 142 Pounds,WELLNESS,"For more on weight loss, click here. On that day, I sat and wrote out what was to form my new life goals. I wrote about my",,2013-03-04
https://www.huffingtonpost.com/entry/hillary-clinton-nomination_us_579a5228e4b0e2e15eb4f347,America Has Finally Put A Woman At The Top Of The Ticket,POLITICS,It's about damn time.,Amanda Terkel,2016-07-29
https://www.huffingtonpost.com/entry/funniest-parenting-tweets_us_57236353e4b0f309baf08e4d,Funniest Parenting Tweets: What Moms And Dads Said On Twitter This Week,PARENTS,"Kids may say the darndest things, but parents tweet about them in the funniest ways. So each week, we round up the most hilarious",Hollis Miller,2016-04-29
https://www.huffingtonpost.com/entry/30-minute-meal-video_us_5b9d008ee4b03a1dcc83aae4,Is The 30-Minute Meal Possible? Find Out With Bon Appétempt (VIDEO),FOOD & DRINK,All these things get done in the magical land called 'Ahead Of Time.',,2013-04-04
https://www.huffingtonpost.com/entry/waco-biker-shooting-video_n_7347956.html,New Video Evidence Emerges In Waco Biker Shooting,CRIME,,,2015-05-21
https://www.huffingtonpost.com/entry/going-dry-for-a-month_us_5a4e63f3e4b06d1621bde7ee,"An Expert-Backed, Foolproof Guide To 'Going Dry' For A Month",HEALTHY LIVING,How to cut down on everything from sugar to alcohol to social media.,"Gemma Hartley, On Assignment For HuffPost",2018-01-08
https://www.huffingtonpost.com/entry/scandalous-celebrity-sex-_n_5466312.html,Scandalous Celebrity Sex Quotes,ENTERTAINMENT,,,2014-06-07
https://www.huffingtonpost.com/entry/texas-sanctuary-cities-immigration_us_59077423e4b02655f83f0312,Texas Activists Occupy Governor's Office To Stop Immigration Crackdown Bill,POLITICS,"They vow to stay unless Gov. Greg Abbott agrees to veto a measure punishing ""sanctuary"" cities.",Roque Planas,2017-05-01
https://www.huffingtonpost.com/entry/donald-trump-cnn_us_57505d41e4b0eb20fa0d07d8,CNN Discovers Elegant Way To Call Bulls**t On Donald Trump's Bulls**t,POLITICS,"Oh, the chyrony!",Jason Linkins,2016-06-02
https://www.huffingtonpost.com/entry/gay-former-football-player-nc-state_us_5a5e496fe4b0c59bc1f956fb,Gay Former Football Player Finds Incredible Acceptance In The South,QUEER VOICES,"Harrison Wilkerson is now a cheerleader at NC State, which recruited him to play football.","Harrison Wilkerson, Outsports",2018-01-19
https://www.huffingtonpost.com/entry/newtown-school-shooting_us_5b9ca399e4b03a1dcc807cb2,Comfort Parents -- and Siblings -- of Newtown Victims,PARENTING,"As a parent, as a bereaved sister, I feel more than I could ever express in words for the mourners of the victims in the Newtown, Conn., shootings. My son Simon is now 4 ½ years old, barely two years younger than those first-graders.","Linda K. Wertheimer, Contributor
Author",2012-12-19
https://www.huffingtonpost.com/entry/shots-fired-in-central-london_us_5a1852a4e4b0d4906cae8ceb,Central London Panics Over Reports Of Shots Fired,WORLD NEWS,But police could not find evidence of gunshots.,"Sara Boboltz, Alana Horowitz Satlin, and Jesselyn Cook",2017-11-24
https://www.huffingtonpost.com/entry/10-fun-foods-for-football_b_8125928.html,10 Fun Foods for Football Season,TASTE,"Football fans, rejoice!  Your time has come.  Make your house the season's headquarters with these delicious game-day recipes.","Jennifer Segal, ContributorChef, Recipe Developer and Busy Mom",2015-09-27
https://www.huffingtonpost.com/entry/a-puppy-for-my-girl_us_5b9d7d99e4b03a1dcc88a921,A Puppy For My Girl,PARENTING,"Miss Ella, I hand you the keys to your own heart. Unlock all that is uniquely you and hold it dear. And for this puppy, his only job, is to help you see the wealth that has been within you, bursting to shine out, all along.","Janell Burley Hofmann, Contributor
Author of iRules, International Speaker, Consultant, Founder o...",2013-09-29
https://www.huffingtonpost.com/entry/stumbling-into-a-pluralistic-society_b_7179598.html,Stumbling Into a Pluralistic Society,RELIGION,"The state of race, culture and religion in America is a key metric for how we are evolving as a society. The question for the church in 2025 is do we have enough elasticity and self-awareness to accommodate other customs, and views different from our own?","Bishop T.D. Jakes, ContributorSenior Pastor, Potter's House, Texas",2015-05-06
https://www.huffingtonpost.com/entry/60-years-of-sound-bites-t_b_6510438.html,60 Years of Sound Bites to Remember,MEDIA,"A good sound bite packs emotion, opinion, news value and personality, and leaps into a reporter's ear.","Irv Chapman , ContributorVeteran Washington and foreign correspondent for major broadca...",2015-01-21
https://www.huffingtonpost.com/entry/allison-williams-defends-brian-williams_n_6712154.html,Allison Williams Says Her Dad Brian Williams Is 'A Truthful Man',ENTERTAINMENT,,Stephanie Marcus,2015-02-19
https://www.huffingtonpost.com/entry/same-sex-marriage-not-allowed_us_559e9669e4b05b1d028fd3d9,Same-Sex Couples Still Not Allowed To Wed In More Than 20 Counties,QUEER VOICES,"A rebellion is brewing in the South. In Alabama, Texas, Kentucky and Nebraska, a handful of judges and county clerks are",Lila Shapiro,2015-07-09
https://www.huffingtonpost.comhttp://www.guardian.co.uk/lifeandstyle/wordofmouth/2012/nov/08/how-to-cook-the-perfect-fried-egg,How To Cook The Perfect Fried Egg,FOOD & DRINK,Have you been doing it all wrong?,,2012-11-08
https://www.huffingtonpost.com/entry/spacex-rocket-crash_us_56da1b14e4b0000de404c7f5,SpaceX Rocket Crashes During Drone Ship Landing -- Again,SCIENCE,On land: 1 for 1. At sea: 0 for 4.,Chris D'Angelo,2016-03-05
https://www.huffingtonpost.com/entry/aung-san-suu-kyis-speech-on-the-rohingya-crisis-wasnt_us_59c1873ae4b082fd4205ba99,Aung San Suu Kyi's Speech On The Rohingya Crisis Was Unworthy Of Her Nobel Peace Prize,WORLD NEWS,Imagine there were an ongoing humanitarian crisis — one approaching genocide — and a Nobel Peace Prize recipient repeatedly,"Michael Shammas, ContributorWriter & Lawyer",2017-09-20
https://www.huffingtonpost.com/entry/patient-friendly-health-materials_us_5b9d35c3e4b03a1dcc8593b9,Simple Tips for Creating Patient-Friendly Health Materials,WELLNESS,"Clear communication from doctors, nurses, hospitals and clinics is essential for patients to manage their health care effectively. But creating easily understood materials isn't simple.","Erin N. Marcus, Contributor
Academic General Internist, Writer",2013-06-03
https://www.huffingtonpost.com/entry/girlfriend-getaway-on-gull-lake_us_5b9c0468e4b03a1dcc7bca90,Girlfriend Getaway On Gull Lake (PHOTOS),TRAVEL,"It's pretty rare that my best friend and I get away for our own mini-break, and it's even rarer that we get the chance to take on a new adventure. But if you've read any of my previous travel posts here on the blog, you know that if there is some kind of adventure sport to try, I'm going to try it.","Lisa A. Tucker, Contributor
Law professor, travel guru, novelist",2012-07-25
https://www.huffingtonpost.com/entry/europe-reaction-greece-referendum_n_7732060.html,Greek 'No' Vote Finds Chilly Reception In Europe,WORLDPOST,,,2015-07-05
https://www.huffingtonpost.com/entry/ayesha-curry-game-6-rigged_us_5763a0b8e4b015db1bc8e514,Ayesha Curry Says Game 6 Of The NBA Finals Was 'Absolutely Rigged',SPORTS,"Steph Curry's wife later deleted the comment, saying she'd reacted ""in the heat of the moment.""",Dominique Mosbergen,2016-06-17
https://www.huffingtonpost.com/entry/why-do-a-first-look_us_5b9d28fce4b03a1dcc8504ab,Why Do a First Look,WEDDINGS,"As we start to finalize our day-of wedding timeline, I've been thinking more and more about our first look. My groom and I have decided to incorporate a first look into our big day and here are a handful of reasons why.","Amanda Waks, Contributor
Newlywed Washingtonian with a passion for weddings",2013-05-14
https://www.huffingtonpost.com/entry/spring-poems_us_5bb24e14e4b0171db69f1c70,Three Non-Traditional Poems of Spring,CULTURE & ARTS,"Spring officially arrives on Wednesday, a season that has always been seen as a symbol of rebirth and renewal, and the unquestioned darling of poets.","John Lundberg, Contributor
Writer, Poetry teacher",2013-03-17
https://www.huffingtonpost.com/entry/obama-sound-theology-and-smart-politics_b_6683630.html,Obama: Sound Theology and Smart Politics,POLITICS,"President Obama's remarks, last week, at the annual National Prayer Breakfast were theologically sound and politically smart. In spite of this, his comments set off a storm of criticism from conservative critics who took him to task for both his theology and his politics.","James Zogby, ContributorPresident, Arab American Institute; author, 'Arab Voices'",2015-02-14
https://www.huffingtonpost.com/entry/dominican-republic-racism_n_7716596.html,Where Anti-Haitianism In The Dominican Republic Comes From,WORLDPOST,,Roque Planas,2015-07-07
https://www.huffingtonpost.com/entry/man-arrested-after-shooting-at-fiancees-attempted-abductors_us_58e55bfce4b0fe4ce087f654,Man Arrested After Shooting At Fiancee's Attempted Abductors,CRIME,"""If these guys come back I'm afraid to call police,"" the victim said. ""They're not on our side.""",David Lohr,2017-04-05
https://www.huffingtonpost.com/entry/white-people-which-side-are-you-on_us_5933a0dfe4b062a6ac0ad095,White People: Which Side Are You On?,POLITICS,Karen Fleshman is a Racial Equity Trainer and Government Accountability Activist. Her mission is to build and support a community,"Karen Fleshman, ContributorFounder, Racy Conversations, Racial Equity Trainer, Government...",2017-06-04
https://www.huffingtonpost.com/entry/pope-francis-three-year-anniversary_us_56e2fccfe4b0b25c9181bef0,Three Years Of Pope Francis Have Unnerved Some Conservative Catholics,RELIGION,"""I wonder if he realizes how much confusion he is causing.""","Philip Pullella & Tom Heneghan, Reuters",2016-03-11
https://www.huffingtonpost.com/entry/whats-the-point_b_5666707.html,What's the Point,HEALTHY LIVING,"When I start asking myself, ""What do I want people to take away from this?"" That's when everything falls apart. Frustration takes over because I could drive myself nuts thinking of how to phrase my words perfectly so that the majority of people will walk away with the information I want them to.","Tim McDonald, ContributorHuman with a heart. Recovering marketer. Purposeful connector....",2014-08-11
https://www.huffingtonpost.com/entry/prince-harry-us_us_5630fe11e4b00aa54a4c2f05,"Prince Harry Visits Virginia Military Base With Michelle Obama, Jill Biden",POLITICS,👑,,2015-10-28
https://www.huffingtonpost.com/entry/how-to-be-courageous_us_5b9d4f72e4b03a1dcc868918,5 Ways to Live Courageously,WELLNESS,Living courageously involves shifting our focus away from trying to remove fear to pursuing a full and meaningful life alongside of fear. Here is how you do it.,"Frank Niles, Ph.D., Contributor
Social scientist, adventure athlete, life and business strategist",2013-07-06
https://www.huffingtonpost.com/entry/donald-trump-federal-agency_us_58335a9ce4b058ce7aac7526,What's It Like Waiting For Donald Trump To Take Office? A Career Federal Employee Spills The Beans,POLITICS,"""I've never seen anything like this. Never.""",Amanda Terkel,2016-11-21
https://www.huffingtonpost.com/entry/video-breaks-down-how-whiteness-as-a-construct-shaped-the-election_us_5859916be4b0de3a08f32d87,Video Breaks Down How ‘Whiteness’ As A Construct Shaped The Election,LATINO VOICES,"""Whiteness is just something made up and used as a tool to preserve power.""",Carolina Moreno,2016-12-20
https://www.huffingtonpost.com/entry/singapore-airlines-fire_us_577082dae4b0dbb1bbbaee59,"Singapore Airlines Flight Catches Fire, No Casualties",THE WORLDPOST,SINGAPORE (Reuters) - A Singapore Airlines Ltd (SIA) flight to Milan caught fire early on Monday after returning to Singapore's,,2016-06-27
https://www.huffingtonpost.com/entry/republican-gonzales-thinks-obama-should-nominate-scalias-replacement_us_56c2eaf3e4b0b40245c7c926,Here's One Republican Who Thinks Obama Should Nominate Scalia's Replacement,POLITICS,GOP senators have urged the president not to make a nomination.,Alana Horowitz Satlin,2016-02-16
https://www.huffingtonpost.com/entry/the-enemy-of-my-enemy-isl_b_6542316.html,The Enemy of My Enemy: Islamic State and the Internationalization of the Syrian and Iraqi Civil Wars Part 4,POLITICS,"The internationalization of the civil wars in Iraq and Syria, and their subsequent linkage, has created an exceedingly complex political environment. First, the role of the Syrian Civil War as a Sunni-Shia proxy contest that pitted Turkey, Saudi Arabia.","Joseph V. Micallef, ContributorBest Selling Military History and World Affairs Author and Key...",2015-02-07
https://www.huffingtonpost.com/entry/helen-mirren-dolce-gabbana_us_5b9b608de4b03a1dcc770e67,Helen Mirren Poses At Dolce & Gabbana Fall 2012 Show (PHOTOS),STYLE & BEAUTY,"We know we're about 40 years younger than Helen, but we would SO wear that outfit. Check out the stylish star at today's",Ellie Krupnick,2012-02-26
https://www.huffingtonpost.com/entry/muhammad-ali-a-transcende_b_10314592.html,"MUHAMMAD ALI: A Transcendental Treasure, a Universal Hero",BLACK VOICES,"Muhammad Ali was more than just a boxing champion. He was man for all seasons, poignantly remembered as he lit the flame on July 19th, 1996 for the Summer the Olympic Games showing the evident impact and progress of his Parkinson's disease.","Clarence B. Jones, Contributor",2016-06-05
https://www.huffingtonpost.com/entry/alton-sterlings-son-celebrates-his-16th-birthday-with-kim-kardashian-and-kanye-west_us_581b2a33e4b0c43e6c1e344b,Alton Sterling's Son Celebrates His 16th Birthday With Kim Kardashian And Kanye West,ENTERTAINMENT,The trio was photographed backstage at West's concert.,Cole Delbyck,2016-11-03
https://www.huffingtonpost.com/entry/life-tips_us_5b9bb5bbe4b03a1dcc79c54d,How to Align Your Values and Your Life,WELLNESS,"""Living your values"" means placing greater emphasis on and making a greater commitment to activities, experiences, and people that express those values. It also involves creating balance in your life.","Dr. Jim Taylor, Contributor
Sport psychologist, parenting expert, professor, author, speak...",2012-05-21
https://www.huffingtonpost.com/entry/wedding-cake-stunt_us_5b9dc558e4b03a1dcc8cadd6,This Wedding Stunt Could Have Gone Terribly Wrong (VIDEO),WEDDINGS,"In a video posted to Youtube earlier this month, professional soccer player Shunsuke Nakamura attempts a free kick in order",,2014-01-08
https://www.huffingtonpost.com/entry/travel-postcard-48-hours_us_5b9cef18e4b03a1dcc8310be,"Rochester, New York: Spending 48 Hours Upstate",TRAVEL,"Children in tow? A popular alternative is The Strong (www.museumofplay.org), the second-largest museum devoted to children","Reuters, Reuters",2013-03-15
https://www.huffingtonpost.com/entry/democratic-debate-saturday_us_56760a03e4b0b958f656f67f,You Probably Didn't Watch Saturday Night's Debate. Here's Why.,POLITICS,Hillary Clinton's two opponents think the scheduling benefited her campaign.,Ryan J. Reilly,2015-12-20
https://www.huffingtonpost.com/entry/nourishment-for-moms-in-2_us_5b9dc0c9e4b03a1dcc8c73d2,Nourishment for Moms in 2014: Green Smoothies and Big Dreams,PARENTING,"In 2014, I want us Mommas to remember that we also need to make sure we are just as focused on nourishing ourselves as much as we think about how we provide nourishment to our families.","Sharon Zuckerwar, Contributor
MommyVerbs.com",2014-01-02
https://www.huffingtonpost.com/entry/kansas-voter-id_us_58af29b1e4b060480e05ccdb,Kansas Secretary Of State: Only Obstacle Voter ID Causes May Be 'Exerting Calories',POLITICS,"""I don’t think it’s a burden to reach into one’s wallet or one’s purse and pull out a photo ID.""",Sam Levine,2017-02-23
https://www.huffingtonpost.com/entry/listening-meditation_us_5b9c7a58e4b03a1dcc7f04b2,What If Deep Listening Could Stop Climate Change -- Would You Sit Down and Do It?,WELLNESS,"When I do it right I experience listening as prayer. Listening brings me into the moment, into the stillness, for if I am really listening, I am not thinking.","Megan McFeely, Contributor
 Is on a journey inward to try and live from an understanding ...",2012-11-05
https://www.huffingtonpost.comhttp://www.wsj.com/article_email/reshaping-americas-views-of-veterans-1449444732-lMyQjAxMTE1NjAyNzgwMzc0Wj,We Need To Change The Distorted Way We Perceive Veterans,POLITICS,Fully realizing the benefits that vets can bring to civilian life means changing the distorted way they are perceived.,,2015-12-07
https://www.huffingtonpost.com/entry/syria-child-casualties_us_5770d4b5e4b0f1683239f417,25 Children Killed By Airstrikes In Syria Over The Weekend: UNICEF,THE WORLDPOST,Dozens of adults also perished in the attacks.,,2016-06-27
https://www.huffingtonpost.com/entry/the-psychological-effects-of-a-cancer-diagnosis_us_58b21998e4b02f3f81e4485c,The Psychological Effects Of A Cancer Diagnosis,HEALTHY LIVING,I recently have found myself engaging with a number of people about the mental impact that a cancer diagnosis has had on,"Barbara Jacoby, ContributorAward winning blogger, two time Breast Cancer Survivor, Patien...",2017-02-26
https://www.huffingtonpost.com/entry/oregon-governor-gun-control_us_560ed160e4b0dd85030be95e,Oregon Governor Avoids Gun Control In Her Remarks About Shooting,POLITICS,"""Today is not the day"" to talk about possible solutions, she said.",Michael McLaughlin,2015-10-02
https://www.huffingtonpost.com/entry/flickr-love-story_us_5b9cc955e4b03a1dcc81d664,"Flickr Love Story: Sophie Ellis, Patrick Eggert Meet On Photo-Sharing Site, Get Engaged",WEDDINGS,"To see photos of Ellis and Eggert, and some of their ""365"" self-portraits, click through the slideshow below. Keep in touch",Erin Migdol,2013-02-05
https://www.huffingtonpost.com/entry/7-reasons-why-starting-a-_b_7121252.html,7 Reasons Why Starting a Business Can Be Better for You Than Therapy,BUSINESS,"At the end of the day, if you wish to be successful, you have no choice but to make peace with yourself, learn a thing or two, and move on, continually growing and embracing the process.","Jenev Caddell, ContributorPsychologist, Author and Secret Weapon to Artists & Creative E...",2015-04-24
https://www.huffingtonpost.com/entry/bill-withers-soul-man_n_7102444.html,Bill Withers: The Soul Man Who Walked Away,BLACK VOICES,,,2015-04-20
https://www.huffingtonpost.com/entry/guantanamo-drowning-pool-bodies-music-interrogations_us_595fb879e4b0d5b458ea0ff5,Guantanamo ‘Freedom Fest’ Features Band Whose Music Was Used To Torture Detainees,POLITICS,"Years after the military used Drowning Pool music in interrogations, the band was invited to play a 4th of July show.",Jessica Schulberg,2017-07-07
https://www.huffingtonpost.com/entry/ix-investments-social-good-buffett_us_564f412ee4b0879a5b0a9917,Warren Buffett's Grandson Is Out To Prove 'Commerce Can Have A Conscience',BUSINESS,"""It's just not enough to only be 'less bad,' but it is essential to be 'actively good.'""",Ryan Grenoble,2015-11-20
https://www.huffingtonpost.com/entry/wardrobe-malfunctions-photos-pictures_us_5b9c9888e4b03a1dcc802801,Wardrobe Malfunctions Photos: See This Week's Almost-Dangerous Outfits (PHOTOS),STYLE & BEAUTY,Jessica Biel's strappy number is making us nervous.,,2012-12-08
https://www.huffingtonpost.com/entry/mosque-bombing-nigeria_n_6237390.html,"Bombs, Gunfire Kills Scores At Crowded Mosque In Nigeria",WORLDPOST,,,2014-11-28
https://www.huffingtonpost.com/entry/social-media-increase-home-thefts_us_5b9c65c0e4b03a1dcc7e590f,How Social Media Can Put Your Home At Risks For Thefts (PHOTOS),HOME & LIVING,All it takes is one careless status update.,Michelle Manetti,2012-10-11
https://www.huffingtonpost.com/entry/story_n_6397686.html,PART II: Jay From 'Serial' Speaks Out,MEDIA,,,2014-12-30
https://www.huffingtonpost.com/entry/what-seaworld-should-do_b_6304788.html,What SeaWorld Should Do,GREEN,"SeaWorld's value as a business on the stock market has gone way way down. Well, SeaWorld, now that we have your attention...","Mark J. Palmer, ContributorAssociate Director, International Marine Mammal Project, Earth...",2014-12-19
https://www.huffingtonpost.com/entry/10-smart-tips-for-better_us_5b9d6439e4b03a1dcc876ea1,10 Smart Tips for Better Beach Vacations,TRAVEL,Where do lifeguards look first when a child is lost on the beach? What everyday product makes sand fall away from skin? How can you take the pain out of a jellyfish sting? Here are some great tips for a stress-free beach getaway.,"MiniTime, Contributor
MiniTime is the first family travel site with personalized rec...",2013-07-30
https://www.huffingtonpost.com/entry/hillary-again-but-different_b_6774732.html,"Hillary, Again. (But Different?)",POLITICS,,"Rick Horowitz, ContributorMilwaukee Public TV Commentator, Writing Coach, Writing & ...",2015-02-28
https://www.huffingtonpost.com/entry/orphaned-orangutans-story-shows-why-we-need-responsible-palm-oil-policies_us_57c47ca4e4b09cd22d91d9a9,Orphaned Orangutan's Story Shows Why We Need Responsible Palm Oil Policies,GOOD NEWS,“He’s one of the lucky survivors of conflict palm oil expansion but his fate is not the norm.”,Kimberly Yam,2016-08-30
https://www.huffingtonpost.com/entry/i-lost-weight-krista-guerrero_us_5b9d7e62e4b03a1dcc88b2dc,I Lost Weight: Krista Guerrero Started Working Out With A Trainer And Lost 136 Pounds,WELLNESS,How I Lost It: I had seen a friend on Facebook who dropped over 100 pounds with a local personal trainer. I really liked,,2013-10-04
https://www.huffingtonpost.com/entry/why-its-important-to-meet-kids-on-their-own-terms_us_57f70cbee4b0b6a430315075,Why It's Important To Meet Kids On Their Own Terms,HEALTHY LIVING,"This article first appeared on QuietRev.com One in five million children is born a prodigy, meaning she or he will reach","Brian Gresko, Quiet Revolution",2016-10-20
https://www.huffingtonpost.com/entry/desserts-barbecue_us_5b9bdf0ee4b03a1dcc7adefd,8 Foolproof Desserts For A Barbecue.. With Wine Pairings!,FOOD & DRINK,"Here are our 9 favorite classic party desserts for a barbecue -- cakes, cookies, ice cream and pudding -- with wine pairings provided by Dennis Keohane from invino.","Food52, Contributor
food52.com",2012-06-20
https://www.huffingtonpost.com/entry/tom-hanks-rita-wilson-smokin-hot_us_5a848406e4b0058d55656141,Tom Hanks Brags How ‘Smokin’ Hot’ Rita Wilson Is After 29 Years Of Marriage,ENTERTAINMENT,His description of when he finds his wife the sexiest is so romantic. 💕,Elyse Wanshel,2018-02-14
https://www.huffingtonpost.com/entry/shredded-beef-tacos-for-t_us_5b9deafee4b03a1dcc8eb5f4,Shredded Beef Tacos for the Slow Cooker,FOOD & DRINK,"I made a slaw (sort of, I really I just mixed it all together) of red cabbage, tomatillo, tomato, fresh corn, cilantro and jalapeño and layered it over the shredded beef along with some shredded cheese. Then I topped it all off with avocado crema. Basically sour cream, mashed avocado and some lime juice. It was all really simple and a meal I will make again for sure very soon! Enjoy.","Food Fanatic, Contributor
If you love food, we're your people.",2014-03-09
https://www.huffingtonpost.com/entry/prepaid-card-student-id-college-campus_us_5b9b9803e4b03a1dcc78e23f,Prepaid Cards Double As Student IDs On College Campuses,MONEY,"More Americans also are relying less on cash. 43 percent of Americans have gone a week without using cash, according to a",Bonnie Kavoussi,2012-04-19
https://www.huffingtonpost.com/entry/ren%C3%A9e-zellweger-is-back-and-funnier-than-ever-in-bridget-jones-baby-trailer_us_56f298b5e4b02c402f65c460,Renée Zellweger Is Back And Funnier Than Ever In 'Bridget Jones's Baby' Trailer,ENTERTAINMENT,We've missed her!,Carly Ledbetter,2016-03-23
https://www.huffingtonpost.com/entry/fuller-thicker-hair-diy-salt-shampoo_us_5b9cdc9ae4b03a1dcc8281f1,"Get Fuller, Thicker Hair With A DIY Salt Detox Shampoo (VIDEO)",STYLE & BEAUTY,"And just like your face, which needs regular exfoliation to make serums and creams works better, the same goes for hair. A",,2013-02-27
https://www.huffingtonpost.com/entry/only-in-ohio-unsigned-ban_b_6681218.html,Only in Ohio: Unsigned Band Joins Symphony Orchestra,ARTS,"When you think of a full orchestra backing up a contemporary musical act, you probably imagine an established artists like Lady Gaga, Bono or maybe Beyonce´ at the Grammys.","Daryl Rowland, ContributorAward-winning screenwriter, humorist, political blogger and ma...",2015-02-17
https://www.huffingtonpost.com/entry/poetry_us_5b9d9c86e4b03a1dcc8a3577,Repeatedly We Are Asked,WELLNESS,"While excellence is an admirable and useful reward for our effort in the world, our immersion of heart into whatever we are doing leads us past excellence into the experience of Oneness. This is a hard insight to open.","Mark Nepo, Contributor
Author, New York Times bestseller ‘The Book of Awakening’",2013-10-22
https://www.huffingtonpost.com/entry/creepy-reactions-to-affair-news_us_5b9dcabce4b03a1dcc8ced19,3 Completely Creepy (Yet Surprisingly Common) Reactions to News of an Affair,DIVORCE,People blurt out really stupid things sometimes.  And getting hit with the news that a friend's significant other is cheating is exactly the kind of thing that can prompt you to say something that you'll regret.,"Christina Pesoli, Contributor
Author, Blogger, Lawyer",2014-01-16
https://www.huffingtonpost.comhttp://www.deluneblog.com/2012/03/frizz-free-friday-secret-to-perfect.html,The Secret To A Perfect French Manicure: From Our Network,STYLE & BEAUTY,From De Lune: I had a stroke of genius when I found a band-aid on my floor after watching water marble manicure tutorials,,2012-03-07
https://www.huffpost.com/entry/jeffersontown-kroger-shooting-gregory-bush_n_5bee1fc3e4b0510a1f2f353c,Man Who Allegedly Killed 2 Black People In Kroger Charged With Hate Crimes,CRIME,"Gregory Alan Bush is accused of fatally shooting two grandparents in Jeffersontown, Kentucky, last month because of their race.",Nick Visser,2018-11-16
https://www.huffingtonpost.com/entry/historic-day-for-women-in-lebanon-as-parliament-repeals_us_59a7342de4b096fd8876c04c,Historic Day For Women In Lebanon As Parliament Repeals Rape Law,WORLD NEWS,Cross posted from UN Women. Ending violence against women is one of UN Women’s key priorities. “To live a life free of violence,"UN Women, ContributorUN Women is the UN organization dedicated to gender equality a...",2017-08-30
https://www.huffingtonpost.com/entry/black-woman-hair-video-game-momo-pixel_us_5a130082e4b0bfa88c1bd5dd,This Artist Made A Game For Black Women Who Are Tired Of People Touching Their Hair,BLACK VOICES,"Momo Pixel created ""Hair Nah!"" for women who are tired of telling folks, ""Don't touch my hair.""",Taryn Finley,2017-11-20
https://www.huffingtonpost.com/entry/louise-thompson-flesh-eating-bacteria-fifth-necrotizing-fasciitis_us_5b9bcd34e4b03a1dcc7a5ffe,"Louise Thompson, South Carolina Woman, Is 5th Recent Case Of Flesh-Eating Bacteria",WELLNESS,"According to the 2007 World Journal of Emergency Surgery study, necrotizing fasciitis can be hard to diagnose -- but being",,2012-06-04
https://www.huffingtonpost.com/entry/2017-hot-dog-eating-contest_us_595b9fcde4b02734df34392f,Joey Chestnut Sets New Record At Nathan’s Hot Dog Eating Contest,WEIRD NEWS,The defending men’s championship winner wolfed down 72 dogs -- 12 more than the second-place finisher.,Nina Golgowski,2017-07-04
https://www.huffingtonpost.com/entry/a-license-to-kill-6-million-lives-at-stake_b_7516824.html,A 'License to Kill'? 6 Million Lives at Stake Every Year,IMPACT,"If Philip Morris wins its case against Uruguay forcing them to scrap its laws aimed at safeguarding public health, smoking bans in other countries will also be threatened. Philip Morris will have a ""license to kill"". A ruling is expected very soon from the ICSID, a branch of the World Bank.","Matthieu Ricard, ContributorAuthor, photographer, humanitarian,prominent speaker",2015-06-17
https://www.huffingtonpost.com/entry/five-issues-besides-russiagate-to-attack-trump_us_59131883e4b07e366cebb79a,"Aside From RussiaGate, Democrats Should Attack Trump On These Five Issues",POLITICS,"His firing of James Comey aside, Donald Trump is linked to a slew of  deeply unpopular policies. Here's how Democrats should capitalize.","Steve Heimoff, ContributorPolitical Blogger",2017-05-10
https://www.huffingtonpost.com/entry/bruce-rauner-inauguration-corporate_n_6451146.html,New GOP Governor's Inauguration Raises Questions Of Corporate Influence,POLITICS,,,2015-01-11
https://www.huffingtonpost.com/entry/i-am-not-a-fruit-body-image_us_560d4972e4b076812700ef9c,#IAmNotAFruit Promotes Women Wearing Whatever The Hell They Want,STYLE,"Apples, pears, bananas, oh my.",Jamie Feldman,2015-10-02
https://www.huffingtonpost.com/entry/fall-fashion_us_55b7a052e4b0074ba5a63674,How To Wear Fall's Newest Fashions While Summer's Still In Swing,STYLE,"The item: A necktie blouse     While we have all spent the past few weeks rejoicing over all the summer sales, it's easy",Michelle Persad,2015-07-29
https://www.huffingtonpost.com/entry/cat-greenleaf-smartphone_n_5571827.html,What Spurred This TV Host To Kick Her Smartphone Addiction,HEALTHY LIVING,,Alena Hall,2014-07-09
https://www.huffingtonpost.com/entry/pug-chill_us_55b623eae4b0224d8832ad13,Be Like This Pug And Just Chill,WEIRD NEWS,Aww yeah.,Steven Hoffer,2015-07-27
https://www.huffingtonpost.com/entry/iranian-rights-activists-hunger-strike_us_579f6b9ce4b08a8e8b5ea770,How An Iranian Rights Activist's Hunger Strike Is Exposing The Nation's Brutal Prison System,THE WORLDPOST,"One month into her hunger strike, jailed Iranian human rights activist Narges Mohammadi has gained an army of supporters","Flora Bagenal, Women & Girls Hub",2016-08-01
https://www.huffingtonpost.com/entry/myanmar-travel-issues_us_5b9c87f8e4b03a1dcc7f82ae,Five Reasons To Think Twice Before Visiting Myanmar,TRAVEL,"The recent influx of visitors has allowed hotel and tour operators to charge a premium for mediocre products and services, meaning travelers won't get much for all the crisp, unfolded U.S. dollars they're required to spend.","Kip Patrick, Contributor
Writer, photographer, volunteer",2012-11-19
https://www.huffingtonpost.com/entry/this-earth-day-i-stand-for-science_us_58f8cee2e4b0de26cfeae134,"This Earth Day, I Stand For Science",GREEN,"When I started my career at an investment bank more than 20 years ago, I never imagined natural science, in addition to economic","Michelle Carr, ContributorMichelle Carr is the state director for The Nature Conservancy...",2017-04-20
https://www.huffingtonpost.com/entry/happy-healthy-life_b_5066082.html,"Why You Need Both a 'Bouncer' and a 'Bartender' to Live a Happy, Healthy Life",HEALTHY LIVING,"Instead of judging whether you made the right decision based on people's reaction to your time investment, you should measure it by this question: Is this authentically aligned with what's important to me?","Elizabeth Grace Saunders, ContributorFounder, Real Life E Time Coaching & Training",2014-04-18
https://www.huffingtonpost.com/entry/what-mount-greendwoods-reaction-to-joshua-beals-death_us_581f9e39e4b0334571e09dee,What Mount Greenwood's Reaction To Joshua Beal's Death Says About White Chicago,POLITICS,The tragic murder of another Black person by a police officer and the reactions of the community to the death show us once again that racism is alive and well.,"Dave Stieber, ContributorChicago Public Schools Social Studies Teacher, Parent,  & Spou...",2016-11-06
https://www.huffingtonpost.com/entry/new-hampshire-undecideds_us_56b26ddae4b01d80b244f4c8,"New Hampshire: Live Free Or Die, But Always Break Late",POLITICS,A word of caution: Granite State voters haven't made up their minds for next week's primary.,Jason Linkins,2016-02-03
https://www.huffpost.com/entry/trade-free-commission-investing_l_5cd07733e4b0e4d757369f28,Brokerage Companies That Let You Trade For Free,MONEY,"It's possible to buy and sell stocks, ETFs and other investments with no commission.",Casey Bond,2019-05-07
https://www.huffingtonpost.com/entry/latina-journalist-breaks-down-why-saying-illegals-is-wrong-on-so-many-levels_us_5817347de4b0990edc32026e,Latina Journalist Breaks Down Why Saying 'Illegals' Is Wrong On So Many Levels,LATINO VOICES,Maria Hinojosa schooled a Trump advisor using the words of Elie Wiesel.,Carolina Moreno,2016-10-31
https://www.huffingtonpost.com/entry/aclu-record-donations-donald-trump_us_582a4065e4b02d21bbca588b,ACLU Raises Record $7.2 Million In Wake Of Donald Trump's Election,POLITICS,"President-elect, meet the Constitution.",Cristian Farias,2016-11-15
https://www.huffingtonpost.com/entry/florence-welch-style-icon_us_5b9b685ce4b03a1dcc774daf,Florence Welch's Style Icon: Batman? (PHOTOS),STYLE & BEAUTY,The red-haired singer performed at Bournemouth this weekend wearing one of her typical cape-y ensembles: a flowy black and,Jessica Misener,2012-03-05
https://www.huffingtonpost.com/entry/how-anti-abortion-laws-negatively-affect-womens-health-at-large_us_59651872e4b005b0fdc90efa,How Anti-Abortion Laws Negatively Affect Women's Health At Large,WOMEN,A new documentary explores the hidden ways women are being punished.,Jenavieve Hatch,2017-07-12
https://www.huffingtonpost.com/entry/american-samoa-questions-gay-marriage-ruling_us_55a06343e4b0b8145f72dca7,American Samoa Questions If Gay Marriage Ruling Applies To Territory,POLITICS,"PAGO PAGO, American Samoa (AP) - American Samoa stands as the only U.S. territory to hold out against the recent Supreme","FILI SAGAPOLUTELE, AP",2015-07-11
https://www.huffingtonpost.com/entry/americas-deadliest-jobs_us_5bb2dd01e4b0480ca65d8a8a,America's Deadliest Jobs: CNBC,BUSINESS,"The Most Outrageous Excuses for Calling in Sick Among the findings in the BLS’ report, violence and other injuries from people","CNBC, CNBC",2012-11-17
https://www.huffingtonpost.com/entry/best-tweets-women-on-twitter_n_6250648.html,The Funniest Tweets From Women This Week,WOMEN,,Alanna Vagianos,2014-12-06
https://www.huffingtonpost.com/entry/emotional-infidelity_us_5b9d89dfe4b03a1dcc89454c,Emotional Infidelity: Worse Than A Sexual Affair?,DIVORCE,"Are physical affairs bad? Of course they are. Anytime you break an agreement with your partner, you undermine the trust and",,2013-09-28
https://www.huffingtonpost.comhttp://www.mindbodygreen.com/0-4426/9-Things-You-Should-Stop-Doing-Right-Now.html,9 Things You Should Stop Doing Right Now,WELLNESS,"If you want to start living a happy and healthy life, here are nine things that you should stop doing right now: Read more",,2012-04-05
https://www.huffingtonpost.com/entry/selling-stem-cells-hones_b_5562041.html,Selling Stem Cells Honestly,SCIENCE,Scientists around the world are campaigning in favor of sensible regulation of stem-cell therapies. The recent conference of the International Society for Stem Cell Research (ISSCR) opened with a panel discussion about how to sort the real from the bogus treatments.,"Pete Shanks, ContributorAuthor, 'Human Genetic Engineering: A Guide for Activists, Ske...",2014-07-07
https://www.huffingtonpost.comhttp://www.buzzfeed.com/peggy/40-unique-wedding-dresses-you-can-buy-online,40 Unique Wedding Dresses You Can Buy Online,WEDDINGS,"If you want a totally cool wedding dress to match your totally cool wedding, the internet might be your one good option. And",,2013-01-11
https://www.huffingtonpost.com/entry/friday-talking-points_b_12496802.html,Trump Unshackled,POLITICS,"Donald Trump has a new answer for why he's about to lose in a landslide. It's all a vast left-wing conspiracy. No, really.","Chris Weigant, ContributorPolitical writer and blogger at ChrisWeigant.com",2016-10-15
https://www.huffingtonpost.com/entry/the-quirky-girl-timeline-video_us_5bacfbbee4b04234e85534a0,The Quirky Girl Timeline: A History Of Quirk From Hepburn To Deschanel (VIDEO),COMEDY,"This Saturday marks Zooey Deschanel's first time hosting ""Saturday Night Live"", which will be one small step for Zooey and",,2012-02-11
https://www.huffingtonpost.com/entry/top-5-fall-beers_b_8315358.html,Top 5 Fall Beers,TASTE,"Reap the rewards of the harvest season with our favorite fall beers. Boasting full-bodied, malty flavor along with classic autumn ingredients like pumpkin, cinnamon and nutmeg, these seasonal sippers are sure to warm you up on a brisk fall evening.","GAYOT.com, ContributorThe guide to the good life",2015-10-17
https://www.huffingtonpost.com/entry/police-sleep-shift-work_us_5b9c0418e4b03a1dcc7bc871,Police Sleep: Officers On Night Shift 14 Times More Likely To Be Sleep Deprived,WELLNESS,"""We know that sleep deprivation results in impaired performance both cognitively, physically and emotionally, which can impact",Amanda L. Chan,2012-07-21
https://www.huffingtonpost.com/entry/school-on-wheels-is-beaco_b_5260597.html,School on Wheels Is Beacon of Hope for Students Impacted By Homelessness,IMPACT,"When University of Massachusetts Dartmouth senior Kerenne Paul crosses the stage in her cap and gown on Friday, May 16, the occasion will be a day of firsts for the 22-year-old formerly homeless undergraduate and her mentors at the non-profit organization, SOWMA.","School on Wheels of Massachusetts, ContributorCheryl Opper is the founder and Executive Director of School o...",2014-05-03
https://www.huffingtonpost.com/entry/how-much-mortgage-can-you_us_5b9d87d4e4b03a1dcc892c05,How Much Mortgage Can You Afford?,HOME & LIVING,"Remember that there are hundreds of loan programs available in today's lending market, and each has different guidelines. So, don't be discouraged if your dream home seems out of reach.","realtor.com, Contributor
where home happens",2013-09-30
https://www.huffingtonpost.com/entry/stephen-chalmers-dump-site_us_5b9b6bd1e4b03a1dcc776757,Stephen Chalmers' 'Dump Sites' Serves As Art & Tourist Attraction (PHOTOS),TRAVEL,"Many of the most notorious serial murderers are either from Washington State or were active here, including the nation’s",,2012-03-08
https://www.huffingtonpost.com/entry/nascar-owners-say-they-would-fire-employees-who-protest-anthem_us_59c8c174e4b06ddf45f8e787,NASCAR Owners Say They Would Fire Employees Who Protest Anthem,SPORTS,Donald Trump tweeted his approval.,Ron Dicker,2017-09-25
https://www.huffingtonpost.com/entry/hole-sun_us_562144f0e4b02f6a900c36db,There's A Huge 'Hole' In The Sun And This Is What It Looks Like,SCIENCE,The coronal hole recently triggered several auroras here on Earth.,Jacqueline Howard,2015-10-19
https://www.huffingtonpost.com/entry/the-christian-sideshow-in-acts-of-terror_us_59bd4354e4b02c642e4a16f4,The Christian Sideshow In Acts Of Terror,RELIGION,"By painting terrorist acts as “Islamic,” certain conservatives ping the religious zeal of their right-wing Christian followers.","Terry Heaton, ContributorRetired television executive; Author, 'The Gospel of Self: How...",2017-09-19
https://www.huffingtonpost.com/entry/bathroom-panic_us_56f40300e4b0c3ef521820e3,Bathroom Panic Has Long Stood In The Way Of Equal Rights,POLITICS,The women's movement and now the LGBT movement have run up against restroom fears.,Amanda Terkel,2016-03-24
https://www.huffingtonpost.com/entry/as-anti-semitic-acts-rise-so-should-our-leaders-resolve_us_58b0d129e4b0658fc20f953c,"As Anti-Semitic Acts Rise, So Should Our Leaders' Resolve",RELIGION,"Political leaders must respond through words and deeds, so the seeds of religious liberty planted by our founders can continue to flourish.","Brian Levin, J.D., ContributorDirector, Center for the Study of Hate and Extremism, Californ...",2017-02-25
https://www.huffingtonpost.com/entry/sheeple-has-been-added-to-the-dictionary_us_59021414e4b081a5c0fb9b77,'Sheeple' Has Been Added To The Dictionary,ARTS & CULTURE,Is Merriam-Webster throwing shade at the current political climate? Hmm...,Jenna Amatulli,2017-04-27
https://www.huffingtonpost.com/entry/the-price-of-saying-yes_b_6557674.html,The Price of Saying Yes,HEALTHY LIVING,"Do less, not more, to honor who you already are. Turn off your smart phone. Take a nap or a walk in the park. Meditate. Read a novel. Say no to the party that you are too tired to go to. Decline the urge to say yes.","Mila Atmos, ContributorWriter",2015-01-27
https://www.huffingtonpost.com/entry/anthology-magazine-issue-6_us_5b9b57a9e4b03a1dcc76c61b,"Inside Anthology Magazine's Issue 6, 'Handmade At Home'",HOME & LIVING,"Open publication - Free publishing Issue No. 6 Trailer from Anthology Magazine on Vimeo. Inside the pages, you'll be introduced",Diana N. Nguyen,2012-02-16
https://www.huffingtonpost.com/entry/craft-of-the-day-geode-bottle-stoppers_us_5b9c5069e4b03a1dcc7dbae6,Craft Of The Day: Make These Geode And Cork Bottle Stoppers,HOME & LIVING,"Have something to say? Check out HuffPost Home on Twitter, Facebook, Pinterest, Tumblr and Instagram. Finding an inexpensive",Amy Marturana,2012-09-24
https://www.huffingtonpost.com/entry/feminine-expression-and-a_b_9368418.html,Here's What I Want You To Know About My Life as a Feminine Transman,QUEER VOICES,"Falling in the middle, both in body and with how I dress, is what makes me comfortable. I feel attractive when I take time to do makeup or sculpt my facial hair, I feel desirable in a flippy skirt or click-clacking boots.","Bentley Burdick, ContributorAdvocacy writer, femme transman, and formerly homeless queer y...",2016-03-05
https://www.huffingtonpost.com/entry/deviled-potatoes-recipe_us_5b9cf8ece4b03a1dcc83677d,Deviled Potatoes By Post Punk Kitchen Are A Great Vegan Easter Recipe (PHOTO),FOOD & DRINK,These are not exactly deviled the way we expected.,,2013-03-27
https://www.huffingtonpost.com/entry/rand-paul-iran-obama_n_6874582.html,Rand Paul: I Signed Iran Letter In Order To Help Obama,POLITICS,,Igor Bobic,2015-03-15
https://www.huffingtonpost.com/entry/jennifer-lopez-dances-jimmy-fallon_us_5af41c1ae4b04d3b2c90e384,Jennifer Lopez Dances To 'Least Danceable' Songs On 'The Tonight Show',ENTERTAINMENT,So awkward ... so fun.,Ron Dicker,2018-05-10
https://www.huffpost.com/entry/hulu-what-to-watch_n_5b735be5e4b0df9b093a4073,What To Watch On Hulu That’s New This Week,ENTERTAINMENT,A popular food documentary joins.,Todd Van Luling,2018-08-18
https://www.huffingtonpost.comhttp://www.vocativ.com/352839/white-supremacists-sell-rainbow-lgbt-flags/,Racism & Rainbows: How Neo-Nazis Are Flirting With The LGBT Community,QUEER VOICES,"On a website owned by a prominent white nationalist, you can buy Confederate battle flags, “Don’t Tread On Me” Gadsden patches",,2016-08-23
https://www.huffingtonpost.com/entry/harnessing-my-sexuality-as-a-queer-cripple-becoming_us_58c5747be4b0a797c1d39e08,"Harnessing My Sexuality As A Queer Cripple: Becoming My Super, Sexy Self",QUEER VOICES,"The harness is my shield, my armor.","Andrew Gurza, ContributorDisability Awareness Consultant/Cripple Content Creator",2017-03-12
https://www.huffingtonpost.com/entry/trump-travel-restrictions_us_59c5516de4b06ddf45f7ce9b,Trump Administration To Replace Travel Ban With Restrictions On Certain Countries,POLITICS,Officials will not yet say what countries will face restrictions or what the restrictions will be.,Elise Foley,2017-09-22
https://www.huffingtonpost.com/entry/why-top-talent-is-passing-your-company-by_b_5633430.html,Why Top Talent Is Passing Your Company By,BUSINESS,"Today we switch from the ""sell"" side (candidates) to the ""buy"" side (hiring companies). Ever wonder why certain companies get all the best management talent? Or why other companies can only attract mediocre talent, and in many cases, go out of business?","Mark Wayman, ContributorFounder of The Foundation, LLC, an executive placement firm fo...",2014-07-30
https://www.huffingtonpost.com/entry/12-reasons-to-visit-iceland_us_5b9cdaede4b03a1dcc827382,12 Reasons to Visit Iceland -- Even in Winter (PHOTOS),TRAVEL,"Even though Iceland's almost at the top of the world near the Arctic Circle, winter temperatures are often warmer than, say, New York, London and Paris. In summer, the temp doesn't get much beyond light sweater weather. All in all, it's decent weather to see all there is to see, and there's a lot.","Laura Lippstone, Contributor
Journalist/Travel Writer",2013-04-02
https://www.huffingtonpost.com/entry/food-memories_us_5b9d5ba8e4b03a1dcc870afa,Food Memories: What Was The First Thing You Remember Eating?,FOOD & DRINK,"From cotton candy to 'duck soup,' the first tastes we remember never cease to amaze.",Rebecca Orchant,2013-07-18
https://www.huffingtonpost.com/entry/china-seizes-american-drone_us_585417f4e4b0390447082ed6,China's Navy Seizes American Underwater Drone In South China Sea,THE WORLDPOST,The U.S. has begun to formally demand for its return.,"Phil Stewart, Reuters",2016-12-16
https://www.huffpost.com/entry/the-races-where-democrats-are-rooting-for-election-deniers_n_62a4b700e4b06594c1c935ee,The Races Where Democrats Are Rooting For Election Deniers,POLITICS,"The party is hoping to shape GOP primaries to favor beatable candidates, but some fear they’re playing with fire.",Kevin Robillard,2022-06-13
https://www.huffingtonpost.com/entry/black-students-around-america-speak-out-about-casual-everyday-racism_us_56465539e4b08cda3488cd66,"Black Students Around America Speak Out About Casual, Everyday Racism",BLACK VOICES,"""It's exhausting. It's fatiguing and, you know, we're frustrated.""","Collin Binkley and Errin Haines Whack, AP",2015-11-14
https://www.huffingtonpost.com/entry/on-labor-day-hardworking_b_11868170.html,Hardworking Americans Deserve The Truth On Donald Trump's Record,POLITICS,"It may be hard to believe that Labor Day marks the traditional beginning of the ""real"" election season, given how long we've already been talking about the presidential campaign. But there couldn't be a higher-stakes election for American workers than this year's presidential election between Hillary Clinton and Donald Trump.","Chris Shelton, ContributorPresident of the Communications Workers of America.",2016-09-05
https://www.huffingtonpost.com/entry/seven-steps-to-purge-an-e_us_5b9c9293e4b03a1dcc7fef92,Seven Steps To Purge An Ex,DIVORCE,"You could dislike everything about your ex, and yet, right after you part ways they're on your mind 24/7.","Lois Tarter, Contributor
Author, divorce blogger and divorce party planner",2012-12-13
https://www.huffingtonpost.com/entry/success-tips_us_5b9cba94e4b03a1dcc814881,The Amazing Power of 'I Don't' (Rather Than 'I Can't'),WELLNESS,"It's hard to motivate yourself to adopt new habits, but it's even harder to rid yourself of old ones.  More often than not, it's the latter that keep us from becoming the person we really want to be.","Heidi Grant Halvorson, Ph.D., Contributor
Author, ""No One Understands You and What To Do About It"" ""Nine...",2013-01-23
https://www.huffingtonpost.com/entry/shaquem-griffin-becomes-first-one-handed-player-selected-in-nfl-draft_us_5ae4bceee4b02baed1bab0f7,Shaquem Griffin Becomes First One-Handed Player Selected In NFL Draft,SPORTS,Griffin joins his twin brother Shaquil on the Seattle Seahawks.,Andy McDonald,2018-04-28
https://www.huffingtonpost.com/entry/severe-weather-alabama-tornado_us_586b5750e4b0d9a5945c480a,Severe Weather Across Alabama Claims At Least 4 Lives,GREEN,The victims were in a mobile home when a tornado sent a tree crashing into it.,"By Jon Herskovitz, Reuters",2017-01-03
https://www.huffingtonpost.com/entry/healed-whole_us_5b9dab98e4b03a1dcc8b2c8b,Are You Healed or Whole? How to Tell the Difference,WELLNESS,"There are many kinds of well-being; to be full, you need to look at everything, including overall happiness, relationships and community, self confidence, career, spiritual health and finances.","Irene Ross, Contributor
Writer, Editor, Blogger",2013-11-27
https://www.huffingtonpost.com/entry/preet-bharara-investigation-tom-price_us_58cc2c03e4b0be71dcf4a372,Fired U.S. Attorney Preet Bharara Said to Have Been Investigating HHS Secretary Tom Price,POLITICS,Trump’s head of the Department of Health and Human Services traded stocks of health-related companies while working on legislation affecting the firms.,"Robert Faturechi, ProPublica",2017-03-17
https://www.huffingtonpost.com/entry/art-condoms-made-in-love_us_565ca1b3e4b072e9d1c2abfa,"Thanks To These Colorful Condoms, You Can Now Have Art Inside You",ARTS & CULTURE,When johnny bags become canvas ...,Priscilla Frank,2015-12-01
https://www.huffingtonpost.com/entry/conscious-relationships_b_5267314.html,8 Insights Into Conscious Relationship,HEALTHY LIVING,Examining how these threads come together to create the balances and imbalances informing the relationship can provide insight into what's working and what may need some work.,"Michael J. Formica, ContributorBoard Certified Counselor, Integral Life Coach, Author, Educator",2014-05-08
https://www.huffingtonpost.com/entry/woman-gives-birth-nyc-street_us_5b9de547e4b03a1dcc8e4ff6,Woman Gives Birth In The Middle Of A New York City Street,PARENTING,"The woman has not been identified but Fox reports both mother and child are doing well. ""These streets will make you feel",,2014-02-25
https://www.huffingtonpost.com/entry/trump-helicopter-iowa-state-fair_us_55cfca7ee4b055a6dab0915e,Trump Woos Kids With Helicopter Rides At Iowa State Fair,ENTERTAINMENT,"DES MOINES, Iowa -- The main concourse at the Iowa State Fairgrounds on a weekend is always a spectacle with thousands of","Samantha-Jo Roth, The Huffington Post",2015-08-16
https://www.huffingtonpost.com/entry/trump-camp-david_us_5a510a75e4b003133ec83372,Trump Says U.S. 'Not Going To Look Foolish As Long As I'm Here',POLITICS,The president stepped away from a Camp David strategy session to bash the Russia investigation and address his mental health.,Sara Boboltz,2018-01-06
https://www.huffingtonpost.com/entry/harvey-saturday-flood_us_59a15b7ce4b05710aa5c7980,"After Harvey, Threat Of 'Dramatic Flooding' Could Mean The Worst Is Still To Come",GREEN,One meteorologist estimated 20 trillion gallons of water could fall on Texas in the next week.,"David Lohr, Kate Sheppard, Paige Lavender, Roque Planas, Sam Levine, and Dominique Mosbergen",2017-08-26
https://www.huffingtonpost.com/entry/the-legend-of-korra-one-o_b_5777270.html,The Legend of Korra: One of the Best Shows on Television,ENTERTAINMENT,"The Legend of Korra did something that's hard for any television show to do. It satisfied an appetite for something I never knew I even wanted. Specifically, it created a role model: a brown-skinned protagonist.","Malek Mouzon, ContributorWriter. Creative. Amateur Philosopher.",2014-09-08
https://www.huffingtonpost.com/entry/20-reasons-to-party-hard-this-mothers-day_us_5b9d08c9e4b03a1dcc83ec16,20 Reasons To Party Hard This Mother's Day,PARENTING,"Because your toddler found the missing black Sharpie before you did. Because even though son is potty trained, he has terrible aim. Because your daughter said that when it's sunny outside and she looks carefully, she can see your mustache.","Melissa Sher, Contributor
writer and tired person",2013-05-07
https://www.huffingtonpost.com/entry/nature-changes-site-of-hi_b_5358499.html,Nature Changes Site of History's Most Famous Last Stand: Bang Go Greece's Defences on the Looney Front,TRAVEL,"The sea once hugged this pass so closely that a few thousand Greeks could hold off 1.7 million Persians, if the ancient historian Herodotus is to be believed, in the 300-foot wide defile where numerical superiority was useless.","Mike Arkus, ContributorJournalist",2014-06-09
https://www.huffingtonpost.com/entry/today-show-ivf_us_5b9d974ee4b03a1dcc89e25b,First Woman To Have Fertility Treatment Broadcasted On TV Is Now Pregnant,PARENTING,"The journey to this point was a long one for the couple. During their previous ""Today"" appearance, Jessica said her fertility",,2013-10-10
https://www.huffpost.com/entry/utah-transgender-youth-sports_n_62238033e4b03bc49a9bb218,Utah Gov. Spencer Cox Says He Plans To Veto Trans Sports Ban Bill,POLITICS,"“I just want them to know that it’s gonna be okay. We’re gonna work through this,” Governor Spencer Cox said of trans student athletes.","Sam Metz and Lindsay Whitehurst, AP",2022-03-05
