work_year,experience_level,employment_type,job_title,salary,salary_currency,salary_in_usd,employee_residence,work_setting,company_location,company_size,job_category
2023,Mid-level,Full-time,Business Intelligence Engineer,79600,USD,79600,United States,In-person,United States,L,BI and Visualization
2023,Senior,Full-time,Machine Learning Engineer,255360,USD,255360,United States,In-person,United States,M,Machine Learning and AI
2023,Executive,Full-time,Head of Data,142200,USD,142200,United States,In-person,United States,M,Leadership and Management
2023,Senior,Full-time,Data Analyst,116000,USD,116000,United States,Remote,United States,M,Data Analysis
2023,Senior,Full-time,Data Scientist,161000,USD,161000,United States,Remote,United States,M,Data Science and Research
2024,Mid-level,Full-time,Data Scientist,120000,USD,120000,United States,In-person,United States,M,Data Science and Research
2024,Entry-level,Full-time,Data Analyst,105000,USD,105000,United States,In-person,United States,M,Data Analysis
2024,Entry-level,Full-time,Data Engineer,115000,USD,115000,United States,Remote,United States,M,Data Engineering
2023,Senior,Full-time,Applied Scientist,260000,USD,260000,United States,In-person,United States,L,Data Science and Research
2023,Senior,Full-time,Data Scientist,140000,USD,140000,United States,Remote,United States,M,Data Science and Research
2023,Senior,Full-time,Data Scientist,160000,USD,160000,United States,Remote,United States,M,Data Science and Research
2023,Senior,Full-time,Data Engineer,82673,USD,82673,United States,Remote,United States,M,Data Engineering
2022,Mid-level,Full-time,Data Engineer,75000,GBP,92350,United Kingdom,Remote,United Kingdom,M,Data Engineering
2024,Senior,Full-time,Data Scientist,93300,USD,93300,United States,In-person,United States,M,Data Science and Research
2022,Senior,Full-time,Data Engineer,106800,USD,106800,United States,In-person,United States,M,Data Engineering
2023,Entry-level,Full-time,Data Engineer,60000,USD,60000,United States,Remote,United States,M,Data Engineering
2023,Senior,Full-time,Data Architect,250500,USD,250500,United States,In-person,United States,M,Data Architecture and Modeling
2023,Mid-level,Full-time,Data Analytics Manager,110000,USD,110000,United States,In-person,United States,M,Leadership and Management
2023,Senior,Full-time,Machine Learning Engineer,247500,USD,247500,United States,In-person,United States,M,Machine Learning and AI
2023,Senior,Full-time,Applied Scientist,136000,USD,136000,United States,In-person,United States,L,Data Science and Research
2023,Mid-level,Full-time,Data Engineer,106700,USD,106700,United States,In-person,United States,M,Data Engineering
2023,Senior,Full-time,Business Intelligence Developer,110600,USD,110600,United States,In-person,United States,M,BI and Visualization
2023,Senior,Full-time,Data Engineer,208200,USD,208200,United States,Remote,United States,M,Data Engineering
2022,Senior,Full-time,Data Scientist,119300,USD,119300,United States,In-person,United States,L,Data Science and Research
2023,Senior,Full-time,Machine Learning Engineer,226600,USD,226600,United States,In-person,United States,M,Machine Learning and AI
2023,Senior,Full-time,Data Engineer,226700,USD,226700,United States,In-person,United States,M,Data Engineering
2022,Senior,Full-time,Analytics Engineer,130000,USD,130000,United States,Remote,United States,M,Leadership and Management
2024,Mid-level,Full-time,Data Scientist,154500,USD,154500,United States,In-person,United States,M,Data Science and Research
2023,Mid-level,Full-time,Data Scientist,172200,USD,172200,United States,Remote,United States,M,Data Science and Research
2024,Senior,Full-time,Data Architect,175000,USD,175000,United States,In-person,United States,M,Data Architecture and Modeling
2023,Senior,Full-time,Computer Vision Engineer,215000,USD,215000,United States,In-person,United States,M,Machine Learning and AI
2022,Entry-level,Full-time,Machine Learning Engineer,189750,USD,189750,United States,In-person,United States,M,Machine Learning and AI
2022,Senior,Full-time,Data Architect,225000,USD,225000,United States,Remote,United States,M,Data Architecture and Modeling
2023,Mid-level,Full-time,Business Intelligence Developer,110000,USD,110000,United States,Remote,United States,M,BI and Visualization
2024,Senior,Full-time,Machine Learning Engineer,60000,USD,60000,Brazil,Remote,Brazil,M,Machine Learning and AI
2023,Mid-level,Full-time,Data Analyst,115950,USD,115950,United States,In-person,United States,M,Data Analysis
2024,Mid-level,Full-time,Data Scientist,75705,USD,75705,United States,In-person,United States,M,Data Science and Research
2024,Senior,Full-time,Data Engineer,275000,USD,275000,United States,Remote,United States,M,Data Engineering
2024,Senior,Full-time,Computer Vision Engineer,235000,USD,235000,United States,In-person,United States,M,Machine Learning and AI
2023,Mid-level,Full-time,Data Scientist,157000,USD,157000,United States,Remote,United States,M,Data Science and Research
2023,Senior,Full-time,Machine Learning Engineer,240000,USD,240000,United States,Remote,United States,M,Machine Learning and AI
2023,Senior,Full-time,Data Scientist,250000,USD,250000,United States,In-person,United States,M,Data Science and Research
2023,Senior,Full-time,Machine Learning Engineer,106900,USD,106900,United States,In-person,United States,M,Machine Learning and AI
2024,Entry-level,Full-time,Data Analyst,75000,EUR,83333,France,In-person,France,M,Data Analysis
2022,Entry-level,Full-time,Data Scientist,82000,USD,82000,United States,In-person,United States,L,Data Science and Research
2023,Senior,Full-time,Research Engineer,140000,USD,140000,United States,In-person,United States,M,Data Science and Research
2024,Senior,Full-time,AI Architect,132500,USD,132500,United States,In-person,United States,M,Machine Learning and AI
2023,Mid-level,Full-time,Data Engineer,170884,USD,170884,United States,Remote,United States,M,Data Engineering
2023,Senior,Full-time,Data Analyst,135000,USD,135000,United States,In-person,United States,M,Data Analysis
2022,Entry-level,Full-time,Data Scientist,80000,EUR,84053,Belgium,Remote,Belgium,L,Data Science and Research
2023,Senior,Full-time,Applied Scientist,216000,USD,216000,United States,Remote,United States,M,Data Science and Research
2023,Senior,Full-time,Data Scientist,176000,USD,176000,United States,In-person,United States,M,Data Science and Research
2023,Senior,Full-time,Data Analyst,95000,USD,95000,United States,Remote,United States,M,Data Analysis
2024,Entry-level,Full-time,Data Analyst,75000,GBP,93750,United Kingdom,In-person,United Kingdom,M,Data Analysis
2024,Senior,Full-time,Data Engineer,146000,USD,146000,United States,In-person,United States,M,Data Engineering
2023,Senior,Full-time,Data Scientist,209450,USD,209450,United States,Remote,United States,M,Data Science and Research
2024,Mid-level,Full-time,Data Scientist,188500,USD,188500,United States,In-person,United States,M,Data Science and Research
2024,Senior,Full-time,Data Scientist,140000,USD,140000,Canada,In-person,Canada,M,Data Science and Research
2023,Mid-level,Full-time,Data Engineer,100000,GBP,123040,United Kingdom,In-person,United Kingdom,M,Data Engineering
2023,Mid-level,Full-time,Data Engineer,120000,USD,120000,United States,In-person,United States,M,Data Engineering
2023,Senior,Full-time,Machine Learning Engineer,180000,USD,180000,United States,In-person,United States,M,Machine Learning and AI
2023,Senior,Full-time,Applied Scientist,136000,USD,136000,United States,In-person,United States,L,Data Science and Research
2024,Senior,Full-time,Data Scientist,165000,USD,165000,United States,In-person,United States,M,Data Science and Research
2023,Senior,Full-time,Machine Learning Engineer,190000,USD,190000,United States,Remote,United States,M,Machine Learning and AI
2024,Senior,Full-time,Research Scientist,258100,USD,258100,United States,In-person,United States,M,Data Science and Research
2023,Senior,Full-time,Research Engineer,142600,USD,142600,United States,In-person,United States,M,Data Science and Research
2024,Senior,Full-time,Data Scientist,170000,USD,170000,United States,Remote,United States,M,Data Science and Research
2023,Senior,Full-time,Machine Learning Engineer,73200,EUR,79032,Lithuania,In-person,Lithuania,M,Machine Learning and AI
2023,Senior,Full-time,Machine Learning Engineer,165000,USD,165000,United States,Remote,United States,M,Machine Learning and AI
2023,Senior,Full-time,AI Developer,108000,USD,108000,Ukraine,In-person,Ukraine,M,Machine Learning and AI
2022,Senior,Full-time,Data Analyst,169000,USD,169000,United States,In-person,United States,M,Data Analysis
2023,Senior,Full-time,Data Analyst,92000,USD,92000,United States,In-person,United States,M,Data Analysis
2023,Mid-level,Full-time,Data Engineer,167500,USD,167500,United States,In-person,United States,M,Data Engineering
2022,Mid-level,Full-time,Data Scientist,55000,GBP,67723,United Kingdom,In-person,United Kingdom,M,Data Science and Research
2023,Senior,Full-time,Research Scientist,210000,USD,210000,United States,In-person,United States,M,Data Science and Research
2023,Senior,Full-time,Data Scientist,153300,USD,153300,United States,In-person,United States,M,Data Science and Research
2023,Senior,Full-time,Data Engineer,104650,USD,104650,United States,In-person,United States,M,Data Engineering
2023,Senior,Full-time,Machine Learning Engineer,306400,USD,306400,Canada,In-person,Canada,M,Machine Learning and AI
2023,Senior,Full-time,Machine Learning Engineer,204500,USD,204500,United States,In-person,United States,M,Machine Learning and AI
2024,Senior,Full-time,Data Scientist,128945,USD,128945,United States,Remote,United States,M,Data Science and Research
2024,Senior,Full-time,Data Scientist,207000,USD,207000,United States,Remote,United States,M,Data Science and Research
2022,Senior,Full-time,Machine Learning Engineer,180000,USD,180000,United States,Remote,United States,M,Machine Learning and AI
2023,Senior,Full-time,Applied Scientist,205000,USD,205000,United States,In-person,United States,M,Data Science and Research
2023,Senior,Full-time,Data Science,71200,USD,71200,United States,In-person,United States,M,Data Science and Research
2024,Mid-level,Full-time,Data Engineer,134600,USD,134600,United States,In-person,United States,M,Data Engineering
2023,Senior,Full-time,Business Intelligence Engineer,78800,USD,78800,United States,Remote,United States,M,BI and Visualization
2023,Entry-level,Full-time,Data Analyst,47840,USD,47840,United States,In-person,United States,M,Data Analysis
2023,Mid-level,Full-time,Analytics Engineer,140000,USD,140000,United States,In-person,United States,M,Leadership and Management
2024,Senior,Full-time,Data Product Manager,199100,USD,199100,United States,In-person,United States,M,Leadership and Management
2023,Mid-level,Full-time,Data Specialist,90000,USD,90000,United States,Remote,United States,M,Data Management and Strategy
2024,Senior,Full-time,Data Scientist,248600,USD,248600,United States,In-person,United States,M,Data Science and Research
2024,Senior,Full-time,Machine Learning Engineer,215000,USD,215000,United States,In-person,United States,M,Machine Learning and AI
2024,Senior,Full-time,Machine Learning Engineer,192000,USD,192000,United States,In-person,United States,M,Machine Learning and AI
2024,Entry-level,Full-time,Data Analyst,80000,USD,80000,United States,In-person,United States,M,Data Analysis
2024,Senior,Full-time,Research Scientist,440000,USD,440000,United States,In-person,United States,M,Data Science and Research
2023,Executive,Full-time,Head of Data,329500,USD,329500,United States,In-person,United States,M,Leadership and Management
2024,Mid-level,Full-time,Data Analyst,195600,USD,195600,United States,Remote,United States,M,Data Analysis
2023,Senior,Full-time,Research Scientist,157000,USD,157000,United States,In-person,United States,M,Data Science and Research
2023,Executive,Full-time,Data Scientist,100000,USD,100000,United States,In-person,United States,M,Data Science and Research
2024,Mid-level,Full-time,Business Intelligence Manager,112000,USD,112000,United States,Remote,United States,M,BI and Visualization
2022,Mid-level,Full-time,Machine Learning Scientist,153000,USD,153000,United States,Hybrid,United States,M,Machine Learning and AI
2023,Senior,Full-time,Data Scientist,100000,USD,100000,United States,In-person,United States,M,Data Science and Research
2023,Mid-level,Full-time,Data Analyst,54000,USD,54000,United States,Remote,United States,M,Data Analysis
2023,Senior,Full-time,Data Analyst,172000,USD,172000,United Kingdom,Remote,United Kingdom,M,Data Analysis
2023,Mid-level,Full-time,Data Engineer,58400,USD,58400,United States,In-person,United States,M,Data Engineering
2024,Senior,Full-time,Data Engineer,162000,USD,162000,United States,In-person,United States,M,Data Engineering
2024,Senior,Full-time,Machine Learning Scientist,173000,USD,173000,United States,In-person,United States,M,Machine Learning and AI
2023,Senior,Full-time,Data Scientist,136000,USD,136000,United States,In-person,United States,M,Data Science and Research
2023,Senior,Full-time,Machine Learning Engineer,143000,USD,143000,Canada,Remote,Canada,M,Machine Learning and AI
2024,Senior,Full-time,Research Scientist,96643,USD,96643,Canada,In-person,Canada,M,Data Science and Research
2024,Mid-level,Full-time,Data Scientist,95000,USD,95000,United States,In-person,United States,M,Data Science and Research
2022,Senior,Full-time,Data Scientist,191475,USD,191475,United States,Remote,United States,M,Data Science and Research
2024,Entry-level,Full-time,Data Management Analyst,145000,USD,145000,United States,In-person,United States,M,Data Management and Strategy
2023,Senior,Full-time,Data Architect,138000,USD,138000,United Kingdom,Remote,United Kingdom,M,Data Architecture and Modeling
2024,Mid-level,Full-time,Analytics Engineer,134160,USD,134160,United States,In-person,United States,M,Leadership and Management
2023,Mid-level,Full-time,Machine Learning Engineer,133800,USD,133800,United States,In-person,United States,M,Machine Learning and AI
2023,Mid-level,Full-time,Data Architect,140000,USD,140000,United States,Remote,United States,M,Data Architecture and Modeling
2023,Senior,Full-time,Data Engineer,171250,USD,171250,United States,In-person,United States,M,Data Engineering
2023,Senior,Full-time,Machine Learning Engineer,172200,USD,172200,United States,In-person,United States,M,Machine Learning and AI
2024,Mid-level,Full-time,Data Scientist,75000,USD,75000,United States,In-person,United States,M,Data Science and Research
2022,Senior,Full-time,Data Scientist,210000,USD,210000,United States,Remote,United States,M,Data Science and Research
2022,Senior,Full-time,Data Architect,195400,USD,195400,United States,Remote,United States,L,Data Architecture and Modeling
2023,Senior,Full-time,Data Engineer,163800,USD,163800,United States,In-person,United States,M,Data Engineering
2023,Senior,Full-time,Data Scientist,210550,USD,210550,United States,In-person,United States,M,Data Science and Research
2023,Senior,Full-time,Data Engineer,140000,USD,140000,United States,Remote,United States,M,Data Engineering
2024,Senior,Full-time,Data Engineer,218185,USD,218185,United States,Remote,United States,M,Data Engineering
2024,Mid-level,Full-time,Data Scientist,135000,USD,135000,United States,Remote,United States,M,Data Science and Research
2024,Mid-level,Full-time,Data Scientist,70000,USD,70000,United States,In-person,United States,M,Data Science and Research
2024,Senior,Full-time,Data Engineer,194500,USD,194500,United States,In-person,United States,M,Data Engineering
2024,Senior,Full-time,Research Engineer,150000,USD,150000,United Kingdom,In-person,United Kingdom,M,Data Science and Research
2023,Senior,Full-time,Research Engineer,370000,USD,370000,United States,In-person,United States,M,Data Science and Research
2023,Senior,Full-time,Data Scientist,323300,USD,323300,United States,In-person,United States,M,Data Science and Research
2023,Mid-level,Full-time,Data Engineer,72000,USD,72000,United States,In-person,United States,M,Data Engineering
2023,Mid-level,Full-time,Data Engineer,112000,USD,112000,United States,In-person,United States,M,Data Engineering
2022,Senior,Full-time,Data Analyst,112900,USD,112900,United States,Remote,United States,M,Data Analysis
2023,Senior,Full-time,Data Engineer,160000,USD,160000,United States,Remote,United States,M,Data Engineering
2024,Mid-level,Full-time,Data Scientist,73100,USD,73100,United States,In-person,United States,M,Data Science and Research
2023,Mid-level,Full-time,Data Analyst,160000,USD,160000,United States,In-person,United States,M,Data Analysis
2024,Mid-level,Full-time,Data Scientist,218000,USD,218000,United States,In-person,United States,M,Data Science and Research
2023,Senior,Full-time,Data Scientist,93300,USD,93300,United States,In-person,United States,M,Data Science and Research
2023,Mid-level,Full-time,Data Analyst,88000,USD,88000,United States,In-person,United States,M,Data Analysis
2024,Entry-level,Full-time,Data Analyst,65750,USD,65750,United States,In-person,United States,M,Data Analysis
2024,Senior,Full-time,Machine Learning Scientist,215000,CAD,165384,Canada,In-person,Canada,M,Machine Learning and AI
2023,Senior,Full-time,Data Scientist,150000,USD,150000,United States,Remote,United States,M,Data Science and Research
2023,Senior,Full-time,Data Architect,164000,USD,164000,United States,In-person,United States,M,Data Architecture and Modeling
2023,Mid-level,Full-time,Data Scientist,45000,EUR,48585,Spain,In-person,Spain,M,Data Science and Research
2023,Senior,Full-time,Data Engineer,163800,USD,163800,United States,In-person,United States,M,Data Engineering
2024,Mid-level,Full-time,Data Science Consultant,160000,USD,160000,United States,Remote,United States,M,Data Science and Research
2023,Entry-level,Full-time,Data Analyst,85256,USD,85256,United States,In-person,United States,M,Data Analysis
2023,Senior,Full-time,Data Engineer,108308,USD,108308,United Kingdom,Remote,United Kingdom,M,Data Engineering
2023,Senior,Full-time,Analytics Engineer,147500,USD,147500,United States,In-person,United States,M,Leadership and Management
2023,Senior,Full-time,Data Analyst,65000,USD,65000,United States,In-person,United States,M,Data Analysis
2024,Senior,Full-time,Data Scientist,60000,EUR,66666,Spain,In-person,Spain,M,Data Science and Research
2022,Senior,Full-time,Data Analyst,110000,USD,110000,United States,In-person,United States,M,Data Analysis
2024,Entry-level,Full-time,Data Engineer,162240,USD,162240,United States,In-person,United States,M,Data Engineering
2023,Mid-level,Full-time,Data Analyst,95000,USD,95000,United States,In-person,United States,M,Data Analysis
2024,Senior,Full-time,Data Architect,195000,USD,195000,United States,In-person,United States,M,Data Architecture and Modeling
2024,Senior,Full-time,Data Architect,90000,GBP,112500,United Kingdom,In-person,United Kingdom,M,Data Architecture and Modeling
2023,Mid-level,Full-time,Data Analyst,130000,USD,130000,Canada,Remote,Canada,M,Data Analysis
2023,Senior,Full-time,Data Engineer,237000,USD,237000,United States,Remote,United States,M,Data Engineering
2022,Senior,Full-time,Data Engineer,135000,USD,135000,United States,Remote,United States,M,Data Engineering
2024,Entry-level,Full-time,Research Analyst,84068,USD,84068,United States,In-person,United States,M,Data Science and Research
2023,Senior,Full-time,Data Engineer,163800,USD,163800,United States,In-person,United States,M,Data Engineering
2024,Mid-level,Full-time,Data Manager,128000,USD,128000,United States,In-person,United States,M,Leadership and Management
2023,Mid-level,Full-time,Data Engineer,180000,USD,180000,United States,In-person,United States,M,Data Engineering
2023,Senior,Full-time,Data Scientist,122000,USD,122000,United States,In-person,United States,M,Data Science and Research
2023,Senior,Full-time,Data Engineer,123000,USD,123000,United States,In-person,United States,M,Data Engineering
2023,Senior,Full-time,Data Specialist,72000,USD,72000,United States,In-person,United States,M,Data Management and Strategy
2023,Entry-level,Full-time,Data Analyst,115000,USD,115000,United States,In-person,United States,M,Data Analysis
2024,Senior,Full-time,Data Scientist,180000,USD,180000,United States,In-person,United States,M,Data Science and Research
2023,Senior,Full-time,Machine Learning Engineer,122700,USD,122700,United States,In-person,United States,M,Machine Learning and AI
2023,Senior,Full-time,Data Analyst,100000,USD,100000,United States,Remote,United States,M,Data Analysis
2023,Senior,Full-time,Research Engineer,250000,USD,250000,United States,In-person,United States,M,Data Science and Research
2022,Senior,Full-time,Machine Learning Engineer,164996,USD,164996,United States,In-person,United States,M,Machine Learning and AI
2023,Senior,Full-time,Decision Scientist,142200,USD,142200,United States,In-person,United States,M,Data Science and Research
2023,Senior,Full-time,Data Scientist,93300,USD,93300,United States,In-person,United States,M,Data Science and Research
2023,Mid-level,Full-time,Data Engineer,195000,USD,195000,United States,In-person,United States,M,Data Engineering
2024,Senior,Full-time,Data Analyst,120000,USD,120000,United States,In-person,United States,M,Data Analysis
2023,Mid-level,Full-time,Data Analyst,100000,USD,100000,United States,Remote,United States,M,Data Analysis
2024,Senior,Full-time,Data Product Manager,137500,USD,137500,United Kingdom,In-person,United Kingdom,M,Leadership and Management
2023,Mid-level,Full-time,Research Engineer,230000,USD,230000,United States,In-person,United States,M,Data Science and Research
2023,Mid-level,Full-time,Data Analyst,130000,USD,130000,United States,In-person,United States,M,Data Analysis
2023,Senior,Full-time,Data Analyst,94000,USD,94000,United States,In-person,United States,M,Data Analysis
2022,Senior,Full-time,Data Scientist,136000,USD,136000,United States,Remote,United States,M,Data Science and Research
2024,Senior,Full-time,Data Engineer,165000,USD,165000,United States,In-person,United States,M,Data Engineering
2023,Senior,Full-time,Research Engineer,80000,USD,80000,United States,In-person,United States,M,Data Science and Research
2023,Senior,Full-time,Data Scientist,253000,USD,253000,United States,Remote,United States,M,Data Science and Research
2022,Mid-level,Full-time,Data Engineer,100000,USD,100000,United States,In-person,United States,M,Data Engineering
2023,Senior,Full-time,Data Operations Engineer,192400,USD,192400,United States,In-person,United States,M,Data Quality and Operations
2023,Senior,Full-time,Data Engineer,121000,USD,121000,United States,In-person,United States,M,Data Engineering
2024,Mid-level,Full-time,Analytics Engineer,119200,USD,119200,United States,In-person,United States,M,Leadership and Management
2023,Senior,Full-time,Machine Learning Scientist,240000,USD,240000,United States,Remote,United States,M,Machine Learning and AI
2024,Entry-level,Full-time,Data Scientist,175100,USD,175100,United States,In-person,United States,M,Data Science and Research
2023,Mid-level,Full-time,Data Analyst,130100,USD,130100,United States,In-person,United States,M,Data Analysis
2023,Senior,Full-time,Data Scientist,179000,USD,179000,United States,Remote,United States,M,Data Science and Research
2023,Senior,Full-time,Data Scientist,178560,USD,178560,United States,In-person,United States,M,Data Science and Research
2023,Senior,Contract,Finance Data Analyst,300000,EUR,323905,France,Remote,United States,M,Data Analysis
2023,Senior,Full-time,Data Engineer,162000,USD,162000,United States,Remote,United States,M,Data Engineering
2022,Senior,Full-time,Data Engineer,130000,USD,130000,United States,Remote,United States,M,Data Engineering
2024,Mid-level,Full-time,Data Science Practitioner,145100,USD,145100,United States,In-person,United States,M,Data Science and Research
2023,Senior,Full-time,Data Lead,155000,USD,155000,United States,In-person,United States,M,Leadership and Management
2024,Senior,Full-time,Data Scientist,185400,USD,185400,United States,Remote,United States,M,Data Science and Research
2023,Senior,Full-time,Machine Learning Engineer,142200,USD,142200,United States,In-person,United States,M,Machine Learning and AI
2024,Mid-level,Full-time,Data Engineer,60000,USD,60000,United States,In-person,United States,M,Data Engineering
2023,Senior,Full-time,ML Engineer,226000,USD,226000,United States,Remote,United States,M,Machine Learning and AI
2023,Senior,Full-time,Data Engineer,65000,USD,65000,United States,In-person,United States,M,Data Engineering
2024,Mid-level,Full-time,Business Intelligence Developer,95413,USD,95413,United States,Remote,United States,M,BI and Visualization
2023,Senior,Full-time,Data Engineer,269100,USD,269100,United States,In-person,United States,M,Data Engineering
2023,Senior,Full-time,Data Engineer,129000,USD,129000,United States,In-person,United States,M,Data Engineering
2023,Senior,Full-time,Data Scientist,143100,USD,143100,Canada,In-person,Canada,M,Data Science and Research
2023,Mid-level,Full-time,Data Analyst,125000,USD,125000,United States,Remote,United States,M,Data Analysis
2023,Senior,Full-time,Data Analyst,140000,USD,140000,United States,Remote,United States,M,Data Analysis
2023,Senior,Full-time,Machine Learning Engineer,152000,USD,152000,United States,In-person,United States,M,Machine Learning and AI
2024,Mid-level,Full-time,Data Scientist,160000,USD,160000,United States,In-person,United States,M,Data Science and Research
2023,Senior,Full-time,Data Scientist,275300,USD,275300,United States,Remote,United States,M,Data Science and Research
2024,Senior,Full-time,Data Scientist,175000,USD,175000,United States,Remote,United States,M,Data Science and Research
2023,Senior,Full-time,Data Engineer,160000,USD,160000,United States,Remote,United States,M,Data Engineering
2023,Senior,Full-time,Analytics Engineer,160000,USD,160000,United States,In-person,United States,M,Leadership and Management
2023,Senior,Full-time,Data Engineer,84000,USD,84000,United States,Remote,United States,M,Data Engineering
2024,Senior,Full-time,Data Analyst,80000,USD,80000,Ireland,In-person,Ireland,M,Data Analysis
2023,Senior,Full-time,AI Engineer,106200,USD,106200,United States,In-person,United States,M,Machine Learning and AI
2023,Senior,Full-time,Machine Learning Engineer,188800,USD,188800,United States,In-person,United States,M,Machine Learning and AI
2023,Senior,Full-time,Decision Scientist,204500,USD,204500,United States,In-person,United States,M,Data Science and Research
2023,Senior,Full-time,Data Engineer,143000,USD,143000,United States,Remote,United States,M,Data Engineering
2022,Senior,Full-time,Data Scientist,119300,USD,119300,United States,In-person,United States,L,Data Science and Research
2023,Senior,Full-time,Data Engineer,157250,USD,157250,United States,Remote,United States,M,Data Engineering
2023,Senior,Full-time,Data Scientist,104000,USD,104000,United States,Remote,United States,M,Data Science and Research
2024,Mid-level,Full-time,Data Engineer,73100,USD,73100,United States,In-person,United States,M,Data Engineering
2023,Senior,Full-time,Data Science,150000,USD,150000,United States,Remote,United States,M,Data Science and Research
2023,Senior,Full-time,Data Engineer,139700,USD,139700,United States,In-person,United States,M,Data Engineering
2024,Entry-level,Full-time,Data Analyst,50000,GBP,62500,United Kingdom,In-person,United Kingdom,M,Data Analysis
2023,Senior,Full-time,Machine Learning Scientist,108308,USD,108308,United States,Remote,United States,M,Machine Learning and AI
2023,Senior,Full-time,Data Engineer,89600,USD,89600,United States,In-person,United States,M,Data Engineering
2023,Mid-level,Full-time,Data Manager,115500,USD,115500,United States,In-person,United States,M,Leadership and Management
2023,Mid-level,Full-time,Data Scientist,75000,EUR,80976,Ireland,In-person,Ireland,M,Data Science and Research
2024,Senior,Full-time,Machine Learning Engineer,146100,USD,146100,United States,Remote,United States,M,Machine Learning and AI
2024,Entry-level,Full-time,Data Analyst,160000,USD,160000,United States,In-person,United States,M,Data Analysis
2023,Senior,Full-time,Data Architect,180000,USD,180000,United States,In-person,United States,M,Data Architecture and Modeling
2023,Senior,Full-time,Data Engineer,123000,USD,123000,United States,In-person,United States,M,Data Engineering
2023,Senior,Full-time,Analytics Engineer,209000,USD,209000,United States,In-person,United States,M,Leadership and Management
2022,Senior,Full-time,Data Operations Engineer,105000,USD,105000,United States,In-person,United States,M,Data Quality and Operations
2023,Senior,Full-time,Data Engineer,171250,USD,171250,United States,In-person,United States,M,Data Engineering
2024,Mid-level,Full-time,Machine Learning Engineer,120000,AUD,80000,Australia,Hybrid,Australia,L,Machine Learning and AI
2023,Senior,Full-time,Data Analyst,126500,USD,126500,United States,Remote,United States,M,Data Analysis
2023,Senior,Full-time,Data Engineer,160000,USD,160000,Canada,Remote,Canada,M,Data Engineering
2023,Senior,Full-time,Data Engineer,135000,USD,135000,United States,In-person,United States,M,Data Engineering
2024,Entry-level,Full-time,Data Scientist,84000,USD,84000,United States,In-person,United States,M,Data Science and Research
2024,Senior,Full-time,AI Engineer,93300,USD,93300,United States,In-person,United States,M,Machine Learning and AI
2022,Senior,Full-time,Data Engineer,168400,USD,168400,United States,In-person,United States,M,Data Engineering
2023,Executive,Full-time,Data Science Director,190000,USD,190000,United States,In-person,United States,M,Data Science and Research
2024,Senior,Full-time,Data Scientist,152000,USD,152000,United States,In-person,United States,M,Data Science and Research
2022,Mid-level,Full-time,Data Scientist,90000,USD,90000,United States,Remote,United States,M,Data Science and Research
2024,Entry-level,Full-time,BI Analyst,80000,USD,80000,United States,In-person,United States,M,BI and Visualization
2022,Mid-level,Full-time,Data Engineer,60000,EUR,63040,Spain,Remote,Spain,M,Data Engineering
2023,Mid-level,Full-time,Data Analyst,100000,USD,100000,United States,Remote,United States,M,Data Analysis
2023,Senior,Full-time,Data Analyst,210000,USD,210000,United States,Remote,United States,M,Data Analysis
2023,Senior,Full-time,Data Engineer,170000,USD,170000,United States,In-person,United States,M,Data Engineering
2022,Mid-level,Full-time,Data Engineer,175000,USD,175000,United States,Remote,United States,M,Data Engineering
2023,Senior,Full-time,Data Infrastructure Engineer,200000,USD,200000,United States,In-person,United States,M,Data Engineering
2022,Senior,Full-time,Data Scientist,156400,USD,156400,United States,In-person,United States,M,Data Science and Research
2024,Senior,Full-time,Machine Learning Engineer,229369,USD,229369,United States,In-person,United States,M,Machine Learning and AI
2023,Entry-level,Full-time,Business Intelligence Analyst,65000,USD,65000,United States,In-person,United States,M,BI and Visualization
2023,Senior,Full-time,Data Engineer,116500,USD,116500,United States,Remote,United States,M,Data Engineering
2022,Senior,Full-time,Data Scientist,80000,USD,80000,United States,In-person,United States,M,Data Science and Research
2023,Senior,Full-time,Data Analyst,51962,USD,51962,United States,In-person,United States,M,Data Analysis
2023,Senior,Full-time,BI Analyst,135000,USD,135000,United States,In-person,United States,M,BI and Visualization
2023,Senior,Full-time,Data Engineer,186000,USD,186000,United States,In-person,United States,M,Data Engineering
2024,Senior,Full-time,Data Analyst,86146,EUR,95717,Netherlands,Remote,Netherlands,M,Data Analysis
2023,Senior,Full-time,Analytics Engineer,125000,USD,125000,United States,Remote,United States,M,Leadership and Management
2024,Entry-level,Full-time,Data Analyst,115000,USD,115000,United States,Remote,United States,M,Data Analysis
2023,Senior,Full-time,Data Scientist,36000,EUR,38868,Spain,In-person,Spain,M,Data Science and Research
2024,Senior,Full-time,Data Engineer,209300,USD,209300,United States,In-person,United States,M,Data Engineering
2023,Senior,Full-time,Data Scientist,152000,USD,152000,United States,In-person,United States,M,Data Science and Research
2023,Senior,Full-time,Data Engineer,280600,USD,280600,United States,In-person,United States,M,Data Engineering
2024,Mid-level,Full-time,Analytics Engineer,75000,USD,75000,United States,In-person,United States,M,Leadership and Management
2022,Senior,Full-time,Data Engineer,120000,USD,120000,United States,In-person,United States,M,Data Engineering
2023,Senior,Full-time,Data Scientist,140000,USD,140000,United States,In-person,United States,M,Data Science and Research
2024,Entry-level,Full-time,Machine Learning Engineer,170000,USD,170000,United States,In-person,United States,M,Machine Learning and AI
2023,Entry-level,Full-time,Data Analyst,60000,USD,60000,United States,In-person,United States,M,Data Analysis
2023,Mid-level,Full-time,Data Scientist,245000,USD,245000,United States,In-person,United States,M,Data Science and Research
2023,Senior,Full-time,Data Scientist,244000,USD,244000,Canada,In-person,Canada,M,Data Science and Research
2024,Senior,Full-time,Data Scientist,109000,USD,109000,United States,Remote,United States,M,Data Science and Research
2023,Senior,Full-time,BI Analyst,112655,USD,112655,United States,Remote,United States,M,BI and Visualization
2023,Mid-level,Full-time,Machine Learning Engineer,100000,USD,100000,United States,In-person,United States,M,Machine Learning and AI
2023,Senior,Full-time,Machine Learning Scientist,180514,USD,180514,United Kingdom,Remote,United Kingdom,M,Machine Learning and AI
2023,Senior,Full-time,Data Scientist,185000,USD,185000,United States,Remote,United States,M,Data Science and Research
2023,Senior,Full-time,Data Scientist,160000,USD,160000,United States,Remote,United States,M,Data Science and Research
2023,Senior,Full-time,Data Analyst,204500,USD,204500,United States,In-person,United States,M,Data Analysis
2023,Mid-level,Full-time,Data Analyst,95000,USD,95000,United States,Remote,United States,M,Data Analysis
2023,Senior,Full-time,Data Engineer,152375,USD,152375,United States,In-person,United States,M,Data Engineering
2023,Senior,Full-time,Machine Learning Engineer,151600,USD,151600,United States,In-person,United States,M,Machine Learning and AI
2024,Mid-level,Full-time,Data Analytics Manager,108750,USD,108750,United States,In-person,United States,M,Leadership and Management
2023,Senior,Full-time,Data Analyst,100000,USD,100000,United States,In-person,United States,M,Data Analysis
2024,Senior,Full-time,Applied Scientist,136000,USD,136000,United States,In-person,United States,L,Data Science and Research
2023,Senior,Full-time,Data Scientist,190000,USD,190000,United States,In-person,United States,M,Data Science and Research
2023,Senior,Full-time,Research Engineer,157250,USD,157250,United States,Remote,United States,M,Data Science and Research
2024,Senior,Full-time,Analytics Engineer,101100,USD,101100,United States,Remote,United States,M,Leadership and Management
2023,Senior,Full-time,Data Engineer,130000,USD,130000,United States,Remote,United States,M,Data Engineering
2024,Senior,Full-time,Data Scientist,104000,USD,104000,United States,In-person,United States,M,Data Science and Research
2023,Senior,Full-time,Data Analyst,126500,USD,126500,United States,In-person,United States,M,Data Analysis
2022,Entry-level,Full-time,Data Scientist,50000,USD,50000,United States,Hybrid,Germany,M,Data Science and Research
2024,Mid-level,Full-time,Data Specialist,59500,USD,59500,United States,Remote,United States,M,Data Management and Strategy
2023,Senior,Full-time,Data Analyst,169000,USD,169000,United States,In-person,United States,M,Data Analysis
2024,Senior,Full-time,Data Architect,200000,USD,200000,United States,In-person,United States,M,Data Architecture and Modeling
2024,Mid-level,Full-time,Data Scientist,100800,USD,100800,Canada,In-person,Canada,M,Data Science and Research
2022,Senior,Full-time,Cloud Database Engineer,160000,USD,160000,United States,Remote,United States,M,Cloud and Database
2023,Mid-level,Full-time,Data Scientist,135000,USD,135000,United States,In-person,United States,M,Data Science and Research
2023,Senior,Full-time,Data Analyst,127876,USD,127876,United States,Remote,United States,M,Data Analysis
2024,Mid-level,Full-time,Business Intelligence,100000,USD,100000,United States,In-person,United States,M,BI and Visualization
2023,Senior,Full-time,Data Modeler,90700,USD,90700,United States,In-person,United States,M,Data Architecture and Modeling
2023,Senior,Full-time,Data Scientist,150000,USD,150000,United States,Remote,United States,M,Data Science and Research
2024,Senior,Full-time,Data Scientist,165000,USD,165000,United States,In-person,United States,M,Data Science and Research
2023,Senior,Full-time,Data Analyst,70000,USD,70000,United States,In-person,United States,M,Data Analysis
2022,Senior,Full-time,Data Science Lead,165000,USD,165000,United States,Hybrid,United States,S,Data Science and Research
2023,Senior,Full-time,Data Engineer,252000,USD,252000,United States,In-person,United States,M,Data Engineering
2023,Mid-level,Full-time,Data Scientist,155000,USD,155000,United States,Remote,United States,M,Data Science and Research
2024,Senior,Full-time,Machine Learning Engineer,333500,USD,333500,United States,In-person,United States,M,Machine Learning and AI
2021,Entry-level,Full-time,Data Analyst,90000,USD,90000,United States,Remote,United States,S,Data Analysis
2023,Senior,Full-time,Data Scientist,191765,USD,191765,United States,In-person,United States,M,Data Science and Research
2023,Senior,Full-time,Machine Learning Engineer,193800,USD,193800,United States,In-person,United States,M,Machine Learning and AI
2024,Mid-level,Full-time,Analytics Engineer,148000,USD,148000,United States,Remote,United States,M,Leadership and Management
2024,Mid-level,Full-time,Research Scientist,69800,USD,69800,United States,Remote,United States,M,Data Science and Research
2023,Senior,Full-time,Machine Learning Engineer,173400,USD,173400,United States,In-person,United States,M,Machine Learning and AI
2024,Entry-level,Full-time,Business Intelligence Analyst,120200,USD,120200,United States,In-person,United States,M,BI and Visualization
2023,Senior,Full-time,Data Scientist,70000,USD,70000,United States,In-person,United States,M,Data Science and Research
2023,Senior,Full-time,Data Analyst,95000,USD,95000,United States,Remote,United States,M,Data Analysis
2023,Senior,Full-time,Data Engineer,204000,USD,204000,United States,In-person,United States,M,Data Engineering
2023,Senior,Full-time,Data Scientist,226600,USD,226600,United States,In-person,United States,M,Data Science and Research
2023,Mid-level,Full-time,Data Scientist,130000,USD,130000,United States,In-person,United States,M,Data Science and Research
2022,Entry-level,Full-time,Data Manager,45600,USD,45600,United States,Remote,United States,M,Leadership and Management
2023,Senior,Full-time,Data Scientist,175000,USD,175000,United States,Remote,United States,M,Data Science and Research
2023,Senior,Full-time,Data Analyst,125000,USD,125000,United States,In-person,United States,M,Data Analysis
2023,Mid-level,Full-time,Business Intelligence Engineer,65800,USD,65800,United States,In-person,United States,L,BI and Visualization
2023,Senior,Full-time,Data Scientist,138900,USD,138900,United States,In-person,United States,M,Data Science and Research
2023,Senior,Full-time,Data Scientist,130000,USD,130000,United States,Remote,United States,M,Data Science and Research
2024,Senior,Full-time,Machine Learning Engineer,166700,USD,166700,United States,Remote,United States,M,Machine Learning and AI
2022,Senior,Full-time,Data Analyst,113000,USD,113000,United States,Remote,United States,M,Data Analysis
2023,Mid-level,Full-time,Data Analyst,83000,USD,83000,United States,Remote,United States,M,Data Analysis
2023,Senior,Full-time,Data Engineer,120500,USD,120500,United States,Remote,United States,M,Data Engineering
2024,Mid-level,Full-time,Data Science,150000,USD,150000,United States,In-person,United States,M,Data Science and Research
2023,Senior,Full-time,Data Scientist,150000,USD,150000,United States,Remote,United States,M,Data Science and Research
2024,Entry-level,Full-time,Data Operations Associate,72000,USD,72000,United States,In-person,United States,M,Data Quality and Operations
2023,Mid-level,Full-time,Data Engineer,205600,USD,205600,United States,In-person,United States,L,Data Engineering
2023,Senior,Full-time,Data Scientist,234000,USD,234000,United States,In-person,United States,M,Data Science and Research
2023,Senior,Full-time,Data Engineer,186000,USD,186000,United States,In-person,United States,M,Data Engineering
2024,Mid-level,Full-time,Data Scientist,224000,USD,224000,Canada,In-person,Canada,M,Data Science and Research
2020,Mid-level,Full-time,Data Engineer,88000,GBP,112872,United Kingdom,Hybrid,United Kingdom,L,Data Engineering
2023,Senior,Full-time,Research Scientist,105200,USD,105200,United States,In-person,United States,M,Data Science and Research
2023,Senior,Full-time,Research Scientist,146300,USD,146300,United States,In-person,United States,M,Data Science and Research
2023,Senior,Full-time,Data Scientist,155000,USD,155000,Canada,In-person,Canada,M,Data Science and Research
2023,Senior,Full-time,Data Scientist,170000,USD,170000,United States,Remote,United States,M,Data Science and Research
2022,Senior,Full-time,Data Analyst,164000,USD,164000,United States,In-person,United States,M,Data Analysis
2024,Senior,Full-time,BI Developer,60000,GBP,75000,United Kingdom,In-person,United Kingdom,M,BI and Visualization
2022,Senior,Full-time,BI Developer,130000,USD,130000,United States,Remote,United States,L,BI and Visualization
2023,Senior,Full-time,Machine Learning Engineer,167000,USD,167000,United States,In-person,United States,M,Machine Learning and AI
2023,Senior,Full-time,Research Scientist,248100,USD,248100,United States,In-person,United States,M,Data Science and Research
2023,Senior,Full-time,AI Programmer,120000,USD,120000,Canada,Remote,France,M,Machine Learning and AI
2024,Mid-level,Full-time,Data Engineer,246000,USD,246000,United States,Remote,United States,M,Data Engineering
2023,Entry-level,Full-time,Data Scientist,85000,USD,85000,United States,In-person,United States,M,Data Science and Research
2023,Senior,Full-time,Data Scientist,155000,USD,155000,United States,Remote,United States,M,Data Science and Research
2023,Mid-level,Full-time,Data Scientist,60000,EUR,64781,France,Hybrid,France,M,Data Science and Research
2022,Entry-level,Full-time,Data Analytics Engineer,20000,USD,20000,Pakistan,In-person,Pakistan,M,Leadership and Management
2022,Senior,Full-time,Data Analyst,150000,USD,150000,United States,Remote,United States,M,Data Analysis
2023,Senior,Full-time,Data Scientist,90700,USD,90700,United States,In-person,United States,M,Data Science and Research
2023,Senior,Full-time,Machine Learning Engineer,150000,USD,150000,United States,Remote,United States,M,Machine Learning and AI
2023,Senior,Full-time,Data Analyst,125600,USD,125600,United States,Remote,United States,M,Data Analysis
2023,Mid-level,Full-time,Data Analyst,100000,USD,100000,United States,Remote,United States,M,Data Analysis
2023,Senior,Full-time,Data Engineer,169000,USD,169000,United States,In-person,United States,M,Data Engineering
2023,Senior,Full-time,BI Developer,106500,USD,106500,United States,In-person,United States,M,BI and Visualization
2023,Senior,Full-time,Data Engineer,120000,USD,120000,United States,In-person,United States,M,Data Engineering
2023,Mid-level,Full-time,Analytics Engineer,190000,USD,190000,Canada,Remote,Canada,M,Leadership and Management
2024,Senior,Full-time,Business Intelligence Engineer,108500,USD,108500,United States,Remote,United States,M,BI and Visualization
2024,Senior,Full-time,Research Scientist,179000,USD,179000,United States,In-person,United States,M,Data Science and Research
2023,Senior,Full-time,Machine Learning Engineer,254000,USD,254000,United States,In-person,United States,M,Machine Learning and AI
2023,Mid-level,Full-time,Data Scientist,166000,USD,166000,United States,In-person,United States,M,Data Science and Research
2024,Entry-level,Full-time,Machine Learning Engineer,105300,USD,105300,Canada,Remote,Canada,M,Machine Learning and AI
2023,Senior,Full-time,Data Engineer,75000,USD,75000,United States,In-person,United States,M,Data Engineering
2023,Senior,Full-time,Data Integration Engineer,161000,USD,161000,United States,Remote,United States,M,Data Engineering
2023,Mid-level,Full-time,Data Engineer,60000,GBP,73824,United Kingdom,In-person,United Kingdom,M,Data Engineering
2023,Entry-level,Full-time,Research Analyst,90000,USD,90000,United States,Remote,United States,M,Data Science and Research
2023,Senior,Full-time,Data Engineer,141000,USD,141000,United States,In-person,United States,M,Data Engineering
2024,Mid-level,Full-time,Data Scientist,245000,USD,245000,United States,In-person,United States,M,Data Science and Research
2021,Mid-level,Full-time,Data Engineer,110000,USD,110000,United States,Remote,United States,L,Data Engineering
2023,Senior,Full-time,Machine Learning Engineer,120250,USD,120250,United States,In-person,United States,M,Machine Learning and AI
2023,Senior,Full-time,Data Engineer,276000,USD,276000,United States,Remote,United States,M,Data Engineering
2023,Senior,Full-time,Analytics Engineer,213600,USD,213600,United States,In-person,United States,M,Leadership and Management
2023,Senior,Full-time,Data Scientist,297300,USD,297300,United States,Remote,United States,M,Data Science and Research
2023,Mid-level,Full-time,Data Analyst,49200,EUR,53120,Estonia,In-person,Estonia,M,Data Analysis
2024,Senior,Full-time,Data Architect,190196,USD,190196,United States,In-person,United States,M,Data Architecture and Modeling
2024,Entry-level,Full-time,Research Analyst,110000,USD,110000,United States,In-person,United States,M,Data Science and Research
2023,Executive,Full-time,Data Engineer,235000,USD,235000,United States,In-person,United States,M,Data Engineering
2023,Senior,Full-time,Data Scientist,222000,USD,222000,United States,Remote,United States,M,Data Science and Research
2023,Senior,Full-time,Research Scientist,303050,USD,303050,United States,In-person,United States,M,Data Science and Research
2023,Mid-level,Full-time,Data Analyst,120000,USD,120000,United States,In-person,United States,M,Data Analysis
2024,Mid-level,Full-time,Analytics Engineer,80000,USD,80000,United States,In-person,United States,M,Leadership and Management
2024,Senior,Full-time,Data Analyst,150000,USD,150000,United States,Remote,United States,M,Data Analysis
2023,Senior,Full-time,Machine Learning Engineer,152000,USD,152000,United States,In-person,United States,M,Machine Learning and AI
2023,Senior,Full-time,Machine Learning Engineer,221000,USD,221000,United States,In-person,United States,M,Machine Learning and AI
2024,Senior,Full-time,Data Architect,86000,USD,86000,United States,In-person,United States,M,Data Architecture and Modeling
2023,Senior,Full-time,Data Engineer,248000,USD,248000,United States,In-person,United States,M,Data Engineering
2023,Mid-level,Full-time,Machine Learning Engineer,120000,USD,120000,United States,In-person,United States,S,Machine Learning and AI
2023,Senior,Full-time,AI Engineer,190000,USD,190000,United States,In-person,United States,M,Machine Learning and AI
2023,Entry-level,Full-time,Machine Learning Engineer,162240,USD,162240,United States,In-person,United States,M,Machine Learning and AI
2024,Senior,Full-time,Data Scientist,100022,USD,100022,United States,Remote,United States,M,Data Science and Research
2023,Senior,Full-time,Analytics Engineer,155000,USD,155000,United States,In-person,United States,M,Leadership and Management
2023,Senior,Full-time,Data Science Manager,134236,USD,134236,United States,In-person,United States,M,Data Science and Research
2024,Entry-level,Full-time,Research Analyst,90000,USD,90000,United States,In-person,United States,M,Data Science and Research
2024,Senior,Full-time,Data Architect,117000,USD,117000,United States,In-person,United States,M,Data Architecture and Modeling
2023,Senior,Full-time,Data Science Consultant,90000,USD,90000,United States,In-person,United States,M,Data Science and Research
2022,Senior,Full-time,Data Engineer,100000,USD,100000,United States,In-person,United States,M,Data Engineering
2024,Mid-level,Full-time,Data Scientist,96412,USD,96412,United States,In-person,United States,M,Data Science and Research
2022,Entry-level,Full-time,Data Scientist,100000,USD,100000,United States,Remote,United States,M,Data Science and Research
2023,Senior,Full-time,Data Engineer,135000,USD,135000,United States,Remote,United States,M,Data Engineering
2023,Senior,Full-time,Business Intelligence Analyst,176838,USD,176838,United States,In-person,United States,M,BI and Visualization
2023,Senior,Full-time,Research Scientist,210000,USD,210000,United States,In-person,United States,M,Data Science and Research
2024,Senior,Full-time,Data Scientist,145000,USD,145000,United States,Remote,United States,M,Data Science and Research
2023,Senior,Full-time,AI Developer,192000,USD,192000,United States,In-person,United States,M,Machine Learning and AI
2023,Senior,Full-time,Data Engineer,252000,USD,252000,United States,In-person,United States,M,Data Engineering
2023,Mid-level,Full-time,Machine Learning Engineer,90000,EUR,97171,Netherlands,Remote,Netherlands,L,Machine Learning and AI
2023,Senior,Full-time,Data Scientist,136000,USD,136000,United States,Remote,United States,M,Data Science and Research
2023,Mid-level,Full-time,Business Intelligence Engineer,38393,GBP,47238,United Kingdom,In-person,United Kingdom,M,BI and Visualization
2023,Executive,Full-time,Data Scientist,180000,USD,180000,United States,Remote,United States,M,Data Science and Research
2023,Senior,Full-time,Applied Scientist,260000,USD,260000,United States,In-person,United States,L,Data Science and Research
2023,Senior,Full-time,Data Engineer,170000,USD,170000,United States,In-person,United States,M,Data Engineering
2024,Senior,Full-time,Machine Learning Engineer,170000,USD,170000,United States,Remote,United States,M,Machine Learning and AI
2023,Senior,Full-time,Data Engineer,130000,USD,130000,United States,Remote,United States,M,Data Engineering
2024,Entry-level,Full-time,Business Intelligence Analyst,72000,USD,72000,United States,In-person,United States,M,BI and Visualization
2024,Mid-level,Full-time,Data Operations Specialist,88000,USD,88000,United States,In-person,United States,M,Data Quality and Operations
2022,Senior,Full-time,Data Scientist,81500,USD,81500,United States,In-person,United States,M,Data Science and Research
2023,Mid-level,Full-time,Data Engineer,167500,USD,167500,United States,In-person,United States,M,Data Engineering
2023,Executive,Full-time,Head of Data,150000,GBP,184560,United Kingdom,In-person,United Kingdom,M,Leadership and Management
2023,Senior,Full-time,Data Engineer,94000,USD,94000,United States,In-person,United States,M,Data Engineering
2024,Mid-level,Full-time,Business Intelligence Manager,117500,USD,117500,United States,In-person,United States,M,BI and Visualization
2023,Senior,Full-time,Machine Learning Engineer,144400,USD,144400,Canada,In-person,Canada,M,Machine Learning and AI
2023,Senior,Full-time,Applied Scientist,184000,USD,184000,United States,In-person,United States,M,Data Science and Research
2023,Senior,Full-time,Data Analyst,120350,USD,120350,United States,In-person,United States,M,Data Analysis
2023,Senior,Full-time,Data Analyst,110600,USD,110600,United States,In-person,United States,M,Data Analysis
2024,Senior,Full-time,Data Scientist,80000,GBP,100000,United Kingdom,In-person,United Kingdom,M,Data Science and Research
2023,Mid-level,Full-time,Data Engineer,161500,USD,161500,United States,Remote,United States,M,Data Engineering
2023,Senior,Full-time,Director of Data Science,170000,CAD,125948,Canada,Hybrid,Canada,M,Data Science and Research
2024,Senior,Full-time,Data Scientist,93300,USD,93300,United States,In-person,United States,M,Data Science and Research
2023,Senior,Full-time,Data Scientist,170730,USD,170730,United States,In-person,United States,M,Data Science and Research
2022,Senior,Full-time,Business Data Analyst,100000,USD,100000,United States,Remote,United States,L,Data Analysis
2023,Executive,Full-time,Machine Learning Engineer,145000,USD,145000,United States,Remote,United States,M,Machine Learning and AI
2024,Mid-level,Full-time,Data Science Manager,70000,USD,70000,United States,In-person,United States,M,Data Science and Research
2024,Mid-level,Full-time,Data Analyst,153000,USD,153000,United States,In-person,United States,M,Data Analysis
2023,Entry-level,Full-time,Data Analyst,30000,USD,30000,Argentina,Remote,United States,S,Data Analysis
2023,Mid-level,Full-time,Research Analyst,71000,USD,71000,United States,Remote,United States,M,Data Science and Research
2023,Senior,Full-time,Data Engineer,160000,USD,160000,United States,In-person,United States,M,Data Engineering
2024,Mid-level,Full-time,Data Manager,71500,USD,71500,United States,Remote,United States,M,Leadership and Management
2023,Senior,Full-time,Machine Learning Engineer,168700,USD,168700,Canada,In-person,Canada,M,Machine Learning and AI
2023,Senior,Full-time,Data Engineer,173800,USD,173800,United States,In-person,United States,M,Data Engineering
2023,Senior,Full-time,Data Engineer,72000,EUR,77737,Spain,Remote,Spain,M,Data Engineering
2023,Senior,Full-time,Data Engineer,185000,USD,185000,United States,In-person,United States,M,Data Engineering
2023,Senior,Full-time,Business Intelligence Engineer,130000,USD,130000,United States,Remote,United States,M,BI and Visualization
2021,Mid-level,Full-time,Data Science Engineer,34000,EUR,40189,Greece,Remote,Greece,M,Data Science and Research
2023,Senior,Full-time,Data Analyst,120000,USD,120000,United Kingdom,In-person,United Kingdom,M,Data Analysis
2023,Senior,Full-time,Data Analyst,45000,GBP,55368,Central African Republic,Remote,Central African Republic,M,Data Analysis
2023,Executive,Full-time,Head of Data Science,314100,USD,314100,United States,In-person,United States,M,Data Science and Research
2023,Mid-level,Full-time,Machine Learning Engineer,142200,USD,142200,United States,In-person,United States,M,Machine Learning and AI
2023,Senior,Full-time,Machine Learning Engineer,225300,USD,225300,United States,In-person,United States,M,Machine Learning and AI
2023,Senior,Full-time,Data Engineer,200000,USD,200000,United States,In-person,United States,M,Data Engineering
2023,Senior,Full-time,Research Scientist,200000,USD,200000,United States,In-person,United States,M,Data Science and Research
2023,Mid-level,Full-time,Data Scientist,230000,USD,230000,United States,In-person,United States,M,Data Science and Research
2024,Senior,Full-time,Data Engineer,145000,USD,145000,United States,In-person,United States,M,Data Engineering
2023,Mid-level,Full-time,Data Engineer,184000,USD,184000,United States,In-person,United States,M,Data Engineering
2023,Senior,Full-time,Analytics Engineer,214200,USD,214200,United States,In-person,United States,M,Leadership and Management
2024,Mid-level,Full-time,Machine Learning Engineer,140250,USD,140250,United States,Remote,United States,M,Machine Learning and AI
2023,Senior,Full-time,Data Engineer,145000,USD,145000,United States,In-person,United States,M,Data Engineering
2023,Senior,Full-time,Data Science Manager,299500,USD,299500,United States,In-person,United States,M,Data Science and Research
2021,Executive,Full-time,Director of Data Science,250000,USD,250000,United States,In-person,United States,L,Data Science and Research
2022,Senior,Full-time,Data Engineer,160000,USD,160000,United States,In-person,United States,M,Data Engineering
2023,Senior,Full-time,Research Engineer,168000,USD,168000,United States,In-person,United States,M,Data Science and Research
2023,Senior,Full-time,Data Modeler,130000,USD,130000,United States,Remote,United States,M,Data Architecture and Modeling
2023,Senior,Full-time,Data Analyst,84870,USD,84870,United States,In-person,United States,M,Data Analysis
2023,Senior,Full-time,Data Scientist,156400,USD,156400,United States,Remote,United States,M,Data Science and Research
2024,Senior,Full-time,Machine Learning Engineer,243500,USD,243500,United States,Remote,United States,M,Machine Learning and AI
2023,Senior,Full-time,Data Scientist,168400,USD,168400,United States,In-person,United States,M,Data Science and Research
2023,Mid-level,Full-time,Data Engineer,78000,USD,78000,United States,In-person,United States,M,Data Engineering
2022,Senior,Full-time,Data Scientist,230000,USD,230000,United States,Remote,United States,M,Data Science and Research
2022,Senior,Full-time,Analytics Engineer,84000,GBP,103432,United Kingdom,In-person,United Kingdom,M,Leadership and Management
2022,Senior,Full-time,Machine Learning Scientist,193900,USD,193900,United States,In-person,United States,M,Machine Learning and AI
2023,Senior,Full-time,Machine Learning Scientist,157250,USD,157250,United States,Remote,United States,M,Machine Learning and AI
2023,Senior,Full-time,Decision Scientist,204500,USD,204500,United States,In-person,United States,M,Data Science and Research
2022,Executive,Full-time,Head of Data,160000,USD,160000,United States,In-person,United States,M,Leadership and Management
2022,Senior,Full-time,Data Scientist,185900,USD,185900,United States,In-person,United States,M,Data Science and Research
2023,Senior,Full-time,Data Engineer,113750,USD,113750,United States,In-person,United States,M,Data Engineering
2024,Senior,Full-time,Data Science,162000,USD,162000,United States,In-person,United States,M,Data Science and Research
2022,Senior,Full-time,Data Analyst,115934,USD,115934,United States,Remote,United States,M,Data Analysis
2023,Senior,Full-time,Data Analyst,120000,USD,120000,United States,Remote,United States,M,Data Analysis
2023,Senior,Full-time,Data Scientist,207500,USD,207500,United States,Remote,United States,M,Data Science and Research
2023,Senior,Full-time,Data Engineer,50000,GBP,61520,United Kingdom,In-person,United Kingdom,M,Data Engineering
2022,Senior,Full-time,Applied Scientist,212800,USD,212800,United States,Remote,United States,M,Data Science and Research
2023,Senior,Full-time,Applied Scientist,248100,USD,248100,United States,In-person,United States,M,Data Science and Research
2023,Senior,Full-time,Machine Learning Engineer,300000,USD,300000,United States,In-person,United States,M,Machine Learning and AI
2022,Senior,Full-time,Data Engineer,171000,USD,171000,United States,In-person,United States,M,Data Engineering
2023,Mid-level,Full-time,BI Analyst,140000,USD,140000,United States,In-person,United States,M,BI and Visualization
2022,Senior,Full-time,Data Scientist,70000,USD,70000,United States,In-person,United States,M,Data Science and Research
2024,Mid-level,Full-time,Data Specialist,105000,USD,105000,Australia,In-person,Australia,M,Data Management and Strategy
2024,Senior,Full-time,Data Analytics Lead,239300,USD,239300,United States,In-person,United States,M,Leadership and Management
2023,Senior,Full-time,Data Science Consultant,125000,USD,125000,United States,In-person,United States,M,Data Science and Research
2024,Mid-level,Full-time,Data Scientist,158100,USD,158100,United States,In-person,United States,M,Data Science and Research
2024,Mid-level,Full-time,Data Engineer,185000,USD,185000,United States,In-person,United States,L,Data Engineering
2024,Mid-level,Full-time,Research Scientist,179000,USD,179000,United States,In-person,United States,M,Data Science and Research
2024,Senior,Full-time,Data Analyst,85000,USD,85000,United States,In-person,United States,M,Data Analysis
2024,Senior,Full-time,Data Scientist,255000,USD,255000,United States,In-person,United States,M,Data Science and Research
2023,Entry-level,Full-time,Research Engineer,350000,USD,350000,United States,In-person,United States,M,Data Science and Research
2023,Senior,Full-time,Data Engineer,48000,USD,48000,Argentina,Remote,Argentina,M,Data Engineering
2022,Senior,Full-time,Analytics Engineer,140250,USD,140250,United States,Remote,United States,M,Leadership and Management
2023,Mid-level,Full-time,Data Scientist,110000,USD,110000,United States,Remote,United States,M,Data Science and Research
2024,Executive,Full-time,Head of Data,207000,USD,207000,United States,Remote,United States,M,Leadership and Management
2023,Senior,Full-time,Data Analyst,75000,USD,75000,United States,Remote,United States,M,Data Analysis
2023,Senior,Full-time,Machine Learning Engineer,296400,USD,296400,United States,In-person,United States,M,Machine Learning and AI
2023,Senior,Full-time,Data Engineer,252000,USD,252000,United States,In-person,United States,M,Data Engineering
2023,Senior,Full-time,Data Analyst,85500,USD,85500,United States,In-person,United States,M,Data Analysis
2023,Mid-level,Full-time,Business Intelligence Analyst,120000,USD,120000,United States,Remote,United States,M,BI and Visualization
2023,Mid-level,Full-time,BI Analyst,172300,USD,172300,United States,In-person,United States,M,BI and Visualization
2022,Senior,Full-time,Data Scientist,153000,USD,153000,United States,Remote,United States,M,Data Science and Research
2023,Senior,Full-time,Machine Learning Engineer,170600,USD,170600,United States,In-person,United States,M,Machine Learning and AI
2024,Mid-level,Full-time,Machine Learning Engineer,223100,USD,223100,United States,Remote,United States,M,Machine Learning and AI
2022,Mid-level,Full-time,Data Engineer,45000,GBP,55410,United Kingdom,Remote,United Kingdom,M,Data Engineering
2024,Senior,Full-time,Business Intelligence Engineer,185000,USD,185000,United States,In-person,United States,L,BI and Visualization
2023,Senior,Full-time,Data Engineer,92000,USD,92000,United States,In-person,United States,M,Data Engineering
2024,Executive,Full-time,Data Science,175762,USD,175762,United States,In-person,United States,M,Data Science and Research
2024,Senior,Full-time,Research Scientist,141300,USD,141300,United States,Remote,United States,M,Data Science and Research
2024,Mid-level,Full-time,Business Intelligence Engineer,206000,USD,206000,United States,In-person,United States,M,BI and Visualization
2024,Mid-level,Full-time,Data Scientist,72360,USD,72360,United States,In-person,United States,M,Data Science and Research
2023,Senior,Full-time,Data Scientist,160000,USD,160000,United States,Remote,United States,M,Data Science and Research
2023,Senior,Full-time,Data Scientist,180000,USD,180000,United States,In-person,United States,M,Data Science and Research
2023,Senior,Full-time,Applied Scientist,136000,USD,136000,United States,In-person,United States,L,Data Science and Research
2023,Mid-level,Full-time,Research Scientist,210000,USD,210000,United States,In-person,United States,M,Data Science and Research
2023,Executive,Full-time,Data Manager,140000,USD,140000,United States,In-person,United States,M,Leadership and Management
2024,Mid-level,Full-time,Data Scientist,252000,USD,252000,United States,In-person,United States,M,Data Science and Research
2024,Mid-level,Full-time,Data Analyst,100000,USD,100000,United States,In-person,United States,M,Data Analysis
2022,Senior,Full-time,Data Engineer,70000,USD,70000,United States,In-person,United States,M,Data Engineering
2023,Senior,Full-time,Data Engineer,115000,USD,115000,United States,Remote,United States,M,Data Engineering
2024,Mid-level,Full-time,Data Scientist,172200,USD,172200,United States,Remote,United States,M,Data Science and Research
2024,Mid-level,Full-time,Data Scientist,110000,USD,110000,United States,Remote,United States,M,Data Science and Research
2023,Senior,Full-time,Machine Learning Engineer,126000,USD,126000,United States,In-person,United States,M,Machine Learning and AI
2022,Senior,Full-time,Data Engineer,184100,USD,184100,United States,In-person,United States,M,Data Engineering
2023,Senior,Full-time,Business Intelligence Engineer,104300,USD,104300,United States,In-person,United States,L,BI and Visualization
2024,Mid-level,Full-time,Data Scientist,170400,USD,170400,United States,Remote,United States,M,Data Science and Research
2023,Senior,Full-time,Data Scientist,165000,USD,165000,United States,In-person,United States,M,Data Science and Research
2024,Entry-level,Full-time,Data Analyst,61700,USD,61700,United States,Remote,United States,M,Data Analysis
2023,Senior,Full-time,Data Engineer,94000,USD,94000,United States,In-person,United States,M,Data Engineering
2024,Senior,Full-time,Data Scientist,240000,USD,240000,United States,In-person,United States,M,Data Science and Research
2023,Entry-level,Full-time,Data Scientist,190000,USD,190000,United States,In-person,United States,M,Data Science and Research
2023,Senior,Full-time,Research Scientist,248100,USD,248100,United States,In-person,United States,M,Data Science and Research
2024,Senior,Full-time,Machine Learning Engineer,230000,USD,230000,United States,Remote,United States,M,Machine Learning and AI
2022,Mid-level,Full-time,Data Engineer,90000,USD,90000,United States,Remote,United States,M,Data Engineering
2023,Senior,Full-time,Data Scientist,139500,USD,139500,United States,In-person,United States,M,Data Science and Research
2023,Senior,Full-time,Data Science Consultant,128100,USD,128100,United States,In-person,United States,M,Data Science and Research
2024,Entry-level,Full-time,Machine Learning Engineer,91000,USD,91000,United States,In-person,United States,M,Machine Learning and AI
2023,Senior,Full-time,Machine Learning Engineer,115000,USD,115000,United States,Remote,United States,M,Machine Learning and AI
2024,Senior,Full-time,Data Analyst,174000,USD,174000,United States,Remote,United States,M,Data Analysis
2023,Senior,Full-time,Machine Learning Engineer,142200,USD,142200,United States,In-person,United States,M,Machine Learning and AI
2023,Senior,Full-time,Data Engineer,76050,USD,76050,United States,In-person,United States,M,Data Engineering
2023,Senior,Full-time,Machine Learning Engineer,172200,USD,172200,United States,In-person,United States,M,Machine Learning and AI
2023,Senior,Full-time,Data Analyst,138000,USD,138000,United States,In-person,United States,M,Data Analysis
2023,Senior,Full-time,Data Scientist,65000,GBP,79976,United Kingdom,Remote,United Kingdom,M,Data Science and Research
2023,Senior,Full-time,Decision Scientist,129300,USD,129300,United States,In-person,United States,M,Data Science and Research
2023,Executive,Full-time,Director of Data Science,353200,USD,353200,United States,In-person,United States,M,Data Science and Research
2023,Senior,Full-time,Data Analyst,180000,USD,180000,United States,Remote,United States,M,Data Analysis
2023,Mid-level,Full-time,Data Quality Manager,40000,GBP,49216,United Kingdom,In-person,United Kingdom,M,Data Quality and Operations
2023,Mid-level,Full-time,Research Scientist,200000,USD,200000,United States,In-person,United States,M,Data Science and Research
2022,Senior,Full-time,Applied Scientist,192000,USD,192000,United States,Remote,United States,M,Data Science and Research
2023,Senior,Full-time,Data Engineer,116000,USD,116000,United States,In-person,United States,M,Data Engineering
2023,Mid-level,Full-time,Data Engineer,169000,USD,169000,United States,In-person,United States,M,Data Engineering
2023,Senior,Full-time,Research Engineer,100000,USD,100000,United States,In-person,United States,M,Data Science and Research
2023,Mid-level,Full-time,Data Scientist,138900,USD,138900,United States,In-person,United States,M,Data Science and Research
2024,Senior,Full-time,Machine Learning Engineer,105500,USD,105500,United States,Remote,United States,M,Machine Learning and AI
2023,Senior,Full-time,Business Intelligence Analyst,200000,USD,200000,United States,Remote,United States,M,BI and Visualization
2023,Mid-level,Full-time,Data Scientist,100000,USD,100000,United Kingdom,Remote,United Kingdom,M,Data Science and Research
2023,Senior,Full-time,Data Analyst,153600,USD,153600,United States,Remote,United States,M,Data Analysis
2023,Senior,Full-time,Data Engineer,129300,USD,129300,United States,In-person,United States,M,Data Engineering
2024,Executive,Full-time,Head of Data,250000,USD,250000,United States,Remote,United States,M,Leadership and Management
2023,Senior,Full-time,Analytics Engineer,140000,USD,140000,Canada,Remote,Canada,M,Leadership and Management
2024,Senior,Full-time,Data Analyst,140000,USD,140000,United States,In-person,United States,M,Data Analysis
2023,Mid-level,Full-time,Machine Learning Engineer,172200,USD,172200,United States,In-person,United States,M,Machine Learning and AI
2023,Executive,Full-time,Data Analytics Manager,155000,USD,155000,United States,In-person,United States,M,Leadership and Management
2024,Senior,Full-time,Data Engineer,185000,USD,185000,United States,In-person,United States,M,Data Engineering
2024,Mid-level,Full-time,Data Science Consultant,70000,USD,70000,United States,Remote,United States,M,Data Science and Research
2023,Mid-level,Full-time,Data Engineer,74500,USD,74500,United States,In-person,United States,M,Data Engineering
2024,Senior,Full-time,Data Science Consultant,109000,USD,109000,United States,In-person,United States,M,Data Science and Research
2024,Senior,Full-time,Machine Learning Engineer,220000,USD,220000,United States,In-person,United States,M,Machine Learning and AI
2024,Senior,Full-time,Data Engineer,277000,USD,277000,United States,In-person,United States,M,Data Engineering
2023,Senior,Full-time,Data Architect,175564,USD,175564,United States,Remote,United States,M,Data Architecture and Modeling
2023,Senior,Full-time,Data Scientist,129300,USD,129300,United States,In-person,United States,M,Data Science and Research
2023,Executive,Full-time,Machine Learning Engineer,165200,USD,165200,United States,Remote,United States,M,Machine Learning and AI
2023,Senior,Full-time,Data Scientist,168000,USD,168000,United States,Remote,United States,M,Data Science and Research
2023,Senior,Full-time,Data Engineer,150000,USD,150000,United States,In-person,United States,M,Data Engineering
2023,Senior,Full-time,Data Engineer,144000,USD,144000,United States,Remote,United States,M,Data Engineering
2023,Mid-level,Full-time,Research Engineer,85445,USD,85445,United States,In-person,United States,M,Data Science and Research
2023,Senior,Full-time,Machine Learning Engineer,176000,USD,176000,United States,In-person,United States,M,Machine Learning and AI
2023,Mid-level,Full-time,Data Manager,93000,USD,93000,United States,In-person,United States,M,Leadership and Management
2023,Senior,Full-time,Machine Learning Engineer,240000,USD,240000,United States,In-person,United States,M,Machine Learning and AI
2024,Senior,Full-time,Data Engineer,180000,USD,180000,United States,Remote,United States,M,Data Engineering
2024,Executive,Full-time,Data Analyst,125000,USD,125000,United States,In-person,United States,M,Data Analysis
2024,Senior,Full-time,Data Engineer,130000,USD,130000,United States,In-person,United States,M,Data Engineering
2023,Senior,Full-time,Research Scientist,323300,USD,323300,United States,In-person,United States,M,Data Science and Research
2022,Mid-level,Full-time,Data Engineer,120000,USD,120000,United States,In-person,United States,M,Data Engineering
2024,Mid-level,Full-time,Data Engineer,73000,USD,73000,United States,In-person,United States,M,Data Engineering
2023,Mid-level,Full-time,Data Manager,73500,USD,73500,United States,In-person,United States,M,Leadership and Management
2022,Senior,Full-time,ML Engineer,185000,USD,185000,United States,Remote,United States,M,Machine Learning and AI
2023,Mid-level,Full-time,Data Analyst,110000,USD,110000,United States,In-person,United States,M,Data Analysis
2023,Senior,Full-time,Data Engineer,65488,USD,65488,United States,In-person,United States,M,Data Engineering
2023,Mid-level,Full-time,Insight Analyst,42000,GBP,51676,United Kingdom,In-person,United Kingdom,M,Data Analysis
2023,Senior,Full-time,Data Engineer,192000,USD,192000,United States,In-person,United States,M,Data Engineering
2023,Mid-level,Full-time,Data Scientist,140000,USD,140000,United States,Remote,United States,M,Data Science and Research
2023,Senior,Full-time,Machine Learning Engineer,198000,USD,198000,United States,Remote,United States,M,Machine Learning and AI
2023,Senior,Full-time,Research Scientist,247600,USD,247600,United States,In-person,United States,L,Data Science and Research
2023,Senior,Full-time,Data Analyst,85500,USD,85500,United States,In-person,United States,M,Data Analysis
2024,Senior,Full-time,Research Scientist,146000,USD,146000,United States,In-person,United States,M,Data Science and Research
2022,Entry-level,Full-time,Machine Learning Developer,180000,USD,180000,United States,Remote,United States,L,Machine Learning and AI
2023,Senior,Full-time,Data Engineer,170000,USD,170000,United States,Remote,United States,M,Data Engineering
2023,Senior,Full-time,Business Intelligence Engineer,180000,USD,180000,United States,In-person,United States,M,BI and Visualization
2024,Senior,Full-time,Data Engineer,188000,USD,188000,United States,Remote,United States,M,Data Engineering
2024,Senior,Full-time,Data Analyst,165000,USD,165000,Australia,In-person,Australia,M,Data Analysis
2024,Senior,Full-time,Research Engineer,234000,USD,234000,United States,In-person,United States,M,Data Science and Research
2024,Senior,Full-time,Research Engineer,240960,USD,240960,United States,In-person,United States,M,Data Science and Research
2023,Senior,Full-time,Data Analytics Manager,254500,USD,254500,United States,Remote,United States,L,Leadership and Management
2023,Senior,Full-time,ML Engineer,178000,USD,178000,United States,Remote,United States,M,Machine Learning and AI
2024,Senior,Full-time,Data Engineer,116000,USD,116000,United States,In-person,United States,M,Data Engineering
2023,Senior,Full-time,Data Scientist,198000,USD,198000,United States,Remote,United States,M,Data Science and Research
2023,Senior,Full-time,Machine Learning Engineer,170000,USD,170000,United States,In-person,United States,M,Machine Learning and AI
2023,Senior,Full-time,Data Scientist,139000,USD,139000,United States,Remote,United States,M,Data Science and Research
2022,Senior,Full-time,Data Analyst,69000,USD,69000,United States,Remote,United States,M,Data Analysis
2023,Senior,Full-time,Machine Learning Engineer,120000,USD,120000,United States,Remote,United States,M,Machine Learning and AI
2023,Senior,Full-time,ML Engineer,365630,USD,365630,United States,In-person,United States,M,Machine Learning and AI
2023,Entry-level,Full-time,Data Analyst,57920,USD,57920,United States,Remote,United States,M,Data Analysis
2023,Mid-level,Full-time,Data Analyst,55000,EUR,59382,Germany,Hybrid,Germany,L,Data Analysis
2023,Entry-level,Full-time,Data Engineer,160000,USD,160000,United States,In-person,United States,M,Data Engineering
2023,Executive,Full-time,Data Engineer,350000,USD,350000,United States,Remote,United States,M,Data Engineering
2024,Executive,Full-time,Data Engineer,219650,USD,219650,United States,Remote,United States,M,Data Engineering
2023,Executive,Full-time,Data Engineer,265800,USD,265800,United States,Remote,United States,M,Data Engineering
2023,Senior,Full-time,Applied Scientist,164000,USD,164000,United States,Remote,United States,M,Data Science and Research
2024,Senior,Full-time,Data Architect,299792,USD,299792,United States,In-person,United States,M,Data Architecture and Modeling
2023,Senior,Full-time,Data Analyst,110000,USD,110000,United States,In-person,United States,M,Data Analysis
2022,Senior,Full-time,Head of Data,200000,USD,200000,Malaysia,Remote,United States,M,Leadership and Management
2023,Mid-level,Full-time,Business Intelligence Analyst,106700,USD,106700,United States,In-person,United States,M,BI and Visualization
2023,Senior,Full-time,Business Intelligence Engineer,202800,USD,202800,United States,In-person,United States,L,BI and Visualization
2023,Senior,Full-time,Research Scientist,130000,USD,130000,United States,Remote,United States,M,Data Science and Research
2024,Senior,Full-time,Analytics Engineer,189000,USD,189000,United States,Remote,United States,M,Leadership and Management
2023,Mid-level,Full-time,Machine Learning Engineer,165000,USD,165000,United States,In-person,United States,M,Machine Learning and AI
2023,Senior,Full-time,Data Scientist,140000,GBP,172256,United Kingdom,Remote,United Kingdom,M,Data Science and Research
2024,Mid-level,Full-time,Data Scientist,37440,EUR,41600,Latvia,In-person,Latvia,M,Data Science and Research
2022,Mid-level,Full-time,Data Scientist,100000,USD,100000,United States,In-person,United States,M,Data Science and Research
2024,Senior,Full-time,Data Manager,131200,USD,131200,United States,Remote,United States,M,Leadership and Management
2023,Senior,Full-time,Research Engineer,275000,USD,275000,Germany,In-person,Germany,M,Data Science and Research
2023,Senior,Full-time,Machine Learning Engineer,240000,USD,240000,United States,Remote,United States,M,Machine Learning and AI
2022,Senior,Full-time,Data Analyst,100000,USD,100000,United States,In-person,United States,M,Data Analysis
2023,Mid-level,Full-time,Data Analyst,79000,USD,79000,United States,In-person,United States,M,Data Analysis
2023,Senior,Full-time,Machine Learning Infrastructure Engineer,185000,USD,185000,United States,In-person,United States,M,Machine Learning and AI
2023,Senior,Full-time,Data Engineer,108308,USD,108308,United Kingdom,Remote,United Kingdom,M,Data Engineering
2024,Entry-level,Full-time,Data Engineer,158100,USD,158100,United States,In-person,United States,M,Data Engineering
2024,Mid-level,Full-time,Data Scientist,74270,USD,74270,Canada,In-person,Canada,M,Data Science and Research
2024,Mid-level,Full-time,Data Specialist,80000,USD,80000,United States,In-person,United States,M,Data Management and Strategy
2023,Mid-level,Full-time,Data Quality Analyst,95000,USD,95000,United States,In-person,United States,M,Data Quality and Operations
2023,Senior,Full-time,Data Engineer,100000,USD,100000,United States,In-person,United States,M,Data Engineering
2023,Entry-level,Full-time,Data Engineer,52500,USD,52500,United States,In-person,United States,M,Data Engineering
2022,Senior,Full-time,Data Engineer,145000,USD,145000,United States,In-person,United States,M,Data Engineering
2023,Senior,Full-time,Data Analyst,153300,USD,153300,United States,Remote,United States,M,Data Analysis
2023,Senior,Full-time,Data Analyst,100000,USD,100000,United Kingdom,Remote,United Kingdom,M,Data Analysis
2023,Senior,Full-time,AI Engineer,93300,USD,93300,United States,In-person,United States,M,Machine Learning and AI
2023,Mid-level,Full-time,Applied Scientist,136000,USD,136000,United States,In-person,United States,L,Data Science and Research
2024,Mid-level,Full-time,Prompt Engineer,215000,USD,215000,Australia,Remote,Australia,M,Machine Learning and AI
2024,Mid-level,Full-time,Data Engineer,103000,USD,103000,United States,In-person,United States,M,Data Engineering
2024,Senior,Full-time,Data Engineer,117000,USD,117000,United States,In-person,United States,M,Data Engineering
2023,Senior,Full-time,Machine Learning Engineer,212200,USD,212200,United States,Remote,United States,M,Machine Learning and AI
2023,Senior,Full-time,Decision Scientist,185900,USD,185900,United States,In-person,United States,M,Data Science and Research
2023,Senior,Full-time,Data Analyst,115934,USD,115934,United States,Remote,United States,M,Data Analysis
2021,Mid-level,Full-time,Machine Learning Engineer,75000,EUR,88654,Belgium,Remote,Belgium,M,Machine Learning and AI
2023,Senior,Full-time,Data Analyst,140000,USD,140000,United States,Remote,United States,M,Data Analysis
2023,Senior,Full-time,Data Engineer,126900,USD,126900,United States,In-person,United States,M,Data Engineering
2023,Mid-level,Full-time,Data Engineer,70000,GBP,86128,United Kingdom,In-person,United Kingdom,M,Data Engineering
2024,Senior,Full-time,Data Scientist,195000,USD,195000,United States,Remote,United States,M,Data Science and Research
2023,Senior,Full-time,Data Engineer,136600,USD,136600,United States,Remote,United States,M,Data Engineering
2023,Mid-level,Full-time,Data Manager,73500,USD,73500,United States,In-person,United States,M,Leadership and Management
2024,Mid-level,Full-time,Data Science,80000,USD,80000,United States,Remote,United States,M,Data Science and Research
2023,Senior,Full-time,Data Scientist,164000,USD,164000,United States,Remote,United States,M,Data Science and Research
2023,Senior,Full-time,Machine Learning Engineer,240000,USD,240000,Ukraine,Remote,Ukraine,M,Machine Learning and AI
2023,Senior,Full-time,Data Scientist,195000,USD,195000,United States,Remote,United States,M,Data Science and Research
2022,Mid-level,Full-time,Data Analyst,150000,USD,150000,United States,In-person,United States,M,Data Analysis
2022,Senior,Full-time,Data Scientist,36000,EUR,37824,Spain,In-person,Spain,M,Data Science and Research
2023,Senior,Full-time,Data Engineer,205000,USD,205000,United States,In-person,United States,M,Data Engineering
2022,Senior,Full-time,Data Engineer,229998,USD,229998,United States,In-person,United States,L,Data Engineering
2023,Mid-level,Full-time,Machine Learning Scientist,170000,USD,170000,United States,In-person,United States,M,Machine Learning and AI
2022,Entry-level,Full-time,ML Engineer,20000,EUR,21013,Portugal,Remote,Portugal,L,Machine Learning and AI
2023,Senior,Full-time,Data Architect,150000,USD,150000,United States,In-person,United States,M,Data Architecture and Modeling
2024,Senior,Full-time,Data Engineer,194992,USD,194992,United States,Remote,United States,M,Data Engineering
2024,Entry-level,Full-time,Data Analyst,106100,USD,106100,United States,In-person,United States,M,Data Analysis
2023,Senior,Full-time,Analytics Engineer,117100,USD,117100,United States,Remote,United States,M,Leadership and Management
2023,Senior,Full-time,Business Intelligence Engineer,141000,USD,141000,United States,In-person,United States,M,BI and Visualization
2024,Mid-level,Full-time,Analytics Engineer,153000,USD,153000,United States,In-person,United States,M,Leadership and Management
2023,Senior,Full-time,Business Intelligence Engineer,84600,USD,84600,United States,Remote,United States,M,BI and Visualization
2024,Senior,Full-time,Data Scientist,170000,USD,170000,United States,In-person,United States,M,Data Science and Research
2023,Senior,Full-time,Machine Learning Engineer,200000,USD,200000,United States,In-person,United States,M,Machine Learning and AI
2024,Entry-level,Full-time,Data Analyst,74300,USD,74300,United States,In-person,United States,M,Data Analysis
2024,Senior,Full-time,Research Analyst,200000,USD,200000,United States,In-person,United States,M,Data Science and Research
2024,Senior,Full-time,Data Analyst,115765,USD,115765,United States,In-person,United States,M,Data Analysis
2023,Senior,Full-time,Data Analyst,72000,USD,72000,United States,Remote,United States,M,Data Analysis
2023,Senior,Full-time,Data Analyst,100000,USD,100000,United States,Remote,United States,M,Data Analysis
2024,Senior,Full-time,Machine Learning Scientist,230000,USD,230000,United States,In-person,United States,M,Machine Learning and AI
2024,Senior,Full-time,Machine Learning Engineer,93300,USD,93300,Egypt,In-person,Egypt,M,Machine Learning and AI
2024,Senior,Full-time,Data Engineer,116600,USD,116600,United States,Remote,United States,M,Data Engineering
2024,Senior,Full-time,Data Scientist,107730,USD,107730,Canada,In-person,Canada,M,Data Science and Research
2023,Mid-level,Full-time,Data Scientist,120000,USD,120000,United States,In-person,United States,M,Data Science and Research
2023,Senior,Full-time,Machine Learning Engineer,226600,USD,226600,United States,In-person,United States,M,Machine Learning and AI
2023,Senior,Full-time,Machine Learning Engineer,258384,USD,258384,United States,Remote,United States,M,Machine Learning and AI
2023,Senior,Full-time,BI Developer,110000,USD,110000,United States,Remote,United States,M,BI and Visualization
2024,Senior,Full-time,Data Scientist,170000,USD,170000,United States,Remote,United States,M,Data Science and Research
2023,Senior,Full-time,Analytics Engineer,127000,USD,127000,United States,In-person,United States,M,Leadership and Management
2023,Senior,Full-time,Data Scientist,162000,USD,162000,United States,Remote,United States,M,Data Science and Research
2024,Senior,Full-time,AI Engineer,212000,USD,212000,United States,In-person,United States,M,Machine Learning and AI
2023,Senior,Full-time,Research Analyst,111550,USD,111550,United States,In-person,United States,M,Data Science and Research
2023,Senior,Full-time,Data Analyst,150000,USD,150000,United States,In-person,United States,M,Data Analysis
2023,Senior,Full-time,Data Scientist,190000,USD,190000,United States,In-person,United States,M,Data Science and Research
2024,Mid-level,Full-time,Data Engineer,147000,USD,147000,United States,In-person,United States,M,Data Engineering
2023,Executive,Full-time,Director of Data Science,375500,USD,375500,United States,Remote,United States,M,Data Science and Research
2023,Senior,Full-time,Data Scientist,228000,USD,228000,United States,In-person,United States,M,Data Science and Research
2023,Senior,Full-time,Data Engineer,126800,USD,126800,United States,Remote,United States,M,Data Engineering
2023,Senior,Full-time,Machine Learning Engineer,266875,USD,266875,United States,In-person,United States,M,Machine Learning and AI
2023,Mid-level,Full-time,Applied Scientist,179000,USD,179000,United States,In-person,United States,M,Data Science and Research
2023,Mid-level,Full-time,Data Scientist,253000,USD,253000,United States,In-person,United States,M,Data Science and Research
2023,Senior,Full-time,Research Engineer,176000,USD,176000,United States,In-person,United States,M,Data Science and Research
2024,Senior,Full-time,Data Engineer,209943,USD,209943,United States,In-person,United States,M,Data Engineering
2022,Senior,Full-time,Data Engineer,70000,EUR,73546,Spain,In-person,Spain,M,Data Engineering
2024,Mid-level,Full-time,Data Engineer,184000,USD,184000,United States,In-person,United States,M,Data Engineering
2023,Mid-level,Full-time,Data Visualization Specialist,158000,USD,158000,United States,In-person,United States,M,BI and Visualization
2023,Senior,Full-time,Data Engineer,108308,USD,108308,United Kingdom,Remote,United Kingdom,M,Data Engineering
2023,Senior,Full-time,Data Analyst,206500,USD,206500,United States,Remote,United States,M,Data Analysis
2024,Senior,Full-time,Machine Learning Engineer,102900,USD,102900,United Kingdom,Remote,United Kingdom,M,Machine Learning and AI
2022,Mid-level,Full-time,Data Scientist,130000,USD,130000,United States,Remote,United States,M,Data Science and Research
2024,Mid-level,Full-time,Data Scientist,68088,USD,68088,United States,In-person,United States,M,Data Science and Research
2023,Senior,Full-time,Data Architect,115000,USD,115000,United States,Remote,United States,M,Data Architecture and Modeling
2023,Senior,Full-time,Data Engineer,133300,USD,133300,United States,In-person,United States,M,Data Engineering
2023,Senior,Full-time,Machine Learning Engineer,204500,USD,204500,United States,In-person,United States,M,Machine Learning and AI
2023,Senior,Full-time,Data Engineer,95000,USD,95000,United States,Remote,United States,M,Data Engineering
2022,Senior,Full-time,Data Scientist,198200,USD,198200,United States,Remote,United States,M,Data Science and Research
2023,Senior,Full-time,Data Engineer,260000,USD,260000,United States,In-person,United States,M,Data Engineering
2023,Senior,Full-time,Analytics Engineer,145000,USD,145000,United States,Remote,United States,M,Leadership and Management
2023,Senior,Full-time,Analytics Engineer,183500,USD,183500,United States,Remote,United States,M,Leadership and Management
2024,Mid-level,Full-time,Data Engineer,210000,USD,210000,United States,In-person,United States,M,Data Engineering
2023,Senior,Full-time,Data Scientist,111600,USD,111600,United States,In-person,United States,L,Data Science and Research
2020,Entry-level,Part-time,Data Scientist,19000,EUR,21669,Italy,Hybrid,Italy,S,Data Science and Research
2022,Executive,Full-time,Data Engineer,216000,USD,216000,United States,Remote,United States,M,Data Engineering
2023,Senior,Full-time,Data Science Manager,52100,USD,52100,United States,Remote,United States,M,Data Science and Research
2023,Senior,Full-time,Data Scientist,105000,USD,105000,United States,In-person,United States,M,Data Science and Research
2023,Senior,Full-time,Data Engineer,225000,USD,225000,United States,In-person,United States,M,Data Engineering
2024,Entry-level,Full-time,Insight Analyst,40000,USD,40000,United States,Remote,United States,M,Data Analysis
2023,Mid-level,Full-time,Data Analyst,104000,USD,104000,United States,In-person,United States,M,Data Analysis
2023,Senior,Full-time,Data Scientist,160000,USD,160000,United States,In-person,United States,M,Data Science and Research
2024,Senior,Full-time,Data Scientist,160000,USD,160000,United States,In-person,United States,M,Data Science and Research
2022,Senior,Full-time,Data Analyst,169000,USD,169000,United States,In-person,United States,M,Data Analysis
2023,Senior,Full-time,Data Engineer,225500,USD,225500,United States,In-person,United States,M,Data Engineering
2023,Senior,Full-time,Data Architect,204000,USD,204000,United States,Remote,United States,M,Data Architecture and Modeling
2024,Mid-level,Full-time,Business Intelligence Developer,105000,USD,105000,United States,Remote,United States,M,BI and Visualization
2023,Senior,Full-time,Data Scientist,209450,USD,209450,United States,Remote,United States,M,Data Science and Research
2023,Entry-level,Full-time,Data Integration Specialist,100000,USD,100000,United States,Remote,United States,M,Data Management and Strategy
2021,Senior,Full-time,Data Scientist,135000,USD,135000,United States,In-person,United States,L,Data Science and Research
2024,Mid-level,Full-time,Data Engineer,115000,USD,115000,United States,Remote,United States,M,Data Engineering
2023,Senior,Full-time,Data Engineer,103200,USD,103200,United States,In-person,United States,M,Data Engineering
2021,Mid-level,Full-time,Machine Learning Engineer,180000,PLN,46597,Poland,Remote,Poland,L,Machine Learning and AI
2023,Mid-level,Full-time,Machine Learning Engineer,100000,GBP,123040,United Kingdom,In-person,United Kingdom,M,Machine Learning and AI
2023,Senior,Full-time,Data Strategist,91000,USD,91000,United States,In-person,United States,M,Data Architecture and Modeling
2023,Senior,Full-time,Data Analyst,120000,USD,120000,United States,Remote,United States,M,Data Analysis
2022,Senior,Full-time,Machine Learning Software Engineer,168000,USD,168000,Canada,Remote,Canada,M,Machine Learning and AI
2023,Senior,Full-time,Data Manager,169000,USD,169000,United States,In-person,United States,M,Leadership and Management
2023,Executive,Full-time,Business Intelligence Engineer,172200,USD,172200,United States,In-person,United States,M,BI and Visualization
2023,Senior,Full-time,Data Science Manager,211000,USD,211000,United States,In-person,United States,M,Data Science and Research
2023,Senior,Full-time,Data Analyst,80850,USD,80850,United States,In-person,United States,M,Data Analysis
2022,Senior,Full-time,Data Scientist,129300,USD,129300,United States,In-person,United States,M,Data Science and Research
2023,Senior,Full-time,Research Scientist,132500,USD,132500,United States,In-person,United States,M,Data Science and Research
2023,Senior,Full-time,Machine Learning Engineer,267720,USD,267720,United States,In-person,United States,M,Machine Learning and AI
2024,Mid-level,Full-time,Data Engineer,130000,USD,130000,United States,In-person,United States,M,Data Engineering
2023,Senior,Full-time,Data Engineer,166000,USD,166000,United States,In-person,United States,M,Data Engineering
2023,Senior,Full-time,Data Engineer,123700,USD,123700,United States,In-person,United States,L,Data Engineering
2023,Senior,Full-time,Data Engineer,125000,USD,125000,United States,In-person,United States,M,Data Engineering
2023,Mid-level,Full-time,Data Analyst,100000,USD,100000,United States,In-person,United States,M,Data Analysis
2021,Senior,Full-time,Research Scientist,120500,CAD,96113,Canada,Hybrid,Canada,L,Data Science and Research
2023,Senior,Full-time,Data Engineer,130000,USD,130000,United States,Remote,United States,M,Data Engineering
2024,Mid-level,Full-time,AI Engineer,151000,USD,151000,United States,In-person,United States,M,Machine Learning and AI
2023,Senior,Full-time,Machine Learning Engineer,267720,USD,267720,United States,In-person,United States,M,Machine Learning and AI
2023,Senior,Full-time,Analytics Engineer,112000,USD,112000,United States,Remote,United States,M,Leadership and Management
2023,Senior,Full-time,Data Engineer,129300,USD,129300,United States,In-person,United States,M,Data Engineering
2023,Senior,Full-time,Data Engineer,121000,USD,121000,United States,In-person,United States,M,Data Engineering
2023,Senior,Full-time,Research Scientist,240000,USD,240000,United States,In-person,United States,M,Data Science and Research
2023,Senior,Full-time,Applied Scientist,136000,USD,136000,United States,In-person,United States,L,Data Science and Research
2023,Senior,Full-time,Business Intelligence Engineer,79600,USD,79600,United States,In-person,United States,L,BI and Visualization
2023,Mid-level,Full-time,Data Engineer,91000,USD,91000,United States,In-person,United States,M,Data Engineering
2023,Senior,Full-time,Data Engineer,100000,USD,100000,United States,Remote,United States,M,Data Engineering
2024,Senior,Full-time,Data Engineer,140000,USD,140000,United States,Remote,United States,M,Data Engineering
2023,Senior,Full-time,AI Engineer,239400,USD,239400,United States,In-person,United States,M,Machine Learning and AI
2024,Senior,Full-time,Data Analyst,164000,USD,164000,United States,In-person,United States,M,Data Analysis
2023,Mid-level,Full-time,Machine Learning Engineer,135000,USD,135000,United States,In-person,United States,M,Machine Learning and AI
2023,Senior,Full-time,Applied Scientist,136000,USD,136000,United States,In-person,United States,L,Data Science and Research
2023,Senior,Full-time,Data Engineer,145000,USD,145000,United States,In-person,United States,M,Data Engineering
2023,Senior,Full-time,Data Analyst,80000,USD,80000,United States,In-person,United States,M,Data Analysis
2024,Mid-level,Full-time,Data Engineer,40000,GBP,50000,United Kingdom,In-person,United Kingdom,M,Data Engineering
2023,Senior,Full-time,Research Scientist,141288,USD,141288,United States,In-person,United States,M,Data Science and Research
2023,Mid-level,Full-time,Data Analyst,35000,GBP,43064,United Kingdom,In-person,United Kingdom,M,Data Analysis
2023,Senior,Full-time,Data Analyst,51962,USD,51962,United States,In-person,United States,M,Data Analysis
2024,Senior,Full-time,Data Scientist,147645,USD,147645,United States,In-person,United States,M,Data Science and Research
2023,Senior,Full-time,Research Scientist,212800,USD,212800,United States,In-person,United States,L,Data Science and Research
2023,Senior,Full-time,Data Scientist,154600,USD,154600,United States,In-person,United States,M,Data Science and Research
2024,Mid-level,Full-time,Data Engineer,126600,USD,126600,United States,In-person,United States,M,Data Engineering
2024,Mid-level,Full-time,Data Analyst,105000,USD,105000,United States,In-person,United States,M,Data Analysis
2024,Senior,Full-time,Data Scientist,215000,USD,215000,United States,In-person,United States,M,Data Science and Research
2024,Senior,Full-time,Data Scientist,156000,USD,156000,United States,In-person,United States,M,Data Science and Research
2023,Mid-level,Full-time,Data Analyst,60000,GBP,73824,United Kingdom,In-person,United Kingdom,M,Data Analysis
2023,Senior,Full-time,Data Engineer,165000,USD,165000,United States,Remote,United States,M,Data Engineering
2023,Senior,Full-time,Machine Learning Engineer,235400,USD,235400,United States,Remote,United States,M,Machine Learning and AI
2023,Senior,Full-time,Data Quality Analyst,80000,USD,80000,United States,In-person,United States,M,Data Quality and Operations
2023,Senior,Full-time,Data Analyst,175000,USD,175000,United States,Remote,United States,M,Data Analysis
2023,Senior,Full-time,Data Analyst,144100,USD,144100,United States,Remote,United States,M,Data Analysis
2023,Senior,Full-time,Data Analyst,208049,USD,208049,United States,In-person,United States,M,Data Analysis
2023,Senior,Full-time,Data Scientist,156400,USD,156400,United States,In-person,United States,M,Data Science and Research
2024,Executive,Full-time,Business Intelligence Developer,117500,USD,117500,United States,In-person,United States,M,BI and Visualization
2023,Senior,Full-time,Data Architect,132000,USD,132000,United States,In-person,United States,M,Data Architecture and Modeling
2023,Senior,Full-time,Data Scientist,81500,USD,81500,United States,In-person,United States,M,Data Science and Research
2023,Mid-level,Full-time,Data Engineer,190000,USD,190000,Canada,Remote,Canada,M,Data Engineering
2022,Senior,Full-time,Data Engineer,80000,USD,80000,United States,In-person,United States,L,Data Engineering
2023,Senior,Full-time,Machine Learning Engineer,142200,USD,142200,United States,In-person,United States,M,Machine Learning and AI
2023,Senior,Full-time,Machine Learning Engineer,300000,USD,300000,United States,In-person,United States,M,Machine Learning and AI
2023,Senior,Full-time,Machine Learning Engineer,225000,USD,225000,United States,Remote,United States,M,Machine Learning and AI
2024,Senior,Full-time,Research Scientist,146000,USD,146000,United States,In-person,United States,M,Data Science and Research
2023,Senior,Full-time,Data Analyst,105000,USD,105000,United States,Remote,United States,M,Data Analysis
2024,Senior,Full-time,Data Scientist,158500,USD,158500,United States,In-person,United States,M,Data Science and Research
2023,Senior,Full-time,Data Scientist,83270,USD,83270,United States,Remote,United States,M,Data Science and Research
2023,Senior,Full-time,Data Analyst,70000,USD,70000,United States,In-person,United States,M,Data Analysis
2024,Mid-level,Full-time,Research Scientist,81500,USD,81500,United States,Remote,United States,M,Data Science and Research
2023,Mid-level,Full-time,Data Scientist,175000,USD,175000,United States,In-person,United States,M,Data Science and Research
2023,Mid-level,Full-time,Data Specialist,110000,USD,110000,United States,In-person,United States,M,Data Management and Strategy
2023,Senior,Full-time,Machine Learning Engineer,190000,USD,190000,United States,Remote,United States,M,Machine Learning and AI
2023,Senior,Full-time,Data Analyst,128000,USD,128000,United States,In-person,United States,M,Data Analysis
2023,Senior,Full-time,Data Scientist,310270,USD,310270,United States,In-person,United States,M,Data Science and Research
2022,Senior,Full-time,Data Scientist,90000,GBP,110820,United Kingdom,In-person,United Kingdom,M,Data Science and Research
2022,Senior,Full-time,Machine Learning Engineer,202900,USD,202900,United States,Remote,United States,L,Machine Learning and AI
2023,Senior,Full-time,Data Scientist,70000,USD,70000,United States,In-person,United States,M,Data Science and Research
2023,Senior,Full-time,Analytics Engineer,179820,USD,179820,United States,In-person,United States,M,Leadership and Management
2024,Senior,Full-time,Machine Learning Engineer,345400,USD,345400,United States,In-person,United States,M,Machine Learning and AI
2022,Senior,Full-time,Data Engineer,130000,USD,130000,United States,In-person,United States,M,Data Engineering
2024,Senior,Full-time,Data Science,150000,USD,150000,United States,Remote,United States,M,Data Science and Research
2023,Mid-level,Full-time,Data Scientist,70000,GBP,86128,United Kingdom,In-person,United Kingdom,M,Data Science and Research
2022,Senior,Full-time,Data Engineer,115000,USD,115000,United States,Remote,United States,M,Data Engineering
2023,Executive,Full-time,Data Analyst,80000,USD,80000,United States,In-person,United States,M,Data Analysis
2023,Senior,Full-time,Business Intelligence Engineer,185000,USD,185000,United States,In-person,United States,L,BI and Visualization
2022,Senior,Full-time,Data Architect,213120,USD,213120,United States,Remote,United States,M,Data Architecture and Modeling
2024,Senior,Full-time,AI Engineer,140000,USD,140000,United States,Remote,United States,M,Machine Learning and AI
2023,Executive,Full-time,Data Engineer,268000,USD,268000,United States,Remote,United States,M,Data Engineering
2023,Senior,Full-time,Data Architect,92000,USD,92000,United Kingdom,Remote,United Kingdom,M,Data Architecture and Modeling
2023,Senior,Full-time,Data Architect,115000,USD,115000,United States,Remote,United States,M,Data Architecture and Modeling
2022,Mid-level,Full-time,Data Analyst,100000,USD,100000,United States,Remote,United States,M,Data Analysis
2023,Senior,Full-time,Data Analyst,113600,USD,113600,United States,In-person,United States,M,Data Analysis
2023,Mid-level,Full-time,Data Scientist,65000,GBP,79976,United Kingdom,In-person,United Kingdom,M,Data Science and Research
2024,Senior,Full-time,AI Software Engineer,242000,USD,242000,Egypt,In-person,Egypt,M,Machine Learning and AI
2023,Senior,Full-time,Data Scientist,183500,USD,183500,United States,Remote,United States,M,Data Science and Research
2024,Senior,Full-time,Data Architect,169767,USD,169767,New Zealand,In-person,New Zealand,M,Data Architecture and Modeling
2023,Senior,Full-time,Research Scientist,145900,USD,145900,United States,In-person,United States,M,Data Science and Research
2023,Entry-level,Full-time,Data Engineer,80000,USD,80000,United States,In-person,United States,M,Data Engineering
2023,Senior,Full-time,Research Scientist,182200,USD,182200,United States,In-person,United States,M,Data Science and Research
2023,Senior,Full-time,ML Engineer,180200,USD,180200,United States,In-person,United States,M,Machine Learning and AI
2023,Senior,Full-time,Machine Learning Scientist,120000,GBP,147648,United Kingdom,In-person,United Kingdom,M,Machine Learning and AI
2023,Mid-level,Full-time,Data Scientist,180000,USD,180000,United States,In-person,United States,M,Data Science and Research
2024,Mid-level,Full-time,Business Intelligence Developer,92000,USD,92000,United States,In-person,United States,M,BI and Visualization
2023,Senior,Full-time,Business Intelligence Engineer,185000,USD,185000,United States,In-person,United States,L,BI and Visualization
2024,Senior,Full-time,Machine Learning Engineer,137930,USD,137930,Canada,In-person,Canada,M,Machine Learning and AI
2022,Senior,Full-time,Data Scientist,200000,USD,200000,United States,Remote,United States,M,Data Science and Research
2024,Entry-level,Full-time,Business Intelligence Analyst,70000,USD,70000,United States,In-person,United States,M,BI and Visualization
2023,Mid-level,Full-time,Data Science Lead,185900,USD,185900,United States,In-person,United States,M,Data Science and Research
2023,Senior,Full-time,Data Science Manager,299500,USD,299500,United States,In-person,United States,M,Data Science and Research
2023,Senior,Full-time,Data Scientist,100000,GBP,123040,United Kingdom,Remote,United Kingdom,M,Data Science and Research
2023,Senior,Full-time,Research Engineer,166500,USD,166500,United States,In-person,United States,M,Data Science and Research
2023,Mid-level,Full-time,Data Engineer,260000,USD,260000,United States,In-person,United States,M,Data Engineering
2023,Mid-level,Full-time,Machine Learning Engineer,180000,USD,180000,United States,Remote,United States,M,Machine Learning and AI
2024,Senior,Full-time,Machine Learning Engineer,163000,USD,163000,United States,Remote,United States,M,Machine Learning and AI
2022,Senior,Full-time,Data Engineer,95000,USD,95000,United States,In-person,United States,M,Data Engineering
2023,Senior,Full-time,Cloud Database Engineer,170000,USD,170000,United States,Remote,United States,L,Cloud and Database
2023,Senior,Full-time,Machine Learning Engineer,166000,USD,166000,United States,In-person,United States,M,Machine Learning and AI
2024,Senior,Full-time,Data Scientist,150800,USD,150800,United States,In-person,United States,M,Data Science and Research
2023,Senior,Full-time,Data Engineer,221000,USD,221000,United States,In-person,United States,M,Data Engineering
2023,Senior,Full-time,Machine Learning Engineer,105000,EUR,113366,Germany,Hybrid,Germany,L,Machine Learning and AI
2023,Senior,Full-time,Applied Scientist,219100,USD,219100,United States,In-person,United States,M,Data Science and Research
2023,Senior,Full-time,Data Engineer,221484,USD,221484,United States,In-person,United States,M,Data Engineering
2023,Senior,Full-time,Data Analyst,78000,USD,78000,United States,Remote,United States,M,Data Analysis
2022,Mid-level,Full-time,Machine Learning Engineer,90000,USD,90000,United States,In-person,United States,M,Machine Learning and AI
2023,Senior,Full-time,Data Scientist,105000,USD,105000,United States,In-person,United States,M,Data Science and Research
2024,Entry-level,Full-time,Data Analyst,90000,USD,90000,United States,In-person,United States,M,Data Analysis
2023,Mid-level,Full-time,Data Scientist,42000,GBP,51676,United Kingdom,In-person,United Kingdom,M,Data Science and Research
2024,Mid-level,Full-time,Data Engineer,80000,USD,80000,United States,In-person,United States,M,Data Engineering
2024,Senior,Full-time,Research Scientist,278700,USD,278700,United States,In-person,United States,M,Data Science and Research
2023,Senior,Full-time,Data Analyst,81666,USD,81666,United States,Remote,United States,M,Data Analysis
2023,Senior,Full-time,Machine Learning Engineer,208450,USD,208450,United States,In-person,United States,M,Machine Learning and AI
2023,Senior,Full-time,Data Analyst,75000,USD,75000,United States,Remote,United States,M,Data Analysis
2023,Senior,Full-time,Data Analyst,106020,USD,106020,United States,In-person,United States,M,Data Analysis
2023,Senior,Full-time,Data Engineer,291500,USD,291500,United States,In-person,United States,M,Data Engineering
2023,Mid-level,Full-time,Data Scientist,166000,USD,166000,United States,In-person,United States,M,Data Science and Research
2024,Mid-level,Full-time,Cloud Database Engineer,146125,USD,146125,United States,Remote,United States,M,Cloud and Database
2023,Mid-level,Full-time,Analytics Engineer,149925,USD,149925,United States,In-person,United States,M,Leadership and Management
2023,Mid-level,Full-time,Data Engineer,116000,USD,116000,United States,In-person,United States,M,Data Engineering
2023,Senior,Full-time,Data Engineer,186600,USD,186600,United States,Remote,United States,M,Data Engineering
2024,Senior,Full-time,Data Engineer,96000,USD,96000,United States,In-person,United States,M,Data Engineering
2022,Senior,Full-time,Analytics Engineer,165000,USD,165000,United States,Remote,United States,M,Leadership and Management
2024,Senior,Full-time,Business Intelligence Analyst,55000,GBP,68750,United Kingdom,In-person,United Kingdom,M,BI and Visualization
2023,Senior,Full-time,Data Scientist,253430,USD,253430,United States,In-person,United States,M,Data Science and Research
2023,Senior,Full-time,Data Science Consultant,122000,USD,122000,United States,In-person,United States,M,Data Science and Research
2023,Senior,Full-time,Data Scientist,212000,USD,212000,United States,In-person,United States,M,Data Science and Research
2024,Senior,Full-time,Research Scientist,247600,USD,247600,United States,In-person,United States,L,Data Science and Research
2024,Senior,Full-time,Data Scientist,94400,USD,94400,United States,Remote,United States,M,Data Science and Research
2023,Senior,Full-time,Data Analyst,138240,USD,138240,United States,Remote,United States,M,Data Analysis
2022,Senior,Full-time,Data Scientist,245000,USD,245000,United States,In-person,United States,M,Data Science and Research
2024,Senior,Full-time,Business Intelligence Engineer,108500,USD,108500,United States,Remote,United States,M,BI and Visualization
2023,Senior,Full-time,Data Engineer,209000,USD,209000,United States,In-person,United States,M,Data Engineering
2023,Senior,Full-time,Data Engineer,161900,USD,161900,United States,In-person,United States,M,Data Engineering
2023,Senior,Full-time,Research Engineer,130000,USD,130000,United States,In-person,United States,M,Data Science and Research
2022,Senior,Full-time,Data Engineer,134760,USD,134760,United States,Remote,United States,M,Data Engineering
2023,Senior,Full-time,Data Analyst,81666,USD,81666,United States,Remote,United States,M,Data Analysis
2023,Senior,Full-time,Research Engineer,115607,USD,115607,United States,In-person,United States,M,Data Science and Research
2024,Senior,Full-time,Data Analyst,93000,USD,93000,United States,In-person,United States,M,Data Analysis
2023,Senior,Full-time,Data Engineer,114300,USD,114300,United States,In-person,United States,M,Data Engineering
2023,Mid-level,Full-time,Power BI Developer,60000,EUR,64781,Poland,Remote,Denmark,L,BI and Visualization
2023,Mid-level,Full-time,Data Analyst,50000,USD,50000,United States,Remote,United States,M,Data Analysis
2023,Senior,Full-time,Machine Learning Scientist,165750,USD,165750,United States,Remote,United States,M,Machine Learning and AI
2024,Senior,Full-time,Research Scientist,280000,USD,280000,United States,In-person,United States,M,Data Science and Research
2023,Senior,Full-time,Data Scientist,237000,USD,237000,United States,Remote,United States,M,Data Science and Research
2024,Senior,Full-time,Business Intelligence Developer,60000,GBP,75000,United Kingdom,In-person,United Kingdom,M,BI and Visualization
2023,Mid-level,Full-time,Data Engineer,105700,USD,105700,United States,In-person,United States,L,Data Engineering
2023,Senior,Full-time,Machine Learning Engineer,150000,USD,150000,United States,Remote,United States,M,Machine Learning and AI
2023,Entry-level,Full-time,Research Analyst,58200,USD,58200,United States,In-person,United States,M,Data Science and Research
2023,Senior,Full-time,Data Engineer,183600,USD,183600,United States,In-person,United States,M,Data Engineering
2022,Senior,Full-time,Machine Learning Engineer,210000,USD,210000,United States,Remote,United States,M,Machine Learning and AI
2023,Entry-level,Full-time,Business Intelligence Analyst,132567,USD,132567,United States,In-person,United States,M,BI and Visualization
2024,Mid-level,Full-time,Data Analyst,105000,USD,105000,United States,In-person,United States,M,Data Analysis
2023,Mid-level,Full-time,Data Analyst,177000,USD,177000,United States,In-person,United States,M,Data Analysis
2021,Senior,Full-time,Data Analyst,115000,USD,115000,United States,Remote,United States,S,Data Analysis
2023,Senior,Full-time,Data Analyst,95000,USD,95000,United States,Remote,United States,M,Data Analysis
2023,Senior,Full-time,Data Engineer,188600,USD,188600,United States,In-person,United States,M,Data Engineering
2023,Senior,Full-time,Machine Learning Scientist,135000,USD,135000,United States,In-person,United States,M,Machine Learning and AI
2024,Senior,Full-time,Data Engineer,258500,USD,258500,United States,In-person,United States,M,Data Engineering
2023,Senior,Full-time,Data Engineer,80000,GBP,98432,United Kingdom,In-person,United Kingdom,M,Data Engineering
2024,Mid-level,Full-time,Data Analyst,95000,USD,95000,United States,In-person,United States,M,Data Analysis
2023,Senior,Full-time,Data Scientist,323300,USD,323300,United States,In-person,United States,M,Data Science and Research
2024,Senior,Full-time,Data Scientist,164845,USD,164845,United States,In-person,United States,M,Data Science and Research
2023,Senior,Full-time,Business Intelligence Analyst,112000,USD,112000,Canada,In-person,Canada,M,BI and Visualization
2024,Senior,Full-time,Data Engineer,105301,USD,105301,United States,Remote,United States,M,Data Engineering
2023,Mid-level,Full-time,Data Analyst,150000,USD,150000,United States,In-person,United States,M,Data Analysis
2023,Senior,Full-time,Data Engineer,290000,USD,290000,United States,Remote,United States,M,Data Engineering
2023,Senior,Full-time,Data Engineer,133300,USD,133300,United States,In-person,United States,M,Data Engineering
2023,Senior,Full-time,Data Analyst,135000,USD,135000,United States,In-person,United States,M,Data Analysis
2023,Executive,Full-time,Data Scientist,228856,USD,228856,United Kingdom,Remote,United Kingdom,M,Data Science and Research
2023,Senior,Full-time,Machine Learning Engineer,278000,USD,278000,United States,In-person,United States,M,Machine Learning and AI
2023,Senior,Full-time,Data Scientist,176000,USD,176000,United States,In-person,United States,M,Data Science and Research
2023,Senior,Full-time,Data Scientist,158500,USD,158500,Canada,Remote,Canada,M,Data Science and Research
2023,Entry-level,Full-time,Data Engineer,92700,USD,92700,United States,Remote,United States,M,Data Engineering
2022,Executive,Full-time,Data Science Manager,106000,USD,106000,Uzbekistan,In-person,Russian Federation,L,Data Science and Research
2023,Senior,Full-time,Research Analyst,52200,EUR,56359,Italy,Remote,Italy,M,Data Science and Research
2023,Senior,Full-time,Research Engineer,266450,USD,266450,United States,In-person,United States,M,Data Science and Research
2023,Mid-level,Full-time,Computer Vision Engineer,90000,GBP,110736,United Kingdom,Remote,United Kingdom,M,Machine Learning and AI
2023,Mid-level,Full-time,Data Analyst,133000,USD,133000,United States,In-person,United States,M,Data Analysis
2022,Mid-level,Full-time,Data Engineer,55000,GBP,67723,United Kingdom,Remote,United Kingdom,M,Data Engineering
2022,Senior,Full-time,Data Analytics Manager,145000,USD,145000,United States,Remote,United States,M,Leadership and Management
2023,Senior,Full-time,Head of Data,70000,EUR,75577,Portugal,Remote,Portugal,L,Leadership and Management
2023,Senior,Full-time,Data Product Manager,220000,USD,220000,United States,In-person,United States,M,Leadership and Management
2024,Senior,Full-time,Machine Learning Engineer,135200,USD,135200,United States,In-person,United States,M,Machine Learning and AI
2023,Mid-level,Full-time,Data Specialist,62000,USD,62000,United States,In-person,United States,M,Data Management and Strategy
2023,Entry-level,Full-time,Research Engineer,160000,USD,160000,United States,In-person,United States,M,Data Science and Research
2023,Senior,Full-time,Data Engineer,194595,USD,194595,United States,In-person,United States,M,Data Engineering
2024,Senior,Full-time,Data Scientist,170700,USD,170700,United States,In-person,United States,M,Data Science and Research
2023,Senior,Full-time,Data Engineer,160000,USD,160000,United States,Remote,United States,M,Data Engineering
2023,Senior,Full-time,Data Engineer,233000,USD,233000,United States,In-person,United States,M,Data Engineering
2024,Entry-level,Full-time,Data Analyst,41419,USD,41419,United States,Remote,United States,M,Data Analysis
2024,Senior,Full-time,Machine Learning Engineer,250000,USD,250000,United States,In-person,United States,M,Machine Learning and AI
2023,Senior,Full-time,Data Analyst,139000,USD,139000,United States,In-person,United States,M,Data Analysis
2023,Mid-level,Full-time,Data Engineer,90000,USD,90000,United States,Remote,United States,M,Data Engineering
2023,Senior,Full-time,Data Engineer,123906,USD,123906,United States,In-person,United States,M,Data Engineering
2024,Senior,Full-time,Data Scientist,146000,USD,146000,United States,In-person,United States,M,Data Science and Research
2022,Senior,Full-time,Machine Learning Software Engineer,375000,USD,375000,United States,Remote,United States,M,Machine Learning and AI
2023,Senior,Full-time,Data Scientist,172800,USD,172800,United States,Remote,United States,M,Data Science and Research
2022,Senior,Full-time,Analytics Engineer,180000,USD,180000,United States,In-person,United States,M,Leadership and Management
2024,Senior,Full-time,Business Intelligence,150000,USD,150000,United States,In-person,United States,M,BI and Visualization
2023,Senior,Full-time,Machine Learning Engineer,238000,USD,238000,United States,In-person,United States,M,Machine Learning and AI
2024,Mid-level,Full-time,Data Engineer,133000,USD,133000,United States,In-person,United States,M,Data Engineering
2024,Senior,Full-time,Data Scientist,283800,USD,283800,United States,In-person,United States,M,Data Science and Research
2024,Senior,Full-time,Applied Scientist,136000,USD,136000,United States,In-person,United States,L,Data Science and Research
2023,Senior,Full-time,Data Scientist,159300,USD,159300,United States,In-person,United States,M,Data Science and Research
2023,Senior,Full-time,Machine Learning Engineer,176000,USD,176000,United States,In-person,United States,M,Machine Learning and AI
2024,Senior,Full-time,Data Analyst,93000,USD,93000,United States,In-person,United States,M,Data Analysis
2022,Senior,Full-time,Data Analyst,150075,USD,150075,United States,Remote,United States,M,Data Analysis
2024,Mid-level,Full-time,Data Scientist,175100,USD,175100,United States,In-person,United States,M,Data Science and Research
2024,Entry-level,Full-time,Data Analyst,105000,USD,105000,United States,In-person,United States,M,Data Analysis
2023,Senior,Full-time,Data Scientist,203000,USD,203000,United States,Remote,United States,M,Data Science and Research
2023,Senior,Full-time,Data Scientist,120160,USD,120160,United States,Remote,United States,M,Data Science and Research
2024,Mid-level,Full-time,Data Scientist,90000,USD,90000,United States,Remote,United States,M,Data Science and Research
2023,Senior,Full-time,Decision Scientist,182500,USD,182500,United States,Remote,United States,M,Data Science and Research
2024,Mid-level,Full-time,AI Engineer,166000,USD,166000,United States,In-person,United States,M,Machine Learning and AI
2021,Mid-level,Full-time,Data Scientist,160000,USD,160000,United States,Remote,United States,L,Data Science and Research
2023,Senior,Full-time,Data Scientist,198200,USD,198200,United States,Remote,United States,M,Data Science and Research
2024,Mid-level,Full-time,Analytics Engineer,116550,USD,116550,United States,In-person,United States,M,Leadership and Management
2023,Mid-level,Full-time,Data Engineer,120000,USD,120000,United States,In-person,United States,M,Data Engineering
2023,Mid-level,Full-time,Data Manager,115500,USD,115500,United States,In-person,United States,M,Leadership and Management
2024,Senior,Full-time,Data Engineer,101100,USD,101100,United States,Remote,United States,M,Data Engineering
2024,Mid-level,Full-time,Data Analyst,75000,USD,75000,United States,Remote,United States,M,Data Analysis
2023,Mid-level,Full-time,Data Architect,100000,USD,100000,United States,In-person,United States,M,Data Architecture and Modeling
2024,Senior,Full-time,Data Analyst,120000,USD,120000,United States,Remote,United States,M,Data Analysis
2023,Senior,Full-time,ML Engineer,270000,USD,270000,United States,Remote,United States,M,Machine Learning and AI
2023,Senior,Full-time,Data Scientist,152000,USD,152000,Canada,In-person,Canada,M,Data Science and Research
2024,Senior,Full-time,AI Engineer,170000,USD,170000,United States,Remote,United States,M,Machine Learning and AI
2023,Senior,Full-time,Research Analyst,230000,USD,230000,United States,In-person,United States,M,Data Science and Research
2023,Entry-level,Full-time,Data Analyst,30839,GBP,37944,United Kingdom,In-person,United Kingdom,M,Data Analysis
2023,Mid-level,Full-time,Data Scientist,172200,USD,172200,United States,Remote,United States,M,Data Science and Research
2023,Entry-level,Full-time,AI Scientist,20000,USD,20000,Türkiye,Remote,Türkiye,S,Machine Learning and AI
2023,Executive,Full-time,Data Engineer,160000,USD,160000,United States,In-person,United States,M,Data Engineering
2023,Senior,Full-time,NLP Engineer,60000,EUR,64781,Spain,Remote,Spain,M,Machine Learning and AI
2023,Mid-level,Full-time,Data Scientist,140000,USD,140000,United States,Remote,United States,M,Data Science and Research
2024,Entry-level,Full-time,Research Analyst,200000,USD,200000,United States,In-person,United States,M,Data Science and Research
2023,Senior,Full-time,Data Quality Analyst,82000,USD,82000,United States,In-person,United States,M,Data Quality and Operations
2023,Mid-level,Full-time,Data Manager,115500,USD,115500,United States,In-person,United States,M,Leadership and Management
2024,Senior,Full-time,Data Analyst,125000,USD,125000,United States,In-person,United States,M,Data Analysis
2023,Mid-level,Full-time,Data Engineer,148000,USD,148000,United States,In-person,United States,M,Data Engineering
2023,Senior,Full-time,Data Analyst,151800,USD,151800,United States,Remote,United States,M,Data Analysis
2024,Senior,Full-time,ML Engineer,230797,USD,230797,United States,Remote,United States,M,Machine Learning and AI
2023,Senior,Full-time,Data Scientist,146000,USD,146000,United States,Remote,United States,M,Data Science and Research
2022,Senior,Full-time,Data Architect,63000,USD,63000,United States,In-person,United States,M,Data Architecture and Modeling
2023,Senior,Full-time,Data Scientist,203649,USD,203649,United States,Remote,United States,M,Data Science and Research
2022,Entry-level,Full-time,Data Engineer,65000,USD,65000,United States,Remote,United States,S,Data Engineering
2023,Senior,Full-time,BI Developer,140000,USD,140000,United States,Remote,United States,M,BI and Visualization
2024,Senior,Full-time,Data Science,240000,USD,240000,United States,In-person,United States,M,Data Science and Research
2023,Senior,Full-time,Data Scientist,93300,USD,93300,United States,In-person,United States,M,Data Science and Research
2023,Senior,Full-time,Analytics Engineer,116450,USD,116450,United States,In-person,United States,M,Leadership and Management
2024,Mid-level,Full-time,Data Engineer,220000,USD,220000,United States,Remote,United States,M,Data Engineering
2023,Senior,Full-time,Data Engineer,119700,USD,119700,United States,In-person,United States,M,Data Engineering
2023,Senior,Full-time,Data Analyst,74400,USD,74400,United States,Remote,United States,M,Data Analysis
2022,Senior,Full-time,Data Engineer,250000,USD,250000,United States,Remote,United States,M,Data Engineering
2024,Mid-level,Full-time,Data Engineer,58300,USD,58300,United States,In-person,United States,M,Data Engineering
2023,Mid-level,Full-time,ML Engineer,135000,USD,135000,United States,In-person,United States,M,Machine Learning and AI
2023,Senior,Full-time,Data Scientist,192000,USD,192000,United States,In-person,United States,M,Data Science and Research
2023,Senior,Full-time,Data Engineer,180000,USD,180000,United States,Remote,United States,M,Data Engineering
2022,Senior,Full-time,Data Engineer,110000,USD,110000,United States,Remote,United States,M,Data Engineering
2024,Senior,Full-time,Data Architect,117000,USD,117000,United States,In-person,United States,M,Data Architecture and Modeling
2023,Senior,Full-time,Machine Learning Engineer,133700,USD,133700,Canada,In-person,Canada,M,Machine Learning and AI
2024,Senior,Full-time,Data Scientist,152000,USD,152000,United States,In-person,United States,M,Data Science and Research
2023,Senior,Full-time,Data Engineer,129000,USD,129000,United States,In-person,United States,M,Data Engineering
2023,Senior,Full-time,Data Analyst,128000,USD,128000,United States,In-person,United States,M,Data Analysis
2024,Senior,Full-time,Data Science,160000,USD,160000,United States,In-person,United States,M,Data Science and Research
2023,Senior,Full-time,Machine Learning Infrastructure Engineer,150000,USD,150000,United States,Remote,United States,M,Machine Learning and AI
2023,Mid-level,Full-time,Data Analyst,142000,USD,142000,United States,In-person,United States,M,Data Analysis
2023,Senior,Full-time,Machine Learning Engineer,191400,USD,191400,United States,In-person,United States,M,Machine Learning and AI
2024,Senior,Full-time,Data Scientist,160000,USD,160000,United States,In-person,United States,M,Data Science and Research
2023,Senior,Full-time,Data Scientist,184800,USD,184800,United States,In-person,United States,M,Data Science and Research
2023,Senior,Full-time,Data Engineer,139700,USD,139700,United States,In-person,United States,M,Data Engineering
2022,Entry-level,Full-time,Data Engineer,52800,EUR,55475,Pakistan,Remote,Germany,M,Data Engineering
2023,Mid-level,Full-time,Data Analyst,52500,USD,52500,United States,In-person,United States,M,Data Analysis
2023,Senior,Full-time,Machine Learning Engineer,176000,USD,176000,United States,In-person,United States,M,Machine Learning and AI
2023,Entry-level,Full-time,Research Scientist,150000,USD,150000,United States,In-person,United States,M,Data Science and Research
2024,Senior,Full-time,Data Scientist,109400,USD,109400,United States,In-person,United States,M,Data Science and Research
2024,Senior,Full-time,Machine Learning Scientist,157500,USD,157500,United States,In-person,United States,M,Machine Learning and AI
2022,Mid-level,Full-time,Data Scientist,90000,USD,90000,United States,In-person,United States,M,Data Science and Research
2023,Senior,Full-time,Data Architect,210000,USD,210000,United States,Remote,United States,M,Data Architecture and Modeling
2023,Senior,Full-time,Data Scientist,137500,USD,137500,United States,In-person,United States,M,Data Science and Research
2024,Senior,Full-time,Data Engineer,130000,USD,130000,United States,Remote,United States,M,Data Engineering
2024,Senior,Full-time,Data Engineer,130100,USD,130100,United States,In-person,United States,M,Data Engineering
2023,Senior,Full-time,Business Intelligence Engineer,202800,USD,202800,United States,In-person,United States,L,BI and Visualization
2023,Mid-level,Full-time,Data Analyst,75000,USD,75000,United States,Remote,United States,M,Data Analysis
2023,Senior,Full-time,Data Scientist,235750,USD,235750,United States,In-person,United States,M,Data Science and Research
2024,Senior,Full-time,Data Developer,180000,USD,180000,United States,Remote,United States,M,Leadership and Management
2023,Senior,Full-time,Research Scientist,185000,USD,185000,United States,In-person,United States,M,Data Science and Research
2022,Mid-level,Full-time,Data Manager,134000,USD,134000,United States,In-person,United States,M,Leadership and Management
2023,Senior,Full-time,Data Engineer,195800,USD,195800,United States,In-person,United States,M,Data Engineering
2022,Senior,Full-time,Data Engineer,100000,USD,100000,United States,Remote,United States,M,Data Engineering
2023,Senior,Full-time,Applied Scientist,196000,USD,196000,United States,Remote,United States,M,Data Science and Research
2023,Senior,Full-time,Data Engineer,75000,USD,75000,United States,Remote,United States,M,Data Engineering
2023,Mid-level,Full-time,Business Intelligence Analyst,120000,USD,120000,United States,Remote,United States,M,BI and Visualization
2021,Entry-level,Full-time,Data Engineer,72500,USD,72500,United States,Remote,United States,L,Data Engineering
2023,Mid-level,Full-time,Data Analyst,165000,USD,165000,United States,In-person,United States,M,Data Analysis
2023,Senior,Full-time,Machine Learning Scientist,204500,USD,204500,Canada,In-person,Canada,M,Machine Learning and AI
2024,Entry-level,Full-time,Data Science Analyst,70000,USD,70000,United States,In-person,United States,M,Data Science and Research
2024,Senior,Full-time,Data Science,152000,USD,152000,United States,In-person,United States,M,Data Science and Research
2023,Entry-level,Full-time,Computer Vision Engineer,220000,USD,220000,United States,In-person,United States,M,Machine Learning and AI
2024,Senior,Full-time,Data Scientist,71000,USD,71000,United States,In-person,United States,M,Data Science and Research
2024,Entry-level,Full-time,Research Analyst,116000,USD,116000,United States,Remote,United States,M,Data Science and Research
2023,Senior,Full-time,Data Engineer,266875,USD,266875,United States,In-person,United States,M,Data Engineering
2022,Mid-level,Full-time,Data Scientist,120000,USD,120000,United States,Remote,United States,M,Data Science and Research
2023,Senior,Full-time,Data Scientist,171250,USD,171250,Ireland,In-person,Ireland,M,Data Science and Research
2022,Senior,Full-time,Data Scientist,245000,USD,245000,United States,In-person,United States,M,Data Science and Research
2023,Senior,Full-time,Data Scientist,167850,USD,167850,United States,Remote,United States,M,Data Science and Research
2024,Mid-level,Full-time,BI Analyst,85000,USD,85000,United States,Remote,United States,M,BI and Visualization
2024,Senior,Full-time,Machine Learning Engineer,141000,USD,141000,United States,Remote,United States,M,Machine Learning and AI
2023,Mid-level,Full-time,Data Analyst,75000,USD,75000,United States,In-person,United States,M,Data Analysis
2023,Senior,Full-time,Decision Scientist,185900,USD,185900,United States,In-person,United States,M,Data Science and Research
2022,Senior,Full-time,Data Engineer,185900,USD,185900,United States,In-person,United States,M,Data Engineering
2023,Senior,Full-time,Applied Scientist,184000,USD,184000,United States,In-person,United States,M,Data Science and Research
2022,Senior,Full-time,Analytics Engineer,63000,USD,63000,United States,In-person,United States,M,Leadership and Management
2023,Senior,Full-time,Data Scientist,272300,USD,272300,United States,In-person,United States,M,Data Science and Research
2023,Senior,Full-time,Data Scientist,130000,USD,130000,United States,In-person,United States,M,Data Science and Research
2023,Senior,Full-time,Machine Learning Engineer,257000,USD,257000,United States,In-person,United States,M,Machine Learning and AI
2023,Senior,Full-time,Business Intelligence Engineer,79600,USD,79600,United States,In-person,United States,L,BI and Visualization
2023,Senior,Full-time,Data Architect,153000,USD,153000,United States,Remote,United States,M,Data Architecture and Modeling
2024,Mid-level,Full-time,Machine Learning Engineer,160480,USD,160480,United States,In-person,United States,M,Machine Learning and AI
2024,Senior,Full-time,Research Scientist,278700,USD,278700,United States,In-person,United States,M,Data Science and Research
2023,Senior,Full-time,Business Intelligence Analyst,79700,USD,79700,United States,In-person,United States,M,BI and Visualization
2023,Senior,Full-time,Data Scientist,225000,USD,225000,United States,Remote,United States,M,Data Science and Research
2023,Senior,Full-time,Data Science Manager,299500,USD,299500,United States,In-person,United States,M,Data Science and Research
2023,Senior,Full-time,Data Science,95100,USD,95100,United States,Remote,United States,M,Data Science and Research
2023,Senior,Full-time,Data Engineer,240500,USD,240500,United States,In-person,United States,L,Data Engineering
2023,Senior,Full-time,Data Scientist,156400,USD,156400,United States,Remote,United States,M,Data Science and Research
2023,Senior,Full-time,Data Scientist,145000,USD,145000,United States,Remote,United States,M,Data Science and Research
2023,Senior,Full-time,Data Engineer,260000,USD,260000,United States,In-person,United States,M,Data Engineering
2021,Executive,Full-time,Head of Data,230000,USD,230000,Russian Federation,Hybrid,Russian Federation,L,Leadership and Management
2023,Senior,Full-time,Data Analyst,85000,USD,85000,United States,Remote,United States,M,Data Analysis
2023,Senior,Full-time,Research Scientist,165500,USD,165500,United States,Remote,United States,M,Data Science and Research
2023,Senior,Full-time,Data Engineer,155000,USD,155000,United States,In-person,United States,M,Data Engineering
2023,Senior,Full-time,Data Analyst,75000,USD,75000,United States,Remote,United States,M,Data Analysis
2022,Senior,Full-time,Data Engineer,63000,USD,63000,United States,In-person,United States,M,Data Engineering
2022,Senior,Full-time,Data Analyst,112900,USD,112900,United States,Remote,United States,M,Data Analysis
2023,Senior,Full-time,BI Analyst,125000,USD,125000,United States,In-person,United States,M,BI and Visualization
2024,Mid-level,Full-time,Research Scientist,179000,USD,179000,United States,In-person,United States,M,Data Science and Research
2024,Mid-level,Full-time,AI Engineer,95000,USD,95000,United States,Remote,United States,M,Machine Learning and AI
2023,Senior,Full-time,Data Engineer,176000,USD,176000,United States,In-person,United States,M,Data Engineering
2023,Senior,Full-time,Data Architect,100000,USD,100000,United States,Remote,United States,M,Data Architecture and Modeling
2023,Senior,Full-time,Data Engineer,129300,USD,129300,United States,In-person,United States,M,Data Engineering
2022,Senior,Full-time,Data Scientist,165000,USD,165000,United States,In-person,United States,M,Data Science and Research
2023,Mid-level,Full-time,Computer Vision Engineer,75000,GBP,92280,United Kingdom,Remote,United Kingdom,M,Machine Learning and AI
2024,Senior,Full-time,ML Engineer,167200,USD,167200,United States,In-person,United States,M,Machine Learning and AI
2020,Executive,Full-time,Staff Data Analyst,15000,USD,15000,Nigeria,In-person,Canada,M,Data Analysis
2023,Entry-level,Full-time,Data Engineer,130916,USD,130916,United States,In-person,United States,M,Data Engineering
2024,Senior,Full-time,Machine Learning Engineer,250900,USD,250900,United States,In-person,United States,M,Machine Learning and AI
2023,Mid-level,Full-time,Data Manager,115500,USD,115500,United States,In-person,United States,M,Leadership and Management
2023,Senior,Full-time,ML Engineer,173000,USD,173000,United States,Remote,United States,M,Machine Learning and AI
2024,Mid-level,Full-time,Data Scientist,153700,USD,153700,United States,Remote,United States,M,Data Science and Research
2023,Mid-level,Full-time,Data Science Lead,225000,USD,225000,United States,In-person,United States,M,Data Science and Research
2023,Senior,Full-time,Data Science,135800,USD,135800,United States,Remote,United States,M,Data Science and Research
2024,Entry-level,Full-time,Business Intelligence,119000,USD,119000,United States,Remote,United States,M,BI and Visualization
2022,Senior,Full-time,Data Analyst,95000,USD,95000,United States,In-person,United States,M,Data Analysis
2022,Mid-level,Full-time,Data Analyst,350000,GBP,430967,United Kingdom,In-person,United Kingdom,M,Data Analysis
2023,Senior,Full-time,Data Manager,130000,USD,130000,United States,In-person,United States,M,Leadership and Management
2024,Mid-level,Full-time,Data Analyst,81650,USD,81650,United States,In-person,United States,M,Data Analysis
2024,Senior,Full-time,Data Scientist,125000,USD,125000,United States,In-person,United States,M,Data Science and Research
2023,Entry-level,Full-time,Machine Learning Engineer,130400,USD,130400,United States,In-person,United States,M,Machine Learning and AI
2023,Senior,Full-time,Data Scientist,185900,USD,185900,United States,In-person,United States,M,Data Science and Research
2022,Senior,Full-time,Machine Learning Engineer,180000,USD,180000,United States,Remote,United States,M,Machine Learning and AI
2023,Mid-level,Full-time,Data Engineer,60000,USD,60000,Colombia,Remote,Colombia,M,Data Engineering
2023,Senior,Full-time,Data Scientist,236500,USD,236500,United States,In-person,United States,M,Data Science and Research
2023,Senior,Full-time,Machine Learning Engineer,160000,USD,160000,United States,Remote,United States,M,Machine Learning and AI
2023,Senior,Full-time,Machine Learning Engineer,238000,USD,238000,United States,In-person,United States,M,Machine Learning and AI
2023,Senior,Full-time,Research Scientist,125000,USD,125000,United States,In-person,United States,M,Data Science and Research
2024,Entry-level,Full-time,Data Analyst,51500,USD,51500,United States,In-person,United States,M,Data Analysis
2024,Senior,Full-time,Prompt Engineer,197011,USD,197011,United States,Remote,United States,M,Machine Learning and AI
2023,Mid-level,Full-time,Data Analyst,112000,USD,112000,United States,In-person,United States,M,Data Analysis
2023,Mid-level,Full-time,Data Architect,150000,USD,150000,United States,Remote,United States,M,Data Architecture and Modeling
2022,Senior,Full-time,ML Engineer,235000,USD,235000,United States,Remote,United States,M,Machine Learning and AI
2023,Senior,Full-time,Data Architect,125000,USD,125000,United States,Remote,United States,M,Data Architecture and Modeling
2023,Senior,Full-time,Data Scientist,226000,USD,226000,United States,Remote,United States,M,Data Science and Research
2023,Senior,Full-time,Data Manager,55200,USD,55200,United States,In-person,United States,M,Leadership and Management
2024,Senior,Full-time,Machine Learning Engineer,180000,USD,180000,United States,In-person,United States,M,Machine Learning and AI
2023,Mid-level,Full-time,Data Science Manager,190000,USD,190000,United States,Remote,United States,M,Data Science and Research
2023,Senior,Full-time,Business Intelligence Engineer,225000,USD,225000,United States,In-person,United States,M,BI and Visualization
2023,Senior,Full-time,Research Engineer,266450,USD,266450,United States,In-person,United States,M,Data Science and Research
2024,Senior,Full-time,Data Engineer,184000,USD,184000,United States,In-person,United States,M,Data Engineering
2023,Mid-level,Full-time,Data Analyst,80000,USD,80000,United States,In-person,United States,M,Data Analysis
2024,Senior,Full-time,Machine Learning Researcher,167200,USD,167200,United States,In-person,United States,M,Machine Learning and AI
2023,Senior,Full-time,Data Scientist,129300,USD,129300,United States,In-person,United States,M,Data Science and Research
2024,Senior,Full-time,Data Science,144200,USD,144200,United States,In-person,United States,M,Data Science and Research
2023,Senior,Full-time,Data Engineer,120000,USD,120000,United States,In-person,United States,M,Data Engineering
2023,Senior,Full-time,Data Architect,180000,USD,180000,United States,Remote,United States,M,Data Architecture and Modeling
2023,Executive,Full-time,Data Analyst,125000,USD,125000,United States,Remote,United States,M,Data Analysis
2024,Entry-level,Full-time,Data Analyst,83000,USD,83000,United States,In-person,United States,M,Data Analysis
2022,Entry-level,Full-time,Machine Learning Engineer,30000,USD,30000,United Kingdom,Remote,United Kingdom,L,Machine Learning and AI
2023,Senior,Full-time,Data Scientist,36000,EUR,38868,Spain,In-person,Spain,M,Data Science and Research
2024,Senior,Full-time,Data Scientist,220000,USD,220000,United States,In-person,United States,M,Data Science and Research
2023,Senior,Full-time,Data Engineer,63000,USD,63000,United States,Remote,United States,M,Data Engineering
2024,Entry-level,Full-time,Data Analyst,76500,USD,76500,United States,In-person,United States,M,Data Analysis
2023,Senior,Full-time,Data Scientist,228000,USD,228000,United States,In-person,United States,M,Data Science and Research
2023,Senior,Full-time,Research Engineer,155000,USD,155000,United States,In-person,United States,M,Data Science and Research
2024,Mid-level,Full-time,Data Manager,65000,USD,65000,United States,Remote,United States,M,Leadership and Management
2024,Mid-level,Full-time,Data Engineer,146100,USD,146100,United States,In-person,United States,M,Data Engineering
2024,Entry-level,Contract,Business Intelligence Analyst,48000,USD,48000,United States,In-person,United States,M,BI and Visualization
2023,Senior,Full-time,ML Engineer,331640,USD,331640,United States,In-person,United States,M,Machine Learning and AI
2023,Entry-level,Full-time,Data Analyst,75000,USD,75000,United States,In-person,United States,M,Data Analysis
2024,Senior,Full-time,Data Analyst,140000,USD,140000,United States,In-person,United States,M,Data Analysis
2023,Senior,Full-time,Machine Learning Scientist,120000,USD,120000,United States,In-person,United States,M,Machine Learning and AI
2023,Senior,Full-time,Data Infrastructure Engineer,385000,USD,385000,United States,In-person,United States,M,Data Engineering
2023,Mid-level,Full-time,Data Scientist,119200,USD,119200,United States,Remote,United States,M,Data Science and Research
2023,Senior,Full-time,Data Analytics Specialist,105000,USD,105000,United States,In-person,United States,M,Leadership and Management
2023,Senior,Full-time,Data Engineer,112000,USD,112000,United States,In-person,United States,M,Data Engineering
2023,Senior,Full-time,Data Engineer,170000,USD,170000,United States,In-person,United States,M,Data Engineering
2023,Senior,Full-time,Data Engineer,161000,USD,161000,United States,In-person,United States,M,Data Engineering
2023,Mid-level,Full-time,Data Scientist,100000,GBP,123040,United Kingdom,In-person,United Kingdom,M,Data Science and Research
2022,Senior,Full-time,ETL Developer,250000,USD,250000,United States,Remote,United States,M,Data Engineering
2024,Senior,Full-time,Research Scientist,86000,USD,86000,United States,In-person,United States,M,Data Science and Research
2023,Senior,Full-time,Data Scientist,175000,USD,175000,United States,Remote,United States,M,Data Science and Research
2024,Senior,Full-time,Data Scientist,195000,USD,195000,United States,Remote,United States,M,Data Science and Research
2023,Senior,Full-time,Research Scientist,150000,USD,150000,United States,In-person,United States,M,Data Science and Research
2023,Senior,Full-time,Machine Learning Engineer,172200,USD,172200,United States,In-person,United States,M,Machine Learning and AI
2023,Mid-level,Full-time,Data Scientist,102500,USD,102500,United States,In-person,United States,M,Data Science and Research
2024,Senior,Full-time,Data Architect,174000,USD,174000,United States,In-person,United States,M,Data Architecture and Modeling
2023,Senior,Full-time,Data Analyst,122000,USD,122000,United States,In-person,United States,M,Data Analysis
2024,Mid-level,Full-time,Data Scientist,50000,GBP,62500,United Kingdom,In-person,United Kingdom,M,Data Science and Research
2023,Mid-level,Full-time,Data Engineer,154000,USD,154000,United States,In-person,United States,M,Data Engineering
2022,Executive,Full-time,Data Scientist,130000,USD,130000,United States,Remote,United States,M,Data Science and Research
2023,Senior,Full-time,Data Engineer,84800,USD,84800,United States,In-person,United States,M,Data Engineering
2023,Senior,Full-time,Data Scientist,101500,USD,101500,United States,In-person,United States,M,Data Science and Research
2023,Senior,Full-time,ML Engineer,160000,USD,160000,United States,In-person,United States,M,Machine Learning and AI
2024,Mid-level,Full-time,Data Engineer,146000,USD,146000,United States,Remote,United States,M,Data Engineering
2023,Senior,Full-time,Data Analyst,145000,USD,145000,United States,Remote,United States,M,Data Analysis
2023,Senior,Full-time,Research Scientist,150000,USD,150000,United States,In-person,United States,M,Data Science and Research
2023,Entry-level,Full-time,Data Analyst,55000,GBP,67672,United Kingdom,In-person,United Kingdom,M,Data Analysis
2023,Senior,Full-time,Applied Scientist,184000,USD,184000,United States,Remote,United States,M,Data Science and Research
2024,Senior,Full-time,Data Engineer,190000,USD,190000,United States,Remote,United States,M,Data Engineering
2023,Senior,Full-time,Machine Learning Engineer,190000,USD,190000,United States,In-person,United States,M,Machine Learning and AI
2023,Senior,Full-time,Data Analyst,140000,USD,140000,United States,In-person,United States,M,Data Analysis
2024,Mid-level,Full-time,Data Analytics Manager,88000,USD,88000,United States,In-person,United States,M,Leadership and Management
2023,Mid-level,Full-time,Business Intelligence Analyst,97000,USD,97000,United States,In-person,United States,M,BI and Visualization
2024,Senior,Full-time,Data Scientist,170000,USD,170000,United States,In-person,United States,M,Data Science and Research
2023,Senior,Full-time,Machine Learning Engineer,220000,USD,220000,United States,In-person,United States,M,Machine Learning and AI
2023,Senior,Full-time,Data Scientist,200000,USD,200000,United States,Remote,United States,M,Data Science and Research
2023,Senior,Full-time,Data Engineer,193600,USD,193600,United States,In-person,United States,M,Data Engineering
2023,Senior,Full-time,Research Scientist,120000,USD,120000,United States,In-person,United States,M,Data Science and Research
2024,Entry-level,Full-time,Data Scientist,72100,USD,72100,United States,In-person,United States,M,Data Science and Research
2023,Senior,Full-time,Machine Learning Engineer,253000,USD,253000,United States,Remote,United States,M,Machine Learning and AI
2023,Mid-level,Full-time,Data Scientist,90000,USD,90000,United States,Remote,United States,M,Data Science and Research
2023,Senior,Full-time,BI Analyst,118800,USD,118800,United States,Remote,United States,M,BI and Visualization
2022,Entry-level,Full-time,Data Engineer,135000,USD,135000,United States,In-person,United States,M,Data Engineering
2023,Senior,Full-time,Data Analyst,165000,USD,165000,United States,Remote,United States,M,Data Analysis
2022,Senior,Full-time,Data Scientist,110000,USD,110000,United States,Remote,United States,M,Data Science and Research
2023,Senior,Full-time,Data Architect,136000,USD,136000,United States,In-person,United States,M,Data Architecture and Modeling
2022,Mid-level,Full-time,Data Scientist,90000,GBP,110820,United Kingdom,In-person,United Kingdom,M,Data Science and Research
2022,Senior,Full-time,Analytics Engineer,48000,USD,48000,Argentina,Remote,United States,S,Leadership and Management
2022,Senior,Full-time,Data Scientist,190000,USD,190000,United States,In-person,United States,M,Data Science and Research
2024,Senior,Full-time,Machine Learning Engineer,303400,USD,303400,Canada,Remote,Canada,M,Machine Learning and AI
2023,Senior,Full-time,Principal Data Scientist,195000,USD,195000,United States,Remote,United States,L,Data Science and Research
2022,Senior,Full-time,Data Engineer,120000,USD,120000,United States,Remote,United States,M,Data Engineering
2024,Senior,Full-time,Machine Learning Engineer,54000,USD,54000,Brazil,Remote,Brazil,M,Machine Learning and AI
2022,Entry-level,Full-time,Data Engineer,120000,USD,120000,United States,Remote,United States,M,Data Engineering
2022,Senior,Full-time,Data Science Manager,206000,USD,206000,United States,Remote,United States,M,Data Science and Research
2023,Senior,Full-time,Data Engineer,190000,USD,190000,United States,In-person,United States,M,Data Engineering
2022,Mid-level,Full-time,Data Scientist,102100,USD,102100,United States,In-person,United States,M,Data Science and Research
2023,Senior,Full-time,Data Analyst,51962,USD,51962,United States,Remote,United States,M,Data Analysis
2024,Senior,Full-time,Data Science,172500,USD,172500,United States,In-person,United States,M,Data Science and Research
2024,Senior,Full-time,Data Architect,381500,USD,381500,United States,In-person,United States,M,Data Architecture and Modeling
2022,Senior,Full-time,Data Engineer,136000,USD,136000,United States,In-person,United States,M,Data Engineering
2023,Senior,Full-time,Data Engineer,150000,USD,150000,United States,Remote,United States,M,Data Engineering
2022,Senior,Full-time,Data Analyst,90320,USD,90320,United States,Remote,United States,M,Data Analysis
2023,Mid-level,Full-time,Data Analyst,206000,USD,206000,United States,In-person,United States,M,Data Analysis
2023,Senior,Full-time,Data Engineer,123700,USD,123700,United States,In-person,United States,L,Data Engineering
2023,Senior,Full-time,Machine Learning Engineer,93300,USD,93300,United States,In-person,United States,M,Machine Learning and AI
2024,Senior,Full-time,Data Engineer,143706,USD,143706,United States,Remote,United States,M,Data Engineering
2023,Senior,Full-time,Data Manager,130000,USD,130000,United States,In-person,United States,M,Leadership and Management
2022,Mid-level,Full-time,Data Analyst,75000,USD,75000,United States,Remote,United States,M,Data Analysis
2022,Senior,Full-time,Data Engineer,170000,USD,170000,United States,In-person,United States,M,Data Engineering
2023,Senior,Full-time,Data Engineer,130000,USD,130000,United States,In-person,United States,M,Data Engineering
2023,Senior,Full-time,Data Engineer,230300,USD,230300,United States,In-person,United States,M,Data Engineering
2023,Senior,Full-time,Data Analyst,70000,USD,70000,United States,In-person,United States,M,Data Analysis
2022,Senior,Full-time,ML Engineer,84000,USD,84000,United States,Remote,United States,M,Machine Learning and AI
2023,Senior,Full-time,Data Analyst,195000,USD,195000,United States,Remote,United States,M,Data Analysis
2023,Mid-level,Full-time,Data Analytics Manager,110000,USD,110000,United States,In-person,United States,M,Leadership and Management
2023,Senior,Full-time,Data Scientist,148750,USD,148750,United States,In-person,United States,M,Data Science and Research
2024,Senior,Full-time,Machine Learning Engineer,242000,USD,242000,Canada,In-person,Canada,M,Machine Learning and AI
2023,Senior,Full-time,Machine Learning Engineer,175000,USD,175000,United States,In-person,United States,M,Machine Learning and AI
2023,Senior,Full-time,Applied Scientist,184000,USD,184000,United States,Remote,United States,M,Data Science and Research
2024,Senior,Full-time,Data Engineer,145360,USD,145360,United States,Remote,United States,M,Data Engineering
2023,Senior,Full-time,Machine Learning Engineer,132600,USD,132600,United States,In-person,United States,M,Machine Learning and AI
2024,Mid-level,Full-time,Data Engineer,65000,EUR,72222,Austria,In-person,Austria,M,Data Engineering
2023,Senior,Full-time,Applied Scientist,136000,USD,136000,United States,In-person,United States,L,Data Science and Research
2022,Mid-level,Full-time,Data Analyst,124000,USD,124000,United States,In-person,United States,M,Data Analysis
2024,Mid-level,Full-time,Data Scientist,165000,USD,165000,United States,In-person,United States,M,Data Science and Research
2023,Mid-level,Full-time,Analytics Engineer,204000,USD,204000,United States,In-person,United States,M,Leadership and Management
2022,Senior,Full-time,Data Analyst,112900,USD,112900,United States,Remote,United States,M,Data Analysis
2024,Senior,Full-time,Machine Learning Engineer,227700,USD,227700,United States,Remote,United States,M,Machine Learning and AI
2023,Senior,Full-time,Data Scientist,156400,USD,156400,United States,Remote,United States,M,Data Science and Research
2023,Senior,Full-time,Data Engineer,300000,USD,300000,United States,In-person,United States,M,Data Engineering
2024,Senior,Full-time,Business Intelligence Engineer,106500,USD,106500,United States,In-person,United States,M,BI and Visualization
2023,Senior,Full-time,Data Analyst,137500,USD,137500,United States,In-person,United States,M,Data Analysis
2023,Senior,Full-time,Data Scientist,119000,USD,119000,United States,Remote,United States,M,Data Science and Research
2024,Senior,Full-time,Data Engineer,100000,USD,100000,United States,In-person,United States,M,Data Engineering
2023,Senior,Full-time,Data Analyst,80000,USD,80000,United States,Remote,United States,M,Data Analysis
2024,Mid-level,Full-time,Machine Learning Engineer,166000,USD,166000,United States,In-person,United States,M,Machine Learning and AI
2024,Senior,Full-time,Data Engineer,55000,GBP,68750,United Kingdom,Remote,United Kingdom,M,Data Engineering
2021,Entry-level,Full-time,Data Science Consultant,54000,EUR,63831,Germany,Hybrid,Germany,L,Data Science and Research
2023,Senior,Full-time,Machine Learning Engineer,140000,USD,140000,United States,In-person,United States,M,Machine Learning and AI
2023,Senior,Full-time,Data Engineer,160000,USD,160000,United States,In-person,United States,M,Data Engineering
2023,Senior,Full-time,Data Engineer,186700,USD,186700,United States,Remote,United States,M,Data Engineering
2023,Senior,Full-time,Research Scientist,278700,USD,278700,United States,In-person,United States,M,Data Science and Research
2023,Senior,Full-time,Data Scientist,370000,USD,370000,United States,In-person,United States,M,Data Science and Research
2023,Mid-level,Full-time,Data Engineer,130000,USD,130000,United States,In-person,United States,M,Data Engineering
2024,Entry-level,Full-time,Data Analyst,140000,USD,140000,United States,In-person,United States,M,Data Analysis
2024,Senior,Full-time,Data Analyst,120000,USD,120000,United States,In-person,United States,M,Data Analysis
2024,Mid-level,Full-time,Applied Scientist,222200,USD,222200,United States,In-person,United States,L,Data Science and Research
2023,Senior,Full-time,Data Engineer,175000,USD,175000,United States,In-person,United States,M,Data Engineering
2024,Mid-level,Full-time,Data Engineer,111800,USD,111800,United States,In-person,United States,M,Data Engineering
2023,Senior,Full-time,Analytics Engineer,120000,USD,120000,United States,Remote,United States,M,Leadership and Management
2023,Senior,Full-time,Data Engineer,78000,USD,78000,United States,In-person,United States,M,Data Engineering
2023,Mid-level,Full-time,Research Scientist,161200,GBP,198340,United Kingdom,In-person,United Kingdom,M,Data Science and Research
2023,Senior,Full-time,Data Engineer,129300,USD,129300,United States,In-person,United States,M,Data Engineering
2024,Mid-level,Full-time,Applied Scientist,136000,USD,136000,United States,In-person,United States,L,Data Science and Research
2023,Mid-level,Full-time,Data Scientist,166000,USD,166000,United States,In-person,United States,M,Data Science and Research
2022,Entry-level,Full-time,Data Scientist,49500,EUR,52008,Belgium,Hybrid,Belgium,S,Data Science and Research
2022,Senior,Full-time,Data Engineer,146000,USD,146000,United States,In-person,United States,M,Data Engineering
2024,Mid-level,Full-time,Analytics Engineer,154100,USD,154100,United States,In-person,United States,M,Leadership and Management
2023,Senior,Full-time,Data Scientist,92000,USD,92000,United States,In-person,United States,M,Data Science and Research
2023,Senior,Full-time,Data Engineer,81500,USD,81500,United States,In-person,United States,M,Data Engineering
2024,Senior,Full-time,Data Engineer,188000,USD,188000,United States,In-person,United States,M,Data Engineering
2023,Senior,Full-time,Applied Scientist,250900,USD,250900,United States,In-person,United States,M,Data Science and Research
2024,Mid-level,Full-time,Data Analyst,96475,USD,96475,United States,Remote,United States,M,Data Analysis
2023,Mid-level,Full-time,Data Analyst,59000,USD,59000,United States,Remote,United States,M,Data Analysis
2023,Senior,Full-time,Data Engineer,81800,USD,81800,United States,In-person,United States,M,Data Engineering
2024,Senior,Full-time,Data Engineer,144000,USD,144000,United States,In-person,United States,M,Data Engineering
2023,Senior,Full-time,Machine Learning Engineer,156000,USD,156000,United States,Remote,United States,M,Machine Learning and AI
2024,Senior,Full-time,Data Scientist,130000,USD,130000,United States,Remote,United States,M,Data Science and Research
2023,Entry-level,Full-time,AI Programmer,70000,USD,70000,India,In-person,Australia,L,Machine Learning and AI
2023,Senior,Full-time,Data Scientist,136000,USD,136000,United States,In-person,United States,M,Data Science and Research
2024,Senior,Full-time,Data Scientist,65000,GBP,81250,United Kingdom,In-person,United Kingdom,M,Data Science and Research
2023,Senior,Full-time,Data Engineer,115000,USD,115000,United States,In-person,United States,M,Data Engineering
2024,Executive,Full-time,Business Intelligence,155000,USD,155000,Canada,In-person,Canada,M,BI and Visualization
2023,Senior,Full-time,Data Scientist,197500,USD,197500,United States,In-person,United States,M,Data Science and Research
2024,Senior,Full-time,Machine Learning Engineer,160000,USD,160000,United States,In-person,United States,M,Machine Learning and AI
2023,Senior,Full-time,Data Manager,146000,USD,146000,United States,In-person,United States,M,Leadership and Management
2023,Senior,Full-time,Data Engineer,153550,USD,153550,United States,In-person,United States,M,Data Engineering
2024,Entry-level,Full-time,Data Analytics Specialist,44100,USD,44100,Malta,In-person,Malta,M,Leadership and Management
2023,Mid-level,Full-time,Data Scientist,105000,USD,105000,United States,In-person,United States,M,Data Science and Research
2024,Senior,Full-time,Data Analyst,80000,USD,80000,United States,In-person,United States,M,Data Analysis
2020,Senior,Full-time,Machine Learning Manager,157000,CAD,117104,Canada,Hybrid,Canada,L,Machine Learning and AI
2023,Senior,Full-time,Machine Learning Engineer,146000,USD,146000,United Kingdom,In-person,United Kingdom,M,Machine Learning and AI
2022,Senior,Full-time,Data Scientist,198440,USD,198440,United States,Remote,United States,M,Data Science and Research
2024,Mid-level,Full-time,Data Specialist,69000,USD,69000,United States,In-person,United States,M,Data Management and Strategy
2023,Senior,Full-time,Data Scientist,252000,USD,252000,United States,In-person,United States,M,Data Science and Research
2023,Senior,Full-time,Data Scientist,195800,USD,195800,United States,In-person,United States,M,Data Science and Research
2023,Senior,Full-time,Research Scientist,212800,USD,212800,United States,In-person,United States,L,Data Science and Research
2022,Senior,Full-time,Data Architect,235000,USD,235000,United States,Remote,United States,M,Data Architecture and Modeling
2024,Senior,Full-time,Data Scientist,155000,USD,155000,United States,In-person,United States,M,Data Science and Research
2024,Senior,Full-time,Data Analyst,164640,USD,164640,United States,In-person,United States,M,Data Analysis
2023,Mid-level,Full-time,BI Developer,81500,USD,81500,United States,In-person,United States,M,BI and Visualization
2022,Senior,Full-time,Analytics Engineer,193750,USD,193750,United States,Remote,United States,M,Leadership and Management
2023,Senior,Full-time,Data Scientist,138784,USD,138784,United States,Remote,United States,M,Data Science and Research
2023,Senior,Full-time,Applied Scientist,136000,USD,136000,United States,In-person,United States,L,Data Science and Research
2024,Mid-level,Full-time,Analytics Engineer,78000,USD,78000,United States,In-person,United States,M,Leadership and Management
2024,Senior,Full-time,Data Management Consultant,85000,USD,85000,United States,In-person,United States,M,Data Management and Strategy
2024,Mid-level,Full-time,Data Scientist,73100,USD,73100,United States,In-person,United States,M,Data Science and Research
2023,Senior,Full-time,Data Engineer,159000,USD,159000,United States,In-person,United States,M,Data Engineering
2023,Senior,Full-time,Data Engineer,133000,USD,133000,United States,In-person,United States,M,Data Engineering
2023,Mid-level,Full-time,Data Engineer,75000,GBP,92280,United Kingdom,Remote,United Kingdom,M,Data Engineering
2023,Senior,Full-time,Research Scientist,240000,USD,240000,United States,In-person,United States,M,Data Science and Research
2023,Senior,Full-time,Data Analyst,94000,USD,94000,United States,In-person,United States,M,Data Analysis
2024,Senior,Full-time,Data Scientist,151000,USD,151000,United States,In-person,United States,M,Data Science and Research
2024,Mid-level,Full-time,AI Engineer,400000,USD,400000,United States,In-person,United States,M,Machine Learning and AI
2024,Senior,Full-time,Data Architect,67200,USD,67200,United States,In-person,United States,M,Data Architecture and Modeling
2024,Senior,Full-time,Data Scientist,245000,USD,245000,United States,In-person,United States,M,Data Science and Research
2024,Mid-level,Full-time,Analytics Engineer,100000,USD,100000,United States,In-person,United States,M,Leadership and Management
2023,Mid-level,Full-time,Data Scientist,100000,USD,100000,United States,In-person,United States,M,Data Science and Research
2022,Senior,Full-time,Data Engineer,136994,USD,136994,United States,Remote,United States,M,Data Engineering
2022,Mid-level,Full-time,Applied Data Scientist,157000,USD,157000,United States,Remote,United States,L,Data Science and Research
2023,Senior,Full-time,Data Scientist,155500,USD,155500,United States,In-person,United States,M,Data Science and Research
2023,Senior,Full-time,Data Architect,190000,USD,190000,United States,In-person,United States,M,Data Architecture and Modeling
2023,Senior,Full-time,Data Engineer,146000,USD,146000,United States,In-person,United States,M,Data Engineering
2023,Mid-level,Full-time,Data Engineer,114000,USD,114000,United States,Remote,United States,M,Data Engineering
2024,Senior,Full-time,Data Science,170000,USD,170000,United States,In-person,United States,M,Data Science and Research
2024,Senior,Full-time,Analytics Engineer,149500,USD,149500,United States,Remote,United States,M,Leadership and Management
2023,Senior,Full-time,Data Scientist,125000,USD,125000,United States,In-person,United States,M,Data Science and Research
2024,Senior,Full-time,Machine Learning Engineer,220000,USD,220000,United States,In-person,United States,M,Machine Learning and AI
2023,Mid-level,Full-time,Machine Learning Engineer,130000,USD,130000,United States,In-person,United States,M,Machine Learning and AI
2024,Mid-level,Full-time,Data Management Specialist,81530,USD,81530,Canada,In-person,Canada,M,Data Management and Strategy
2023,Mid-level,Full-time,Data Specialist,60000,USD,60000,United States,In-person,United States,M,Data Management and Strategy
2022,Senior,Full-time,Data Engineer,95000,USD,95000,United States,In-person,United States,M,Data Engineering
2024,Senior,Full-time,Data Architect,178600,USD,178600,United States,In-person,United States,M,Data Architecture and Modeling
2024,Senior,Full-time,Business Intelligence Lead,150000,USD,150000,United States,Remote,United States,M,BI and Visualization
2023,Senior,Full-time,Machine Learning Engineer,180300,USD,180300,United States,In-person,United States,M,Machine Learning and AI
2023,Senior,Full-time,Data Scientist,187415,USD,187415,United States,In-person,United States,M,Data Science and Research
2023,Mid-level,Full-time,Data Analyst,60000,GBP,73824,United Kingdom,In-person,United Kingdom,M,Data Analysis
2023,Executive,Full-time,Data Manager,72000,USD,72000,Mexico,Remote,Mexico,S,Leadership and Management
2023,Senior,Full-time,Business Intelligence Analyst,145000,USD,145000,United States,In-person,United States,M,BI and Visualization
2023,Senior,Full-time,Data Scientist,198200,USD,198200,United States,Remote,United States,M,Data Science and Research
2023,Mid-level,Full-time,Research Engineer,100000,USD,100000,United States,In-person,United States,M,Data Science and Research
2022,Mid-level,Full-time,ETL Developer,50000,EUR,52533,Greece,In-person,Greece,M,Data Engineering
2024,Mid-level,Full-time,Data Infrastructure Engineer,200000,USD,200000,United States,In-person,United States,M,Data Engineering
2024,Mid-level,Full-time,Machine Learning Engineer,73100,USD,73100,United States,In-person,United States,M,Machine Learning and AI
2024,Senior,Full-time,Data Analyst,109100,USD,109100,United States,In-person,United States,M,Data Analysis
2023,Senior,Full-time,Machine Learning Engineer,133700,USD,133700,Canada,In-person,Canada,M,Machine Learning and AI
2024,Senior,Full-time,Data Scientist,64000,GBP,80000,United States,In-person,United States,M,Data Science and Research
2022,Mid-level,Full-time,Data Analyst,80000,USD,80000,United States,In-person,United States,M,Data Analysis
2024,Senior,Full-time,Data Analyst,85000,USD,85000,United States,In-person,United States,M,Data Analysis
2023,Senior,Full-time,BI Developer,135000,USD,135000,United States,Remote,United States,M,BI and Visualization
2024,Senior,Full-time,Computer Vision Engineer,185000,USD,185000,United States,In-person,United States,M,Machine Learning and AI
2023,Mid-level,Full-time,Data Engineer,250000,USD,250000,United States,In-person,United States,M,Data Engineering
2024,Mid-level,Full-time,Business Intelligence,106500,USD,106500,United States,In-person,United States,M,BI and Visualization
2024,Mid-level,Full-time,Data Engineer,125000,USD,125000,United States,Remote,United States,M,Data Engineering
2024,Senior,Full-time,Data Scientist,180000,USD,180000,United States,In-person,United States,M,Data Science and Research
2020,Mid-level,Full-time,Data Scientist,55000,EUR,62726,France,Hybrid,Luxembourg,S,Data Science and Research
2023,Senior,Full-time,Data Science Manager,185000,USD,185000,United States,Remote,United States,M,Data Science and Research
2023,Entry-level,Full-time,Data Analyst,54000,USD,54000,United States,In-person,United States,M,Data Analysis
2023,Senior,Full-time,Analytics Engineer,240000,USD,240000,United States,In-person,United States,M,Leadership and Management
2024,Senior,Full-time,Data Engineer,130008,CAD,100006,Canada,In-person,Canada,M,Data Engineering
2023,Senior,Full-time,Data Engineer,275000,USD,275000,United States,In-person,United States,M,Data Engineering
2022,Senior,Full-time,Data Engineer,160080,USD,160080,United States,Remote,United States,M,Data Engineering
2024,Senior,Full-time,Business Intelligence Engineer,78800,USD,78800,United States,Remote,United States,M,BI and Visualization
2024,Senior,Full-time,Machine Learning Scientist,252000,USD,252000,United States,In-person,United States,M,Machine Learning and AI
2024,Entry-level,Full-time,Data Analyst,102000,USD,102000,United States,Remote,United States,M,Data Analysis
2023,Mid-level,Full-time,Research Scientist,185000,USD,185000,United States,Remote,United States,M,Data Science and Research
2023,Senior,Full-time,Data Scientist,112500,USD,112500,United States,Remote,United States,M,Data Science and Research
2024,Entry-level,Full-time,Data Management Analyst,120000,USD,120000,United States,In-person,United States,M,Data Management and Strategy
2024,Senior,Full-time,Research Scientist,278700,USD,278700,United States,In-person,United States,M,Data Science and Research
2023,Senior,Full-time,Machine Learning Engineer,204500,USD,204500,United States,In-person,United States,M,Machine Learning and AI
2023,Senior,Full-time,Data Analyst,149200,USD,149200,Canada,Remote,Canada,M,Data Analysis
2023,Senior,Full-time,Data Scientist,135000,USD,135000,United States,Remote,United States,M,Data Science and Research
2024,Senior,Full-time,Machine Learning Scientist,277000,USD,277000,United States,In-person,United States,M,Machine Learning and AI
2024,Mid-level,Full-time,Data Analyst,130000,USD,130000,United States,Remote,United States,M,Data Analysis
2023,Senior,Full-time,Machine Learning Engineer,152300,USD,152300,United States,In-person,United States,M,Machine Learning and AI
2023,Senior,Full-time,Data Scientist,145000,USD,145000,United States,Remote,United States,M,Data Science and Research
2024,Senior,Full-time,AI Architect,289000,USD,289000,United States,Remote,United States,L,Machine Learning and AI
2023,Senior,Full-time,Machine Learning Infrastructure Engineer,180000,USD,180000,United States,In-person,United States,M,Machine Learning and AI
2023,Senior,Full-time,Data Analyst,106020,USD,106020,United States,In-person,United States,M,Data Analysis
2023,Entry-level,Full-time,Analytics Engineer,34800,EUR,37573,Netherlands,Remote,Netherlands,M,Leadership and Management
2023,Senior,Full-time,Data Scientist,118720,USD,118720,United States,Remote,United States,M,Data Science and Research
2023,Mid-level,Full-time,Data Analyst,100000,USD,100000,United States,In-person,United States,M,Data Analysis
2023,Senior,Full-time,Research Scientist,370000,USD,370000,United States,In-person,United States,M,Data Science and Research
2024,Senior,Full-time,Analytics Engineer,154100,USD,154100,United States,In-person,United States,M,Leadership and Management
2022,Senior,Full-time,Data Engineer,130000,USD,130000,United States,In-person,United States,M,Data Engineering
2023,Entry-level,Full-time,Data Analyst,109900,USD,109900,United States,In-person,United States,M,Data Analysis
2022,Mid-level,Full-time,Data Scientist,96000,GBP,118208,United Kingdom,In-person,United Kingdom,M,Data Science and Research
2023,Mid-level,Full-time,Data Specialist,110000,USD,110000,United States,In-person,United States,M,Data Management and Strategy
2024,Mid-level,Full-time,Analytics Engineer,205500,USD,205500,United States,In-person,United States,M,Leadership and Management
2023,Mid-level,Full-time,Data Scientist,95490,USD,95490,United States,In-person,United States,M,Data Science and Research
2022,Mid-level,Full-time,Data Engineer,120000,USD,120000,United States,In-person,United States,M,Data Engineering
2023,Senior,Full-time,Machine Learning Engineer,142200,USD,142200,United States,In-person,United States,M,Machine Learning and AI
2024,Mid-level,Full-time,Data Scientist,127500,USD,127500,United States,Remote,United States,M,Data Science and Research
2024,Entry-level,Full-time,Data Analyst,150000,USD,150000,United States,Remote,United States,M,Data Analysis
2023,Mid-level,Full-time,Data Science Consultant,90000,USD,90000,United States,In-person,United States,M,Data Science and Research
2024,Senior,Full-time,Research Scientist,159300,USD,159300,United States,In-person,United States,M,Data Science and Research
2024,Entry-level,Full-time,Data Analyst,83000,USD,83000,United States,In-person,United States,M,Data Analysis
2023,Entry-level,Full-time,Applied Scientist,213660,USD,213660,United States,In-person,United States,L,Data Science and Research
2023,Mid-level,Full-time,Data Scientist,204000,USD,204000,United States,In-person,United States,M,Data Science and Research
2022,Senior,Full-time,Data Engineer,172200,USD,172200,United States,In-person,United States,M,Data Engineering
2024,Senior,Full-time,Data Architect,115000,USD,115000,United States,In-person,United States,M,Data Architecture and Modeling
2024,Senior,Full-time,Data Analyst,80000,USD,80000,United States,In-person,United States,M,Data Analysis
2022,Mid-level,Full-time,Data Scientist,150000,PLN,33609,Poland,Remote,Poland,L,Data Science and Research
2024,Mid-level,Full-time,Data Scientist,385000,USD,385000,United States,In-person,United States,M,Data Science and Research
2024,Entry-level,Full-time,Data Analyst,65750,USD,65750,United States,In-person,United States,M,Data Analysis
2023,Senior,Full-time,Machine Learning Scientist,180000,USD,180000,United States,In-person,United States,M,Machine Learning and AI
2023,Senior,Full-time,Data Architect,52500,USD,52500,United States,In-person,United States,M,Data Architecture and Modeling
2023,Senior,Full-time,Data Engineer,145000,USD,145000,United States,In-person,United States,M,Data Engineering
2023,Senior,Full-time,AI Architect,330000,USD,330000,United States,In-person,United States,M,Machine Learning and AI
2024,Mid-level,Full-time,Data Engineer,210100,USD,210100,United States,In-person,United States,M,Data Engineering
2021,Senior,Full-time,Lead Data Analyst,170000,USD,170000,United States,Remote,United States,L,Data Analysis
2023,Senior,Full-time,Data Engineer,95000,EUR,102569,Ireland,Remote,Ireland,M,Data Engineering
2024,Entry-level,Full-time,Data Analyst,100000,USD,100000,United States,In-person,United States,M,Data Analysis
2024,Entry-level,Full-time,Data Analyst,92000,USD,92000,United States,Remote,United States,M,Data Analysis
2024,Mid-level,Full-time,Data Analyst,70000,USD,70000,United States,In-person,United States,M,Data Analysis
2023,Senior,Full-time,Data Engineer,132300,USD,132300,United States,In-person,United States,M,Data Engineering
2024,Senior,Full-time,Applied Scientist,155000,USD,155000,Poland,Remote,Poland,M,Data Science and Research
2023,Senior,Full-time,Data Scientist,182500,USD,182500,United States,In-person,United States,M,Data Science and Research
2023,Mid-level,Full-time,Data Scientist,220000,USD,220000,United States,In-person,United States,M,Data Science and Research
2023,Senior,Full-time,Data Analyst,161500,USD,161500,United States,Remote,United States,M,Data Analysis
2023,Mid-level,Full-time,Data Scientist,126900,USD,126900,United States,In-person,United States,M,Data Science and Research
2023,Mid-level,Full-time,Data Analytics Manager,155000,USD,155000,United States,In-person,United States,M,Leadership and Management
2022,Mid-level,Full-time,Data Scientist,135000,USD,135000,United States,Remote,United States,L,Data Science and Research
2023,Senior,Full-time,Business Intelligence Analyst,124400,USD,124400,United States,Remote,United States,M,BI and Visualization
2023,Senior,Full-time,Data Engineer,90700,USD,90700,United States,In-person,United States,M,Data Engineering
2023,Mid-level,Full-time,Data Analyst,74800,USD,74800,United States,In-person,United States,M,Data Analysis
2023,Senior,Full-time,Business Intelligence Engineer,225000,USD,225000,United States,In-person,United States,M,BI and Visualization
2023,Senior,Full-time,Research Engineer,152000,USD,152000,United States,In-person,United States,M,Data Science and Research
2023,Senior,Full-time,Data Engineer,250000,USD,250000,United States,Remote,United States,M,Data Engineering
2024,Entry-level,Full-time,Research Analyst,150000,USD,150000,United States,Remote,United States,M,Data Science and Research
2024,Senior,Full-time,Data Scientist,130000,USD,130000,United States,In-person,United States,M,Data Science and Research
2023,Mid-level,Full-time,Data Scientist,83280,CAD,61699,Canada,Remote,Canada,L,Data Science and Research
2024,Mid-level,Full-time,Applied Scientist,222200,USD,222200,United States,In-person,United States,L,Data Science and Research
2023,Senior,Full-time,Data Engineer,147100,USD,147100,United States,In-person,United States,M,Data Engineering
2022,Senior,Full-time,Data Engineer,70000,EUR,73546,Portugal,In-person,Portugal,M,Data Engineering
2021,Senior,Full-time,Data Engineer,82500,GBP,113476,United Kingdom,Remote,United Kingdom,M,Data Engineering
2023,Senior,Full-time,Applied Scientist,260000,USD,260000,United States,In-person,United States,L,Data Science and Research
2024,Mid-level,Full-time,Data Scientist,111600,USD,111600,United States,In-person,United States,L,Data Science and Research
2023,Mid-level,Full-time,Data Analyst,36000,EUR,38868,Estonia,In-person,Estonia,M,Data Analysis
2023,Entry-level,Full-time,Data Scientist,70000,USD,70000,United States,In-person,United States,M,Data Science and Research
2023,Senior,Full-time,AI Scientist,60000,EUR,64781,Germany,Hybrid,Germany,L,Machine Learning and AI
2023,Senior,Full-time,Data Engineer,175000,USD,175000,United States,Remote,United States,M,Data Engineering
2024,Entry-level,Full-time,Data Analyst,87999,USD,87999,United States,In-person,United States,M,Data Analysis
2024,Mid-level,Full-time,Data Engineer,133000,USD,133000,United States,In-person,United States,M,Data Engineering
2022,Senior,Full-time,Data Engineer,100000,USD,100000,United States,In-person,United States,M,Data Engineering
2023,Senior,Full-time,Data Analyst,120350,USD,120350,United States,In-person,United States,M,Data Analysis
2023,Senior,Full-time,Business Intelligence Engineer,79600,USD,79600,United States,In-person,United States,L,BI and Visualization
2023,Mid-level,Full-time,Applied Scientist,250000,USD,250000,United States,In-person,United States,M,Data Science and Research
2023,Senior,Full-time,Machine Learning Engineer,204500,USD,204500,United States,In-person,United States,M,Machine Learning and AI
2023,Senior,Full-time,Analytics Engineer,142400,USD,142400,United States,In-person,United States,M,Leadership and Management
2024,Mid-level,Full-time,BI Developer,76300,USD,76300,United States,In-person,United States,M,BI and Visualization
2024,Mid-level,Full-time,Data Scientist,39840,EUR,44266,Latvia,In-person,Latvia,M,Data Science and Research
2024,Mid-level,Full-time,MLOps Engineer,106500,USD,106500,Canada,In-person,Canada,M,Machine Learning and AI
2023,Senior,Full-time,Data Analyst,120000,USD,120000,United States,Remote,United States,M,Data Analysis
2023,Senior,Full-time,Data Engineer,65000,EUR,70179,Portugal,In-person,Portugal,M,Data Engineering
2023,Mid-level,Full-time,Machine Learning Engineer,48000,USD,48000,Viet Nam,Remote,Viet Nam,M,Machine Learning and AI
2023,Senior,Full-time,Data Analyst,105000,USD,105000,United States,Remote,United States,M,Data Analysis
2023,Mid-level,Full-time,Machine Learning Engineer,145000,USD,145000,United States,In-person,United States,M,Machine Learning and AI
2023,Mid-level,Full-time,Machine Learning Engineer,212000,USD,212000,United States,In-person,United States,M,Machine Learning and AI
2023,Senior,Full-time,Data Analyst,60000,USD,60000,Colombia,Remote,Colombia,M,Data Analysis
2023,Mid-level,Full-time,Data Analyst,120000,USD,120000,United States,In-person,United States,M,Data Analysis
2023,Senior,Full-time,Data Engineer,124000,USD,124000,United States,In-person,United States,M,Data Engineering
2022,Entry-level,Full-time,Data Engineer,129000,USD,129000,United States,Remote,United States,L,Data Engineering
2023,Senior,Full-time,Data Engineer,171250,USD,171250,United States,In-person,United States,M,Data Engineering
2023,Senior,Full-time,Data Engineer,331640,USD,331640,United States,In-person,United States,M,Data Engineering
2023,Senior,Full-time,Machine Learning Engineer,288000,USD,288000,United States,Remote,United States,M,Machine Learning and AI
2023,Senior,Full-time,Data Analyst,93500,USD,93500,United States,Remote,United States,M,Data Analysis
2023,Senior,Full-time,Machine Learning Engineer,130000,USD,130000,United States,In-person,United States,M,Machine Learning and AI
2023,Entry-level,Full-time,Data Engineer,220000,USD,220000,United States,In-person,United States,M,Data Engineering
2022,Senior,Full-time,Data Engineer,120000,USD,120000,United States,In-person,United States,M,Data Engineering
2024,Senior,Full-time,Data Engineer,146266,USD,146266,United States,In-person,United States,M,Data Engineering
2023,Mid-level,Full-time,AI Engineer,166000,USD,166000,United States,In-person,United States,M,Machine Learning and AI
2023,Senior,Full-time,Applied Scientist,136000,USD,136000,United States,In-person,United States,L,Data Science and Research
2023,Senior,Full-time,Research Scientist,142200,USD,142200,United States,In-person,United States,M,Data Science and Research
2024,Senior,Full-time,Data Architect,117000,USD,117000,United States,In-person,United States,M,Data Architecture and Modeling
2023,Senior,Full-time,Data Scientist,277500,USD,277500,United States,In-person,United States,M,Data Science and Research
2023,Senior,Full-time,Data Scientist,240000,USD,240000,United States,Remote,United States,M,Data Science and Research
2023,Senior,Full-time,Data Analyst,115934,USD,115934,United States,Remote,United States,M,Data Analysis
2023,Senior,Full-time,Data Science Consultant,157550,USD,157550,United States,In-person,United States,M,Data Science and Research
2023,Senior,Full-time,Business Intelligence Analyst,140000,USD,140000,Canada,In-person,Canada,M,BI and Visualization
2024,Senior,Full-time,Data Manager,55200,USD,55200,United States,In-person,United States,M,Leadership and Management
2023,Mid-level,Full-time,Data Analyst,62500,USD,62500,United States,Remote,United States,M,Data Analysis
2023,Senior,Full-time,Data Engineer,231000,USD,231000,United States,Remote,United States,M,Data Engineering
2023,Senior,Full-time,Data Scientist,152000,USD,152000,United States,In-person,United States,M,Data Science and Research
2023,Senior,Full-time,Machine Learning Engineer,296400,USD,296400,United States,In-person,United States,M,Machine Learning and AI
2022,Senior,Full-time,Analytics Engineer,65004,GBP,80041,United Kingdom,Remote,United Kingdom,M,Leadership and Management
2024,Senior,Full-time,Machine Learning Engineer,199200,USD,199200,United States,In-person,United States,M,Machine Learning and AI
2024,Mid-level,Full-time,Data Engineer,148000,USD,148000,United States,Remote,United States,M,Data Engineering
2023,Senior,Full-time,Data Scientist,245000,USD,245000,United States,In-person,United States,M,Data Science and Research
2023,Senior,Full-time,Data Engineer,196000,USD,196000,United States,In-person,United States,M,Data Engineering
2023,Mid-level,Full-time,AI Scientist,36000,EUR,38868,Spain,Hybrid,Spain,L,Machine Learning and AI
2023,Senior,Full-time,Data Engineer,147200,USD,147200,United States,Remote,United States,M,Data Engineering
2024,Entry-level,Full-time,Data Analyst,110000,USD,110000,United States,Remote,United States,M,Data Analysis
2024,Senior,Full-time,Business Intelligence Engineer,156476,USD,156476,United States,Remote,United States,M,BI and Visualization
2022,Senior,Full-time,Research Scientist,210000,USD,210000,United States,Remote,United States,M,Data Science and Research
2022,Senior,Full-time,Analytics Engineer,190000,USD,190000,United States,Remote,United States,M,Leadership and Management
2022,Mid-level,Full-time,Data Engineer,160000,USD,160000,United States,Remote,United States,M,Data Engineering
2023,Senior,Full-time,Data Engineer,128000,USD,128000,United States,In-person,United States,M,Data Engineering
2023,Senior,Full-time,Data Analyst,106400,USD,106400,United States,In-person,United States,M,Data Analysis
2024,Senior,Full-time,Data Scientist,180000,USD,180000,United States,In-person,United States,M,Data Science and Research
2023,Entry-level,Full-time,Research Scientist,250800,USD,250800,United States,In-person,United States,M,Data Science and Research
2023,Senior,Full-time,Data Analyst,74400,USD,74400,United States,Remote,United States,M,Data Analysis
2023,Senior,Full-time,Data Analyst,78000,USD,78000,United States,Remote,United States,M,Data Analysis
2023,Senior,Full-time,Machine Learning Engineer,192000,USD,192000,United States,Remote,United States,M,Machine Learning and AI
2024,Senior,Full-time,Machine Learning Engineer,340000,USD,340000,United States,In-person,United States,M,Machine Learning and AI
2024,Senior,Full-time,Machine Learning Engineer,220067,USD,220067,United States,Remote,United States,M,Machine Learning and AI
2023,Senior,Full-time,Research Scientist,190000,USD,190000,United States,In-person,United States,M,Data Science and Research
2024,Senior,Full-time,Data Scientist,139000,USD,139000,United States,In-person,United States,M,Data Science and Research
2023,Senior,Full-time,Research Engineer,170112,USD,170112,United States,In-person,United States,M,Data Science and Research
2023,Senior,Full-time,Data Scientist,160000,USD,160000,United States,In-person,United States,M,Data Science and Research
2023,Entry-level,Full-time,Data Analyst,65000,GBP,79976,United Kingdom,In-person,United Kingdom,M,Data Analysis
2023,Mid-level,Full-time,Applied Scientist,222200,USD,222200,United States,In-person,United States,L,Data Science and Research
2023,Senior,Full-time,Machine Learning Engineer,248100,USD,248100,United States,In-person,United States,M,Machine Learning and AI
2023,Entry-level,Full-time,Data Scientist,70800,USD,70800,United States,In-person,United States,M,Data Science and Research
2024,Mid-level,Full-time,Data Management Analyst,124935,USD,124935,United States,Remote,United States,M,Data Management and Strategy
2022,Senior,Full-time,Data Engineer,130000,USD,130000,United States,Remote,United States,M,Data Engineering
2024,Senior,Full-time,Data Product Manager,227200,USD,227200,United States,In-person,United States,M,Leadership and Management
2022,Senior,Full-time,Data Engineer,175000,USD,175000,United States,Remote,United States,M,Data Engineering
2023,Senior,Full-time,Machine Learning Engineer,232200,USD,232200,United States,In-person,United States,M,Machine Learning and AI
2023,Senior,Full-time,Data Analyst,207300,USD,207300,Canada,Remote,Canada,M,Data Analysis
2024,Senior,Full-time,Data Analyst,120000,USD,120000,United States,In-person,United States,M,Data Analysis
2023,Senior,Full-time,ML Engineer,183750,USD,183750,United States,In-person,United States,M,Machine Learning and AI
2024,Senior,Full-time,Machine Learning Scientist,84500,USD,84500,United States,In-person,United States,M,Machine Learning and AI
2023,Senior,Full-time,Data Engineer,232000,USD,232000,United States,In-person,United States,M,Data Engineering
2022,Senior,Full-time,Data Engineer,209100,USD,209100,United States,Remote,United States,L,Data Engineering
2024,Senior,Full-time,Data Engineer,97335,USD,97335,United States,In-person,United States,M,Data Engineering
2023,Senior,Full-time,Data Analyst,175000,USD,175000,United States,Remote,United States,M,Data Analysis
2023,Mid-level,Full-time,Data Analyst,102500,USD,102500,United States,In-person,United States,M,Data Analysis
2023,Senior,Full-time,Data Scientist,145900,USD,145900,United States,In-person,United States,M,Data Science and Research
2023,Senior,Full-time,Data Manager,60027,GBP,73857,United Kingdom,In-person,United Kingdom,M,Leadership and Management
2023,Senior,Full-time,Data Scientist,185900,USD,185900,United States,In-person,United States,M,Data Science and Research
2024,Entry-level,Full-time,Data Engineer,47840,USD,47840,United States,In-person,United States,M,Data Engineering
2024,Senior,Full-time,Research Scientist,205500,USD,205500,United States,In-person,United States,M,Data Science and Research
2024,Mid-level,Full-time,Data Manager,27979,GBP,34973,South Africa,In-person,South Africa,M,Leadership and Management
2024,Senior,Full-time,Data Engineer,115400,USD,115400,United States,In-person,United States,M,Data Engineering
2024,Mid-level,Full-time,Data Scientist,120800,USD,120800,United States,In-person,United States,M,Data Science and Research
2023,Mid-level,Full-time,Data Science Lead,129300,USD,129300,United States,In-person,United States,M,Data Science and Research
2024,Mid-level,Full-time,Business Intelligence,138400,USD,138400,United States,In-person,United States,M,BI and Visualization
2023,Senior,Full-time,Machine Learning Engineer,140100,USD,140100,United States,In-person,United States,M,Machine Learning and AI
2023,Senior,Full-time,Data Engineer,111000,USD,111000,United States,Remote,United States,M,Data Engineering
2023,Senior,Full-time,Data Engineer,230000,USD,230000,United States,In-person,United States,M,Data Engineering
2023,Senior,Full-time,Data Engineer,166000,USD,166000,United States,In-person,United States,M,Data Engineering
2023,Entry-level,Full-time,Research Scientist,100000,USD,100000,United States,In-person,United States,M,Data Science and Research
2022,Senior,Full-time,Analytics Engineer,245000,USD,245000,United States,In-person,United States,M,Leadership and Management
2022,Entry-level,Full-time,Data Engineer,160000,USD,160000,United States,In-person,United States,M,Data Engineering
2023,Senior,Full-time,Data Engineer,147100,USD,147100,United States,In-person,United States,M,Data Engineering
2023,Senior,Full-time,Applied Scientist,145000,USD,145000,United States,Remote,United States,M,Data Science and Research
2023,Senior,Full-time,Data Analyst,70000,USD,70000,United States,In-person,United States,M,Data Analysis
2024,Mid-level,Full-time,Analytics Engineer,170000,USD,170000,United States,In-person,United States,M,Leadership and Management
2024,Entry-level,Full-time,Data Analyst,75000,USD,75000,United States,Remote,United States,M,Data Analysis
2023,Senior,Full-time,AI Architect,204000,USD,204000,United States,In-person,United States,M,Machine Learning and AI
2023,Senior,Full-time,Machine Learning Engineer,258800,USD,258800,United Kingdom,In-person,United Kingdom,M,Machine Learning and AI
2023,Mid-level,Full-time,Data Engineer,130000,USD,130000,United States,In-person,United States,M,Data Engineering
2023,Entry-level,Full-time,Data Engineer,135000,USD,135000,United States,In-person,United States,M,Data Engineering
2024,Senior,Full-time,Machine Learning Engineer,150700,USD,150700,United States,In-person,United States,M,Machine Learning and AI
2023,Senior,Full-time,Data Scientist,175000,USD,175000,United States,Remote,United States,M,Data Science and Research
2023,Senior,Full-time,Data Analyst,105000,USD,105000,United States,Remote,United States,S,Data Analysis
2022,Senior,Full-time,Data Scientist,146000,USD,146000,United States,In-person,United States,M,Data Science and Research
2024,Mid-level,Full-time,Prompt Engineer,200800,USD,200800,United States,In-person,United States,M,Machine Learning and AI
2023,Mid-level,Full-time,Data Developer,69139,USD,69139,United States,Remote,United States,M,Leadership and Management
2023,Senior,Full-time,Data Analyst,192000,USD,192000,United States,Remote,United States,M,Data Analysis
2023,Executive,Full-time,Director of Data Science,200000,GBP,246080,United Kingdom,In-person,United Kingdom,M,Data Science and Research
2023,Senior,Full-time,Machine Learning Engineer,254000,USD,254000,United States,In-person,United States,M,Machine Learning and AI
2023,Senior,Full-time,Data Scientist,111000,USD,111000,United States,In-person,United States,M,Data Science and Research
2023,Senior,Full-time,Data Scientist,212000,USD,212000,United States,In-person,United States,M,Data Science and Research
2023,Senior,Full-time,Data Modeler,147100,USD,147100,United States,In-person,United States,M,Data Architecture and Modeling
2023,Senior,Full-time,Data Engineer,113750,USD,113750,United States,In-person,United States,M,Data Engineering
2022,Senior,Full-time,Data Analyst,110925,USD,110925,United States,Remote,United States,M,Data Analysis
2023,Senior,Full-time,Data Engineer,130000,USD,130000,United States,Remote,United States,M,Data Engineering
2024,Senior,Full-time,Data Analyst,100000,USD,100000,United States,In-person,United States,M,Data Analysis
2024,Senior,Full-time,AI Engineer,212000,USD,212000,United States,In-person,United States,M,Machine Learning and AI
2023,Senior,Full-time,Machine Learning Scientist,182750,USD,182750,United States,Remote,United States,M,Machine Learning and AI
2024,Entry-level,Part-time,Data Analyst,93000,USD,93000,United States,In-person,United States,M,Data Analysis
2023,Senior,Full-time,Research Scientist,180000,USD,180000,United States,In-person,United States,M,Data Science and Research
2023,Senior,Full-time,Data Manager,155000,USD,155000,United States,In-person,United States,M,Leadership and Management
2023,Senior,Full-time,Research Scientist,248100,USD,248100,United States,In-person,United States,M,Data Science and Research
2024,Mid-level,Full-time,Data Product Manager,166363,USD,166363,United States,In-person,United States,M,Leadership and Management
2024,Senior,Full-time,Business Intelligence Analyst,112125,USD,112125,Canada,Remote,Canada,M,BI and Visualization
2023,Senior,Full-time,BI Analyst,234485,USD,234485,United States,Remote,United States,M,BI and Visualization
2023,Mid-level,Full-time,Machine Learning Engineer,72000,USD,72000,Viet Nam,Remote,Viet Nam,M,Machine Learning and AI
2024,Entry-level,Full-time,Research Analyst,150000,USD,150000,United States,In-person,United States,M,Data Science and Research
2024,Entry-level,Full-time,Research Analyst,124000,USD,124000,United States,In-person,United States,M,Data Science and Research
2024,Senior,Full-time,Lead Machine Learning Engineer,70000,EUR,77777,Finland,Hybrid,Finland,L,Machine Learning and AI
2024,Senior,Full-time,Data Scientist,115900,USD,115900,United States,In-person,United States,M,Data Science and Research
2021,Mid-level,Full-time,Data Scientist,115000,USD,115000,United States,Hybrid,United States,L,Data Science and Research
2024,Senior,Full-time,Data Analyst,146000,USD,146000,United States,In-person,United States,M,Data Analysis
2024,Entry-level,Full-time,Analytics Engineer,131000,USD,131000,United States,Remote,United States,M,Leadership and Management
2024,Executive,Full-time,Head of Machine Learning,448000,USD,448000,United States,Remote,United States,M,Machine Learning and AI
2023,Senior,Full-time,Business Intelligence Engineer,79600,USD,79600,United States,In-person,United States,L,BI and Visualization
2024,Senior,Full-time,Data Engineer,170000,USD,170000,United States,In-person,United States,M,Data Engineering
2023,Mid-level,Full-time,Data Analyst,60000,GBP,73824,Croatia,In-person,Croatia,M,Data Analysis
2024,Mid-level,Full-time,Data Engineer,171816,USD,171816,United States,In-person,United States,M,Data Engineering
2024,Senior,Full-time,Data Scientist,136000,USD,136000,United States,Remote,United States,M,Data Science and Research
2022,Senior,Full-time,Data Scientist,50000,USD,50000,United States,Remote,United States,M,Data Science and Research
2024,Senior,Full-time,Research Scientist,123765,USD,123765,United States,Remote,United States,M,Data Science and Research
2022,Mid-level,Full-time,Data Engineer,74000,GBP,91118,United Kingdom,In-person,United Kingdom,M,Data Engineering
2023,Senior,Full-time,Data Engineer,105200,USD,105200,United States,In-person,United States,M,Data Engineering
2023,Senior,Full-time,NLP Engineer,135000,USD,135000,United States,In-person,United States,M,Machine Learning and AI
2024,Senior,Full-time,Data Engineer,144200,USD,144200,United States,In-person,United States,M,Data Engineering
2022,Senior,Full-time,Data Scientist,126500,USD,126500,United States,Remote,United States,M,Data Science and Research
2024,Senior,Full-time,Data Scientist,180000,USD,180000,United States,In-person,United States,M,Data Science and Research
2024,Executive,Full-time,Data Architect,180000,USD,180000,United States,Remote,United States,M,Data Architecture and Modeling
2023,Entry-level,Full-time,Data Analyst,75065,USD,75065,United States,Remote,United States,M,Data Analysis
2024,Mid-level,Full-time,Data Engineer,125000,USD,125000,United States,In-person,United States,M,Data Engineering
2023,Senior,Full-time,Data Scientist,174800,USD,174800,United States,Remote,United States,M,Data Science and Research
2023,Senior,Full-time,Data Engineer,108768,USD,108768,United States,In-person,United States,M,Data Engineering
2023,Senior,Full-time,Data Analyst,145000,USD,145000,United States,In-person,United States,M,Data Analysis
2023,Senior,Full-time,Research Scientist,184700,USD,184700,United States,In-person,United States,M,Data Science and Research
2022,Senior,Full-time,Data Scientist,141525,USD,141525,United States,Remote,United States,M,Data Science and Research
2022,Senior,Full-time,Data Engineer,164000,USD,164000,United States,In-person,United States,M,Data Engineering
2021,Entry-level,Full-time,Data Scientist,100000,USD,100000,United States,In-person,United States,S,Data Science and Research
2023,Senior,Full-time,Business Intelligence Engineer,225000,USD,225000,United States,In-person,United States,M,BI and Visualization
2024,Mid-level,Full-time,MLOps Engineer,156200,USD,156200,Canada,In-person,Canada,M,Machine Learning and AI
2023,Entry-level,Full-time,Data Integration Specialist,46400,USD,46400,United States,Remote,United States,M,Data Management and Strategy
2023,Mid-level,Full-time,Data Scientist,125000,USD,125000,Canada,Remote,Canada,M,Data Science and Research
2022,Executive,Full-time,Data Analyst,110000,USD,110000,United States,Remote,United States,M,Data Analysis
2023,Senior,Full-time,Data Analyst,73000,USD,73000,United States,In-person,United States,M,Data Analysis
2023,Senior,Full-time,Analytics Engineer,170000,USD,170000,United States,Remote,United States,M,Leadership and Management
2023,Senior,Full-time,Data Engineer,94000,USD,94000,United States,In-person,United States,M,Data Engineering
2024,Senior,Full-time,Data Scientist,130000,USD,130000,United States,Remote,United States,M,Data Science and Research
2023,Senior,Full-time,Data Engineer,94000,USD,94000,United States,In-person,United States,M,Data Engineering
2023,Senior,Full-time,Data Scientist,168800,USD,168800,United States,Remote,United States,M,Data Science and Research
2023,Mid-level,Full-time,Data Scientist,115000,USD,115000,United States,Remote,United States,M,Data Science and Research
2024,Mid-level,Full-time,Applied Scientist,222200,USD,222200,United States,In-person,United States,L,Data Science and Research
2023,Mid-level,Full-time,Machine Learning Engineer,40000,GBP,49216,United Kingdom,Remote,United Kingdom,M,Machine Learning and AI
2023,Entry-level,Full-time,Data Scientist,166000,USD,166000,United States,Remote,United States,M,Data Science and Research
2024,Senior,Full-time,Machine Learning Scientist,204600,USD,204600,United States,In-person,United States,M,Machine Learning and AI
2023,Senior,Full-time,Data Scientist,175000,USD,175000,United States,Remote,United States,M,Data Science and Research
2023,Senior,Full-time,Analytics Engineer,175000,USD,175000,United States,Remote,United States,M,Leadership and Management
2023,Senior,Full-time,Data Scientist,168000,USD,168000,United States,Remote,United States,M,Data Science and Research
2023,Senior,Full-time,Data Analyst,82200,USD,82200,United States,Remote,United States,M,Data Analysis
2023,Senior,Full-time,Machine Learning Engineer,232200,USD,232200,United States,In-person,United States,M,Machine Learning and AI
2023,Senior,Full-time,Research Engineer,370000,USD,370000,United States,In-person,United States,M,Data Science and Research
2023,Mid-level,Full-time,Applied Scientist,222200,USD,222200,United States,In-person,United States,L,Data Science and Research
2024,Mid-level,Full-time,Data Engineer,115500,USD,115500,United States,In-person,United States,M,Data Engineering
2021,Executive,Full-time,Head of Data Science,85000,USD,85000,Russian Federation,In-person,Russian Federation,M,Data Science and Research
2023,Senior,Full-time,Data Analyst,106800,USD,106800,United States,In-person,United States,M,Data Analysis
2023,Entry-level,Full-time,Data Analyst,90000,USD,90000,United States,In-person,United States,M,Data Analysis
2024,Senior,Full-time,Data Engineer,110000,USD,110000,United States,In-person,United States,M,Data Engineering
2023,Executive,Full-time,Data Engineer,106500,USD,106500,United States,In-person,United States,M,Data Engineering
2022,Mid-level,Full-time,Data Scientist,120000,USD,120000,United States,In-person,United States,M,Data Science and Research
2022,Mid-level,Full-time,Data Engineer,105000,USD,105000,United States,In-person,United States,M,Data Engineering
2023,Senior,Full-time,Data Engineer,158620,USD,158620,United States,In-person,United States,M,Data Engineering
2023,Senior,Full-time,Data Scientist,129300,USD,129300,United States,In-person,United States,M,Data Science and Research
2020,Entry-level,Full-time,Data Scientist,105000,USD,105000,United States,Remote,United States,S,Data Science and Research
2024,Entry-level,Full-time,Machine Learning Engineer,157900,USD,157900,Canada,Remote,Canada,M,Machine Learning and AI
2023,Senior,Full-time,Machine Learning Engineer,172200,USD,172200,United States,In-person,United States,M,Machine Learning and AI
2022,Senior,Full-time,Data Analyst,119000,USD,119000,United States,In-person,United States,M,Data Analysis
2024,Senior,Full-time,Computational Biologist,174000,USD,174000,United States,In-person,United States,M,Data Science and Research
2022,Senior,Full-time,Data Engineer,140250,USD,140250,United States,Remote,United States,M,Data Engineering
2023,Senior,Full-time,Machine Learning Engineer,164000,USD,164000,United States,Remote,United States,M,Machine Learning and AI
2023,Senior,Full-time,Applied Scientist,192000,USD,192000,United States,In-person,United States,M,Data Science and Research
2023,Senior,Full-time,Machine Learning Engineer,280000,USD,280000,United States,In-person,United States,M,Machine Learning and AI
2024,Senior,Full-time,Data Scientist,191027,USD,191027,United States,In-person,United States,M,Data Science and Research
2024,Senior,Full-time,Machine Learning Engineer,118500,USD,118500,United States,Remote,United States,M,Machine Learning and AI
2022,Mid-level,Full-time,Data Engineer,145000,USD,145000,United States,In-person,United States,M,Data Engineering
2022,Senior,Full-time,Data Analyst,130050,USD,130050,United States,Remote,United States,M,Data Analysis
2022,Executive,Full-time,Analytics Engineer,135000,USD,135000,United States,Remote,United States,M,Leadership and Management
2023,Senior,Full-time,Data Scientist,275500,USD,275500,United States,In-person,United States,M,Data Science and Research
2024,Mid-level,Full-time,Data Engineer,97800,USD,97800,United States,In-person,United States,M,Data Engineering
2023,Senior,Full-time,Data Engineer,300000,USD,300000,United States,In-person,United States,M,Data Engineering
2024,Entry-level,Full-time,Data Operations Analyst,69000,USD,69000,United States,In-person,United States,M,Data Quality and Operations
2023,Senior,Full-time,Data Scientist,161900,USD,161900,United States,In-person,United States,M,Data Science and Research
2023,Mid-level,Full-time,Data Engineer,135000,USD,135000,United States,In-person,United States,M,Data Engineering
2023,Senior,Full-time,Data Engineer,115000,USD,115000,United States,In-person,United States,M,Data Engineering
2023,Mid-level,Full-time,Data Engineer,65000,EUR,70179,France,Remote,France,M,Data Engineering
2023,Senior,Full-time,Data Engineer,96800,USD,96800,United States,Remote,United States,M,Data Engineering
2021,Senior,Full-time,Data Science Manager,240000,USD,240000,United States,In-person,United States,L,Data Science and Research
2023,Senior,Full-time,Machine Learning Scientist,200000,USD,200000,United States,In-person,United States,M,Machine Learning and AI
2024,Mid-level,Full-time,Data Science Practitioner,83900,USD,83900,United States,In-person,United States,M,Data Science and Research
2023,Senior,Full-time,Data Analyst,138900,USD,138900,United States,In-person,United States,M,Data Analysis
2024,Mid-level,Full-time,Data Scientist,106700,USD,106700,United States,In-person,United States,M,Data Science and Research
2023,Senior,Full-time,Data Scientist,185900,USD,185900,United States,Remote,United States,M,Data Science and Research
2023,Mid-level,Full-time,Data Analyst,250000,USD,250000,United States,Remote,United States,M,Data Analysis
2023,Senior,Full-time,Data Scientist,140000,USD,140000,United States,Remote,United States,M,Data Science and Research
2024,Mid-level,Full-time,Business Intelligence Analyst,164800,USD,164800,United States,In-person,United States,M,BI and Visualization
2023,Mid-level,Full-time,Data Scientist,106200,USD,106200,United States,In-person,United States,M,Data Science and Research
2022,Senior,Full-time,Data Engineer,315000,USD,315000,United States,Remote,United States,M,Data Engineering
2022,Senior,Full-time,Data Analyst,192500,USD,192500,United States,Remote,United States,M,Data Analysis
2023,Senior,Full-time,Data Engineer,150000,USD,150000,United States,Remote,United States,M,Data Engineering
2023,Senior,Full-time,Data Engineer,129000,USD,129000,United States,In-person,United States,M,Data Engineering
2024,Senior,Full-time,Data Analyst,136000,USD,136000,United States,In-person,United States,M,Data Analysis
2023,Senior,Full-time,Research Scientist,220000,USD,220000,United States,In-person,United States,M,Data Science and Research
2023,Senior,Full-time,Machine Learning Engineer,174000,USD,174000,Germany,In-person,Germany,M,Machine Learning and AI
2024,Senior,Full-time,Machine Learning Engineer,159000,USD,159000,United States,In-person,United States,M,Machine Learning and AI
2023,Senior,Full-time,Machine Learning Scientist,220000,USD,220000,United States,In-person,United States,M,Machine Learning and AI
2023,Senior,Full-time,Data Analyst,150000,USD,150000,United States,In-person,United States,M,Data Analysis
2023,Senior,Full-time,Data Scientist,135000,USD,135000,United States,Remote,United States,M,Data Science and Research
2023,Senior,Full-time,Data Engineer,205600,USD,205600,United States,Remote,United States,M,Data Engineering
2020,Entry-level,Full-time,AI Scientist,300000,DKK,45896,Denmark,Hybrid,Denmark,S,Machine Learning and AI
2023,Senior,Full-time,Data Analyst,100000,USD,100000,United States,Remote,United States,M,Data Analysis
2024,Mid-level,Full-time,Data Engineer,93000,USD,93000,United States,In-person,United States,M,Data Engineering
2023,Senior,Full-time,Machine Learning Engineer,330000,USD,330000,United States,In-person,United States,M,Machine Learning and AI
2022,Mid-level,Full-time,Data Analyst,100000,USD,100000,United States,In-person,United States,M,Data Analysis
2023,Senior,Full-time,Data Engineer,139700,USD,139700,United States,In-person,United States,M,Data Engineering
2023,Senior,Full-time,Business Intelligence Analyst,110200,USD,110200,United States,In-person,United States,M,BI and Visualization
2023,Mid-level,Full-time,Machine Learning Engineer,175000,USD,175000,United States,In-person,United States,M,Machine Learning and AI
2023,Mid-level,Full-time,Data Scientist,105000,USD,105000,United States,In-person,United States,M,Data Science and Research
2023,Senior,Full-time,Data Engineer,150000,USD,150000,United States,Remote,United States,M,Data Engineering
2024,Senior,Full-time,Data Analyst,75300,USD,75300,United States,In-person,United States,M,Data Analysis
2024,Mid-level,Full-time,Data Scientist,111600,USD,111600,United States,In-person,United States,L,Data Science and Research
2022,Senior,Full-time,Machine Learning Engineer,150000,USD,150000,United States,Remote,United States,L,Machine Learning and AI
2023,Senior,Full-time,Machine Learning Engineer,172200,USD,172200,United States,In-person,United States,M,Machine Learning and AI
2023,Senior,Full-time,Data Engineer,223250,USD,223250,United States,In-person,United States,M,Data Engineering
2024,Mid-level,Full-time,Data Scientist,168000,USD,168000,United States,In-person,United States,M,Data Science and Research
2023,Senior,Full-time,Machine Learning Engineer,247500,USD,247500,United States,In-person,United States,M,Machine Learning and AI
2023,Senior,Full-time,Data Engineer,106800,USD,106800,United States,In-person,United States,M,Data Engineering
2024,Senior,Full-time,Data Scientist,110000,USD,110000,United States,In-person,United States,M,Data Science and Research
2022,Senior,Full-time,Data Analyst,110600,USD,110600,United States,In-person,United States,M,Data Analysis
2023,Senior,Full-time,Data Engineer,183414,USD,183414,United States,In-person,United States,M,Data Engineering
2024,Entry-level,Full-time,Data Analyst,85000,USD,85000,United States,In-person,United States,M,Data Analysis
2023,Senior,Full-time,Machine Learning Engineer,189000,EUR,204060,Germany,Remote,Germany,M,Machine Learning and AI
2023,Senior,Full-time,Data Scientist,189750,USD,189750,United States,Remote,United States,M,Data Science and Research
2023,Senior,Full-time,Data Architect,186000,USD,186000,United States,In-person,United States,M,Data Architecture and Modeling
2023,Mid-level,Full-time,Data Scientist,86000,USD,86000,United States,In-person,United States,M,Data Science and Research
2021,Executive,Full-time,Data Science Consultant,59000,EUR,69741,France,Remote,Spain,S,Data Science and Research
2023,Senior,Full-time,Business Intelligence Developer,76500,USD,76500,Canada,Remote,Canada,M,BI and Visualization
2024,Entry-level,Full-time,Research Analyst,150000,USD,150000,United States,In-person,United States,M,Data Science and Research
2023,Entry-level,Full-time,Data Analyst,85000,USD,85000,United States,Remote,United States,M,Data Analysis
2023,Senior,Full-time,Data Manager,68000,USD,68000,United States,In-person,United States,M,Leadership and Management
2023,Senior,Full-time,Data Engineer,90700,USD,90700,United States,In-person,United States,M,Data Engineering
2023,Entry-level,Full-time,Data Analyst,55000,USD,55000,United States,In-person,United States,M,Data Analysis
2023,Senior,Full-time,Research Scientist,170000,USD,170000,United States,In-person,United States,M,Data Science and Research
2024,Senior,Full-time,Machine Learning Engineer,207000,USD,207000,United States,Remote,United States,M,Machine Learning and AI
2023,Senior,Full-time,Data Analyst,153600,USD,153600,United States,In-person,United States,M,Data Analysis
2023,Senior,Full-time,Data Engineer,140000,USD,140000,United States,In-person,United States,M,Data Engineering
2023,Senior,Full-time,Data Architect,115000,USD,115000,United States,Remote,United States,M,Data Architecture and Modeling
2023,Senior,Full-time,Applied Scientist,248100,USD,248100,United States,In-person,United States,M,Data Science and Research
2023,Senior,Full-time,Research Engineer,245000,USD,245000,United States,In-person,United States,M,Data Science and Research
2021,Senior,Full-time,Big Data Architect,125000,CAD,99703,Canada,Hybrid,Canada,M,Data Architecture and Modeling
2022,Mid-level,Full-time,Data Analyst,58000,USD,58000,United States,In-person,United States,S,Data Analysis
2022,Senior,Full-time,Data Analyst,55000,USD,55000,United States,Remote,United States,M,Data Analysis
2023,Mid-level,Full-time,Data Analyst,105000,USD,105000,United States,In-person,United States,M,Data Analysis
2023,Senior,Full-time,Data Architect,149040,USD,149040,United States,Remote,United States,M,Data Architecture and Modeling
2024,Senior,Full-time,Business Intelligence Engineer,78800,USD,78800,United States,Remote,United States,M,BI and Visualization
2024,Mid-level,Full-time,Data Scientist,112000,USD,112000,United States,In-person,United States,M,Data Science and Research
2023,Senior,Full-time,Machine Learning Engineer,190000,USD,190000,United States,Remote,United States,M,Machine Learning and AI
2023,Entry-level,Full-time,Data Scientist,53000,EUR,57223,Netherlands,Hybrid,Netherlands,L,Data Science and Research
2023,Senior,Full-time,Machine Learning Engineer,153088,USD,153088,United States,Remote,United States,M,Machine Learning and AI
2024,Mid-level,Full-time,Research Scientist,300000,USD,300000,United States,In-person,United States,M,Data Science and Research
2023,Senior,Full-time,Data Architect,180000,USD,180000,United States,Remote,United States,M,Data Architecture and Modeling
2024,Senior,Full-time,Data Modeler,110000,USD,110000,United States,Remote,United States,M,Data Architecture and Modeling
2023,Senior,Full-time,Data Scientist,156400,USD,156400,United States,In-person,United States,M,Data Science and Research
2023,Senior,Full-time,Data Engineer,125000,USD,125000,United States,In-person,United States,M,Data Engineering
2024,Senior,Full-time,Business Intelligence Analyst,54395,GBP,67993,South Africa,In-person,South Africa,M,BI and Visualization
2023,Senior,Full-time,Machine Learning Engineer,225000,USD,225000,France,In-person,France,M,Machine Learning and AI
2023,Senior,Full-time,Data Science Consultant,94000,USD,94000,United States,In-person,United States,M,Data Science and Research
2023,Senior,Full-time,Data Scientist,205000,USD,205000,United States,Remote,United States,M,Data Science and Research
2024,Senior,Full-time,Data Analyst,135000,USD,135000,United States,In-person,United States,M,Data Analysis
2023,Entry-level,Full-time,Data Scientist,100000,USD,100000,United States,In-person,United States,L,Data Science and Research
2022,Senior,Full-time,Data Analyst,81666,USD,81666,United States,Remote,United States,M,Data Analysis
2023,Executive,Full-time,Data Engineer,194500,USD,194500,United States,In-person,United States,M,Data Engineering
2024,Senior,Full-time,Research Scientist,138000,USD,138000,United States,In-person,United States,M,Data Science and Research
2024,Mid-level,Full-time,Data Product Manager,171000,USD,171000,United States,Remote,United States,M,Leadership and Management
2023,Senior,Full-time,Data Analyst,118000,USD,118000,United States,Remote,United States,M,Data Analysis
2023,Senior,Full-time,Data Scientist,116000,USD,116000,United States,In-person,United States,M,Data Science and Research
2024,Entry-level,Full-time,Analytics Engineer,132500,USD,132500,United States,In-person,United States,M,Leadership and Management
2022,Entry-level,Full-time,Data Scientist,96000,CAD,73742,Canada,Remote,Canada,L,Data Science and Research
2022,Senior,Full-time,Analytics Engineer,150000,USD,150000,United States,In-person,United States,M,Leadership and Management
2023,Senior,Full-time,Data Scientist,129300,USD,129300,United States,In-person,United States,M,Data Science and Research
2023,Entry-level,Full-time,Data Analyst,38393,GBP,47238,Australia,In-person,Australia,M,Data Analysis
2023,Senior,Full-time,Data Architect,306000,USD,306000,United States,Remote,United States,M,Data Architecture and Modeling
2020,Mid-level,Full-time,Lead Data Scientist,115000,USD,115000,United Arab Emirates,In-person,United Arab Emirates,L,Data Science and Research
2024,Mid-level,Full-time,Data Engineer,108500,USD,108500,United States,In-person,United States,M,Data Engineering
2023,Senior,Full-time,Applied Scientist,260000,USD,260000,United States,In-person,United States,L,Data Science and Research
2024,Executive,Full-time,Business Intelligence Engineer,96000,USD,96000,United States,Remote,United States,M,BI and Visualization
2024,Executive,Full-time,Data Engineer,179000,USD,179000,United States,In-person,United States,M,Data Engineering
2024,Mid-level,Full-time,Data Engineer,109000,USD,109000,United States,In-person,United States,M,Data Engineering
2023,Entry-level,Full-time,Data Analyst,55000,CAD,40747,Canada,In-person,Canada,L,Data Analysis
2023,Senior,Full-time,Data Scientist,258000,USD,258000,Canada,In-person,Canada,M,Data Science and Research
2024,Senior,Full-time,Data Analyst,85000,USD,85000,United States,In-person,United States,M,Data Analysis
2023,Senior,Full-time,Data Scientist,240000,USD,240000,United States,In-person,United States,M,Data Science and Research
2022,Senior,Full-time,Data Scientist,180000,USD,180000,United States,Remote,United States,L,Data Science and Research
2023,Senior,Full-time,Applied Scientist,136000,USD,136000,United States,In-person,United States,L,Data Science and Research
2022,Mid-level,Full-time,Data Engineer,187000,USD,187000,United States,Remote,United States,M,Data Engineering
2023,Senior,Full-time,Machine Learning Engineer,98500,USD,98500,United States,In-person,United States,M,Machine Learning and AI
2022,Senior,Full-time,Data Engineer,180000,USD,180000,United States,Remote,United States,M,Data Engineering
2023,Senior,Full-time,Data Operations Engineer,136850,USD,136850,United States,Remote,United States,M,Data Quality and Operations
2023,Senior,Full-time,Research Scientist,156000,USD,156000,United States,In-person,United States,M,Data Science and Research
2023,Mid-level,Full-time,Research Scientist,124100,USD,124100,United States,In-person,United States,L,Data Science and Research
2024,Entry-level,Full-time,Data Analyst,64900,USD,64900,United States,Remote,United States,M,Data Analysis
2023,Senior,Full-time,Research Engineer,174000,USD,174000,Germany,In-person,Germany,M,Data Science and Research
2023,Senior,Full-time,Data Engineer,115000,USD,115000,United States,In-person,United States,M,Data Engineering
2023,Senior,Full-time,Data Science,95100,USD,95100,United States,Remote,United States,M,Data Science and Research
2024,Mid-level,Full-time,Data Engineer,95000,USD,95000,United States,Remote,United States,M,Data Engineering
2023,Senior,Full-time,Data Scientist,140000,USD,140000,United States,In-person,United States,M,Data Science and Research
2023,Mid-level,Full-time,Data Analyst,103200,USD,103200,United States,In-person,United States,M,Data Analysis
2024,Mid-level,Full-time,Data Engineer,123000,USD,123000,United States,In-person,United States,M,Data Engineering
2020,Entry-level,Full-time,Machine Learning Engineer,250000,USD,250000,United States,Hybrid,United States,L,Machine Learning and AI
2023,Senior,Full-time,Data Engineer,190000,USD,190000,United States,In-person,United States,M,Data Engineering
2023,Senior,Full-time,Data Analyst,112200,USD,112200,United States,Remote,United States,M,Data Analysis
2023,Senior,Full-time,Data Analyst,170550,USD,170550,United States,Remote,United States,M,Data Analysis
2022,Senior,Full-time,Data Analyst,131000,USD,131000,United States,In-person,United States,M,Data Analysis
2023,Entry-level,Full-time,Data Analyst,39000,GBP,47985,United States,In-person,United States,M,Data Analysis
2023,Senior,Full-time,Machine Learning Engineer,132870,USD,132870,United Kingdom,In-person,United Kingdom,M,Machine Learning and AI
2022,Senior,Full-time,Data Scientist,148000,USD,148000,United States,Remote,United States,M,Data Science and Research
2024,Senior,Full-time,Machine Learning Engineer,185000,USD,185000,United States,In-person,United States,M,Machine Learning and AI
2024,Senior,Full-time,Data Architect,202500,USD,202500,United States,In-person,United States,M,Data Architecture and Modeling
2021,Mid-level,Full-time,Data Scientist,82500,USD,82500,United States,Remote,United States,S,Data Science and Research
2023,Senior,Full-time,Data Scientist,88600,USD,88600,United States,In-person,United States,M,Data Science and Research
2024,Mid-level,Full-time,Data Scientist,114000,CHF,129545,Switzerland,Hybrid,Switzerland,L,Data Science and Research
2024,Entry-level,Full-time,Data Engineer,130916,USD,130916,United States,In-person,United States,M,Data Engineering
2023,Senior,Full-time,Data Scientist,36000,EUR,38868,Spain,In-person,Spain,M,Data Science and Research
2023,Senior,Full-time,Data Engineer,254000,USD,254000,United States,Remote,United States,M,Data Engineering
2024,Mid-level,Full-time,Data Science,287800,USD,287800,United States,In-person,United States,M,Data Science and Research
2024,Mid-level,Full-time,Business Intelligence Analyst,226844,USD,226844,United States,In-person,United States,M,BI and Visualization
2023,Senior,Full-time,Research Scientist,124100,USD,124100,United States,In-person,United States,L,Data Science and Research
2023,Senior,Full-time,Machine Learning Engineer,226600,USD,226600,United States,In-person,United States,M,Machine Learning and AI
2023,Senior,Full-time,Data Scientist,137500,USD,137500,United States,In-person,United States,M,Data Science and Research
2024,Mid-level,Full-time,Data Scientist,245000,USD,245000,United States,In-person,United States,M,Data Science and Research
2023,Senior,Full-time,Data Scientist,220000,USD,220000,United States,In-person,United States,M,Data Science and Research
2023,Senior,Full-time,Data Analyst,100895,USD,100895,United States,Remote,United States,M,Data Analysis
2024,Executive,Full-time,Data Engineer,136000,USD,136000,United States,Remote,United States,M,Data Engineering
2023,Senior,Full-time,Data Scientist,258000,USD,258000,United States,In-person,United States,M,Data Science and Research
2023,Senior,Full-time,Data Engineer,150000,USD,150000,United States,In-person,United States,M,Data Engineering
2023,Senior,Full-time,Research Scientist,166000,USD,166000,United States,In-person,United States,M,Data Science and Research
2024,Entry-level,Full-time,Data Analyst,55000,GBP,68750,United Kingdom,In-person,United Kingdom,M,Data Analysis
2024,Senior,Full-time,Research Engineer,45585,GBP,56981,South Africa,In-person,South Africa,M,Data Science and Research
2023,Senior,Full-time,NLP Engineer,69500,EUR,75038,Spain,Remote,Spain,M,Machine Learning and AI
2024,Senior,Full-time,Data Scientist,45000,GBP,56250,United Kingdom,Remote,United Kingdom,M,Data Science and Research
2024,Mid-level,Full-time,Data Scientist,175000,USD,175000,United States,Remote,United States,M,Data Science and Research
2024,Mid-level,Full-time,Machine Learning Engineer,120000,EUR,133333,Germany,In-person,Germany,M,Machine Learning and AI
2023,Senior,Full-time,Machine Learning Engineer,169850,USD,169850,United States,Remote,United States,M,Machine Learning and AI
2024,Senior,Full-time,Machine Learning Engineer,132600,USD,132600,United States,In-person,United States,M,Machine Learning and AI
2022,Entry-level,Full-time,Data Engineer,160000,USD,160000,United States,In-person,United States,M,Data Engineering
2023,Senior,Full-time,Machine Learning Engineer,152000,USD,152000,United States,In-person,United States,M,Machine Learning and AI
2022,Senior,Full-time,Data Engineer,170000,USD,170000,United States,Remote,United States,M,Data Engineering
2023,Senior,Full-time,Data Engineer,129000,USD,129000,United States,In-person,United States,M,Data Engineering
2023,Senior,Full-time,Data Engineer,200000,USD,200000,United States,In-person,United States,M,Data Engineering
2023,Mid-level,Full-time,Data Scientist,160000,USD,160000,United States,In-person,United States,M,Data Science and Research
2023,Senior,Full-time,Data Engineer,160000,USD,160000,United States,In-person,United States,M,Data Engineering
2023,Senior,Full-time,Machine Learning Engineer,204500,USD,204500,United States,In-person,United States,M,Machine Learning and AI
2023,Senior,Full-time,Analytics Engineer,190000,USD,190000,Canada,Remote,Canada,M,Leadership and Management
2021,Mid-level,Freelance,Autonomous Vehicle Technician,45555,USD,45555,American Samoa,Hybrid,Bahamas,M,Machine Learning and AI
2023,Mid-level,Full-time,Machine Learning Engineer,48000,USD,48000,Viet Nam,Remote,Viet Nam,M,Machine Learning and AI
2022,Mid-level,Full-time,Data Analyst,58000,USD,58000,United States,In-person,United States,S,Data Analysis
2023,Entry-level,Full-time,Data Analyst,85000,USD,85000,United States,Remote,United States,M,Data Analysis
2023,Senior,Full-time,Data Scientist,198200,USD,198200,United States,Remote,United States,M,Data Science and Research
2023,Senior,Full-time,Data Science,176875,USD,176875,United States,In-person,United States,M,Data Science and Research
2023,Senior,Full-time,Machine Learning Engineer,247500,USD,247500,United States,In-person,United States,M,Machine Learning and AI
2024,Senior,Full-time,Data Scientist,106605,USD,106605,United States,In-person,United States,M,Data Science and Research
2023,Senior,Full-time,Data Engineer,115000,USD,115000,United States,In-person,United States,M,Data Engineering
2024,Entry-level,Full-time,Research Analyst,83200,USD,83200,United States,Remote,United States,M,Data Science and Research
2023,Executive,Full-time,Director of Data Science,175000,USD,175000,United States,Remote,United States,M,Data Science and Research
2023,Senior,Full-time,Machine Learning Engineer,188800,USD,188800,United States,Remote,United States,M,Machine Learning and AI
2023,Senior,Full-time,Data Engineer,138750,USD,138750,United States,Remote,United States,M,Data Engineering
2024,Senior,Full-time,Machine Learning Scientist,132000,USD,132000,United States,In-person,United States,M,Machine Learning and AI
2022,Executive,Full-time,Director of Data Science,250000,CAD,192037,Canada,Hybrid,Canada,L,Data Science and Research
2024,Mid-level,Full-time,Machine Learning Engineer,210100,USD,210100,United States,In-person,United States,M,Machine Learning and AI
2024,Entry-level,Full-time,Data Scientist,26800,GBP,33500,United Kingdom,In-person,United Kingdom,M,Data Science and Research
2022,Mid-level,Full-time,Data Engineer,42000,USD,42000,Brazil,Remote,Brazil,M,Data Engineering
2023,Senior,Full-time,Data Engineer,145000,USD,145000,Canada,Remote,Canada,M,Data Engineering
2023,Senior,Full-time,Machine Learning Engineer,204500,USD,204500,United States,In-person,United States,M,Machine Learning and AI
2022,Mid-level,Full-time,Business Data Analyst,90000,CAD,69133,Canada,Hybrid,Canada,L,Data Analysis
2024,Entry-level,Full-time,Data Engineer,152500,USD,152500,United States,In-person,United States,M,Data Engineering
2023,Senior,Full-time,Data Engineer,247300,USD,247300,United States,In-person,United States,M,Data Engineering
2023,Senior,Full-time,Data Analyst,121904,USD,121904,United States,In-person,United States,M,Data Analysis
2024,Senior,Full-time,Data Analyst,100000,USD,100000,United States,Remote,United States,M,Data Analysis
2023,Senior,Full-time,AI Engineer,36000,EUR,38868,Romania,In-person,Romania,M,Machine Learning and AI
2023,Senior,Full-time,Data Analyst,127000,USD,127000,United States,Remote,United States,M,Data Analysis
2023,Senior,Full-time,Data Analyst,104244,USD,104244,United States,Remote,United States,M,Data Analysis
2024,Senior,Full-time,Data Analyst,131712,USD,131712,United States,In-person,United States,M,Data Analysis
2022,Mid-level,Contract,Applied Machine Learning Scientist,93000,EUR,97712,Italy,Remote,Netherlands,L,Machine Learning and AI
2023,Senior,Full-time,Data Manager,115000,USD,115000,United States,Remote,United States,M,Leadership and Management
2023,Entry-level,Full-time,Data Analyst,41419,USD,41419,United States,Remote,United States,M,Data Analysis
2023,Senior,Full-time,Data Scientist,175000,USD,175000,United States,Remote,United States,M,Data Science and Research
2023,Senior,Full-time,Data Analyst,93918,USD,93918,United States,In-person,United States,M,Data Analysis
2024,Senior,Full-time,Data Engineer,140000,USD,140000,United States,Remote,United States,M,Data Engineering
2024,Mid-level,Full-time,Research Scientist,440000,USD,440000,United States,In-person,United States,M,Data Science and Research
2022,Senior,Full-time,Data Analyst,150000,USD,150000,United States,In-person,United States,M,Data Analysis
2023,Senior,Full-time,Research Engineer,184800,USD,184800,United States,In-person,United States,M,Data Science and Research
2024,Senior,Full-time,Research Scientist,179000,USD,179000,United States,In-person,United States,M,Data Science and Research
2024,Senior,Full-time,AI Engineer,150000,USD,150000,United States,In-person,United States,M,Machine Learning and AI
2023,Mid-level,Full-time,Data Analyst,75000,USD,75000,United States,Remote,United States,M,Data Analysis
2023,Mid-level,Full-time,Data Analyst,160000,USD,160000,United States,In-person,United States,M,Data Analysis
2024,Executive,Full-time,BI Developer,204500,USD,204500,United States,In-person,United States,M,BI and Visualization
2024,Senior,Full-time,Data Analyst,140000,USD,140000,United States,In-person,United States,M,Data Analysis
2020,Senior,Full-time,Big Data Engineer,85000,GBP,109024,United Kingdom,Hybrid,United Kingdom,M,Data Engineering
2024,Senior,Full-time,Data Scientist,184800,USD,184800,United States,In-person,United States,M,Data Science and Research
2023,Mid-level,Full-time,Data Scientist,260600,USD,260600,United States,In-person,United States,M,Data Science and Research
2023,Mid-level,Full-time,Data Analyst,60000,USD,60000,United States,In-person,United States,M,Data Analysis
2023,Mid-level,Full-time,Data Visualization Specialist,166000,USD,166000,United States,In-person,United States,M,BI and Visualization
2024,Senior,Full-time,Data Architect,184000,USD,184000,United States,In-person,United States,M,Data Architecture and Modeling
2024,Senior,Full-time,Data Engineer,190000,USD,190000,United States,Remote,United States,M,Data Engineering
2023,Mid-level,Full-time,Data Developer,95000,USD,95000,United States,In-person,United States,M,Leadership and Management
2023,Mid-level,Full-time,Data Analyst,66000,USD,66000,United States,Remote,United States,M,Data Analysis
2023,Senior,Full-time,Data Scientist,36000,EUR,38868,Spain,In-person,Spain,M,Data Science and Research
2024,Senior,Full-time,ML Engineer,170000,USD,170000,United States,In-person,United States,M,Machine Learning and AI
2023,Senior,Full-time,Data Scientist,136000,USD,136000,United States,In-person,United States,M,Data Science and Research
2024,Senior,Full-time,Machine Learning Engineer,300000,USD,300000,United States,In-person,United States,M,Machine Learning and AI
2023,Mid-level,Full-time,Research Engineer,100000,USD,100000,United States,Remote,United States,M,Data Science and Research
2022,Mid-level,Full-time,Data Scientist,35000,GBP,43096,United Kingdom,In-person,United Kingdom,M,Data Science and Research
2022,Senior,Full-time,Data Scientist,95550,USD,95550,United States,In-person,United States,M,Data Science and Research
2023,Senior,Full-time,Machine Learning Engineer,319000,USD,319000,United States,In-person,United States,M,Machine Learning and AI
2024,Senior,Full-time,Analytics Engineer,180000,USD,180000,Canada,Remote,Canada,M,Leadership and Management
2024,Senior,Full-time,Machine Learning Engineer,300000,USD,300000,United States,Remote,United States,M,Machine Learning and AI
2023,Entry-level,Full-time,Data Scientist,80000,USD,80000,United States,In-person,United States,M,Data Science and Research
2024,Senior,Full-time,Machine Learning Engineer,216700,USD,216700,Canada,Remote,Canada,M,Machine Learning and AI
2024,Senior,Full-time,Data Engineer,146000,USD,146000,United States,In-person,United States,M,Data Engineering
2022,Mid-level,Full-time,Data Scientist,30000,USD,30000,Mexico,Remote,Mexico,L,Data Science and Research
2023,Mid-level,Full-time,Research Scientist,252990,USD,252990,United States,Remote,United States,M,Data Science and Research
2023,Executive,Full-time,Data Engineer,135000,USD,135000,United States,In-person,United States,M,Data Engineering
2024,Senior,Full-time,Data Scientist,60000,EUR,66666,Lithuania,In-person,Lithuania,M,Data Science and Research
2023,Mid-level,Full-time,Data Analyst,110000,USD,110000,United States,Remote,United States,M,Data Analysis
2023,Mid-level,Full-time,Machine Learning Engineer,207500,USD,207500,Australia,In-person,Australia,M,Machine Learning and AI
2023,Senior,Full-time,Principal Machine Learning Engineer,160000,USD,160000,India,Remote,India,L,Machine Learning and AI
2023,Mid-level,Full-time,Data Engineer,128000,USD,128000,United States,In-person,United States,M,Data Engineering
2023,Senior,Full-time,Analytics Engineer,138000,USD,138000,United States,In-person,United States,M,Leadership and Management
2023,Mid-level,Full-time,Data Manager,115500,USD,115500,United States,In-person,United States,M,Leadership and Management
2022,Senior,Full-time,Data Architect,345600,USD,345600,United States,In-person,United States,M,Data Architecture and Modeling
2023,Entry-level,Full-time,Research Scientist,47840,USD,47840,United States,In-person,United States,M,Data Science and Research
2024,Mid-level,Full-time,Data Engineer,112000,USD,112000,United States,In-person,United States,M,Data Engineering
2022,Mid-level,Full-time,Machine Learning Engineer,80000,EUR,84053,France,Remote,Germany,M,Machine Learning and AI
2024,Senior,Full-time,Data Analyst,73100,USD,73100,United States,In-person,United States,M,Data Analysis
2023,Entry-level,Full-time,Research Scientist,167200,USD,167200,United States,In-person,United States,M,Data Science and Research
2024,Senior,Full-time,Data Scientist,322000,USD,322000,United States,In-person,United States,M,Data Science and Research
2023,Executive,Full-time,Director of Data Science,237500,USD,237500,United States,In-person,United States,M,Data Science and Research
2023,Senior,Full-time,Data Analyst,85000,USD,85000,United States,In-person,United States,M,Data Analysis
2022,Executive,Full-time,Data Science Manager,175100,USD,175100,United States,In-person,United States,M,Data Science and Research
2024,Senior,Full-time,Machine Learning Engineer,283780,USD,283780,United States,In-person,United States,M,Machine Learning and AI
2023,Senior,Full-time,Data Scientist,225000,USD,225000,United States,In-person,United States,M,Data Science and Research
2023,Entry-level,Full-time,Research Analyst,65000,USD,65000,United States,In-person,United States,M,Data Science and Research
2024,Senior,Full-time,Data Engineer,169200,USD,169200,United States,In-person,United States,M,Data Engineering
2023,Senior,Full-time,Data Science Manager,145000,USD,145000,United States,Remote,United States,M,Data Science and Research
2022,Senior,Full-time,Data Scientist,159699,USD,159699,United States,In-person,United States,M,Data Science and Research
2024,Senior,Full-time,Prompt Engineer,115889,USD,115889,United States,Remote,United States,M,Machine Learning and AI
2021,Mid-level,Full-time,Data Engineer,140000,USD,140000,United States,Remote,United States,L,Data Engineering
2023,Senior,Full-time,Data Engineer,225000,USD,225000,United States,In-person,United States,M,Data Engineering
2023,Senior,Full-time,Data Scientist,143370,USD,143370,United States,In-person,United States,M,Data Science and Research
2022,Senior,Full-time,ML Engineer,195400,USD,195400,United States,Remote,United States,L,Machine Learning and AI
2023,Senior,Full-time,Machine Learning Engineer,127000,USD,127000,United States,In-person,United States,M,Machine Learning and AI
2023,Senior,Full-time,Machine Learning Engineer,204500,USD,204500,United States,Remote,United States,M,Machine Learning and AI
2023,Senior,Full-time,Data Modeler,140000,USD,140000,United States,In-person,United States,M,Data Architecture and Modeling
2023,Senior,Full-time,Data Architect,135000,USD,135000,United States,Remote,United States,M,Data Architecture and Modeling
2023,Mid-level,Full-time,Decision Scientist,142200,USD,142200,United States,In-person,United States,M,Data Science and Research
2023,Senior,Full-time,Data Engineer,129000,USD,129000,United States,In-person,United States,M,Data Engineering
2024,Mid-level,Full-time,Data Scientist,87300,USD,87300,United States,Remote,United States,M,Data Science and Research
2023,Senior,Full-time,Data Scientist,140250,USD,140250,United States,Remote,United States,M,Data Science and Research
2024,Senior,Full-time,Machine Learning Engineer,185000,USD,185000,United States,In-person,United States,M,Machine Learning and AI
2023,Mid-level,Full-time,Business Intelligence Data Analyst,91000,CAD,67419,Canada,Hybrid,Canada,L,Data Analysis
2023,Senior,Full-time,Data Analyst,200000,USD,200000,United States,In-person,United States,M,Data Analysis
2023,Mid-level,Full-time,Business Intelligence Engineer,185000,USD,185000,United States,In-person,United States,L,BI and Visualization
2023,Senior,Full-time,Data Architect,178600,USD,178600,United States,In-person,United States,M,Data Architecture and Modeling
2023,Mid-level,Full-time,Data Engineer,250000,USD,250000,United States,In-person,United States,M,Data Engineering
2024,Senior,Full-time,Data Architect,123000,USD,123000,United States,In-person,United States,M,Data Architecture and Modeling
2022,Senior,Full-time,Data Architect,135000,USD,135000,United States,Remote,United States,M,Data Architecture and Modeling
2023,Mid-level,Full-time,Data Engineer,40000,GBP,49216,United Kingdom,In-person,United Kingdom,M,Data Engineering
2023,Mid-level,Full-time,ML Engineer,260000,USD,260000,Australia,In-person,Australia,M,Machine Learning and AI
2023,Mid-level,Full-time,Data Analyst,85000,USD,85000,United States,In-person,United States,M,Data Analysis
2022,Mid-level,Full-time,Data Scientist,145000,USD,145000,United States,In-person,United States,M,Data Science and Research
2023,Mid-level,Full-time,Data Analyst,97750,USD,97750,United States,In-person,United States,M,Data Analysis
2023,Senior,Full-time,Azure Data Engineer,100000,USD,100000,Netherlands,Hybrid,Netherlands,L,Data Engineering
2023,Mid-level,Full-time,Machine Learning Engineer,230000,USD,230000,United States,In-person,United States,M,Machine Learning and AI
2022,Senior,Full-time,Data Analyst,120600,USD,120600,United States,Remote,United States,M,Data Analysis
2023,Senior,Full-time,Research Scientist,247600,USD,247600,United States,In-person,United States,L,Data Science and Research
2023,Senior,Full-time,Data Engineer,183500,USD,183500,United States,Remote,United States,M,Data Engineering
2024,Senior,Full-time,Data Scientist,218750,USD,218750,United States,In-person,United States,M,Data Science and Research
2020,Entry-level,Contract,Business Data Analyst,100000,USD,100000,United States,Remote,United States,L,Data Analysis
2022,Senior,Full-time,Data Scientist,191475,USD,191475,United States,Remote,United States,M,Data Science and Research
2023,Mid-level,Full-time,Data Engineer,40000,EUR,43187,Poland,Remote,Poland,L,Data Engineering
2023,Senior,Full-time,Data Scientist,153600,USD,153600,United States,In-person,United States,M,Data Science and Research
2023,Entry-level,Full-time,Data Management Analyst,52000,USD,52000,United States,Remote,United States,M,Data Management and Strategy
2023,Senior,Full-time,Data Engineer,150000,USD,150000,United States,Remote,United States,M,Data Engineering
2024,Mid-level,Full-time,Data Analytics Consultant,66100,USD,66100,United States,In-person,United States,M,Leadership and Management
2022,Senior,Full-time,Data Scientist,136000,USD,136000,United States,Remote,United States,M,Data Science and Research
2023,Mid-level,Full-time,Data Engineer,130000,USD,130000,United States,In-person,United States,M,Data Engineering
2023,Senior,Full-time,Research Scientist,260000,USD,260000,United States,In-person,United States,M,Data Science and Research
2022,Senior,Full-time,Analytics Engineer,120000,USD,120000,United States,In-person,United States,M,Leadership and Management
2022,Senior,Full-time,Data Analyst,123648,USD,123648,United States,In-person,United States,M,Data Analysis
2023,Senior,Full-time,Machine Learning Engineer,220000,USD,220000,United States,In-person,United States,M,Machine Learning and AI
