鄉鎮市區,交易標的,土地位置建物門牌,土地移轉總面積平方公尺,都市土地使用分區,非都市土地使用分區,非都市土地使用編定,交易年月日,交易筆棟數,移轉層次,總樓層數,建物型態,主要用途,主要建材,建築完成年月,建物移轉總面積平方公尺,建物現況格局-房,建物現況格局-廳,建物現況格局-衛,建物現況格局-隔間,有無管理組織,總價元,單價元平方公尺,車位類別,車位移轉總面積平方公尺,車位總價元,備註,編號,主建物面積,附屬建物面積,陽台面積,電梯,移轉編號,縣市
新興區,房地(土地+建物)+車位,高雄市新興區中山一路１６號二十七樓之１０,3.91,都市：其他:第五種商業區,,,1091123,土地2建物1車位1,二十七層,三十四層,住宅大樓(11層含以上有電梯),見其他登記事項,見其他登記事項,1150121,100.21000000000001,2,1,1,有,有,9780000,113121,坡道平面,26.13,1400000,另有讓渡預售屋、或土地及建物分件登記案件；,RPOOMLLJMHLGFBE47DA,44.79,0.0,3.46,有,,高雄市
鳳山區,房地(土地+建物),高雄市鳳山區北昌路３６號,17.64,住,,,1150403,土地1建物1車位0,一層，見其他登記事項,十五層,住宅大樓(11層含以上有電梯),見其他登記事項,見其他登記事項,1030221,98.51,1,1,2,有,有,14500000,147193,,0.0,0,附冷氣其他增建；,RPUNMLOLMHLGFGE98DA,63.26,0.0,2.19,有,0046,高雄市
太平區,房地(土地+建物)+車位,臺中市太平區環中東路四段６３號三樓之５,14.02,住,,,1150318,土地1建物1車位1,三層,十五層,住宅大樓(11層含以上有電梯),住家用,鋼筋混凝土造,1100721,111.96000000000001,2,2,1,有,有,10380000,92712,坡道平面,31.08,0,,RPOOMLMLMHLGFJB28DA,46.66,1.47,7.09,有,0121,台中市
永和區,房地(土地+建物),新北市永和區雙和街２５巷７號四樓,38.39,住,,,1150402,土地1建物1車位0,四層，陽台,四層,公寓(5樓含以下無電梯),住家用,Ｒ．Ｃ框造,0601209,101.18,3,2,1,有,無,16800000,166041,,0.0,0,陽台外推；頂樓加蓋；,RPQNMLRLMHLGFHF09DA,101.18,0.0,0.0,無,,新北市
西屯區,房地(土地+建物),臺中市西屯區工業區３７路３８號,1136.6,工,,,1150408,土地1建物1車位0,全,一層,透天厝,工業用,鋼造,0830502,796.36,0,0,0,無,無,144000000,180823,,0.0,0,其他增建；未登記建物；,RPOPMLNLMHLGFCB77DA,796.36,0.0,0.0,無,,台中市
湖口鄉,土地,中勢段363地號,862.75,農,,,1141224,土地1建物0車位0,,,其他,,,,0.0,0,0,0,無,無,2124300,2462,,0.0,0,農作物；,RPTNMLKLMHLGFDJ68DA,0.0,0.0,0.0,無,084,新竹縣
小港區,房地(土地+建物),高雄市小港區宏平路４３３號四樓之５,6.84,其他,,,1120331,土地1建物1車位0,四層,十八層,住宅大樓(11層含以上有電梯),見其它登記事項,見其它登記事項,1150212,91.03999999999999,2,2,1,有,有,6850000,75242,,0.0,0,第一次讓渡日期114/03/24第二次讓渡日期115/03/25預售屋、或土地及建物分件登記案件；,RPOOMLOJNHLGFCE97DA,52.29,0.0,7.01,有,,高雄市
八德區,房地(土地+建物)+車位,桃園市八德區大和路６６號八樓,15.36,住,,,1150321,土地1建物1車位1,八層,十五層,住宅大樓(11層含以上有電梯),住家用,鋼筋混凝土造,0960815,127.98,3,2,2,有,有,13400000,120133,坡道平面,31.42,1800000,陽台外推；,RPTOMLSJNHLGFFH86DA,64.21,2.06,6.26,有,0251,桃園市
龜山區,房地(土地+建物)+車位,桃園市龜山區興華一街３０１號六樓,23.4,住,,,1120626,土地1建物1車位1,六層,十三層,住宅大樓(11層含以上有電梯),住家用,鋼筋混凝土造,1150114,122.82,2,1,2,有,有,14630000,142406,坡道平面,34.13,2000000,預售屋、或土地及建物分件登記案件；,RPSOMLNJNHLGFHH09DA,55.04,0.0,3.89,有,,桃園市
林園區,房地(土地+建物),高雄市林園區椰樹東巷３８弄８０號,114.0,其他,,,1150312,土地1建物1車位0,全,四層,透天厝,住家用,鋼筋混凝土造,1141110,247.71,4,2,5,有,無,18000000,72666,,0.0,0,,RPOOMLRJNHLGFLE56DA,229.83,0.0,17.88,有,,高雄市
小港區,土地,水庫段327-1地號,271.6,都市：其他:保護區,,,1141203,土地2建物0車位0,,,其他,,,,0.0,0,0,0,無,無,5540558,20400,,0.0,0,協議價購；,RPXUMLLLMHLGFCE66DA,0.0,0.0,0.0,無,0323,高雄市
淡水區,房地(土地+建物)+車位,新北市淡水區義山路一段４０１巷４０號五樓,18.38,住,,,1130709,土地1建物1車位1,五層,十四層,住宅大樓(11層含以上有電梯),住家用,鋼筋混凝土造,1150407,149.04000000000002,3,2,2,有,有,14240000,101347,坡道平面,25.8,1750000,預售屋、或土地及建物分件登記案件；,RPXOMLTLMHLGFEF17DA,72.6,0.0,9.33,有,,新北市
淡水區,房地(土地+建物),新北市淡水區學府路２０５巷４號五樓,57.42,住,,,1141208,土地1建物1車位0,五層，陽台,五層,公寓(5樓含以下無電梯),住家用,鋼筋混凝土造,0691119,106.55,3,2,2,有,無,8500000,79775,,0.0,0,,RPOOMLSKNHLGFEF78DA,106.55,0.0,0.0,無,,新北市
三重區,土地,五谷王段122地號,151.72,商,,,1150317,土地2建物0車位0,,,其他,,,,0.0,0,0,0,無,無,39335400,259263,,0.0,0,合建案建商與地主間之交易；,RPOOMLTLMHLGFGF09DA,0.0,0.0,0.0,無,0295,新北市
八德區,房地(土地+建物)+車位,桃園市八德區中正一路２５號五樓,10.64,商,,,1130630,土地1建物1車位1,五層,十五層,住宅大樓(11層含以上有電梯),住家用,鋼筋混凝土造,1140805,112.09,2,2,1,有,有,12260000,128279,坡道平面,28.6,1550000,轉讓日期:114.6.14，原價轉讓。預售屋、或土地及建物分件登記案件；,RPTNMLOKNHLGFFH09DA,50.71,0.0,5.67,有,,桃園市
中山區,房地(土地+建物),臺北市中山區明水路３９７巷７弄６０號四樓之２,13.5,都市：其他:第三種住宅區。,,,1150227,土地1建物1車位0,四層,七層,華廈(10層含以下有電梯),住家用,鋼筋混凝土造,0810618,43.760000000000005,1,1,1,有,有,15160000,346435,,0.0,0,陽台外推；其他增建；,RPSNMLQKMHLGFCA08DA,29.71,1.88,3.4,有,114,台北市
豐原區,土地,北天段1237地號,54.2,住,,,1150403,土地1建物0車位0,,,其他,,,,0.0,0,0,0,無,無,2623038,48396,,0.0,0,持分買賣親友、員工、共有人或其他特殊關係間之交易；,RPSOMLQJNHLGFDB38DA,0.0,0.0,0.0,無,,台中市
蘆竹區,房地(土地+建物)+車位,桃園市蘆竹區大新一街３３９號七樓,12.11,商,,,1130625,土地1建物1車位1,七層,十五層,住宅大樓(11層含以上有電梯),住家用,鋼筋混凝土造,1150327,128.92,2,2,1,有,有,12800000,110926,坡道平面,27.05,1500000,預售屋、或土地及建物分件登記案件；,RPTQMLNLMHLGFEH56DA,60.92,0.0,6.79,有,,桃園市
湖口鄉,土地,永安段32地號,85.49,,一般農業區,農牧用地,1141231,土地3建物0車位0,,,其他,,,,0.0,0,0,0,無,無,1083000,12668,,0.0,0,,RPSNMLRJJHLGFDJ78DA,0.0,0.0,0.0,無,089,新竹縣
鼓山區,車位,明誠四路２１８號等共用部分,7.89,商,,,1150428,土地1建物1車位2,,,其他,,,,56.22,0,0,0,無,有,6000000,,坡道平面,56.22,0,僅車位交易；,RPPNMLNKNHLGFAE87EA,0.0,0.0,0.0,有,,高雄市
沙鹿區,土地,新竹林段72地號,143.22,都市：其他:保護區,,,1150427,土地1建物0車位0,,,其他,,,,0.0,0,0,0,無,無,1299675,9075,,0.0,0,,RPXNMLSKNHLGFFB66DA,0.0,0.0,0.0,無,,台中市
路竹區,土地,福善段879地號,144.0,,鄉村區,乙種建築用地,1150426,土地1建物0車位0,,,其他,,,,0.0,0,0,0,無,無,1771200,12300,,0.0,0,親友、員工、共有人或其他特殊關係間之交易；,RPPNMLLKNHLGFJE58EA,0.0,0.0,0.0,無,,高雄市
小港區,房地(土地+建物),高雄市小港區高松路１９之３號九樓,15.54,商,,,1150411,土地2建物1車位0,九層,十三層,住宅大樓(11層含以上有電梯),見其它登記事項,見其它登記事項,1140411,124.5,3,2,2,有,有,10000000,80321,,0.0,0,,RPOOMLPJNHLGFCE08DA,71.65,0.0,9.55,有,,高雄市
龜山區,房地(土地+建物)+車位,桃園市龜山區興華一街３０１號二樓,27.22,住,,,1120630,土地1建物1車位1,二層,十三層,住宅大樓(11層含以上有電梯),住家用,鋼筋混凝土造,1150114,140.47,2,1,2,有,有,18100000,149520,坡道平面,34.13,2200000,預售屋、或土地及建物分件登記案件；,RPOOMLNJNHLGFHH68DA,61.2,0.0,9.46,有,,桃園市
蘆竹區,房地(土地+建物)+車位,桃園市蘆竹區山鼻二路１９５號三樓,22.83,住,,,1130524,土地1建物1車位1,三層,十一層,住宅大樓(11層含以上有電梯),住家用,鋼筋混凝土造,1150319,139.95,3,2,2,有,有,13740000,111050,坡道平面,31.53,1700000,114.07.13 母子原價轉讓預售屋、或土地及建物分件登記案件；,RPOPMLSLMHLGFEH09DA,66.98,0.0,5.2,有,,桃園市
板橋區,車位,新北市板橋區民族路３４巷１號等共同使用,0.52,商,,,1141211,土地2建物1車位1,,,其他,,,,66.12,0,0,0,無,有,1500000,,坡道機械,22.04,1500000,僅車位交易；,RPXNMLSLMHLGFAF56DA,0.0,0.0,0.0,有,0014,新北市
中壢區,房地(土地+建物)+車位,桃園市中壢區龍陵路１９７號六樓,27.22,住,,,1150312,土地1建物1車位2,六層,十三層,住宅大樓(11層含以上有電梯),住家用,鋼筋混凝土造,1061228,210.0,4,2,2,有,有,18300000,87143,坡道平面,67.28,0,,RPQNMLRJNHLGFBH58DA,87.86,1.54,11.03,有,0162,桃園市
土城區,房地(土地+建物)+車位,新北市土城區青和街７１號十樓,21.77,住,,,1091217,土地1建物1車位1,十層,十五層,住宅大樓(11層含以上有電梯),住家用,鋼筋混凝土造,1150123,147.18,3,2,2,有,有,14350000,106171,坡道平面,31.8,2100000,預售屋、或土地及建物分件登記案件；,RPOPMLMLLHLGFAF77DA,73.07,0.0,4.11,有,,新北市
永和區,房地(土地+建物)+車位,新北市永和區中山路一段１００號三樓之６,13.54,商,,,1100913,土地4建物1車位1,三層,十五層,住宅大樓(11層含以上有電梯),住家用,鋼筋混凝土構造,1141202,174.03,3,2,2,有,有,28450000,187391,坡道平面,36.35,2650000,權利人於民國112.09.27讓渡取得，讓渡總價新台幣2900萬元整。預售屋、或土地及建物分件登記案件；,RPWOMLOJNHLGFHF76DA,84.67,0.0,6.14,有,,新北市
北區,房地(土地+建物),臺中市北區梅豐街８２之４號,25.47,住,,,1150324,土地1建物1車位0,五層,五層,公寓(5樓含以下無電梯),住家用,鋼筋混凝土造,0701223,79.85,3,2,1,有,無,4150000,51972,,0.0,0,頂樓加蓋；,RPVQMLRKMHLGFBB78DA,79.85,0.0,0.0,無,,台中市
中正區,房地(土地+建物),臺北市中正區博愛路３６號八樓,28.3,都市：其他:第四種商業區。,,,1150119,土地2建物1車位0,八層,九層,華廈(10層含以下有電梯),,鋼筋混凝土造,0630603,259.66,4,1,1,有,無,52500000,202187,,0.0,0,,RPXNMLKLLHLGFBA87DA,259.66,0.0,0.0,有,,台北市
三重區,房地(土地+建物)+車位,新北市三重區中正北路１６５巷５７號十四樓,20.41,住,,,1150313,土地1建物1車位1,十四層,十五層,住宅大樓(11層含以上有電梯),住家用,鋼筋混凝土造,0970201,156.44,3,2,2,有,有,26000000,166198,坡道平面,26.55,0,陽台外推；其他增建；,RPWNMLLLMHLGFGF98DA,85.66,0.0,9.72,有,0252,新北市
萬華區,房地(土地+建物),臺北市萬華區水源路２０５之５號十七樓,32.36,都市：其他:第三之二種住宅區。,,,1150202,土地2建物1車位0,十七層,十七層,住宅大樓(11層含以上有電梯),住家用,鋼筋混凝土造,0861023,183.55,3,2,2,有,有,28800000,156905,,0.0,0,陽台外推；其他增建；,RPTRMLNKMHLGFBA18DA,95.69,0.0,13.81,有,111,台北市
新興區,房地(土地+建物),高雄市新興區中山一路１６號三十樓之７,4.6,都市：其他:第五種商業區,,,1091225,土地2建物1車位0,三十層,三十四層,住宅大樓(11層含以上有電梯),見其他登記事項,見其他登記事項,1150121,87.22,2,1,1,有,有,9880000,113277,,0.0,0,另有讓渡預售屋、或土地及建物分件登記案件；,RPQPMLKKMHLGFBE77DA,53.45,0.0,3.38,有,,高雄市
沙鹿區,房地(土地+建物)+車位,臺中市沙鹿區向上路六段７７０號二樓之３,25.86,住,,,1150321,土地3建物1車位1,二層,九層,華廈(10層含以下有電梯),住家用,鋼筋混凝土造,1010823,112.22,2,2,1,有,有,7450000,66387,坡道平面,21.19,0,,RPPNMLQKMHLGFFB18DA,57.54,0.0,6.14,有,0129,台中市
北屯區,房地(土地+建物),臺中市北屯區順興街２２０號,106.67,住,,,1150125,土地2建物1車位0,全,五層,透天厝,住家用,鋼筋混凝土造,1110715,286.06,4,2,6,有,有,38000000,132839,,0.0,0,其他增建；,RPVNMLTJMHLGFBB58DA,271.85,0.0,14.21,有,0185,台中市
橋頭區,房地(土地+建物)+車位,高雄市橋頭區成功南路４７３號十一樓之２,19.34,住,,,1130118,土地1建物1車位1,十一層,十五層,住宅大樓(11層含以上有電梯),見其他登記事項,鋼筋混凝土造,1150302,134.43,3,2,2,有,有,14860000,109097,坡道平面,14.72,1800000,預售屋、或土地及建物分件登記案件；,RPPNMLRJNHLGFFE58DA,63.4,0.0,12.74,有,,高雄市
沙鹿區,房地(土地+建物)+車位,臺中市沙鹿區三民路１０９號十三樓之６,25.4,住,,,1121003,土地1建物1車位1,十三層,十五層,住宅大樓(11層含以上有電梯),住家用,鋼筋混凝土造,1150212,145.92000000000002,3,2,2,有,有,14800000,109221,坡道平面,25.98,1700000,預售屋、或土地及建物分件登記案件；,RPRSMLOLLHLGFFB68DA,72.94,0.0,7.21,有,,台中市
鼓山區,房地(土地+建物)+車位,高雄市鼓山區美術東二路３１９號十樓,27.82,住,,,1150215,土地1建物1車位1,十層,十五層,住宅大樓(11層含以上有電梯),住家用,鋼筋混凝土造,0970402,208.3,4,2,2,有,有,24180000,116083,坡道平面,30.08,0,,RPTNMLPLKHLGFAE18DA,113.65,0.0,13.18,有,,高雄市
太平區,房地(土地+建物)+車位,臺中市太平區育才路１７７號五樓之１,19.14,住,,,1121220,土地1建物1車位1,五層,十五層,住宅大樓(11層含以上有電梯),住家用,鋼筋混凝土造,1150113,124.66999999999999,2,2,1,有,有,11660000,102240,坡道平面,28.23,1800000,預售屋、或土地及建物分件登記案件；,RPSSMLLMLHLGFJB98DA,56.52,0.0,6.53,有,,台中市
淡水區,房地(土地+建物)+車位,新北市淡水區義山路一段４０１巷４２號三樓,18.15,住,,,1130807,土地1建物1車位1,三層,十四層,住宅大樓(11層含以上有電梯),住家用,鋼筋混凝土造,1150407,147.45999999999998,3,2,2,有,有,14290000,101841,坡道平面,25.8,1900000,115.1.14權利轉讓總價為新台幣1429萬元整母子預售屋、或土地及建物分件登記案件；,RPPOMLRLMHLGFEF78DA,72.45,0.0,8.4,有,,新北市
北屯區,房地(土地+建物)+車位,臺中市北屯區豐樂北二路５０７號十樓之１,45.02,住,,,1130412,土地2建物1車位2,十層,二十二層,住宅大樓(11層含以上有電梯),住家用,鋼筋混凝土造,1150126,227.58999999999997,4,2,2,有,有,34000000,179003,坡道平面,66.14,5100000,權利讓渡日期:114/04/20預售屋、或土地及建物分件登記案件；,RPWNMLRJNHLGFBB58DA,95.54,0.0,10.92,有,,台中市
新興區,房地(土地+建物)+車位,高雄市新興區八德一路１２２號五樓之５,15.71,其他,,,1150408,土地1建物1車位1,五層,十五層,住宅大樓(11層含以上有電梯),見其他登記事項,見其他登記事項,1141110,133.43,3,2,2,有,有,14640000,102065,坡道平面,14.29,2480000,,RPROMLMKNHLGFBE08DA,63.8,0.0,11.87,有,,高雄市
關西鎮,土地,關農段454-3地號,127.96,住,,,1141129,土地2建物0車位0,,,其他,,,,0.0,0,0,0,無,無,8820281,68930,,0.0,0,,SPRNMLLLMHLGFBJ48DA,0.0,0.0,0.0,無,,新竹縣
土城區,房地(土地+建物),新北市土城區明德路一段２００號五樓,18.14,住,,,1150427,土地1建物1車位0,五層,七層,華廈(10層含以下有電梯),住家用,鋼筋混凝土造,0831205,107.42,2,2,2,有,有,14600000,135915,,0.0,0,陽台外推；,RPQQMLLKNHLGFAF18EA,85.22,0.0,11.14,有,0080,新北市
中壢區,房地(土地+建物)+車位,桃園市中壢區南園二路２９６巷２０號二樓,24.51,住,,,1150325,土地1建物1車位1,二層,十三層,住宅大樓(11層含以上有電梯),住家用,鋼筋混凝土造,1030628,166.42,3,2,2,有,有,15000000,90133,坡道平面,0.0,0,,RPVOMLQLLHLGFBH09DA,80.83,1.26,10.23,有,0179,桃園市
新興區,房地(土地+建物)+車位,高雄市新興區中山一路１６號四樓之２１,5.41,都市：其他:第五種商業區,,,1101115,土地2建物1車位1,四層,三十四層,住宅大樓(11層含以上有電梯),見其他登記事項,見其他登記事項,1150121,112.28,2,1,1,有,有,11370000,103374,坡道機械,10.03,800000,另有讓渡預售屋、或土地及建物分件登記案件；,RPOOMLKLMHLGFBE57DA,46.01,0.0,20.69,有,,高雄市
前金區,房地(土地+建物),高雄市前金區中華四路３０２號三樓之１１,4.31,商,,,1150421,土地1建物1車位0,三層,十二層,住宅大樓(11層含以上有電梯),住家用,鋼筋混凝土造,0850920,39.44,1,1,1,有,有,2800000,70994,,0.0,0,,RPTOMLOJNHLGFAE28DA,25.2,0.0,3.32,有,0070,高雄市
西屯區,房地(土地+建物)+車位,臺中市西屯區上墩東街８８號二十一樓之１１,19.67,住,,,1150320,土地1建物1車位1,二十一層,二十二層,住宅大樓(11層含以上有電梯),住家用,鋼筋混凝土造,1051124,188.05,2,2,2,有,有,27800000,147833,坡道平面,33.08,0,,RPWNMLOLMHLGFCB48DA,92.04,1.93,11.05,有,0096,台中市
大寮區,土地,林內段1177地號,3003.1,都市：其他:第二種住宅區,,,1150423,土地14建物0車位0,,,其他,,,,0.0,0,0,0,無,無,11050000,3680,,0.0,0,,RPWNMLKMMHLGFLE76DA,0.0,0.0,0.0,無,0038,高雄市
中和區,車位,新北市中和區橋和路１２０之２號等,9.02,工,,,1150414,土地1建物1車位2,,,其他,,,,50.71,0,0,0,無,有,4000000,,坡道平面,50.7,4000000,僅車位交易；,RPSNMLMJNHLGFHF68DA,0.0,0.0,0.0,有,0049,新北市
中和區,房地(土地+建物),新北市中和區景平路２９０號六樓之三,3.43,住,,,1150212,土地1建物1車位0,六層,二十五層,住宅大樓(11層含以上有電梯),住家用,鋼筋混凝土造,0910816,43.28,1,1,1,有,有,10190000,235444,,0.0,0,夾層；,RPRNMLPKMHLGFHF88DA,28.5,0.0,2.74,有,0322,新北市
龜山區,土地,南上段1-1地號,334.44,,,,1141214,土地1建物0車位0,,,其他,,,,0.0,0,0,0,無,無,5785843,17300,,0.0,0,協議價購；,RPTSMLOKMHLGFHH07DA,0.0,0.0,0.0,無,0313,桃園市
內湖區,房地(土地+建物),臺北市內湖區環山路一段５９巷１０弄１０號四樓,27.84,都市：其他:第三種住宅區。,,,1150210,土地3建物1車位0,四層,四層,公寓(5樓含以下無電梯),住家用,鋼筋混凝土造,0680910,93.82,6,2,5,有,無,19300000,205713,,0.0,0,頂樓加蓋；,RPPNMLRJNHLGFCA87DA,85.3,0.0,8.52,無,115,台北市
龜山區,房地(土地+建物),桃園市龜山區文東五街１０６號,97.72,住,,,1150306,土地1建物1車位0,全,四層,透天厝,住家用,鋼筋混凝土造,0960401,208.16,3,2,4,有,有,23000000,110492,,0.0,0,陽台外推；夾層；,RPXNMLTJMHLGFHH37DA,175.62,10.5,22.04,無,,桃園市
沙鹿區,房地(土地+建物)+車位,臺中市沙鹿區三民路１０９號十五樓之３,31.69,住,,,1121220,土地1建物1車位2,十五層,十五層,住宅大樓(11層含以上有電梯),住家用,鋼筋混凝土造,1150212,200.18,4,2,2,有,有,19750000,109297,坡道平面,51.96,3550000,預售屋、或土地及建物分件登記案件；,RPWPNLOLLHLGFFB98DA,88.52,0.0,10.52,有,,台中市
新豐鄉,房地(土地+建物)+車位,新竹縣新豐鄉中崙１００之７號,74.8,,特定農業區,甲種建築用地,1150307,土地4建物1車位1,全,四層,透天厝,住家用,鋼筋混凝土造,1141223,145.11,3,2,3,有,無,14820000,102129,一樓平面,0.0,0,,RPQNMLQJNHLGFDJ98EA,140.98,0.0,4.13,無,,新竹縣
中山區,房地(土地+建物),臺北市中山區林森北路４０９號十一樓之９、１０,5.55,都市：其他:第肆種商業區(依都市計畫說明書圖規定辦理，始得作第肆種商業區使用)(原屬第參種商業區)。,,,1150405,土地1建物1車位0,十一層,十二層,住宅大樓(11層含以上有電梯),住家用,鋼筋混凝土造,0710531,69.34,3,1,1,有,有,11500000,165849,,0.0,0,陽台外推；,RPSOMLPKMHLGFCA08DA,40.26,0.0,4.94,有,,台北市
五股區,房地(土地+建物)+車位,新北市五股區西雲路１１０巷１８號二樓,13.72,住,,,1150301,土地1建物1車位1,二層,十四層,住宅大樓(11層含以上有電梯),住家用,鋼筋混凝土造,1131119,128.45,2,2,1,有,有,14500000,133718,坡道平面,34.97,2000000,,RPUOMLLKNHLGFBF38DA,52.59,3.88,6.63,有,,新北市
蘆竹區,土地,南竹段336-2地號,1057.85,農,,,1150130,土地1建物0車位0,,,其他,,,,0.0,0,0,0,無,無,65920000,62315,,0.0,0,,RPQSMLSJMHLGFEH76DA,0.0,0.0,0.0,無,,桃園市
林口區,房地(土地+建物)+車位,新北市林口區南勢一街６６號四樓之６,22.71,住,,,1120802,土地1建物1車位1,四層,七層,華廈(10層含以下有電梯),住家用,鋼筋混凝土造,1150225,105.87,2,2,1,有,有,11540000,139145,坡道平面,36.59,1900000,預售屋、或土地及建物分件登記案件；,RPXNMLMKMHLGFBF58DA,42.5,0.0,3.43,有,,新北市
新莊區,房地(土地+建物),新北市新莊區新泰路２５５巷４０號五樓,33.49,住,,,1150407,土地1建物1車位0,五層,五層,公寓(5樓含以下無電梯),住家用,鋼筋混凝土造,0770227,122.29,4,2,2,有,無,7000000,57241,,0.0,0,親友、員工、共有人或其他特殊關係間之交易；,RPUNMLNKNHLGFBF48DA,98.9,1.25,11.02,無,,新北市
板橋區,房地(土地+建物)+車位,新北市板橋區文化路二段６５號十樓,15.41,住,,,1100620,土地2建物1車位1,十層,二十三層,住宅大樓(11層含以上有電梯),住家用,鋼骨鋼筋混凝土造,1141120,159.72,3,2,2,有,有,31580000,226812,坡道平面,32.39,2700000,原買方劉OO與新買方陳OO於115.4.23 簽立權利義務移轉證明更名轉讓總價款不變預售屋、或土地及建物分件登記案件；,RPUOMLKLNHLGFAF28DA,77.74,0.0,5.59,有,,新北市
三民區,房地(土地+建物),高雄市三民區鼎力路２８８號,69.0,商,,,1150206,土地1建物1車位0,全,四層,透天厝,見其它登記事項,鋼筋混凝土造,0740530,266.56,3,2,5,有,無,33000000,123800,,0.0,0,,RPPOMLQJNHLGFDE38DA,259.15,0.0,7.41,無,,高雄市
中壢區,房地(土地+建物)+車位,桃園市中壢區中園路１９２號八樓之１６,89.23,,工業區,丁種建築用地,1131016,土地1建物1車位3,八層,十二層,住宅大樓(11層含以上有電梯),工業用,鋼筋混凝土造,1141127,551.75,0,0,0,無,有,41500000,84690,坡道平面,123.72,5250000,預售屋、或土地及建物分件登記案件；,RPSNMLTKLHLGFBH88DA,274.86,0.0,0.0,有,,桃園市
沙鹿區,房地(土地+建物),臺中市沙鹿區正英八街１８８號,105.05,住,,,1150315,土地2建物1車位0,全,四層,透天厝,住家用,鋼筋混凝土造,1140916,246.09,4,3,5,有,無,36000000,146288,,0.0,0,,RPSPMLMKNHLGFFB38DA,227.15,0.0,18.94,有,,台中市
楊梅區,房地(土地+建物),桃園市楊梅區福羚路２３２巷８號二樓,14.9,住,,,1150309,土地1建物1車位0,二層,七層,華廈(10層含以下有電梯),住家用,鋼筋混凝土造,0820313,80.2,2,1,1,有,有,4800000,59850,,0.0,0,,RPTNMLSJNHLGFDH56DA,56.85,0.0,7.3,有,,桃園市
楠梓區,房地(土地+建物),高雄市楠梓區楠盛街１２４號十五樓,9.33,商,,,1150408,土地1建物1車位0,十五層,十五層,住宅大樓(11層含以上有電梯),住家用,鋼筋混凝土造,0850205,69.3,2,2,1,有,有,4980000,71861,,0.0,0,親友、員工、共有人或其他特殊關係間之交易；,RPWNMLKLMHLGFEE58DA,47.1,0.0,4.56,有,,高雄市
大雅區,房地(土地+建物),臺中市大雅區中清路三段８４２號,180.0,工,,,1150421,土地1建物1車位0,全,三層,透天厝,住商用,鋼筋混凝土造,0740103,256.68,5,2,3,有,無,38000000,148044,,0.0,0,土地價：3572萬元建物價：228萬元頂樓加蓋；其他增建；,RPQNMLQJNHLGFHB48DA,244.78,0.0,11.9,無,,台中市
西屯區,房地(土地+建物)+車位,臺中市西屯區市政北一路３３５號三樓之６,9.41,都市：其他:第六種新市政中心專用區,,,1120715,土地1建物1車位1,三層,三十七層,住宅大樓(11層含以上有電梯),住家用,鋼骨鋼筋混凝土造、鋼筋混凝土造,1150313,173.22,3,2,2,有,有,29130000,171351,坡道平面,14.89,2000000,預售屋、或土地及建物分件登記案件；,RPTPMLOJNHLGFCB28DA,85.65,10.96,9.05,有,,台中市
南屯區,房地(土地+建物)+車位,臺中市南屯區三厝街５３號,84.62,住,,,1150414,土地2建物1車位1,全,四層,透天厝,住家用,鋼筋混凝土造,0960724,305.43,4,2,4,有,有,36000000,117867,坡道平面,29.09,0,頂樓加蓋；其他增建；,RPPPMLMKNHLGFCB77DA,210.39,6.39,21.13,無,0049,台中市
中和區,房地(土地+建物),新北市中和區景平路６４巷１４弄６號四樓,13.9,住,,,1150410,土地1建物1車位0,四層,四層,公寓(5樓含以下無電梯),住家用,加強磚造,0650705,41.76,2,1,1,有,無,5300000,126916,,0.0,0,,RPSOMLMKNHLGFHF88DA,41.76,0.0,0.0,無,,新北市
南港區,土地,中南段四小段631地號,281.75,都市：其他:第二種住宅區。,,,1150415,土地1建物0車位0,,,其他,,,,0.0,0,0,0,無,無,3634575,12900,,0.0,0,,RPQNMLMKNHLGFDA77EA,0.0,0.0,0.0,無,,台北市
太平區,房地(土地+建物)+車位,臺中市太平區育才路１６９號四樓之５,20.2,住,,,1130409,土地1建物1車位1,四層,十五層,住宅大樓(11層含以上有電梯),住家用,鋼筋混凝土造,1150113,123.69,2,2,1,有,有,12150000,108422,坡道平面,28.23,1800000,預售屋、或土地及建物分件登記案件；,RPXWMLKKMHLGFJB07DA,57.42,0.0,7.06,有,,台中市
大安區,房地(土地+建物)+車位,臺北市大安區臥龍街２９８號二樓之１,18.53,都市：其他:第三種住宅區。,,,1050901,土地1建物1車位1,二層,十三層,住宅大樓(11層含以上有電梯),住家用,鋼骨鋼筋混凝土造、鋼筋混凝土造,1140901,145.01,2,2,1,有,有,20308500,184521,坡道平面,46.33,2100000,1.權利人為都市更新權利變換之現地安置戶。2.依都市更新權利變換計畫案所載交易日期為權利變換計畫案核定公告實施日。3.房地交易總價為實分配權利價值。,RPPOMLNLMHLGFFA97DA,56.11,3.61,5.81,有,,台北市
五股區,房地(土地+建物)+車位,新北市五股區新城八路３４３號六樓,22.22,住,,,1130320,土地1建物1車位1,六層,十五層,住宅大樓(11層含以上有電梯),住家用,鋼筋混凝土造,1141223,126.33,2,2,1,有,有,14920000,140431,坡道平面,36.82,2350000,預售屋、或土地及建物分件登記案件；,RPRNMLSLMHLGFBF68DA,49.26,5.66,5.17,有,,新北市
內湖區,房地(土地+建物),臺北市內湖區康寧路三段１８９巷８３弄３０號六樓,40.76,都市：其他:第三種住宅區。,,,1150315,土地1建物1車位0,六層,八層,華廈(10層含以下有電梯),住家用,鋼筋混凝土造,0831217,119.28999999999999,4,2,2,有,有,26000000,217956,,0.0,0,陽台外推；其他增建；,RPSOMLKLMHLGFCA67DA,81.19,0.0,11.83,有,,台北市
蘆竹區,房地(土地+建物)+車位,桃園市蘆竹區南崁路一段１３８號四樓之５,29.36,工,,,1150316,土地1建物1車位1,四層,十四層,住宅大樓(11層含以上有電梯),辦公用,鋼筋混凝土造,1010918,216.63,3,2,2,有,有,22500000,103864,坡道平面,0.0,0,親友、員工、共有人或其他特殊關係間之交易；,RPPNMLRJNHLGFEH88EA,120.62,2.22,13.15,有,0205,桃園市
新豐鄉,房地(土地+建物)+車位,新竹縣新豐鄉明新十街９６號四樓,21.14,住,,,1120920,土地1建物1車位1,四層,九層,華廈(10層含以下有電梯),住家用,鋼筋混凝土造,1141223,125.70000000000002,3,2,2,有,有,13270000,120502,坡道平面,31.76,1950000,預售屋、或土地及建物分件登記案件；,RPOOMLKLMHLGFDJ28DA,55.76,0.0,5.76,有,,新竹縣
龜山區,房地(土地+建物)+車位,桃園市龜山區長慶二街７７號,17.35,住,,,1150314,土地1建物1車位1,一層,十五層,住宅大樓(11層含以上有電梯),商業用,鋼筋混凝土造,1080924,130.72,0,1,1,有,有,17750000,135786,坡道平面,23.25,0,,RPPNMLNKNHLGFHH88EA,63.43,0.0,10.24,有,0257,桃園市
林口區,房地(土地+建物)+車位,新北市林口區民有街５６號十三樓之一,8.77,商,,,1150308,土地1建物1車位1,十三層,二十一層,住宅大樓(11層含以上有電梯),住家用,鋼筋混凝土造,1061122,124.64,2,2,1,有,有,16360000,151605,坡道平面,30.58,2100000,其他增建；,RPUOMLNKMHLGFBF48DA,54.51,4.42,4.94,有,0190,新北市
中壢區,房地(土地+建物)+車位,桃園市中壢區同慶路２５１號五樓,15.86,住,,,1150415,土地1建物1車位1,五層,十層,華廈(10層含以下有電梯),住家用,鋼筋混凝土造,0880601,146.52,3,2,2,有,有,10800000,73710,坡道平面,0.0,0,,RPPNMLSJNHLGFBH68EA,82.23,0.0,5.83,有,0055,桃園市
三重區,房地(土地+建物),新北市三重區福德南路３９之３號八樓,11.66,商,,,1150419,土地2建物1車位0,八層,十層,華廈(10層含以下有電梯),住家用,鋼筋混凝土造,0910405,96.04,3,2,2,有,有,18300000,190546,,0.0,0,陽台外推；,RPOOMLKMMHLGFGF28DA,62.74,0.0,8.94,有,,新北市
小港區,房地(土地+建物)+車位,高雄市小港區宏平路４３３號十一樓之１６,10.48,其他,,,1130517,土地1建物1車位1,十一層,十八層,住宅大樓(11層含以上有電梯),見其它登記事項,見其它登記事項,1150212,159.95,3,2,2,有,有,13550000,86994,坡道平面,22.01,1550000,預售屋、或土地及建物分件登記案件；,RPUOMLOJNHLGFCE58DA,81.45,0.0,8.48,有,,高雄市
桃園區,土地,國聖段980-2地號,20.83,工,,,1150410,土地1建物0車位0,,,其他,,,,0.0,0,0,0,無,無,4037479,193830,,0.0,0,政府機關標讓售；,RPPNMLQJNHLGFAH38EA,0.0,0.0,0.0,無,,桃園市
西屯區,房地(土地+建物)+車位,臺中市西屯區臺灣大道三段７６３號七樓之１０,5.92,商,,,1091013,土地1建物1車位1,七層,三十六層,住宅大樓(11層含以上有電梯),住家用,鋼骨造,1141028,115.17,2,2,1,有,有,10180000,103770,坡道平面,30.56,1400000,1.讓渡日期:112/6/232.此申報總價為1020萬元預售屋、或土地及建物分件登記案件；,RPPWMLPJNHLGFCB68DA,46.98,3.71,4.76,有,,台中市
樹林區,房地(土地+建物),新北市樹林區俊英街２０７號二樓之１,9.91,住,,,1150320,土地1建物1車位0,二層,十七層,住宅大樓(11層含以上有電梯),住家用,鋼筋混凝土造,0840211,108.06,3,2,2,有,有,11500000,106422,,0.0,0,鐵鋁窗、雨遮其他增建；,RPPNMLTJNHLGFIF56DA,80.86,1.12,8.19,有,,新北市
豐原區,房地(土地+建物),臺中市豐原區永康路２１３巷５５弄５０號,94.09,住,,,1141225,土地3建物1車位0,全,五層,透天厝,住家用,鋼筋混凝土造,0850327,198.6,5,4,4,有,無,13600000,68479,,0.0,0,頂樓加蓋；其他增建；,RPRNMLKLLHLGFDB57DA,182.73,5.43,0.0,無,,台中市
中和區,房地(土地+建物),新北市中和區信義街１號五樓,15.17,商,,,1150125,土地1建物1車位0,五層,五層,公寓(5樓含以下無電梯),住家用,鋼筋混凝土造,0700507,67.7,3,2,1,有,無,9200000,135894,,0.0,0,,RPOPMLRKMHLGFHF98DA,67.7,0.0,0.0,無,,新北市
北屯區,房地(土地+建物)+車位,臺中市北屯區南興北一路１１８號十七樓之２,15.03,住,,,1120401,土地1建物1車位1,十七層,十七層,住宅大樓(11層含以上有電梯),住家用,鋼筋混凝土造,1150205,127.95,2,2,1,有,有,14670000,137353,坡道平面,34.25,1800000,預售屋、或土地及建物分件登記案件；,RPOSNLMJMHLGFBB77DA,56.27,0.0,5.09,有,,台中市
信義區,土地,信義段一小段4地號,39.5,都市：其他:道路用地(公共設施用地)。51/9/1,,,1150505,土地2建物0車位0,,,其他,,,,0.0,0,0,0,無,無,3815757,96601,,0.0,0,包含公共設施保留地用地；,RPTNMLSJNHLGFDA48DA,0.0,0.0,0.0,無,004,台北市
中壢區,房地(土地+建物),桃園市中壢區新興路２３０巷５號十二樓,12.18,商,,,1150411,土地1建物1車位0,十二層,二十層,住宅大樓(11層含以上有電梯),住家用,鋼筋混凝土造,1040915,120.13,3,2,2,有,有,16000000,133189,,0.0,0,,RPTNMLOKNHLGFBH68DA,74.77,0.0,4.89,有,0108,桃園市
桃園區,房地(土地+建物)+車位,桃園市桃園區春日路６５８巷１號五樓之５,13.29,住,,,1150128,土地1建物1車位1,五層,二十四層,住宅大樓(11層含以上有電梯),住家用,鋼筋混凝土造,0881129,125.38,2,2,1,有,有,10680000,85181,坡道平面,0.0,0,夾層增建,RPPSMLTKLHLGFAH98DA,61.33,0.0,8.67,有,,桃園市
淡水區,房地(土地+建物)+車位,新北市淡水區坪頂路３５號六樓,27.44,住,,,1150314,土地1建物1車位1,六層,九層,華廈(10層含以下有電梯),住家用,鋼筋混凝土造,0840228,138.5,3,2,2,有,有,14880000,108272,升降機械,16.77,1700000,,RPSOMLQJNHLGFEF98EA,96.46,1.19,10.78,有,0237,新北市
中和區,房地(土地+建物)+車位,新北市中和區中興街２８１號四樓,11.66,住,,,1150317,土地1建物1車位1,四層,十四層,住宅大樓(11層含以上有電梯),住家用,鋼筋混凝土構造,1140722,119.53999999999999,2,2,1,有,有,19900000,203014,坡道平面,32.6,2250000,,RPRNMLRLLHLGFHF09DA,50.77,1.57,4.7,有,0270,新北市
大寮區,土地,翁公園段3352-2地號,152.31,農,,,1150503,土地8建物0車位0,,,其他,,,,0.0,0,0,0,無,無,4761300,31261,,0.0,0,未保存登記房屋不計價住宅區105000元/坪農業區40000元/坪未登記建物；,RPQNMLLJNHLGFLE68DA,0.0,0.0,0.0,無,0003,高雄市
龜山區,房地(土地+建物)+車位,桃園市龜山區萬壽路二段１１９９巷７８號八樓,28.37,工,,,1150330,土地1建物1車位1,八層,十五層,住宅大樓(11層含以上有電梯),其他,鋼筋混凝土造,1110426,157.51999999999998,0,0,0,無,有,16200000,105898,坡道平面,21.54,1800000,,RPUOMLQJNHLGFHH96DA,78.41,5.09,5.06,有,,桃園市
內湖區,房地(土地+建物)+車位,臺北市內湖區文湖街２１巷９１弄１３號十樓,27.81,都市：其他:第三種住宅區。,,,1150130,土地1建物1車位1,十層,十層,華廈(10層含以下有電梯),住家用,鋼筋混凝土造,1070105,128.09,0,1,1,有,有,28200000,215691,塔式車位,6.62,2000000,其他增建；,RPVNMLKKMHLGFCA77DA,58.08,14.2,3.9,有,122,台北市
橋頭區,房地(土地+建物)+車位,高雄市橋頭區新南二街２３號,15.8,住,,,1120421,土地1建物1車位1,一層,十五層,住宅大樓(11層含以上有電梯),見其他登記事項,鋼筋混凝土造,1150106,127.79,0,0,0,無,有,13610000,106348,坡道平面,17.21,1850000,預售屋、或土地及建物分件登記案件；,RPWNMLOJNHLGFFE98DA,70.79,0.0,0.0,有,,高雄市
金山區,土地,三和段33-1地號,1500.0,,山坡地保育區,林業用地,1130918,土地1建物0車位0,,,其他,,,,0.0,0,0,0,無,無,2722500,1815,,0.0,0,,RPTNMLLJJIJGFDF77DA,0.0,0.0,0.0,無,,新北市
新莊區,房地(土地+建物),新北市新莊區新莊路５４３巷７弄１９號三樓,27.2,住,,,1150329,土地1建物1車位0,三層,四層,公寓(5樓含以下無電梯),住家用,鋼筋混凝土造,0620125,88.02,3,2,1,有,無,8700000,98841,,0.0,0,,RPXONLKKMHLGFBF58DA,72.9,0.0,15.12,無,0156,新北市
鼓山區,房地(土地+建物)+車位,高雄市鼓山區龍德路３８５號九樓,18.54,其他,,,1150502,土地1建物1車位1,九層,十四層,住宅大樓(11層含以上有電梯),住家用,鋼筋混凝土造,0940915,190.93,2,2,2,有,有,21880000,114597,坡道平面,26.54,0,,RPPOMLOJNHLGFAE87DA,102.97,2.59,8.16,有,,高雄市
南屯區,房地(土地+建物)+車位,臺中市南屯區建功路６９號九樓之２,11.52,住,,,1121119,土地1建物1車位1,九層,二十三層,住宅大樓(11層含以上有電梯),住家用,鋼筋混凝土造,1141226,126.93,2,2,1,有,有,12900000,112610,坡道平面,26.14,1550000,預售屋、或土地及建物分件登記案件；,RPOOMLKMMHLGFCB47DA,60.7,0.0,5.49,有,,台中市
中壢區,房地(土地+建物)+車位,桃園市中壢區元化路二段１２６號三樓,19.39,住,,,1150331,土地2建物1車位1,三層,十二層,住宅大樓(11層含以上有電梯),辦公用,鋼筋混凝土造,0800213,209.82,4,2,1,有,有,10500000,50045,坡道平面,0.0,0,,RPSOMLKMMHLGFBH38DA,156.79,1.24,0.0,有,,桃園市
新豐鄉,房地(土地+建物),新竹縣新豐鄉新庄路２７２號,180.28,商,,,1150420,土地3建物1車位0,一層，二層，騎樓,三層,公寓(5樓含以下無電梯),住家用,木石磚造（磚石造）加強磚造,,178.67,5,2,2,有,無,10500000,58768,,0.0,0,一樓後半部增建、三樓增建,RPPNMLMLMHLGFDJ48DA,178.67,0.0,0.0,無,,新竹縣
左營區,房地(土地+建物),高雄市左營區重安路４２巷１７號五樓,25.84,其他,,,1150323,土地1建物1車位0,五層,六層,華廈(10層含以下有電梯),住家用,鋼筋混凝土造,0830303,90.42,3,2,2,有,有,6950000,76864,,0.0,0,,RPSNMLLJMHLGFEE08DA,63.64,0.0,10.01,有,,高雄市
大寮區,土地,琉球段577-13地號,288.56,其他,,,1150511,土地1建物0車位0,,,其他,,,,0.0,0,0,0,無,無,17290000,59918,,0.0,0,,RPXNMLOKNHLGFLE17DA,0.0,0.0,0.0,無,0017,高雄市
士林區,車位,臺北市士林區中山北路七段８１巷７號房屋地下四層,0.38,都市：其他:第三種住宅區。,,,1150403,土地1建物1車位1,地下四層,十九層,其他,防空避難室兼停車場,鋼筋混凝土造,0811124,39.69,0,0,0,無,有,2450000,,坡道平面,0.0,2450000,僅車位交易；,RPQOMLRJNHLGFEA28DA,0.0,0.0,0.0,有,017,台北市
板橋區,房地(土地+建物),新北市板橋區文化路二段４１０巷２弄２２號十樓之二,11.78,住,,,1150122,土地1建物1車位0,十層,十四層,住宅大樓(11層含以上有電梯),住家用,鋼筋混凝土造,0850320,61.050000000000004,2,1,1,有,有,14500000,237510,,0.0,0,其他增建；,RPRNMLSJMHLGFAF38DA,42.82,0.0,5.92,有,,新北市
鼓山區,土地,內惟段六小段1275地號,1.0,都市：其他:第三種特定商業專用區,,,1150407,土地1建物0車位0,,,其他,,,,0.0,0,0,0,無,無,140000,0,,0.0,0,,RPRPMLOKMHLGFAE18DA,0.0,0.0,0.0,無,0040,高雄市
蘆竹區,房地(土地+建物),桃園市蘆竹區南山路一段７３號十三樓之７,7.56,住,,,1150104,土地1建物1車位0,十三層,二十層,住宅大樓(11層含以上有電梯),住家用,鋼筋混凝土造,0840811,81.69,3,2,1,有,有,7300000,89362,,0.0,0,,RPVPMLMLMHLGFEH56DA,51.84,2.31,6.66,有,0303,桃園市
新興區,房地(土地+建物)+車位,高雄市新興區中山一路１６號九樓之２１,5.41,其他,,,1100503,土地2建物1車位1,九層,三十四層,住宅大樓(11層含以上有電梯),見其他登記事項,見其他登記事項,1150121,128.38,2,1,1,有,有,11100000,97800,坡道平面,26.13,1100000,另有讓渡預售屋、或土地及建物分件登記案件；,RPXPMLOKMHLGFBE88DA,46.01,0.0,20.69,有,,高雄市
新屋區,房地(土地+建物)+車位,桃園市新屋區新洲五街８９號三樓,39.79,住,,,1131020,土地1建物1車位1,三層,十層,華廈(10層含以下有電梯),住家用,鋼筋混凝土造,1141224,146.84,3,2,2,有,有,15070000,114927,坡道平面,30.94,1750000,本件為權利讓渡二親等。原權利人：陳○○子、陳○○女，新權利人：黃○○母。原買賣價金新台幣15070000元整，新買賣價金新台幣15070000元整。原交易日期113年10月20日，新交易日期115年04月13日。預售屋、或土地及建物分件登記案件；,RPVNMLNLMHLGFDH98DA,79.03,0.0,5.86,有,,桃園市
小港區,土地,大林段317-1地號,90.0,商,,,1150313,土地1建物0車位0,,,其他,,,,0.0,0,0,0,無,無,7620000,84667,,0.0,0,,RPSNMLRJNHLGFCE58DA,0.0,0.0,0.0,無,,高雄市
新興區,房地(土地+建物)+車位,高雄市新興區中山一路１６號二十三樓之１,7.18,其他,,,1100922,土地2建物1車位1,二十三層,三十四層,住宅大樓(11層含以上有電梯),見其他登記事項,見其他登記事項,1150121,166.28,3,1,2,有,有,19270000,128220,坡道平面,26.13,1300000,另有讓渡預售屋、或土地及建物分件登記案件；,RPXNMLTLLHLGFBE56DA,63.07,0.0,28.16,有,,高雄市
三重區,房地(土地+建物)+車位,新北市三重區元信一街２１１號八樓,23.26,住,,,1090818,土地1建物1車位1,八層,二十層,住宅大樓(11層含以上有電梯),住家用,鋼筋混凝土造,1150206,169.6,3,2,2,有,有,18870000,127149,坡道平面,39.28,2300000,預售屋、或土地及建物分件登記案件；,RPQOMLMLMHLGFGF58DA,78.56,2.57,4.67,有,,新北市
東勢區,房地(土地+建物),臺中市東勢區東關路六段２９６之３號,77.08,住,,,1130407,土地1建物1車位0,全,四層,透天厝,住商用,鋼筋混凝土造,1141023,195.12,3,3,4,有,無,16750000,85845,,0.0,0,未登記建物；預售屋、或土地及建物分件登記案件；,RPQNMLOKNHLGFGB28DA,176.86,0.0,18.26,無,,台中市
大溪區,房地(土地+建物),桃園市大溪區長興西街１５８號,155.54,住,,,1150224,土地2建物1車位0,全,三層,透天厝,住家用,鋼筋混凝土造,1080118,281.96,4,2,4,有,無,31980000,113420,,0.0,0,雨遮 採光罩增建 法定空地增建自家車庫其他增建；,RPUNMLMLMHLGFCH68DA,256.97,0.0,24.99,無,,桃園市
竹北市,房地(土地+建物)+車位,新竹縣竹北市莊敬北路１１０號七樓,11.07,商,,,1140111,土地1建物1車位1,七層，見其他登記事項,十層,華廈(10層含以下有電梯),商業用,鋼筋混凝土造,0940331,121.6,3,2,2,有,有,16500000,135680,坡道平面,0.0,0,夾層；,RPUOMLNKJHLGFBJ58DA,55.75,0.0,7.43,有,097,新竹縣
五股區,房地(土地+建物)+車位,新北市五股區新城八路３４１號六樓,27.07,住,,,1130623,土地1建物1車位2,六層,十五層,住宅大樓(11層含以上有電梯),住家用,鋼筋混凝土造,1141223,182.62,3,2,2,有,有,22400000,161498,坡道平面,73.64,4800000,預售屋、或土地及建物分件登記案件；,RPVVMLTLMHLGFBF37DA,61.48,6.61,5.1,有,,新北市
蘆竹區,房地(土地+建物)+車位,桃園市蘆竹區大新一街３３９號二樓,12.11,商,,,1130519,土地1建物1車位1,二層,十五層,住宅大樓(11層含以上有電梯),住家用,鋼筋混凝土造,1150327,128.92,2,2,1,有,有,11600000,100128,坡道平面,27.05,1400000,114.10.21，父子原價轉讓預售屋、或土地及建物分件登記案件；,RPWPMLNLMHLGFEH76DA,60.92,0.0,6.79,有,,桃園市
三重區,房地(土地+建物)+車位,新北市三重區光復路二段８７巷４１號九樓,27.03,住,,,1150210,土地1建物1車位1,九層,十八層,住宅大樓(11層含以上有電梯),住家用,鋼筋混凝土造,1130501,179.68,4,2,2,有,有,28800000,185557,坡道平面,35.25,2000000,,RPPPMLLKNHLGFGF48DA,78.97,5.22,9.95,有,,新北市
太平區,房地(土地+建物)+車位,臺中市太平區育才路１７７號十二樓之１,19.14,住,,,1121212,土地1建物1車位1,十二層,十五層,住宅大樓(11層含以上有電梯),住家用,鋼筋混凝土造,1150113,124.66999999999999,2,2,1,有,有,12200000,106284,坡道平面,28.23,1950000,預售屋、或土地及建物分件登記案件；,RPQWNLLMLHLGFJB66DA,56.52,0.0,6.53,有,,台中市
北屯區,房地(土地+建物)+車位,臺中市北屯區南興北一路１１６號十五樓之１,25.86,住,,,1120916,土地1建物1車位2,十五層,十七層,住宅大樓(11層含以上有電梯),住家用,鋼筋混凝土造,1150205,229.76999999999998,4,2,2,有,有,27300000,148199,坡道平面,68.5,3400000,預售屋、或土地及建物分件登記案件；,RPRPMLQKMHLGFBB18DA,94.65,0.0,10.96,有,,台中市
西屯區,房地(土地+建物),臺中市西屯區至善路１２１巷２０號二樓之１,3.15,住,,,1150501,土地1建物1車位0,二層,十二層,住宅大樓(11層含以上有電梯),住家用,鋼筋混凝土造,0821014,23.85,1,0,1,有,有,1800000,75472,,0.0,0,,RPUOMLSJNHLGFCB68DA,12.68,0.0,2.6,有,,台中市
樹林區,房地(土地+建物)+車位,新北市樹林區佳園路三段９９巷１之７號六樓,73.76,,一般農業區,丁種建築用地,1150303,土地1建物1車位2,六層,十層,華廈(10層含以下有電梯),工業用,鋼筋混凝土造,1140513,300.77,0,0,0,無,有,36450000,130099,坡道平面,54.42,4400000,新建案管委會籌組中,RPUNMLOKNHLGFIF66DA,152.58,0.0,0.0,有,,新北市
鼓山區,房地(土地+建物),高雄市鼓山區富農路１２０號六樓,12.46,其他,,,1150317,土地1建物1車位0,六層,十五層,住宅大樓(11層含以上有電梯),住家用,鋼筋混凝土造,0940929,120.69,3,2,2,有,有,12650000,104814,,0.0,0,,RPUNMLMKNHLGFAE18DA,78.25,0.0,7.83,有,,高雄市
觀音區,房地(土地+建物),桃園市觀音區九如三街８號,92.0,住,,,1150317,土地1建物1車位0,全,三層,透天厝,住家用,鋼筋混凝土造,0950111,178.49,4,3,3,有,無,10500000,58827,,0.0,0,其他增建；,RPQOMLNLMHLGFBH38DA,154.13,5.1,19.26,無,,桃園市
鳥松區,房地(土地+建物),高雄市鳥松區本路３８５號,106.0,住,,,1150401,土地1建物1車位0,全,三層,透天厝,住家用,鋼筋混凝土造,0711225,147.63,3,2,3,有,無,22800000,154440,,0.0,0,一樓空地+鐵皮屋頂增建其他增建；,RPSNMLLLMHLGFIE68DA,147.63,0.0,0.0,無,0026,高雄市
萬華區,房地(土地+建物),臺北市萬華區開封街二段６４號九樓之５,4.89,都市：其他:第四種商業區。,,,1130128,土地1建物1車位0,九層,十五層,住宅大樓(11層含以上有電梯),住家用,鋼筋混凝土造,1141222,68.65,2,1,1,有,有,19440000,283176,,0.0,0,預售屋、或土地及建物分件登記案件；,RPUUMLPLLHLGFBA78DA,37.91,0.0,6.44,有,,台北市
瑞芳區,房地(土地+建物),新北市瑞芳區三爪子坑路民享新村３６號四樓,44.18,,鄉村區,乙種建築用地,1150206,土地1建物1車位0,四層,五層,公寓(5樓含以下無電梯),住家用,鋼筋混凝土造,0820726,136.15,3,2,2,有,無,4800000,35255,,0.0,0,,RPQNMLKKLHLGFFF97DA,108.24,0.58,13.82,無,,新北市
大寮區,房地(土地+建物),高雄市大寮區鳳林一路９巷１３號,78.14,住,,,1150213,土地1建物1車位0,全,二層,透天厝,住商用,加強磚造,0690822,97.38,3,2,2,有,無,4200000,43130,,0.0,0,鐵皮屋頂增建、防火巷增建。本標的物現況二樓臥室、一二樓廁所、天花板、牆壁有滲漏水、壁癌等情形，買方同意自行維修並負擔修繕費用，賣方免除物之瑕疵擔保責任，惟若重大瑕疵除外如：非自然身故、輻射屋、海砂屋...等。,RPTNMLQJNHLGFLE86DA,97.38,0.0,0.0,無,,高雄市
南港區,房地(土地+建物)+車位,臺北市南港區南深路２３巷１號,53.52,都市：其他:第二種住宅區。,,,1100621,土地1建物1車位1,一層,五層,華廈(10層含以下有電梯),住家用,鋼筋混凝土造,1141229,122.49000000000001,3,2,2,有,有,26000000,212262,升降機械,0.0,1450000,原申報書序號:B2AD11011050001預售屋、或土地及建物分件登記案件；,RPPNMLRJNHLGFDA08EA,69.15,0.0,0.0,有,,台北市
鳳山區,房地(土地+建物),高雄市鳳山區四海街６２巷３號,85.0,其他,,,1150415,土地4建物1車位0,全,二層,透天厝,住商用,加強磚造,0640121,99.36,4,2,2,有,無,8500000,85548,,0.0,0,一樓空地其他增建；,RPVOMLLKNHLGFGE88DA,99.36,0.0,0.0,無,,高雄市
新竹市,土地,忠孝段204-1地號,107.5,住,,,1150430,土地2建物0車位0,,,其他,,,,0.0,0,0,0,無,無,8130000,75628,,0.0,0,親友、員工、共有人或其他特殊關係間之交易；,RPWNMLSJNHLGFAO27DA,0.0,0.0,0.0,無,,新竹市
小港區,房地(土地+建物),高雄市小港區青山街９３巷１４號,20.9,住,,,1150403,土地1建物1車位0,一層,七層,華廈(10層含以下有電梯),住家用,鋼筋混凝土造,0830621,116.19,3,2,2,有,有,5700000,49058,,0.0,0,,RPVNMLLKNHLGFCE38DA,82.09,3.94,0.0,有,,高雄市
竹北市,土地,貓兒錠段山腳小段1009地號,1136.0,,特定農業區,農牧用地,1150201,土地1建物0車位0,,,其他,,,,0.0,0,0,0,無,無,7200000,6338,,0.0,0,,RPROMLKMMHLGFBJ48DA,0.0,0.0,0.0,無,,新竹縣
新屋區,房地(土地+建物),桃園市新屋區民有三路６６６巷１５弄１０號四樓,35.26,,特定農業區,甲種建築用地,1150501,土地1建物1車位0,四層,五層,公寓(5樓含以下無電梯),住家用,鋼筋混凝土造,0831027,86.48,3,2,1,有,無,1720000,19889,,0.0,0,,RPSOMLLKNHLGFDH58DA,75.42,0.0,8.66,無,,桃園市
烏日區,房地(土地+建物)+車位,臺中市烏日區中山路三段４１８號十四樓之６,14.86,商,,,1150305,土地1建物1車位1,十四層,十五層,住宅大樓(11層含以上有電梯),住家用,鋼筋混凝土造,1120822,120.84,2,2,1,有,有,11460000,94836,坡道平面,33.2,0,,RPQNMLOLMHLGFIB48DA,53.3,0.0,4.28,有,0157,台中市
北屯區,房地(土地+建物)+車位,臺中市北屯區南興北一路１１８號十樓之３,19.76,住,,,1120922,土地1建物1車位1,十層,十七層,住宅大樓(11層含以上有電梯),住家用,鋼筋混凝土造,1150205,157.28,3,2,2,有,有,18780000,138828,坡道平面,34.25,1700000,預售屋、或土地及建物分件登記案件；,RPWONLMJMHLGFBB18DA,73.02,0.0,7.57,有,,台中市
林口區,房地(土地+建物)+車位,新北市林口區文化三路二段２８６號十四樓,20.03,商,,,1150416,土地1建物1車位1,十四層,三十六層,住宅大樓(11層含以上有電梯),住家用,鋼骨鋼筋混凝土造,1070628,250.87,3,2,3,有,有,38500000,154825,坡道平面,15.12,2000000,其他增建；,RPSNMLRKMHLGFBF58DA,141.7,8.22,13.62,有,0017,新北市
中壢區,房地(土地+建物),桃園市中壢區龍岡路二段４１５號四樓,14.57,住,,,1150320,土地1建物1車位0,四層,十層,華廈(10層含以下有電梯),住家用,鋼筋混凝土造,0830723,96.35,3,2,2,有,有,6300000,65387,,0.0,0,,RPQOMLNLLHLGFBH28DA,81.98,0.0,2.99,有,0207,桃園市
潭子區,房地(土地+建物)+車位,臺中市潭子區僑興路７７號,20.55,住,,,1131109,土地1建物1車位1,一層，見其他登記事項,十五層,住宅大樓(11層含以上有電梯),商業用,鋼筋混凝土造,1141216,126.58,0,0,0,無,有,16860000,151353,坡道平面,29.39,2150000,預售屋、或土地及建物分件登記案件；,RPRNMLRJNHLGFHB68DA,71.5,0.0,0.0,有,,台中市
龜山區,房地(土地+建物),桃園市龜山區南上路５２０巷３３弄１０號,32.1,工,,,1150215,土地2建物1車位0,一層,五層,公寓(5樓含以下無電梯),工業用,鋼筋混凝土造,0820525,121.02,3,3,1,有,無,9100000,75194,,0.0,0,其他增建；,RPSNMLTLMHLGFHH07DA,87.12,7.24,0.0,無,,桃園市
三民區,房地(土地+建物),高雄市三民區嫩江街１３４號,89.0,住,,,1150305,土地1建物1車位0,全,三層,透天厝,見其它登記事項,鋼筋混凝土造,0640718,185.13,3,1,3,有,無,20500000,110733,,0.0,0,,RPSNMLRJMHLGFDE58DA,185.13,0.0,0.0,無,,高雄市
苓雅區,房地(土地+建物)+車位,高雄市苓雅區六合路１８８號三十一樓,8.91,商,,,1150410,土地1建物1車位1,三十一層,三十五層,住宅大樓(11層含以上有電梯),見其他登記事項,見其他登記事項,1111104,196.44,0,1,2,有,有,23800000,121157,坡道機械,7.77,0,總價2380萬元：土地價款1300萬元整，建物價款1080萬元整。毛胚屋；,RPSNMLNKNHLGFBE28EA,107.48,0.0,7.84,有,0113,高雄市
大雅區,房地(土地+建物),臺中市大雅區雅楓街９９巷３弄３號五樓之２,18.82,住,,,1150412,土地1建物1車位0,五層,六層,華廈(10層含以下有電梯),住家用,鋼筋混凝土造,0820610,80.71000000000001,2,2,1,有,無,5500000,68145,,0.0,0,,RPTNMLTLMHLGFHB56DA,53.74,0.0,5.6,有,0073,台中市
永和區,房地(土地+建物)+車位,新北市永和區中山路一段１００號七樓之１,13.25,商,,,1100805,土地4建物1車位1,七層,十五層,住宅大樓(11層含以上有電梯),住家用,鋼筋混凝土構造,1141202,171.82999999999998,3,2,2,有,有,28640000,190729,坡道平面,36.35,2800000,預售屋、或土地及建物分件登記案件；,RPPPMLQJNHLGFHF98DA,83.23,0.0,6.14,有,,新北市
小港區,房地(土地+建物)+車位,高雄市小港區立群路１３６號七樓,20.07,其他,,,1150418,土地1建物1車位1,七層,七層,華廈(10層含以下有電梯),住家用,鋼筋混凝土造,0821210,143.27,3,2,2,有,有,5800000,40483,一樓平面,0.0,0,親友、員工、共有人或其他特殊關係間之交易；,RPPNMLNKNHLGFCE08EA,89.0,0.54,5.89,有,,高雄市
新竹市,房地(土地+建物),新竹市新竹市光華北街６５號２樓之４,6.06,住,,,1150305,土地1建物1車位0,二層,七層,華廈(10層含以下有電梯),住家用,鋼筋混凝土造,0810107,30.53,1,0,1,有,有,3600000,117917,,0.0,0,其他增建部分為露台其他增建；,RPXNMLLMLHLGFAO76DA,21.85,0.0,0.0,有,,新竹市
蘆竹區,土地,福德段1609-1地號,95.41,,,,1141120,土地11建物0車位0,,,其他,,,,0.0,0,0,0,無,無,1681288,17622,,0.0,0,協議價購；,RPXWMLQKLHLGFEH67DA,0.0,0.0,0.0,無,0337,桃園市
桃園區,房地(土地+建物)+車位,桃園市桃園區龍泉二街４９號四樓,18.1,商,,,1150312,土地1建物1車位1,四層,十九層,住宅大樓(11層含以上有電梯),住家用,鋼筋混凝土造,1021023,198.32999999999998,4,2,2,有,有,18200000,91766,坡道平面,25.77,0,,RPRNMLNKNHLGFAH38EA,102.19,1.26,14.9,有,0236,桃園市
新竹市,房地(土地+建物),新竹市新竹市湳雅街１７６之１號六樓之３,7.38,住,,,1150402,土地1建物1車位0,六層,七層,華廈(10層含以下有電梯),辦公用,鋼筋混凝土造,0971101,39.82,1,1,1,有,有,5600000,140633,,0.0,0,上下樓層內梯陽台外推；夾層；,RPOPMLRJNHLGFAO56DA,21.19,1.22,3.2,有,10,新竹市
中壢區,房地(土地+建物)+車位,桃園市中壢區中園路１９２號一樓之３,68.8,,工業區,丁種建築用地,1130919,土地1建物1車位3,一層,十二層,住宅大樓(11層含以上有電梯),工業用,鋼筋混凝土造,1141127,453.64,0,0,0,無,有,39790000,106208,坡道平面,123.72,4750000,預售屋、或土地及建物分件登記案件；,RPUOMLSKLHLGFBH09DA,211.81,0.0,0.0,有,,桃園市
鳥松區,土地,山水段582地號,102.37,都市：其他:道路用地,,,1150320,土地2建物0車位0,,,其他,,,,0.0,0,0,0,無,無,4365193,42641,,0.0,0,包含公共設施保留地用地；,RPPOMLQJNHLGFIE88DA,0.0,0.0,0.0,無,,高雄市
楠梓區,房地(土地+建物)+車位,高雄市楠梓區興楠路７３巷１０號四樓,18.03,其他,,,1130905,土地1建物1車位1,四層,十五層,住宅大樓(11層含以上有電梯),見其它登記事項,見其它登記事項,1150203,141.77,3,2,2,有,有,13350000,100136,坡道平面,24.43,1600000,預售屋、或土地及建物分件登記案件；,RPXPMLNKNHLGFEE56DA,60.99,0.0,13.88,有,,高雄市
太平區,房地(土地+建物)+車位,臺中市太平區育才路１７５號三樓之２,26.58,住,,,1130505,土地1建物1車位1,三層,十五層,住宅大樓(11層含以上有電梯),住家用,鋼筋混凝土造,1150113,155.54000000000002,3,2,2,有,有,16010000,110832,坡道平面,28.23,1900000,預售屋、或土地及建物分件登記案件；,RPOOMLMJMHLGFJB08DA,76.02,0.0,9.29,有,,台中市
中壢區,土地,環東段296地號,73.0,都市：其他:道路用地,,,1150511,土地1建物0車位0,,,其他,,,,0.0,0,0,0,無,無,2099688,28763,,0.0,0,包含公共設施保留地用地；,RPRNMLSKNHLGFBH98EA,0.0,0.0,0.0,無,,桃園市
蘆竹區,房地(土地+建物)+車位,桃園市蘆竹區山鼻二路１４１號十一樓,22.76,住,,,1130706,土地1建物1車位1,十一層,十一層,住宅大樓(11層含以上有電梯),住家用,鋼筋混凝土造,1150319,139.8,3,2,2,有,有,15470000,126258,坡道平面,31.53,1800000,115.01.10 夫妻原價轉讓預售屋、或土地及建物分件登記案件；,RPSRMLTLMHLGFEH17DA,66.83,0.0,5.2,有,,桃園市
湖口鄉,土地,德盛段1498地號,1402.0,,特定農業區,農牧用地,1150410,土地1建物0車位0,,,其他,,,,0.0,0,0,0,無,無,3380000,2411,,0.0,0,,RPPNMLSJNHLGFDJ09EA,0.0,0.0,0.0,無,,新竹縣
苓雅區,房地(土地+建物),高雄市苓雅區福建街２８５巷６號,31.97,住,,,1150314,土地1建物1車位0,一層,五層,公寓(5樓含以下無電梯),,鋼筋混凝土造,0750808,95.6,3,2,2,有,無,3500000,36611,,0.0,0,親友、員工、共有人或其他特殊關係間之交易；,RPOOMLQJNHLGFBE08DA,92.68,2.92,0.0,無,,高雄市
新莊區,房地(土地+建物)+車位,新北市新莊區中華路二段２５２號十樓,25.59,住,,,1150329,土地1建物1車位1,十層,十層,華廈(10層含以下有電梯),住家用,鋼筋混凝土造,0800802,180.65,4,3,3,有,有,26500000,146692,坡道平面,35.72,0,陽台外推；頂樓加蓋；,RPPNMLTJNHLGFBF48DA,142.34,0.03,15.26,有,,新北市
北屯區,房地(土地+建物)+車位,臺中市北屯區南興北一路１１８號四樓之７,25.86,住,,,1141229,土地1建物1車位2,四層,十七層,住宅大樓(11層含以上有電梯),住家用,鋼筋混凝土造,1150205,229.76999999999998,4,2,2,有,有,28800000,152539,坡道平面,68.5,4200000,親友、員工、共有人或其他特殊關係間之交易；預售屋、或土地及建物分件登記案件；,RPPWMLMJMHLGFBB18DA,94.65,0.0,10.96,有,,台中市
大寮區,土地,三隆段702地號,122.69,其他,,,1150317,土地1建物0車位0,,,其他,,,,0.0,0,0,0,無,無,1780000,14508,,0.0,0,親友、員工、共有人或其他特殊關係間之交易；未登記建物；,RPTNMLRLMHLGFLE07DA,0.0,0.0,0.0,無,,高雄市
蘆竹區,房地(土地+建物)+車位,桃園市蘆竹區南山路一段１３９號七樓,20.21,工,,,1150412,土地1建物1車位1,七層,十八層,住宅大樓(11層含以上有電梯),辦公用,鋼筋混凝土造,1040713,207.95999999999998,3,2,2,有,有,16980000,81650,坡道平面,34.0,0,鐵鋁窗增建,RPQQMLSJNHLGFEH66DA,99.71,2.31,16.08,有,,桃園市
永和區,房地(土地+建物)+車位,新北市永和區保福路一段４７巷１７號九樓之八,12.27,住,,,1150315,土地1建物1車位1,九層,十四層,住宅大樓(11層含以上有電梯),住家用,鋼筋混凝土造,0940401,136.43,2,2,1,有,有,20200000,180189,坡道平面,38.2,2500000,陽台外推；其他增建；,RPWOMLNKMHLGFHF66DA,67.56,0.0,7.43,有,,新北市
桃園區,房地(土地+建物)+車位,桃園市桃園區大興路１２０巷３７號四樓,29.16,住,,,1141109,土地1建物1車位1,四層,九層,華廈(10層含以下有電梯),住家用,鋼筋混凝土造,1030418,170.94,3,2,2,有,有,15500000,90675,坡道平面,45.64,0,後陽台加窗,RPQOMLKLJHLGFAH67DA,76.48,1.44,8.63,有,0357,桃園市
小港區,土地,水庫段327-1地號,271.6,都市：其他:保護區,,,1141203,土地2建物0車位0,,,其他,,,,0.0,0,0,0,無,無,5540558,20400,,0.0,0,協議價購；,RPPVMLLLMHLGFCE58DA,0.0,0.0,0.0,無,0323,高雄市
龜山區,土地,陳厝段250地號,52.47,都市：其他:保護區,,,1150417,土地6建物0車位0,,,其他,,,,0.0,0,0,0,無,無,285714,5445,,0.0,0,土地增值稅由買方負擔親友、員工、共有人或其他特殊關係間之交易；,RPRNMLOLMHLGFHH09DA,0.0,0.0,0.0,無,0128,桃園市
新莊區,車位,新北市新莊區中正路３４０巷１號等,1.79,住,,,1150506,土地1建物1車位1,,,其他,,,,24.23,0,0,0,無,有,2300000,,坡道平面,24.23,2300000,僅車位交易；,RPUTMLOKNHLGFBF56DA,0.0,0.0,0.0,有,0004,新北市
大安區,房地(土地+建物),臺北市大安區復興南路二段１８０巷２１號,48.75,都市：其他:第三種住宅區。,,,1150310,土地1建物2車位0,一層,七層,華廈(10層含以下有電梯),住家用,鋼筋混凝土造,0741101,245.07999999999998,4,2,1,有,有,62000000,252979,,0.0,0,其他增建；,RPPNMLLKNHLGFFA67DA,217.5,10.25,0.0,有,094,台北市
太平區,房地(土地+建物),臺中市太平區新民路６號九樓之４,2.7,住,,,1150422,土地1建物1車位0,九層,十二層,住宅大樓(11層含以上有電梯),住家用,鋼筋混凝土造,0831018,28.27,1,1,1,有,有,1850000,65440,,0.0,0,,RPQNMLNLMHLGFJB48DA,18.17,0.0,3.32,有,0032,台中市
橋頭區,房地(土地+建物)+車位,高雄市橋頭區橋新五路３５號十一樓之５,15.9,住,,,1130205,土地1建物1車位1,十一層,十五層,住宅大樓(11層含以上有電梯),見其他登記事項,鋼筋混凝土造,1150302,113.14,2,1,2,有,有,12530000,110547,坡道平面,14.72,1650000,預售屋、或土地及建物分件登記案件；,RPOOMLRLMHLGFFE68DA,46.52,0.0,15.98,有,,高雄市
桃園區,房地(土地+建物),桃園市桃園區國豐三街４９號五樓,13.3,商,,,1150412,土地1建物1車位0,五層,八層,華廈(10層含以下有電梯),住家用,鋼筋混凝土造,0850415,109.73,2,2,1,有,有,7450000,67894,,0.0,0,,RPQNMLNKNHLGFAH18DA,79.26,0.0,9.08,有,0071,桃園市
太平區,房地(土地+建物)+車位,臺中市太平區育才路１６９號十一樓之２,37.22,住,,,1130204,土地1建物1車位2,十一層,十五層,住宅大樓(11層含以上有電梯),住家用,鋼筋混凝土造,1150113,235.22,4,2,3,有,有,22320000,110316,坡道平面,56.46,2600000,預售屋、或土地及建物分件登記案件；,RPRNMLTJNHLGFJB09DA,108.93,0.0,11.65,有,,台中市
北屯區,房地(土地+建物)+車位,臺中市北屯區崇德九路３６８號二十樓之３,28.61,住,,,1101025,土地1建物1車位2,二十層,二十四層,住宅大樓(11層含以上有電梯),住家用,鋼筋混凝土造,1141119,310.33,3,2,2,有,有,41380000,152962,坡道平面,61.38,3300000,預售屋、或土地及建物分件登記案件；,RPORMLTLMHLGFBB48DA,144.45,0.0,20.93,有,,台中市
松山區,房地(土地+建物),臺北市松山區八德路二段３９７號八樓,6.81,都市：其他:第參種商業區(依都市計畫說明書圖規定辦理，始得作第參種商業區使用)(原屬第貳種商業區)。,,,1150504,土地2建物1車位0,八層,十三層,住宅大樓(11層含以上有電梯),辦公用,鋼筋混凝土造,0950823,66.05,3,2,2,有,有,29000000,439061,,0.0,0,其他增建；,RPPPMLPKNHLGFDA08DA,38.23,1.18,10.27,有,,台北市
林口區,房地(土地+建物)+車位,新北市林口區仁愛路一段６６７巷１９號,117.23,住,,,1140429,土地1建物1車位2,全,三層,透天厝,住家用,鋼筋混凝土造,0960623,267.99,3,1,3,有,有,29880000,111497,坡道平面,49.6,0,,RPUSMLNKNHLGFBF98DA,172.44,0.0,20.5,無,,新北市
北屯區,房地(土地+建物)+車位,臺中市北屯區南興北一路１１８號十四樓之１,22.14,住,,,1130427,土地1建物1車位1,十四層,十七層,住宅大樓(11層含以上有電梯),住家用,鋼筋混凝土造,1150205,172.06,3,2,2,有,有,22820000,151803,坡道平面,34.25,1900000,預售屋、或土地及建物分件登記案件；,RPTOMLRKMHLGFBB38DA,80.84,0.0,9.43,有,,台中市
新興區,房地(土地+建物)+車位,高雄市新興區中山一路１６號二十五樓之８,4.47,都市：其他:第五種商業區,,,1100104,土地2建物1車位1,二十五層,三十四層,住宅大樓(11層含以上有電梯),見其他登記事項,見其他登記事項,1150121,110.92,2,1,1,有,有,10580000,111452,坡道平面,26.13,1130000,另有讓渡預售屋、或土地及建物分件登記案件；,RPXNMLQLLHLGFBE88DA,51.49,0.0,3.82,有,,高雄市
新豐鄉,房地(土地+建物)+車位,新竹縣新豐鄉中崙２２６之３０號六樓,23.31,,特定農業區,甲種建築用地,1121015,土地2建物1車位1,六層,十一層,住宅大樓(11層含以上有電梯),住家用,鋼筋混凝土造,1141215,111.22,2,2,2,有,無,8670000,89985,坡道平面,31.54,1500000,預售屋、或土地及建物分件登記案件；,RPRRMLKMLHLGFDJ88DA,48.5,0.0,3.76,有,,新竹縣
大雅區,房地(土地+建物),臺中市大雅區中山北路４７３巷１０弄２０號,84.27,住,,,1150327,土地2建物1車位0,全,二層,透天厝,住家用,加強磚造,0780203,117.06,6,1,4,有,無,12000000,102512,,0.0,0,,RPRNMLMKNHLGFHB28DA,112.19,0.0,4.87,無,,台中市
龜山區,房地(土地+建物)+車位,桃園市龜山區樂學路１３８號十三樓,16.57,都市：其他:第二種產業專用區,,,1090909,土地2建物1車位1,十三層,二十八層,住宅大樓(11層含以上有電梯),住家用,鋼筋混凝土造,1150204,149.20999999999998,3,2,2,有,有,9640000,71296,坡道平面,35.74,1550000,轉讓日期114.05.23轉讓金額不變預售屋、或土地及建物分件登記案件；,RPVNMLOJNHLGFHH76DA,68.61,0.0,6.85,有,,桃園市
蘆洲區,房地(土地+建物)+車位,新北市蘆洲區中正路３２７之１號十一樓,31.93,住,,,1150210,土地1建物1車位2,十一層,十一層,住宅大樓(11層含以上有電梯),住家用,鋼筋混凝土造,0971031,193.89999999999998,4,2,2,有,有,28500000,180492,坡道平面,63.7,5000000,車位編號為4、32號；現況為5、36號。陽台外推；其他增建；,RPTNMLRJNHLGFGF66EA,81.23,0.0,12.01,有,,新北市
三民區,房地(土地+建物)+車位,高雄市三民區鼎貴路６２巷４４號十二樓,20.88,其他,,,1150227,土地1建物1車位1,十二層，電梯樓梯間,十三層,住宅大樓(11層含以上有電梯),住家用,鋼筋混凝土造,0830809,138.99,3,2,2,有,有,7500000,53961,坡道機械,0.0,0,,RPPRMLOKNHLGFDE58DA,99.05,4.22,13.46,有,,高雄市
八德區,土地,建國段1016地號,92.49,,鄉村區,乙種建築用地,1150326,土地1建物0車位0,,,其他,,,,0.0,0,0,0,無,無,3368000,36415,,0.0,0,親友、員工、共有人或其他特殊關係間之交易；未登記建物；,RPROMLNKNHLGFFH88DA,0.0,0.0,0.0,無,,桃園市
土城區,房地(土地+建物)+車位,新北市土城區青和街６５號六樓,21.85,住,,,1100314,土地1建物1車位1,六層,十五層,住宅大樓(11層含以上有電梯),住家用,鋼筋混凝土造,1150123,147.43,3,2,2,有,有,14840000,110179,坡道平面,31.8,2100000,預售屋、或土地及建物分件登記案件；,RPXPMLRLMHLGFAF66DA,73.22,0.0,4.11,有,,新北市
淡水區,房地(土地+建物)+車位,新北市淡水區義山路一段４０１巷２２號,9.59,住,,,1121204,土地1建物1車位1,一層,十四層,住宅大樓(11層含以上有電梯),商業用,鋼筋混凝土造,1150407,90.4,0,0,0,無,有,12160000,160372,坡道平面,25.8,1800000,預售屋、或土地及建物分件登記案件；,SPROMLQJNHLGFEF88DA,42.99,0.0,0.0,有,,新北市
文山區,房地(土地+建物),臺北市文山區興隆路二段２７５巷１弄４號十一樓,15.03,都市：其他:第三種住宅區。,,,1150403,土地2建物1車位0,十一層,十三層,住宅大樓(11層含以上有電梯),住家用,鋼筋混凝土造,0831018,60.379999999999995,1,1,1,有,有,10000000,165618,,0.0,0,親友、員工、共有人或其他特殊關係間之交易；,RPXNMLMLMHLGFAA08DA,40.79,0.77,3.91,有,,台北市
太平區,房地(土地+建物)+車位,臺中市太平區育才路１７７號十四樓之５,12.76,住,,,1130513,土地1建物1車位1,十四層,十五層,住宅大樓(11層含以上有電梯),住家用,鋼筋混凝土造,1150113,91.75999999999999,0,0,0,無,有,9580000,119314,坡道平面,28.23,2000000,預售屋、或土地及建物分件登記案件；,RPOONLLMLHLGFJB28DA,36.35,0.0,5.15,有,,台中市
前鎮區,房地(土地+建物),高雄市前鎮區精忠街１１２號五樓之１,23.0,住,,,1150315,土地4建物1車位0,五層,五層,公寓(5樓含以下無電梯),見其它登記事項,鋼筋混凝土造,0741227,91.0,3,2,2,有,無,2980000,32747,,0.0,0,,RPQNMLLKNHLGFCE97EA,81.02,0.0,9.98,無,0196,高雄市
鳳山區,房地(土地+建物)+車位,高雄市鳳山區文教路１６８號十五樓之５,21.42,住,,,1101207,土地1建物1車位1,十五層,十五層,住宅大樓(11層含以上有電梯),見其他登記事項,見其他登記事項,1141224,151.73,3,2,2,有,有,12300000,96171,坡道平面,42.55,1800000,預售屋、或土地及建物分件登記案件；,RPSOMLNLMHLGFGE78DA,63.59,0.0,7.76,有,,高雄市
楠梓區,房地(土地+建物)+車位,高雄市楠梓區加昌路２７９巷３之２號二樓,14.27,住,,,1150106,土地1建物1車位1,二層,十一層,住宅大樓(11層含以上有電梯),見其它登記事項,見其它登記事項,1141023,105.57,3,1,2,有,有,10290000,95333,坡道機械,10.22,1200000,,RPTOMLMKNHLGFEE58DA,58.84,0.0,4.33,有,,高雄市
楠梓區,房地(土地+建物)+車位,高雄市楠梓區高雄大學路２８２號八樓,16.46,住,,,1150206,土地1建物1車位1,八層,十五層,住宅大樓(11層含以上有電梯),見其它登記事項,見其它登記事項,1100513,116.78,2,2,2,有,有,10900000,106020,坡道平面,31.89,1900000,,RPQNMLSLKHLGFEE58DA,51.08,0.0,3.45,有,0255,高雄市
大溪區,房地(土地+建物),桃園市大溪區華興街１３巷２２之１號,32.67,住,,,1150307,土地2建物1車位0,二層,三層,公寓(5樓含以下無電梯),住家用,加強磚造,0670130,64.48,3,2,1,有,無,2500000,38772,,0.0,0,,RPSNMLKMMHLGFCH38DA,64.48,0.0,0.0,無,,桃園市
新店區,房地(土地+建物)+車位,新北市新店區新坡一街６３號八樓,49.39,,山坡地保育區,丙種建築用地,1150105,土地1建物1車位1,八層,八層,華廈(10層含以下有電梯),住家用,鋼筋混凝土造,0840704,126.43,2,1,1,有,有,10000000,79095,坡道平面,0.0,0,親友、員工、共有人或其他特殊關係間之交易；陽台外推；,RPPOMLMKNHLGFCF08DA,66.15,2.25,8.57,有,0361,新北市
板橋區,房地(土地+建物),新北市板橋區民族路３７之１號四樓,30.0,住,,,1150419,土地1建物1車位0,四層,五層,公寓(5樓含以下無電梯),住家用,鋼筋混凝土造,0720523,115.49,4,2,2,有,無,17300000,149797,,0.0,0,其他增建；,RPVNMLNKNHLGFAF58EA,103.27,0.0,12.22,無,0108,新北市
內湖區,房地(土地+建物),臺北市內湖區成功路二段２５０巷３２號三樓,34.02,都市：其他:第三種住宅區。,,,1150324,土地4建物1車位0,三層,四層,公寓(5樓含以下無電梯),住家用,鋼筋混凝土造,0681228,90.54,3,2,2,有,無,15000000,165673,,0.0,0,,RPPNMLQJNHLGFCA77DA,79.18,0.0,11.36,無,,台北市
八德區,房地(土地+建物)+車位,桃園市八德區瑞安街１１８之５號五樓,30.98,,鄉村區,乙種建築用地,1150312,土地3建物1車位1,五層,十五層,住宅大樓(11層含以上有電梯),住家用,鋼筋混凝土造,1030710,178.86,3,2,2,有,有,14300000,79951,坡道平面,27.62,0,,RPUQMLKMLHLGFFH09DA,89.32,4.98,10.12,有,0170,桃園市
八德區,土地,竹園段369地號,1137.97,,特定農業區,農牧用地,1150325,土地2建物0車位0,,,其他,,,,0.0,0,0,0,無,無,10000000,8788,,0.0,0,,RPPNMLLKNHLGFFH38DA,0.0,0.0,0.0,無,,桃園市
大同區,房地(土地+建物)+車位,臺北市大同區民權西路１４１號十三樓,7.67,都市：其他:第三種商業區。,,,1110728,土地1建物1車位1,十三層,十五層,住宅大樓(11層含以上有電梯),住家用,鋼筋混凝土造,1150202,110.32,3,2,1,有,有,28300000,274674,升降機械,14.57,2000000,預售屋、或土地及建物分件登記案件；,RPUNMLSJNHLGFBA38DA,58.3,0.0,4.27,有,,台北市
大社區,房地(土地+建物),高雄市大社區中山路１１５號,80.0,住,,,1150331,土地1建物1車位0,全,三層,透天厝,住商用,鋼筋混凝土造,0760420,158.15,4,2,3,有,無,18800000,118874,,0.0,0,一樓法定空地增建至3樓、遮雨棚增建、鐵鋁窗增建，賣方已折價讓售予買方.不負房屋瑕疵擔保責任其他增建；,RPRNMLMKNHLGFIE68DA,158.15,0.0,0.0,無,,高雄市
北屯區,房地(土地+建物),臺中市北屯區天津路四段３０３號１６樓之２,1.7,商,,,1150228,土地1建物1車位0,十六層,二十四層,住宅大樓(11層含以上有電梯),住家用,鋼筋混凝土造,0840626,26.08,1,0,1,有,有,2800000,107362,,0.0,0,,RPSNMLOLMHLGFBB97DA,15.08,0.0,2.41,有,0173,台中市
新竹市,房地(土地+建物)+車位,新竹市新竹市高翠路９巷４弄４０號五樓,41.86,住,,,1150323,土地1建物1車位1,五層,五層,華廈(10層含以下有電梯),住家用,鋼筋混凝土造,1140902,97.47999999999999,3,2,2,有,有,21800000,223636,一樓平面,0.0,0,土地價款為1308萬元；建物含車位價款價款為872萬元。,RPQOMLRLMHLGFAO76DA,59.89,0.0,8.8,有,,新竹市
左營區,房地(土地+建物),高雄市左營區文恩路１０６巷３之１號,31.5,其他,,,1150413,土地1建物1車位0,二層,四層,公寓(5樓含以下無電梯),見其它登記事項,見其它登記事項,0661122,80.64,3,2,2,有,無,8100000,100446,,0.0,0,全新裝潢、水電管路更新、附家電家俱陽台外推；其他增建；,RPPNMLSJNHLGFEE68EA,80.64,0.0,0.0,無,0051,高雄市
大園區,房地(土地+建物)+車位,桃園市大園區園科路１０７號五樓之２,11.19,商,,,1120919,土地1建物1車位1,五層,十八層,住宅大樓(11層含以上有電梯),住家用,鋼筋混凝土造,1141223,83.5,1,2,1,有,有,7050000,88850,坡道平面,19.91,1400000,114年10月30日更名價格不變預售屋、或土地及建物分件登記案件；,RPUPMLLJMHLGFEH78DA,36.9,0.0,5.15,有,,桃園市
楊梅區,房地(土地+建物)+車位,桃園市楊梅區金溪路３３５號六樓之１,20.13,住,,,1121121,土地1建物1車位1,六層,七層,華廈(10層含以下有電梯),住家用,鋼筋混凝土造,1150129,103.46000000000001,2,2,1,有,有,7350000,75652,坡道平面,24.81,1400000,預售屋、或土地及建物分件登記案件；,RPTRNLTJKHLGFDH86DA,48.36,0.0,4.9,有,,桃園市
汐止區,房地(土地+建物)+車位,新北市汐止區東勢街２０１巷１２９弄９５號二樓,61.34,,山坡地保育區,丙種建築用地,1150320,土地2建物1車位1,二層,五層,華廈(10層含以下有電梯),住家用,鋼筋混凝土構造,1070212,129.16,2,2,1,有,有,14900000,134384,坡道平面,30.19,1600000,,RPSNMLNKMHLGFDF38DA,54.22,4.74,6.26,有,0195,新北市
竹北市,房地(土地+建物)+車位,新竹縣竹北市勝利二路１２８號十四樓,18.4,商,,,1150227,土地1建物1車位1,十四層,二十一層,住宅大樓(11層含以上有電梯),住家用,鋼筋混凝土造,0930517,201.45999999999998,3,2,2,有,有,24250000,120377,坡道平面,0.0,1000000,,RPXNMLRJNHLGFBJ86DA,119.07,0.0,14.28,有,,新竹縣
桃園區,房地(土地+建物),桃園市桃園區信陽街３６之２號,27.46,住,,,1150329,土地2建物1車位0,三層,三層,公寓(5樓含以下無電梯),住家用,加強磚造,0631126,59.2,2,2,1,有,無,4700000,79392,,0.0,0,頂樓加蓋；其他增建；,RPVOMLQJNHLGFAH98DA,59.2,0.0,0.0,無,0189,桃園市
西屯區,房地(土地+建物)+車位,臺中市西屯區市政北一路３３５號十八樓之７,9.41,都市：其他:第六種新市政中心專用區,,,1120626,土地1建物1車位1,十八層,三十七層,住宅大樓(11層含以上有電梯),住家用,鋼骨鋼筋混凝土造、鋼筋混凝土造,1150313,175.17000000000002,3,2,2,有,有,30320000,177920,坡道平面,16.84,2150000,預售屋、或土地及建物分件登記案件；,RPXOMLKKNHLGFCB28DA,85.65,10.96,9.05,有,,台中市
八德區,房地(土地+建物)+車位,桃園市八德區興豐路１８０１巷１００號五樓,45.83,,一般農業區,甲種建築用地,1130803,土地1建物1車位1,五層,五層,華廈(10層含以下有電梯),住家用,鋼筋混凝土造,1150115,147.86,3,2,2,有,有,14880000,102916,一樓平面,20.28,1750000,預售屋、或土地及建物分件登記案件；,RPXRMLSJMHLGFFH47DA,89.21,0.0,13.1,有,,桃園市
西屯區,房地(土地+建物)+車位,臺中市西屯區青海路二段７號二十樓之９,10.13,商,,,1120202,土地1建物1車位1,二十層,二十四層,住宅大樓(11層含以上有電梯),住家用,鋼骨鋼筋混凝土造,1141103,142.38,3,2,2,有,有,23750000,184638,坡道平面,27.29,2500000,預售屋、或土地及建物分件登記案件；,RPQUMLOJNHLGFCB48DA,69.4,0.0,5.92,有,,台中市
新莊區,車位,新北市新莊區中環路二段２３０號二樓,0.94,住,,,1150414,土地1建物1車位1,二層,二十五層,其他,集合住宅,鋼骨構造,1071018,39.239999999999995,0,0,0,無,有,2700000,,坡道平面,39.24,2700000,僅車位交易；,RPQPMLNKNHLGFBF28DA,0.0,0.0,0.0,有,0112,新北市
南屯區,房地(土地+建物)+車位,臺中市南屯區新富路６６９號十二樓之１,63.09,住,,,1150113,土地1建物1車位4,十二層,十二層,住宅大樓(11層含以上有電梯),住家用,鋼筋混凝土造,1120109,277.19,3,2,2,有,有,33000000,119052,坡道平面,133.72,0,親友、員工、共有人或其他特殊關係間之交易；,RPPSMLNKNHLGFCB18DA,88.14,0.0,7.42,有,0187,台中市
八德區,房地(土地+建物)+車位,桃園市八德區豐德路３３８號八樓,39.89,住,,,1150320,土地1建物1車位1,八層,十七層,住宅大樓(11層含以上有電梯),住家用,鋼筋混凝土造,1020503,197.82,3,2,2,有,有,14500000,80272,坡道平面,35.87,1500000,,RPQNMLKLLHLGFFH28DA,95.9,2.06,11.67,有,0230,桃園市
板橋區,房地(土地+建物),新北市板橋區大同街８巷４號十一樓,9.22,住,,,1150415,土地1建物1車位0,十一層,十二層,住宅大樓(11層含以上有電梯),住家用,鋼筋混凝土造,0780919,102.49000000000001,2,1,2,有,有,10000000,97570,,0.0,0,親友、員工、共有人或其他特殊關係間之交易；,RPSPMLOLMHLGFAF48DA,82.95,1.21,3.27,有,0069,新北市
沙鹿區,房地(土地+建物)+車位,臺中市沙鹿區三民路１０９號十樓之１,24.24,住,,,1120912,土地1建物1車位1,十層,十五層,住宅大樓(11層含以上有電梯),住家用,鋼筋混凝土造,1150212,140.88,3,2,2,有,有,14250000,109225,坡道平面,25.98,1700000,預售屋、或土地及建物分件登記案件；,RPPVMLOLLHLGFFB78DA,69.51,0.0,7.15,有,,台中市
小港區,房地(土地+建物)+車位,高雄市小港區松園六路９９號十六樓,11.97,商,,,1150317,土地1建物1車位1,十六層,十七層,住宅大樓(11層含以上有電梯),見其它登記事項,見其它登記事項,1140829,124.24,2,1,2,有,有,12960000,103278,坡道平面,17.15,1900000,,RPSNMLPJNHLGFCE38DA,56.18,0.0,12.39,有,,高雄市
西屯區,房地(土地+建物)+車位,臺中市西屯區臺灣大道三段７６１號十三樓之３,7.54,商,,,1090719,土地1建物1車位1,十三層,三十六層,住宅大樓(11層含以上有電梯),住家用,鋼骨造,1141028,139.73000000000002,3,2,2,有,有,13180000,107915,坡道平面,33.35,1700000,預售屋、或土地及建物分件登記案件；,RPOOMLRLMHLGFCB08DA,63.52,2.16,4.01,有,,台中市
太平區,房地(土地+建物)+車位,臺中市太平區育才路１７１號十樓之３,26.58,住,,,1130921,土地1建物1車位1,十層,十五層,住宅大樓(11層含以上有電梯),住家用,鋼筋混凝土造,1150113,155.19,3,2,2,有,有,16980000,118384,坡道平面,28.23,1950000,預售屋、或土地及建物分件登記案件；,RPRSMLMJMHLGFJB78DA,76.02,0.0,9.29,有,,台中市
龜山區,房地(土地+建物)+車位,桃園市龜山區興華一街３０３號七樓,30.57,住,,,1120501,土地1建物1車位1,七層,十一層,住宅大樓(11層含以上有電梯),住家用,鋼筋混凝土造,1150114,153.2,3,1,2,有,有,18100000,136054,坡道平面,34.13,1900000,預售屋、或土地及建物分件登記案件；,RPVNMLNJNHLGFHH66DA,71.91,0.0,7.21,有,,桃園市
土城區,房地(土地+建物),新北市土城區學府路一段２４巷１２號十樓,8.72,住,,,1150412,土地1建物1車位0,十層,十二層,住宅大樓(11層含以上有電梯),住家用,鋼筋混凝土造,0850313,82.24,2,1,1,有,有,10000000,121595,,0.0,0,,RPWRMLNKNHLGFAF98DA,64.78,0.0,8.66,有,,新北市
潭子區,房地(土地+建物),臺中市潭子區興華一路３４７號,105.02,住,,,1150221,土地1建物1車位0,全,一層,透天厝,商業用,鋼骨造,0901029,62.42,0,0,0,無,無,12280000,196732,,0.0,0,其他增建；,RPRNMLSJNHLGFHB78DA,62.42,0.0,0.0,無,0175,台中市
大園區,房地(土地+建物)+車位,桃園市大園區中興路二段３７１巷２１號八樓,25.01,,一般農業區,甲種建築用地,1150309,土地1建物1車位1,八層,十二層,住宅大樓(11層含以上有電梯),住家用,鋼筋混凝土造,1080605,124.75999999999999,2,2,1,有,有,9500000,76146,坡道平面,32.97,0,,RPQOMLPJNHLGFEH78DA,55.69,0.0,7.99,有,0249,桃園市
新興區,房地(土地+建物)+車位,高雄市新興區中山一路１６號二十三樓之２,4.4,都市：其他:第五種商業區,,,1091223,土地2建物1車位1,二十三層,三十四層,住宅大樓(11層含以上有電梯),見其他登記事項,見其他登記事項,1150121,114.93,2,1,1,有,有,11020000,109459,坡道平面,26.13,1300000,另有讓渡預售屋、或土地及建物分件登記案件；,RPWOMLNJMHLGFBE48DA,41.43,0.0,16.38,有,,高雄市
板橋區,房地(土地+建物),新北市板橋區大觀路二段３７巷６６號三樓,21.27,住,,,1150323,土地1建物1車位0,三層,四層,公寓(5樓含以下無電梯),住家用,鋼筋混凝土造,0640108,73.2,3,2,2,有,無,10500000,143443,,0.0,0,,RPSPMLLKNHLGFAF18DA,65.72,0.0,7.48,無,0214,新北市
北屯區,房地(土地+建物),臺中市北屯區國校巷１５號,136.0,住,,,1150506,土地1建物1車位0,全,二層,透天厝,住家用,鋼筋混凝土加強磚造,0600908,150.58,5,2,3,有,無,20500000,136140,,0.0,0,,RPQQMLQJNHLGFBB18DA,150.58,0.0,0.0,無,,台中市
中壢區,房地(土地+建物),桃園市中壢區龍岡路一段１３５號三樓,31.14,住,,,1150403,土地2建物1車位0,三層,七層,華廈(10層含以下有電梯),住家用,鋼筋混凝土造,0720913,127.68,3,2,2,有,有,5000000,39160,,0.0,0,親友、員工、共有人或其他特殊關係間之交易；,RPPOMLNKNHLGFBH28DA,116.02,0.0,11.66,有,,桃園市
南屯區,房地(土地+建物)+車位,臺中市南屯區忠勇路５２之１９１號十樓,11.86,住,,,1150315,土地1建物1車位1,十層,十四層,住宅大樓(11層含以上有電梯),住家用,鋼筋混凝土造,1021017,124.78999999999999,2,2,2,有,有,12200000,97764,坡道機械,14.11,0,,RPVOMLSJMHLGFCB68DA,64.69,0.0,10.92,有,,台中市
新店區,房地(土地+建物),新北市新店區二十張路３４號三樓,26.19,住,,,1150410,土地1建物2車位0,三層,五層,公寓(5樓含以下無電梯),住家用,鋼筋混凝土造,0690303,93.08,3,2,2,有,無,15550000,167061,,0.0,0,其他增建；,RPQNMLKLMHLGFCF87DA,61.95,0.0,5.47,無,,新北市
橋頭區,房地(土地+建物)+車位,高雄市橋頭區新南一街１８１號八樓,18.96,住,,,1120417,土地1建物1車位1,八層,十五層,住宅大樓(11層含以上有電梯),見其他登記事項,鋼筋混凝土造,1150106,153.64,2,2,2,有,有,14180000,88910,坡道平面,17.21,2050000,預售屋、或土地及建物分件登記案件；,RPPNMLPLMHLGFFE48DA,68.42,0.0,19.04,有,,高雄市
板橋區,房地(土地+建物)+車位,新北市板橋區中山路一段２３６號六樓,15.54,商,,,1080820,土地4建物1車位1,六層,四十六層,住宅大樓(11層含以上有電梯),住家用,鋼骨構造,1141023,188.01999999999998,3,2,2,有,有,31400000,182135,坡道平面,27.15,2100000,預售屋、或土地及建物分件登記案件；,RPTNMLLKJHLGFAF67DA,94.12,6.52,5.81,有,,新北市
大安區,房地(土地+建物),臺北市大安區富陽街１２１號四樓,26.05,都市：其他:第三種住宅區。,,,1150210,土地1建物1車位0,四層,五層,公寓(5樓含以下無電梯),住家用,鋼筋混凝土造,0680804,96.18,3,2,2,有,無,19300000,200665,,0.0,0,陽台外推；,RPROMLMLMHLGFFA08DA,85.03,0.0,11.15,無,,台北市
北投區,房地(土地+建物)+車位,臺北市北投區中和街２１５號十三樓,7.41,都市：其他:第三種商業區。,,,1081223,土地1建物1車位1,十三層,十三層,住宅大樓(11層含以上有電梯),住家用,鋼筋混凝土造,1150302,89.68,2,2,1,有,有,14450000,168281,塔式車位,11.24,1250000,預售屋、或土地及建物分件登記案件；,RPUPMLLKNHLGFEA28DA,46.92,0.0,4.79,有,,台北市
岡山區,土地,程香段145地號,1245.5,農,,,1140314,土地1建物0車位0,,,其他,,,,0.0,0,0,0,無,無,35981057,28889,,0.0,0,,RPTOMLSJNHLGFFE56DA,0.0,0.0,0.0,無,,高雄市
文山區,房地(土地+建物)+車位,臺北市文山區興隆路三段１９２巷８弄９２號九樓,24.1,都市：其他:第三種住宅區。,,,1150405,土地3建物1車位1,九層,十一層,住宅大樓(11層含以上有電梯),住家用,鋼筋混凝土造,1140603,86.39,2,2,1,有,無,25880000,290688,塔式車位,2.52,1500000,,RPRNMLRJMHLGFAA77DA,47.89,0.0,5.82,有,,台北市
板橋區,房地(土地+建物)+車位,新北市板橋區中山路一段２３２號三十二樓,26.71,商,,,1080627,土地4建物1車位2,三十二層,四十六層,住宅大樓(11層含以上有電梯),住家用,鋼骨構造,1141023,324.6,3,2,3,有,有,61880000,211173,坡道平面,54.3,4800000,於民國113年7月3日簽訂預售房地買賣契約書可換約新台幣柒仟貳佰伍拾萬元整，並且於民國113年7月23日簽訂房屋及土地權利轉讓書。預售屋、或土地及建物分件登記案件；,RPVOMLSLMHLGFAF09DA,158.46,13.69,6.68,有,,新北市
新興區,房地(土地+建物),高雄市新興區中山一路１６號五樓之１７,4.76,都市：其他:第五種商業區,,,1101012,土地2建物1車位0,五層,三十四層,住宅大樓(11層含以上有電梯),見其他登記事項,見其他登記事項,1150121,86.15,2,1,1,有,有,9100000,105630,,0.0,0,預售屋、或土地及建物分件登記案件；,RPRPMLKKMHLGFBE87DA,43.41,0.0,12.66,有,,高雄市
南港區,土地,中南段四小段635地號,163.5,都市：其他:第二種住宅區。,,,1150415,土地1建物0車位0,,,其他,,,,0.0,0,0,0,無,無,2109150,12900,,0.0,0,,RPRNMLMKNHLGFDA87EA,0.0,0.0,0.0,無,,台北市
永安區,土地,新厝段433地號,579.51,,一般農業區,養殖用地,1150319,土地1建物0車位0,,,其他,,,,0.0,0,0,0,無,無,6770000,11682,,0.0,0,農作物；,RPTNMLQJNHLGFFE88DA,0.0,0.0,0.0,無,0175,高雄市
北埔鄉,房地(土地+建物),新竹縣北埔鄉中山路１５０巷２之１號,65.09,住,,,1120827,土地1建物1車位0,全,四層,透天厝,住家用,鋼筋混凝土造,1150305,238.16,3,2,4,有,無,16500000,69281,,0.0,0,預售屋、或土地及建物分件登記案件；,RPXPMLQJNHLGFCJ07DA,217.36,0.0,20.8,無,,新竹縣
苓雅區,房地(土地+建物)+車位,高雄市苓雅區復興二路１４２號三樓之５,6.64,商,,,1150203,土地1建物1車位1,三層,十五層,住宅大樓(11層含以上有電梯),見其他登記事項,見其他登記事項,1091230,110.71000000000001,1,1,1,有,有,11500000,103875,塔式車位,19.87,0,,RPPOMLRKMHLGFBE28DA,40.46,0.93,18.17,有,0239,高雄市
淡水區,房地(土地+建物)+車位,新北市淡水區新民街３８號七樓,32.13,住,,,1150316,土地1建物1車位1,七層,二十一層,住宅大樓(11層含以上有電梯),住家用,鋼筋混凝土造,0811125,247.53,3,2,2,有,有,14300000,63784,坡道平面,42.15,1200000,,RPSOMLQKLHLGFEF78DA,163.01,0.85,19.4,有,,新北市
旗山區,土地,南溪洲段905地號,313.61,,鄉村區,乙種建築用地,1141114,土地2建物0車位0,,,其他,,,,0.0,0,0,0,無,無,4800000,15306,,0.0,0,本案確依土地法第34條之1規定處份。未登記建物；,RPRNMLRKMHLGFHE98DA,0.0,0.0,0.0,無,,高雄市
小港區,土地,坪北段538-3地號,278.48,都市：其他:住宅區,,,1150204,土地3建物0車位0,,,其他,,,,0.0,0,0,0,無,無,4177126,15000,,0.0,0,協議價購；,RPPUMLLLMHLGFCE48DA,0.0,0.0,0.0,無,0264,高雄市
蘆竹區,房地(土地+建物),桃園市蘆竹區新南路一段３１之３號,26.66,住,,,1150424,土地1建物1車位0,四層,五層,公寓(5樓含以下無電梯),住家用,鋼筋混凝土造,0710531,68.99,4,0,4,有,無,4000000,57979,,0.0,0,1樓至5樓法定空地、6樓鐵皮屋增建其他增建；,RPVQMLQJNHLGFEH96DA,68.99,0.0,0.0,無,,桃園市
淡水區,房地(土地+建物)+車位,新北市淡水區濱海路一段３０６巷６０弄８８號二樓,17.04,住,,,1150331,土地1建物1車位1,二層,十五層,住宅大樓(11層含以上有電梯),住家用,鋼筋混凝土造,1140805,122.84,2,2,1,有,有,11400000,92804,坡道平面,31.91,0,,RPPOMLRJNHLGFEF68DA,56.84,0.0,3.62,有,,新北市
苓雅區,房地(土地+建物)+車位,高雄市苓雅區英祥街４２號十三樓之１,19.33,其他,,,1150312,土地1建物1車位1,十三層,十五層,住宅大樓(11層含以上有電梯),住家用,鋼筋混凝土造,0960208,207.75,4,2,2,有,有,20750000,99880,坡道平面,16.54,0,含傢俱設備費；,RPSOMLSJNHLGFBE68DA,111.75,8.36,12.33,有,0164,高雄市
桃園區,土地,大林段612地號,129.53,都市：其他:道路用地,,,1150415,土地3建物0車位0,,,其他,,,,0.0,0,0,0,無,無,6300000,48637,,0.0,0,包含公共設施保留地用地；,RPPNMLPJNHLGFAH18DA,0.0,0.0,0.0,無,,桃園市
蘆竹區,房地(土地+建物),桃園市蘆竹區山鼻路９６之１號五樓,22.77,住,,,1130325,土地1建物1車位0,五層,十層,華廈(10層含以下有電梯),住家用,鋼筋混凝土造,1150128,119.76,3,2,2,有,有,12770000,106630,,0.0,0,預售屋、或土地及建物分件登記案件；,RPRSMLTLMHLGFEH17DA,74.67,0.0,6.53,有,,桃園市
八德區,房地(土地+建物),桃園市八德區大忠街４２號二樓之１,30.64,住,,,1150328,土地1建物1車位0,二層,四層,公寓(5樓含以下無電梯),住家用,鋼筋混凝土造,0690825,82.42,3,2,1,有,無,5000000,60665,,0.0,0,陽台外推；,RPQNMLOKMHLGFFH68DA,82.42,0.0,0.0,無,,桃園市
沙鹿區,土地,正義段1277地號,7.45,住,,,1150505,土地1建物0車位0,,,其他,,,,0.0,0,0,0,無,無,326630,43843,,0.0,0,,RPQOMLPJNHLGFFB28DA,0.0,0.0,0.0,無,0002,台中市
沙鹿區,房地(土地+建物)+車位,臺中市沙鹿區三民路１０７號十二樓之７,18.89,住,,,1120820,土地1建物1車位1,十二層,十五層,住宅大樓(11層含以上有電梯),住家用,鋼筋混凝土造,1150212,115.44,2,2,2,有,有,12360000,119718,坡道平面,25.98,1650000,預售屋、或土地及建物分件登記案件；,RPSTNLOLLHLGFFB98DA,53.74,0.0,5.99,有,,台中市
豐原區,房地(土地+建物),臺中市豐原區南陽路南陽新村１０４號,59.35,住,,,1150305,土地1建物1車位0,全,二層,透天厝,住家用,加強磚造,0580320,91.26,2,2,2,有,無,7100000,77800,,0.0,0,頂樓加蓋；其他增建；,RPPNMLKLMHLGFDB47DA,91.26,0.0,0.0,無,0144,台中市
鳳山區,土地,文澄段5地號,92.07,,,,1130924,土地1建物0車位0,,,其他,,,,0.0,0,0,0,無,無,20471519,222347,,0.0,0,,RPTNMLPJNHLGFGE88DA,0.0,0.0,0.0,無,,高雄市
北區,房地(土地+建物),臺中市北區柳川東路四段１３號７樓之８,8.37,住,,,1150429,土地2建物1車位0,七層,七層,華廈(10層含以下有電梯),住家用,鋼筋混凝土造,0741024,37.42,1,0,1,有,有,1650000,44094,,0.0,0,3139建號總價:新台幣165萬元整土地總價:新台幣58萬元整、建物總價:新台幣107萬元整。,RPUPMLTLMHLGFBB88DA,34.57,0.0,2.85,有,,台中市
外埔區,房地(土地+建物),臺中市外埔區中山路２５８巷２１號,115.71,住,,,1150316,土地1建物1車位0,全,三層,透天厝,住家用,鋼筋混凝土造,1141215,184.97,4,3,3,有,無,15000000,81094,,0.0,0,,RPQNMLLKNHLGFEB77DA,169.95,0.0,15.02,無,,台中市
大安區,房地(土地+建物),臺北市大安區安和路二段２０９巷７號三樓,16.92,都市：其他:第三種住宅區。,,,1150224,土地1建物1車位0,三層,五層,華廈(10層含以下有電梯),住家用,鋼筋混凝土造,1140508,56.64,1,0,1,有,無,24520000,432910,,0.0,0,,RPUNMLRKLHLGFFA58DA,31.93,0.0,2.28,有,,台北市
三重區,房地(土地+建物),新北市三重區集美街３３巷６之１號三樓,28.8,住,,,1150317,土地1建物1車位0,三層,五層,公寓(5樓含以下無電梯),住家用,鋼筋混凝土造,0760922,94.19,3,2,2,有,無,14250000,151290,,0.0,0,其他增建；,RPRNMLMKNHLGFGF68EA,87.52,0.0,6.67,無,,新北市
鳳山區,房地(土地+建物)+車位,高雄市鳳山區八德路３８８號十一樓,13.6,其他,,,1150210,土地1建物1車位1,十一層,十五層,住宅大樓(11層含以上有電梯),見其他登記事項,見其他登記事項,1010901,153.68,3,2,2,有,有,13000000,84591,坡道機械,12.9,0,,RPVNMLLKKHLGFGE48DA,80.54,4.75,5.21,有,0304,高雄市
鳳山區,房地(土地+建物)+車位,高雄市鳳山區南和街７６號八樓,25.81,其他,,,1150415,土地1建物1車位1,八層,十三層,住宅大樓(11層含以上有電梯),住家用,鋼筋混凝土造,0820924,165.47,3,2,2,有,有,9980000,60313,坡道平面,0.0,0,,RPUQMLRKMHLGFGE86DA,91.21,0.0,11.59,有,,高雄市
龜山區,土地,南上段1-1地號,41.81,,,,1141121,土地1建物0車位0,,,其他,,,,0.0,0,0,0,無,無,723230,17298,,0.0,0,協議價購；,RPTRMLMJMHLGFHH66DA,0.0,0.0,0.0,無,0313,桃園市
平鎮區,房地(土地+建物),桃園市平鎮區金陵路二段４５４巷５弄３號,52.53,,鄉村區,乙種建築用地,1150310,土地1建物1車位0,全,二層,透天厝,住家用,加強磚造,0631231,62.56,2,2,1,有,無,6200000,99105,,0.0,0,壹樓空地、頂樓、防火巷、加鐵窗其他增建；,RPPNMLOKNHLGFGH78DA,62.56,0.0,0.0,無,0234,桃園市
新興區,房地(土地+建物)+車位,高雄市新興區中山一路１６號二十一樓之１６,4.37,都市：其他:第五種商業區,,,1091201,土地2建物1車位1,二十一層,三十四層,住宅大樓(11層含以上有電梯),見其他登記事項,見其他登記事項,1150121,109.17,2,1,1,有,有,10200000,105973,坡道平面,26.13,1400000,另有讓渡預售屋、或土地及建物分件登記案件；,RPPOMLNKMHLGFBE87DA,46.28,0.0,7.89,有,,高雄市
泰山區,房地(土地+建物)+車位,新北市泰山區信華五街１７１號二樓,14.63,住,,,1150328,土地1建物1車位1,二層,十四層,住宅大樓(11層含以上有電梯),住家用,鋼筋混凝土造,1110921,107.80000000000001,1,1,1,有,有,13900000,168484,坡道平面,37.17,2000000,,RPXNMLLLMHLGFBF58DA,38.61,2.26,6.4,有,0282,新北市
新竹市,房地(土地+建物),新竹市新竹市學府路４４１巷９號３樓,34.8,住,,,1150329,土地1建物1車位0,三層,三層,公寓(5樓含以下無電梯),住家用,鋼筋混凝土造,,93.86,3,2,1,有,無,9100000,96953,,0.0,0,,RPVOMLQJNHLGFAO07DA,93.86,0.0,0.0,無,,新竹市
北屯區,房地(土地+建物)+車位,臺中市北屯區樹孝路６９８號九樓之１,27.78,住,,,1150428,土地1建物1車位2,九層,十四層,住宅大樓(11層含以上有電梯),住家用,鋼筋混凝土造,1070425,194.91,3,2,2,有,有,17980000,92248,坡道平面,69.88,0,,RPWPMLOJNHLGFBB48DA,73.67,1.52,9.23,有,0017,台中市
竹北市,土地,貓兒錠段拔子窟小段46地號,87.0,,特定農業區,農牧用地,1150330,土地1建物0車位0,,,其他,,,,0.0,0,0,0,無,無,780000,8966,,0.0,0,,RPPNMLNKMHLGFBJ38EA,0.0,0.0,0.0,無,064,新竹縣
小港區,土地,坪北段605-8地號,698.77,,,,1150203,土地8建物0車位0,,,其他,,,,0.0,0,0,0,無,無,10552276,15101,,0.0,0,協議價購；,RPPPMLLLMHLGFCE97DA,0.0,0.0,0.0,無,0278,高雄市
太平區,房地(土地+建物)+車位,臺中市太平區育才路１７３號十五樓之２,26.58,住,,,1130122,土地1建物1車位2,十五層,十五層,住宅大樓(11層含以上有電梯),住家用,鋼筋混凝土造,1150113,183.62,3,2,2,有,有,16890000,112378,坡道平面,56.46,2600000,預售屋、或土地及建物分件登記案件；,RPPVMLMJMHLGFJB88DA,77.57,0.0,9.32,有,,台中市
八德區,房地(土地+建物)+車位,桃園市八德區新興路１４０１號,72.36,,特定農業區,甲種建築用地,1121101,土地1建物1車位3,全,三層,透天厝,住家用,鋼筋混凝土造,1141015,311.71999999999997,3,2,3,有,有,22500000,74065,坡道平面,27.51,1450000,預售屋、或土地及建物分件登記案件；,RPQNMLKKNHLGFFH38DA,208.23,0.0,22.41,有,,桃園市
北屯區,房地(土地+建物)+車位,臺中市北屯區南興北一路１１６號九樓之７,22.14,住,,,1130220,土地1建物1車位2,九層,十七層,住宅大樓(11層含以上有電梯),住家用,鋼筋混凝土造,1150205,206.31,3,2,2,有,有,24310000,147377,坡道平面,68.5,4000000,預售屋、或土地及建物分件登記案件；,RPPSMLMJMHLGFBB77DA,80.84,0.0,9.43,有,,台中市
小港區,房地(土地+建物),高雄市小港區廈莊一街１１３之５號九樓,9.97,商,,,1150107,土地1建物1車位0,九層,十四層,住宅大樓(11層含以上有電梯),見其它登記事項,見其它登記事項,1090415,88.84,2,2,1,有,有,7150000,80482,,0.0,0,,RPWOMLRLMHLGFCE56DA,52.49,0.0,6.09,有,0312,高雄市
橋頭區,房地(土地+建物)+車位,高雄市橋頭區新南一街１５３號二樓,15.8,住,,,1120608,土地1建物1車位1,二層,十五層,住宅大樓(11層含以上有電梯),見其他登記事項,鋼筋混凝土造,1150106,129.12,2,2,2,有,有,10830000,80243,坡道平面,17.21,1850000,本案為轉讓案件轉讓日期113年12月11日.預售屋、或土地及建物分件登記案件；,RPXNMLOJPHKGFFE56DA,53.99,0.0,17.75,有,,高雄市
三峽區,房地(土地+建物)+車位,新北市三峽區學府路１２２號九樓,22.73,住,,,1150407,土地1建物1車位1,九層,十五層,住宅大樓(11層含以上有電梯),住家用,鋼筋混凝土造,0980420,186.76999999999998,4,2,2,有,有,22250000,120401,坡道平面,15.26,1600000,陽台外推；,RPUNMLMLMHLGFIF09DA,98.95,11.75,5.93,有,,新北市
土城區,房地(土地+建物)+車位,新北市土城區青和街５３號十一樓,18.96,住,,,1091220,土地1建物1車位1,十一層,十五層,住宅大樓(11層含以上有電梯),住家用,鋼筋混凝土造,1150123,136.95,3,2,2,有,有,12630000,102045,坡道平面,31.8,1900000,預售屋、或土地及建物分件登記案件；,RPOPMLRLMHLGFAF38DA,63.65,0.0,6.66,有,,新北市
桃園區,房地(土地+建物)+車位,桃園市桃園區幸福路５６號二樓,15.77,商,,,1150126,土地1建物1車位1,二層,十五層,住宅大樓(11層含以上有電梯),住家用,鋼筋混凝土造,1091230,155.1,3,2,2,有,有,15000000,96712,坡道平面,28.22,0,,RPQNMLQJNHLGFAH48EA,75.31,0.0,11.18,有,0288,桃園市
新興區,房地(土地+建物)+車位,高雄市新興區中山一路１６號二十五樓之１７,4.76,都市：其他:第五種商業區,,,1100907,土地2建物1車位1,二十五層,三十四層,住宅大樓(11層含以上有電梯),見其他登記事項,見其他登記事項,1150121,96.18,2,1,1,有,有,10320000,111550,坡道機械,10.03,710000,另有讓渡預售屋、或土地及建物分件登記案件；,RPOQMLRLLHLGFBE38DA,43.41,0.0,12.66,有,,高雄市
西屯區,房地(土地+建物)+車位,臺中市西屯區市政北一路３３５號二十五樓之６,9.41,都市：其他:第六種新市政中心專用區,,,1130306,土地1建物1車位1,二十五層,三十七層,住宅大樓(11層含以上有電梯),住家用,鋼骨鋼筋混凝土造、鋼筋混凝土造,1150313,176.68,3,2,2,有,有,31390000,183099,坡道平面,18.35,2400000,預售屋、或土地及建物分件登記案件；,RPPQMLOJNHLGFCB97DA,85.65,10.96,9.05,有,,台中市
仁武區,房地(土地+建物)+車位,高雄市仁武區京吉三路６８號十一樓,18.94,商,,,1150318,土地1建物1車位1,十一層,十五層,住宅大樓(11層含以上有電梯),見其他登記事項,見其他登記事項,1090305,153.82,3,2,2,有,有,12900000,83864,坡道平面,26.91,0,,RPPUMLPJNHLGFIE76DA,71.54,1.81,8.93,有,0158,高雄市
西屯區,房地(土地+建物)+車位,臺中市西屯區西屯路二段２４７號五樓之１０,7.82,商,,,1150331,土地2建物1車位1,五層,十一層,住宅大樓(11層含以上有電梯),住家用,鋼筋混凝土造,0990201,88.28999999999999,1,1,1,有,有,9500000,107600,坡道機械,14.6,0,,RPQPMLMKNHLGFCB87DA,41.54,0.0,7.37,有,,台中市
北屯區,房地(土地+建物)+車位,臺中市北屯區河北西街８６號十樓之２,15.25,商,,,1150411,土地1建物1車位2,十層,十五層,住宅大樓(11層含以上有電梯),住家用,鋼筋混凝土造,1081121,200.32999999999998,3,2,2,有,有,22400000,152328,坡道平面,71.66,2800000,,RPQNMLQLMHLGFBB97DA,78.93,0.0,8.48,有,,台中市
松山區,房地(土地+建物),臺北市松山區南京東路五段１０６號八樓,18.9,都市：其他:第二種商業區。,,,1150206,土地2建物1車位0,八層,九層,華廈(10層含以下有電梯),商業用,鋼筋混凝土造,0820813,153.06,0,0,0,無,有,33500000,218868,,0.0,0,陽台外推；,RPTNMLPJNHLGFDA18DA,135.49,1.85,8.06,有,,台北市
中山區,房地(土地+建物),臺北市中山區錦州街１５９號六樓之１０,7.53,都市：其他:第貳種商業區(依都市計畫說明書圖規定辦理，始得作第貳種商業區使用)(原屬第參種住宅區)。,,,1150402,土地1建物1車位0,六層,十二層,住宅大樓(11層含以上有電梯),住家用,鋼筋混凝土造,0690421,79.53999999999999,2,2,1,有,有,19500000,245160,,0.0,0,,RPWNMLMKNHLGFCA18DA,61.14,0.0,6.66,有,061,台北市
新屋區,房地(土地+建物)+車位,桃園市新屋區民族路六段５１５巷３２號五樓之２,19.29,住,,,1121202,土地1建物1車位1,五層,十四層,住宅大樓(11層含以上有電梯),住家用,鋼筋混凝土造,1141208,118.28,2,2,2,有,有,9400000,85960,坡道平面,24.05,1300000,預售屋、或土地及建物分件登記案件；,RPPOMLPJNHLGFDH58DA,59.27,0.0,4.3,有,,桃園市
蘆洲區,土地,中山段634地號,29.26,農,,,1150423,土地1建物0車位0,,,其他,,,,0.0,0,0,0,無,無,2655300,90748,,0.0,0,雙方約定土地增值稅由買受人負擔未登記建物；,SPPOMLQJNHLGFGF88DA,0.0,0.0,0.0,無,0029,新北市
西屯區,房地(土地+建物)+車位,臺中市西屯區市政北一路３３５號三樓之８,9.71,都市：其他:第六種新市政中心專用區,,,1110520,土地1建物1車位1,三層,三十七層,住宅大樓(11層含以上有電梯),住家用,鋼骨鋼筋混凝土造、鋼筋混凝土造,1150313,179.38,3,2,2,有,有,29120000,166851,坡道平面,16.84,2000000,轉讓日期民國114年3月28日。預售屋、或土地及建物分件登記案件；,RPUOMLMKNHLGFCB18DA,88.06,2.36,17.94,有,,台中市
中壢區,房地(土地+建物)+車位,桃園市中壢區領航北路二段３０２號十樓之５,22.87,住,,,1100504,土地1建物1車位1,十層,十九層,住宅大樓(11層含以上有電梯),住家用,鋼筋混凝土造,1150306,139.08,2,2,2,有,有,12360000,107056,坡道平面,40.44,1800000,113年4月26日讓渡，讓渡金額1630萬元整。預售屋、或土地及建物分件登記案件；,RPUNMLLKNHLGFBH48DA,57.83,0.0,5.21,有,,桃園市
大園區,土地,福海段1247地號,200.0,住,,,1150104,土地2建物0車位0,,,其他,,,,0.0,0,0,0,無,無,24200000,121000,,0.0,0,,RPQOMLNJLHLGFEH38DA,0.0,0.0,0.0,無,,桃園市
大園區,土地,沙崙段沙崙小段729地號,1955.0,,一般農業區,農牧用地,1150204,土地1建物0車位0,,,其他,,,,0.0,0,0,0,無,無,68009000,34787,,0.0,0,,RPSNMLPKNHLGFEH09EA,0.0,0.0,0.0,無,,桃園市
松山區,房地(土地+建物)+車位,臺北市松山區三民路８０巷１７號十四樓,17.21,都市：其他:第三種住宅區。,,,1141221,土地1建物1車位2,十四層,二十四層,住宅大樓(11層含以上有電梯),住家用,鋼骨鋼筋混凝土造,1140625,192.08999999999997,3,2,2,有,有,54580000,374842,坡道平面,65.29,7050000,,RPOOMLLJMHLGFDA27DA,79.25,4.07,5.25,有,,台北市
北屯區,房地(土地+建物)+車位,臺中市北屯區大連西路３號八樓之５,10.55,商,,,1150324,土地1建物1車位1,八層,二十三層,住宅大樓(11層含以上有電梯),住家用,鋼筋混凝土造,1120828,148.86,3,2,2,有,有,17680000,132222,坡道平面,26.49,1500000,,RPUNNLOLLHLGFBB18DA,73.64,0.0,7.14,有,0137,台中市
大社區,土地,保安段1058地號,32.06,其他,,,1150326,土地1建物0車位0,,,其他,,,,0.0,0,0,0,無,無,55830,1741,,0.0,0,包含公共設施保留地用地；,RPQNMLSJNHLGFIE09DA,0.0,0.0,0.0,無,,高雄市
八德區,房地(土地+建物),桃園市八德區永豐路５１９巷２弄９號三樓,26.14,住,,,1130430,土地2建物1車位0,三層,七層,華廈(10層含以下有電梯),住家用,鋼筋混凝土造,1150106,95.39,2,2,1,有,有,10690000,112066,,0.0,0,預售屋、或土地及建物分件登記案件；,RPQOMLSJNHLGFFH56DA,57.1,0.0,6.04,有,,桃園市
北區,房地(土地+建物)+車位,臺中市北區太原路二段８８號五樓之１０,19.44,商,,,1150313,土地2建物1車位1,五層,十五層,住宅大樓(11層含以上有電梯),住家用,鋼筋混凝土造,0970411,240.26999999999998,3,2,2,有,有,28000000,116536,坡道平面,26.5,0,,RPUNMLKLLHLGFBB67DA,130.56,6.22,14.48,有,,台中市
蘆竹區,房地(土地+建物)+車位,桃園市蘆竹區豪登一街１６０號十四樓,9.61,商,,,1140802,土地1建物1車位1,十四層,十五層,住宅大樓(11層含以上有電梯),住家用,鋼筋混凝土造,1150327,107.91,2,2,1,有,有,11110000,118847,坡道平面,27.05,1500000,預售屋、或土地及建物分件登記案件；,RPUSMLNLMHLGFEH86DA,48.72,0.0,5.08,有,,桃園市
中壢區,房地(土地+建物),桃園市中壢區長樂街８１巷２之２號,37.09,住,,,1150313,土地2建物1車位0,三層,四層,公寓(5樓含以下無電梯),住家用,鋼筋混凝土造,0690415,68.82,3,2,1,有,無,3700000,53763,,0.0,0,,RPORMLRJMHLGFBH68DA,68.82,0.0,0.0,無,,桃園市
中山區,房地(土地+建物),臺北市中山區北安路５１８巷１４弄２３號三樓,17.18,都市：其他:第一種商業區。,,,1141222,土地1建物1車位0,三層,五層,公寓(5樓含以下無電梯),商業用,鋼筋混凝土造,0750110,83.15,2,1,1,有,無,22000000,264582,,0.0,0,,RPQOMLKLLHLGFCA37DA,67.02,0.0,5.23,無,,台北市
板橋區,房地(土地+建物),新北市板橋區新海路７２巷３８號三樓,23.5,住,,,1150329,土地1建物1車位0,三層，陽台,四層,公寓(5樓含以下無電梯),住家用,加強磚造,,79.37,3,1,1,有,無,11000000,138591,,0.0,0,陽台外推；,RPUOMLOKNHLGFAF58DA,79.37,0.0,0.0,無,,新北市
汐止區,房地(土地+建物),新北市汐止區樟樹二路２７２號８樓,26.73,住,,,1150308,土地1建物1車位0,八層,八層,華廈(10層含以下有電梯),住家用,鋼筋混凝土造,0880702,148.37,4,2,2,有,有,15250000,102784,,0.0,0,陽台外推；,RPTOMLQJNHLGFDF88DA,103.28,0.0,13.02,有,,新北市
苓雅區,房地(土地+建物),高雄市苓雅區廣東二街５０巷２７號五樓,28.38,住,,,1150330,土地1建物1車位0,五層,五層,公寓(5樓含以下無電梯),見其他登記事項,鋼筋混凝土造,0700926,94.49,3,2,2,有,無,4700000,49741,,0.0,0,親友、員工、共有人或其他特殊關係間之交易；頂樓加蓋；其他增建；,RPXOMLRJMHLGFBE98DA,79.78,0.0,14.71,無,,高雄市
林口區,房地(土地+建物)+車位,新北市林口區吉祥路２８號十五樓,12.28,商,,,1120322,土地1建物1車位2,十五層,十五層,住宅大樓(11層含以上有電梯),住家用,鋼筋混凝土造,1150213,160.82999999999998,3,2,2,有,有,20420000,147640,坡道平面,53.0,4500000,預售屋、或土地及建物分件登記案件；,RPUSMLRLJHLGFBF09DA,63.53,0.0,6.78,有,,新北市
楊梅區,房地(土地+建物),桃園市楊梅區裕成南路２３０號,68.0,,山坡地保育區,丙種建築用地,1150211,土地1建物1車位0,全,三層,透天厝,住商用,鋼筋混凝土造,0850822,188.66,4,2,3,有,無,8800000,46645,,0.0,0,2.3樓陽台搭建氣密窗,RPPNMLSKNHLGFDH88DA,168.6,1.64,18.42,無,,桃園市
北屯區,房地(土地+建物)+車位,臺中市北屯區南興北一路１１８號十四樓之３,19.76,住,,,1120630,土地1建物1車位1,十四層,十七層,住宅大樓(11層含以上有電梯),住家用,鋼筋混凝土造,1150205,157.28,3,2,2,有,有,18430000,135170,坡道平面,34.25,1800000,預售屋、或土地及建物分件登記案件；,RPVQNLMJMHLGFBB28DA,73.02,0.0,7.57,有,,台中市
松山區,土地,民生段46-49地號,8.75,都市：其他:道路用地(公共設施用地)。57/4/13,,,1150424,土地1建物0車位0,,,其他,,,,0.0,0,0,0,無,無,711375,81300,,0.0,0,115年度臺北市政府以容積代金基金採購私有公共設施保留地之交易包含公共設施保留地用地；協議價購；,RPPOMLTLMHLGFDA38DA,0.0,0.0,0.0,無,054,台北市
大園區,房地(土地+建物)+車位,桃園市大園區五青路１５１巷３３５號六樓,32.26,,一般農業區,甲種建築用地,1150330,土地1建物1車位1,六層,十三層,住宅大樓(11層含以上有電梯),住家用,鋼筋混凝土造,1110323,151.78,3,2,2,有,有,12800000,84333,坡道平面,29.04,0,,RPQNMLPJNHLGFEH78EA,74.0,0.0,8.08,有,0154,桃園市
西屯區,房地(土地+建物)+車位,臺中市西屯區青海路二段５號十九樓之１,7.44,商,,,1110327,土地1建物1車位1,十九層,二十四層,住宅大樓(11層含以上有電梯),住家用,鋼骨鋼筋混凝土造,1141103,111.97,2,2,1,有,有,16880000,173359,坡道平面,27.29,2200000,轉讓日期民國114年06月25日。預售屋、或土地及建物分件登記案件；,RPQOMLOKMHLGFCB87DA,49.63,0.0,5.73,有,,台中市
平鎮區,房地(土地+建物)+車位,桃園市平鎮區貿三路８號五樓,6.77,住,,,1150413,土地1建物1車位1,五層,七層,華廈(10層含以下有電梯),住家用,鋼筋混凝土造,0971013,33.75,3,2,2,有,有,2440000,72275,坡道平面,0.0,0,土增稅4597元由買方負擔親友、員工、共有人或其他特殊關係間之交易；,RPSNMLSJNHLGFGH76DA,15.72,0.69,3.04,有,,桃園市
北屯區,房地(土地+建物)+車位,臺中市北屯區南興北一路１１６號十五樓之３,14.66,住,,,1121230,土地1建物1車位1,十五層,十七層,住宅大樓(11層含以上有電梯),住家用,鋼筋混凝土造,1150205,125.43,2,2,1,有,有,15900000,153542,坡道平面,34.25,1900000,預售屋、或土地及建物分件登記案件；,RPRUMLMJMHLGFBB18DA,55.06,0.0,4.67,有,,台中市
西屯區,房地(土地+建物)+車位,臺中市西屯區市政北一路３３５號十一樓之５,9.5,都市：其他:第六種新市政中心專用區,,,1111015,土地1建物1車位1,十一層,三十七層,住宅大樓(11層含以上有電梯),住家用,鋼骨鋼筋混凝土造、鋼筋混凝土造,1150313,176.47,3,2,2,有,有,29770000,173338,坡道平面,16.84,2100000,轉讓日期民國114年5月8日。預售屋、或土地及建物分件登記案件；,RPWOMLKKNHLGFCB18DA,88.06,4.53,13.94,有,,台中市
沙鹿區,房地(土地+建物),臺中市沙鹿區中華路二段２００巷４３號,48.0,住,,,1150406,土地1建物1車位0,全,三層,透天厝,住家用,鋼筋混凝土造,1141008,131.37,3,2,4,有,無,12600000,95912,,0.0,0,陽台外推；其他增建；,RPVNMLRJNHLGFFB88DA,116.31,0.0,15.06,無,,台中市
蘆竹區,房地(土地+建物),桃園市蘆竹區長安路二段５０號,151.14,工,,,1150324,土地1建物1車位0,全,二層,透天厝,工業用,加強磚造,0781007,234.51,0,0,0,無,無,21000000,89548,,0.0,0,2衛浴頂樓加蓋；,RPXQMLOLMHLGFEH07DA,218.15,11.36,5.0,無,,桃園市
五股區,房地(土地+建物)+車位,新北市五股區新城八路３３７號五樓,27.07,住,,,1130331,土地1建物1車位1,五層,十五層,住宅大樓(11層含以上有電梯),住家用,鋼筋混凝土造,1141223,145.79,3,2,2,有,有,19160000,154263,坡道平面,36.82,2350000,預售屋、或土地及建物分件登記案件；,RPTWMLTLMHLGFBF27DA,61.48,6.61,5.1,有,,新北市
左營區,房地(土地+建物)+車位,高雄市左營區啟文路２７號三樓,17.67,住,,,1150223,土地1建物1車位1,三層,十八層,住宅大樓(11層含以上有電梯),見其它登記事項,見其它登記事項,1130201,187.49,3,2,2,有,有,19960000,109688,坡道平面,25.12,2150000,,RPVNMLSJNHLGFEE56DA,89.6,2.76,13.97,有,,高雄市
三重區,房地(土地+建物),新北市三重區河邊北街１２４巷３１號二樓,20.43,住,,,1150323,土地1建物1車位0,二層，陽台,四層,公寓(5樓含以下無電梯),住家用,鋼筋混凝土造,0670816,55.0,3,2,2,有,無,9000000,163636,,0.0,0,陽台增建、主建物含梯間陽台外推；,RPWTNLPKMHLGFGF37DA,55.0,0.0,0.0,無,,新北市
蘆洲區,房地(土地+建物)+車位,新北市蘆洲區中山二路１６之１號三樓,23.38,住,,,1150131,土地1建物1車位1,三層,七層,華廈(10層含以下有電梯),住家用,鋼筋混凝土造,0970124,152.32,3,2,2,有,有,20700000,135898,升降平面,44.11,0,,RPROMLOKNHLGFGF88DA,73.71,0.0,10.03,有,,新北市
觀音區,房地(土地+建物),桃園市觀音區長春街２７３號二樓之１,15.67,,工業區,丁種建築用地,1150427,土地1建物1車位0,二層,五層,華廈(10層含以下有電梯),住家用,鋼筋混凝土造,1120103,58.09,2,1,1,有,有,4390000,75572,,0.0,0,,RPUOMLRJNHLGFBH09DA,39.79,0.0,5.32,有,,桃園市
大安區,房地(土地+建物)+車位,臺北市大安區麗水街９巷９號十一樓,29.23,都市：其他:第三種住宅區。,,,1100718,土地1建物1車位1,十一層,十七層,住宅大樓(11層含以上有電梯),住家用,鋼骨造,1150128,210.1,3,2,2,有,有,86550000,466927,坡道平面,33.52,4100000,預售屋、或土地及建物分件登記案件；,RPUOMLTLMHLGFFA09DA,96.26,10.88,9.02,有,,台北市
橋頭區,房地(土地+建物)+車位,高雄市橋頭區新南一街１６３號五樓,11.58,住,,,1130110,土地1建物1車位1,五層,十五層,住宅大樓(11層含以上有電梯),見其他登記事項,鋼筋混凝土造,1150106,90.78999999999999,1,2,1,有,有,8460000,88525,坡道機械,7.65,1100000,預售屋、或土地及建物分件登記案件；,RPWOMLQKPHKGFFE86DA,40.0,0.0,13.3,有,,高雄市
新屋區,土地,下田心子段下田心子小段859-3地號,77.0,,特定農業區,甲種建築用地,1150416,土地1建物0車位0,,,其他,,,,0.0,0,0,0,無,無,1863200,24197,,0.0,0,,RPROMLRJNHLGFDH98DA,0.0,0.0,0.0,無,,桃園市
觀音區,房地(土地+建物),桃園市觀音區莊敬三街２８０號十四樓,19.02,住,,,1121030,土地1建物1車位0,十四層,十四層,住宅大樓(11層含以上有電梯),住家用,鋼筋混凝土造,1150204,78.25,2,2,1,有,有,5710000,72971,,0.0,0,114/4/11，姊弟原價轉讓預售屋、或土地及建物分件登記案件；,RPQQMLLKNHLGFBH38DA,48.2,0.0,3.78,有,,桃園市
南屯區,房地(土地+建物)+車位,臺中市南屯區黎明路二段４２８號七樓之２,19.14,住,,,1150411,土地1建物1車位1,七層，八層,十八層,住宅大樓(11層含以上有電梯),住家用,鋼筋混凝土造,0850612,164.66,4,2,2,有,有,13800000,83809,坡道機械,0.0,0,,RPXPMLMLMHLGFCB58DA,97.2,0.0,14.83,有,,台中市
新莊區,房地(土地+建物),新北市新莊區新莊路５６５巷７弄１７號,14.31,住,,,1150402,土地1建物1車位0,全,二層,透天厝,住家用,加強磚造,0570201,19.8,3,1,1,有,無,1000000,50505,,0.0,0,親友、員工、共有人或其他特殊關係間之交易；,RPRNMLOKNHLGFBF38EA,19.8,0.0,0.0,無,0122,新北市
蘆竹區,房地(土地+建物)+車位,桃園市蘆竹區豪登一街１６２之１號十四樓,15.29,商,,,1130130,土地1建物1車位1,十四層,十五層,住宅大樓(11層含以上有電梯),住家用,鋼筋混凝土造,1150327,155.72,3,2,2,有,有,13360000,92951,坡道平面,27.05,1400000,預售屋、或土地及建物分件登記案件；,RPVTMLNLMHLGFEH07DA,76.09,0.0,9.46,有,,桃園市
南屯區,房地(土地+建物)+車位,臺中市南屯區建功路６７號二十二樓之３,19.2,住,,,1121118,土地1建物1車位1,二十二層,二十三層,住宅大樓(11層含以上有電梯),住家用,鋼筋混凝土造,1141226,187.03,4,2,2,有,有,19330000,109122,坡道平面,27.3,1900000,預售屋、或土地及建物分件登記案件；,RPROMLQJNHLGFCB18DA,94.68,0.0,15.08,有,,台中市
新店區,房地(土地+建物)+車位,新北市新店區民權路１０３號十二樓,21.57,住,,,1150418,土地1建物1車位1,十二層,十六層,住宅大樓(11層含以上有電梯),住家用,鋼筋混凝土造,0791213,197.84,4,2,2,有,有,32000000,161747,坡道機械,0.0,0,陽台外推；其他增建；,RPQNMLSKNHLGFCF68DA,142.57,7.24,12.1,有,,新北市
前鎮區,房地(土地+建物)+車位,高雄市前鎮區修成街３８號二十二樓,54.42,其他,,,1150105,土地1建物1車位3,二十二層,二十八層,住宅大樓(11層含以上有電梯),見其它登記事項,鋼骨鋼筋混凝土造,1051121,464.78000000000003,4,2,4,有,有,46350000,99725,坡道平面,50.37,0,,RPRNMLPKNHLGFCE38DA,222.31,0.0,43.48,有,,高雄市
田寮區,土地,崇德段313地號,1056.98,,山坡地保育區,林業用地,1150409,土地1建物0車位0,,,其他,,,,0.0,0,0,0,無,無,1297300,1227,,0.0,0,,RPQNMLOJNHLGFJE78DA,0.0,0.0,0.0,無,,高雄市
北屯區,房地(土地+建物)+車位,臺中市北屯區瀋陽路一段８２之４號,16.75,住,,,1150303,土地1建物1車位1,一層，二層，騎樓,八層,華廈(10層含以下有電梯),住商用,鋼筋混凝土造,0811201,110.98,2,2,2,有,有,11000000,99117,坡道機械,0.0,0,土地款：904萬元；建物款：196萬元陽台外推；夾層；,RPQNMLSJNHLGFBB08DA,75.38,6.08,6.08,有,,台中市
桃園區,房地(土地+建物)+車位,桃園市桃園區大連一街６７號四樓,19.4,住,,,1150329,土地6建物1車位1,四層,十三層,住宅大樓(11層含以上有電梯),住家用,鋼筋混凝土造,1020615,161.5,3,2,2,有,有,17000000,105263,坡道平面,31.24,0,,RPUNMLOKNHLGFAH68DA,80.16,4.02,9.21,有,0241,桃園市
楠梓區,房地(土地+建物),高雄市楠梓區右昌街１８７巷１１８弄５號,97.93,其他,,,1150210,土地2建物1車位0,全,四層,透天厝,見其它登記事項,見其它登記事項,1141126,201.74,4,2,4,有,有,23000000,114008,,0.0,0,,RPQQMLRLMHLGFEE98DA,182.18,0.0,19.56,無,,高雄市
內湖區,房地(土地+建物),臺北市內湖區民權東路六段１４６號五樓之２３,4.43,都市：其他:第三種商業區。,,,1150322,土地1建物1車位0,五層,十二層,住宅大樓(11層含以上有電梯),住家用,鋼筋混凝土造,0960621,43.8,0,1,1,有,有,11820000,269863,,0.0,0,陽台外推；,RPTOMLRLMHLGFCA48DA,20.96,0.0,6.81,有,,台北市
八德區,房地(土地+建物)+車位,桃園市八德區仁德一路３３號九樓,22.76,住,,,1150205,土地1建物1車位1,九層,十二層,住宅大樓(11層含以上有電梯),住家用,鋼筋混凝土造,1061106,118.43,2,2,1,有,有,11200000,94571,坡道平面,23.76,0,,RPTNMLSJNHLGFFH76DA,57.25,0.0,7.12,有,0274,桃園市
中和區,房地(土地+建物)+車位,新北市中和區秀朗路三段１７５巷１０號十四樓,13.99,,,,1150320,土地7建物1車位1,十四層,二十三層,住宅大樓(11層含以上有電梯),住家用,鋼筋混凝土造,0850108,173.84,4,2,2,有,有,23080000,158296,坡道平面,43.83,2500000,其他增建；,RPTOMLNKMHLGFHF98DA,132.25,0.68,14.14,有,,新北市
汐止區,房地(土地+建物),新北市汐止區保長路５３號七樓,19.05,住,,,1150415,土地1建物1車位0,七層,十五層,住宅大樓(11層含以上有電梯),住家用,鋼筋混凝土構造,1080514,108.91999999999999,3,2,2,有,有,13200000,121190,,0.0,0,,RPWNMLLKNHLGFDF68DA,69.16,3.61,3.14,有,0059,新北市
龜山區,房地(土地+建物)+車位,桃園市龜山區陸光路８８號,39.27,住,,,1150303,土地1建物1車位1,一層,十四層,住宅大樓(11層含以上有電梯),商業用,鋼骨鋼筋混凝土造,0940205,197.5,0,0,0,無,有,19000000,96203,坡道平面,0.0,0,,RPQNMLQKMHLGFHH09DA,114.47,0.0,5.67,有,,桃園市
左營區,房地(土地+建物),高雄市左營區榮總路５２０號,118.0,其他,,,1150307,土地1建物1車位0,全,二層,透天厝,見其它登記事項,鋼筋混凝土造,0740107,99.61,3,2,3,有,無,17500000,175685,,0.0,0,壹樓空地、頂樓、鐵皮屋頂增建夾層；其他增建；,RPTNMLKKMHLGFEE18DA,95.65,0.0,3.96,無,,高雄市
蘆竹區,房地(土地+建物)+車位,桃園市蘆竹區豪登一街１４２之１號八樓,15.43,商,,,1131108,土地1建物1車位1,八層,十五層,住宅大樓(11層含以上有電梯),住家用,鋼筋混凝土造,1150327,156.68,3,2,2,有,有,15950000,110700,坡道平面,27.05,1600000,預售屋、或土地及建物分件登記案件；,RPSOMLNLMHLGFEH88DA,76.71,0.0,9.46,有,,桃園市
鳥松區,土地,育才段13地號,315.93,其他,,,1150412,土地1建物0車位0,,,其他,,,,0.0,0,0,0,無,無,9080000,28741,,0.0,0,親友、員工、共有人或其他特殊關係間之交易；包含公共設施保留地用地；,RPTNMLNKMHLGFIE88DA,0.0,0.0,0.0,無,0130,高雄市
北屯區,房地(土地+建物),臺中市北屯區瀋陽路二段１７５號七樓之２６,8.78,住,,,1150414,土地1建物1車位0,七層,十四層,住宅大樓(11層含以上有電梯),住家用,鋼筋混凝土造,0961231,72.08,2,0,2,有,有,7250000,100583,,0.0,0,,RPUOMLNKNHLGFBB18DA,44.67,1.16,3.16,有,,台中市
西屯區,房地(土地+建物)+車位,臺中市西屯區青海路二段７號十三樓之６,7.04,商,,,1110920,土地1建物1車位1,十三層,二十四層,住宅大樓(11層含以上有電梯),住家用,鋼骨鋼筋混凝土造,1141103,89.74000000000001,2,2,1,有,有,14940000,168273,坡道機械,9.87,1500000,預售屋、或土地及建物分件登記案件；,RPWTMLOJNHLGFCB98DA,47.09,0.0,5.2,有,,台中市
蘆竹區,土地,八股段237地號,1017.0,農,,,1150317,土地3建物0車位0,,,其他,,,,0.0,0,0,0,無,無,30770000,30256,,0.0,0,,RPSNMLRJNHLGFEH09DA,0.0,0.0,0.0,無,,桃園市
八德區,房地(土地+建物)+車位,桃園市八德區長興路９３號八樓,33.33,商,,,1150314,土地1建物1車位1,八層,十六層,住宅大樓(11層含以上有電梯),住家用,鋼筋混凝土造,1041217,243.57,4,2,2,有,有,18500000,75954,坡道平面,0.0,0,車位:地下二層171號,RPPNMLSJNHLGFFH98DA,123.92,4.29,12.17,有,0231,桃園市
桃園區,房地(土地+建物)+車位,桃園市桃園區國強二街２２１號三樓　　　,25.07,都市：其他:第二種住宅區,,,1150406,土地3建物1車位1,三層,十三層,住宅大樓(11層含以上有電梯),住家用,鋼筋混凝土造,0830317,152.02,3,2,2,有,有,8500000,55914,坡道平面,36.04,0,,RPSNMLPJNHLGFAH48DA,88.88,1.89,11.52,有,,桃園市
西屯區,房地(土地+建物),臺中市西屯區大河街８２號,304.5,工,,,1150114,土地1建物2車位0,一層,二層,公寓(5樓含以下無電梯),辦公用,鋼骨造,0900427,435.23,0,0,0,無,無,65274850,149974,,0.0,0,頂樓加蓋；其他增建；,RPQNMLNKNHLGFCB87EA,383.11,0.0,0.0,無,,台中市
八德區,土地,大安段546地號,1791.97,,一般農業區,農牧用地,1150328,土地3建物0車位0,,,其他,,,,0.0,0,0,0,無,無,18970000,10586,,0.0,0,,RPSOMLNKNHLGFFH98DA,0.0,0.0,0.0,無,,桃園市
北區,房地(土地+建物)+車位,臺中市北區健行路８０３號６樓之６,9.27,住,,,1150419,土地1建物1車位1,六層,八層,華廈(10層含以下有電梯),住家用,鋼筋混凝土造,0830512,58.0,1,1,1,有,有,5180000,89310,升降機械,0.0,0,,RPWNMLMKNHLGFBB18DA,34.58,0.81,4.84,有,0069,台中市
南屯區,房地(土地+建物)+車位,臺中市南屯區建功路６５號八樓之２,10.75,住,,,1121105,土地1建物1車位1,八層,二十三層,住宅大樓(11層含以上有電梯),住家用,鋼筋混凝土造,1141226,123.55000000000001,2,2,1,有,有,12160000,108921,坡道平面,26.14,1550000,預售屋、或土地及建物分件登記案件；,RPOPMLQJNHLGFCB97DA,57.83,0.0,6.13,有,,台中市
西屯區,房地(土地+建物)+車位,臺中市西屯區市政北一路３３５號十五樓之６,9.38,都市：其他:第六種新市政中心專用區,,,1120119,土地1建物1車位1,十五層,三十七層,住宅大樓(11層含以上有電梯),住家用,鋼骨鋼筋混凝土造、鋼筋混凝土造,1150313,174.89,3,2,2,有,有,30350000,178741,坡道平面,16.84,2100000,轉讓日期民國113年8月28日。預售屋、或土地及建物分件登記案件；,RPVPMLOJNHLGFCB48DA,85.65,10.68,9.05,有,,台中市
龜山區,房地(土地+建物)+車位,桃園市龜山區樂學三路８３號三樓之５,16.86,住,,,1150323,土地1建物1車位1,三層,十四層,住宅大樓(11層含以上有電梯),住家用,鋼筋混凝土造,1091126,127.48,2,2,2,有,有,14000000,109821,坡道平面,25.4,0,,RPSNMLSJNHLGFHH86DA,61.14,0.0,6.67,有,0254,桃園市
小港區,土地,坪北段617-11地號,441.43,其他,,,1150204,土地1建物0車位0,,,其他,,,,0.0,0,0,0,無,無,6621516,15000,,0.0,0,協議價購；,RPTUMLLLMHLGFCE88DA,0.0,0.0,0.0,無,0307,高雄市
蘆竹區,房地(土地+建物)+車位,桃園市蘆竹區山鼻二路１８９號五樓,25.85,住,,,1130519,土地1建物1車位1,五層,十一層,住宅大樓(11層含以上有電梯),住家用,鋼筋混凝土造,1150319,154.39,3,2,2,有,有,14320000,102719,坡道平面,31.53,1700000,預售屋、或土地及建物分件登記案件；,RPWPMLPJNHLGFEH86DA,72.27,0.0,9.46,有,,桃園市
三重區,房地(土地+建物),新北市三重區溪尾街４５號六樓之十,6.14,工,,,1150428,土地1建物1車位0,六層,十四層,住宅大樓(11層含以上有電梯),商業用,鋼筋混凝土造,1020322,45.85,0,0,0,無,有,7820000,170556,,0.0,0,其他增建；,RPSNMLQJNHLGFGF98DA,24.89,2.96,0.0,有,0048,新北市
淡水區,房地(土地+建物),新北市淡水區北新路二段７７之１１號四樓,35.45,,山坡地保育區,丙種建築用地,1140331,土地1建物1車位0,四層,六層,華廈(10層含以下有電梯),住家用,鋼筋混凝土造,0840727,71.92,2,2,1,有,有,4020000,55895,,0.0,0,,RPTPMLPJNHLGFEF98DA,49.26,0.0,7.33,有,,新北市
北屯區,房地(土地+建物)+車位,臺中市北屯區北平路四段１５９號二十二樓之３,17.32,商,,,1150322,土地1建物1車位1,二十二層,二十四層,住宅大樓(11層含以上有電梯),住家用,鋼筋混凝土造,1140822,168.07,3,2,2,有,有,26400000,171964,坡道平面,26.18,2000000,,RPSOMLKLMHLGFBB67DA,84.57,0.0,8.05,有,,台中市
汐止區,房地(土地+建物),新北市汐止區建成路５７巷７２號十三樓,10.49,商,,,1150427,土地2建物1車位0,十三層,十七層,住宅大樓(11層含以上有電梯),住家用,鋼筋混凝土造,0871113,76.6,3,2,2,有,有,12500000,163185,,0.0,0,陽台外推；夾層；,RPOOMLSJNHLGFDF58DA,52.26,1.25,6.72,有,,新北市
文山區,房地(土地+建物)+車位,臺北市文山區政大二街２１５巷１２號四樓,71.25,都市：其他:第二種住宅區。,,,1150312,土地1建物1車位1,四層,九層,華廈(10層含以下有電梯),住家用,鋼筋混凝土造,0920609,138.03,3,2,2,有,有,19600000,141998,坡道平面,0.0,0,陽台外推；其他增建；,RPXNMLTLMHLGFAA78DA,77.05,0.0,7.15,有,,台北市
南屯區,房地(土地+建物)+車位,臺中市南屯區精科路１６８號十四樓之６,30.91,住,,,1121207,土地1建物1車位2,十四層,十四層,住宅大樓(11層含以上有電梯),住家用,鋼筋混凝土造,1150120,191.03,3,2,2,有,有,22060000,138975,坡道平面,58.2,3600000,預售屋、或土地及建物分件登記案件；,RPTSMLSJLHLGFCB78DA,79.15,0.0,7.73,有,,台中市
南屯區,房地(土地+建物)+車位,臺中市南屯區大墩路７００號八樓之５,25.03,商,,,1150203,土地1建物1車位2,八層,十五層,住宅大樓(11層含以上有電梯),住家用,鋼筋混凝土造,0980904,255.39,4,2,2,有,有,13880000,54348,坡道平面,0.0,0,親友、員工、共有人或其他特殊關係間之交易；,RPUPNLPJNHLGFCB58DA,127.73,7.12,12.77,有,,台中市
新店區,房地(土地+建物),新北市新店區北新路二段２２８巷７號二樓,26.72,住,,,1150206,土地1建物1車位0,二層,五層,公寓(5樓含以下無電梯),住家用,鋼筋混凝土造,0680522,79.99,2,2,1,有,無,15150000,189399,,0.0,0,其他增建；,RPPNMLPKNHLGFCF28DA,69.77,0.0,10.22,無,0349,新北市
大安區,房地(土地+建物),臺北市大安區辛亥路二段１７１巷６弄２號,5.37,都市：其他:第三之二種住宅區。,,,1150318,土地3建物1車位0,一層,二十六層,住宅大樓(11層含以上有電梯),商業用,鋼筋混凝土造,0720125,58.330000000000005,1,1,1,有,有,21180000,363106,,0.0,0,夾層；其他增建；,RPSNMLQKMHLGFFA38DA,44.63,9.25,0.0,有,,台北市
大園區,房地(土地+建物)+車位,桃園市大園區領航南路二段３１號二十三樓之８,15.41,商,,,1130224,土地1建物1車位1,二十三層,二十三層,住宅大樓(11層含以上有電梯),住家用,鋼筋混凝土造,1141203,110.65,2,2,1,有,有,15240000,154095,坡道平面,24.08,1900000,轉讓日期113.03.28轉讓金額不變，二等親讓渡預售屋、或土地及建物分件登記案件；,RPUPMLLKNHLGFEH98DA,52.18,0.0,4.54,有,,桃園市
三民區,房地(土地+建物)+車位,高雄市三民區熱河三街２２號二樓,12.39,住,,,1150323,土地1建物1車位1,二層,十五層,住宅大樓(11層含以上有電梯),見其它登記事項,見其它登記事項,1141014,120.65,2,2,1,有,有,12070000,112646,坡道平面,33.03,2200000,,RPRRMLRJMHLGFDE88DA,49.74,0.0,6.01,有,,高雄市
霧峰區,房地(土地+建物)+車位,臺中市霧峰區德維西街１３號二樓,14.7,住,,,1150308,土地1建物1車位1,二層,十二層,住宅大樓(11層含以上有電梯),住家用,鋼筋混凝土造,1101228,78.38999999999999,1,1,1,有,有,6560000,83684,坡道機械,17.53,0,,RPTOMLMJMHLGFIB48DA,35.12,2.14,3.15,有,,台中市
大甲區,土地,義和段491地號,19.99,工,,,1150124,土地1建物0車位0,,,其他,,,,0.0,0,0,0,無,無,996600,49855,,0.0,0,親友、員工、共有人或其他特殊關係間之交易；,RPUOMLSJLHLGFEB68DA,0.0,0.0,0.0,無,,台中市
仁武區,房地(土地+建物),高雄市仁武區永新二街８２巷１１號,67.21,住,,,1150327,土地2建物1車位0,全,五層,透天厝,見使用執照,鋼筋混凝土造,0920124,192.44,4,2,4,有,無,15500000,80545,,0.0,0,陽台外推；,RPUNMLLLMHLGFIE88DA,159.78,0.0,32.66,無,0177,高雄市
三重區,房地(土地+建物),新北市三重區元信一街２３３號十九樓,24.71,住,,,1110524,土地1建物1車位0,十九層,二十層,住宅大樓(11層含以上有電梯),住家用,鋼筋混凝土造,1150206,140.96,3,2,2,有,有,20450000,145077,,0.0,0,預售屋、或土地及建物分件登記案件；,RPPPMLMLMHLGFGF58DA,84.09,5.47,4.2,有,,新北市
五股區,土地,水碓段水碓小段43地號,56.55,,一般農業區,農牧用地,1150401,土地6建物0車位0,,,其他,,,,0.0,0,0,0,無,無,1710780,30253,,0.0,0,持分土地移轉,RPQNMLRJMHLGFBF28DA,0.0,0.0,0.0,無,,新北市
北屯區,房地(土地+建物)+車位,臺中市北屯區南興北一路１１８號六樓之３,19.76,住,,,1120610,土地1建物1車位1,六層,十七層,住宅大樓(11層含以上有電梯),住家用,鋼筋混凝土造,1150205,157.28,3,2,2,有,有,17720000,130212,坡道平面,34.25,1700000,預售屋、或土地及建物分件登記案件；,RPVWMLMJMHLGFBB78DA,73.02,0.0,7.57,有,,台中市
鼓山區,房地(土地+建物)+車位,高雄市鼓山區南屏路８６３號十四樓,22.79,商,,,1150322,土地1建物1車位1,十四層,十九層,住宅大樓(11層含以上有電梯),住家用,鋼筋混凝土造,0951205,266.6,3,2,2,有,有,34500000,129407,坡道平面,26.88,0,,RPPPMLOJNHLGFAE97DA,153.45,0.96,14.77,有,0212,高雄市
三民區,房地(土地+建物),高雄市三民區覺民路２８５巷２８號十樓,9.51,其他,,,1150405,土地2建物1車位0,十層,十五層,住宅大樓(11層含以上有電梯),住家用,鋼筋混凝土造,1040813,74.44,2,1,1,有,有,7600000,102096,,0.0,0,親友、員工、共有人或其他特殊關係間之交易；,RPRNMLSKNHLGFDE78DA,43.08,1.58,3.75,有,,高雄市
板橋區,房地(土地+建物),新北市板橋區南雅西路二段１８０巷３２號三樓,31.25,住,,,1140818,土地1建物1車位0,三層，陽台,四層,公寓(5樓含以下無電梯),住家用,鋼筋混凝土造,0630829,87.25,3,2,2,有,無,11050000,126648,,0.0,0,,RPPRMLOKNHLGFAF38DA,87.25,0.0,0.0,無,0381,新北市
太平區,房地(土地+建物),臺中市太平區宜文街１７０號二樓,24.19,住,,,1150411,土地3建物1車位0,二層,八層,華廈(10層含以下有電梯),住家用,鋼筋混凝土造,0850806,103.34,4,2,2,有,有,6700000,64835,,0.0,0,,RPQNMLNKNHLGFJB48DA,59.17,0.0,10.25,有,,台中市
大寮區,房地(土地+建物),高雄市大寮區巷尾路２２之８號,92.86,住,,,1150404,土地2建物1車位0,全,三層,透天厝,住家用,鋼筋混凝土造,1130429,187.47,5,2,3,有,無,17750000,94682,,0.0,0,,RPPNMLQLMHLGFLE56DA,172.58,0.0,14.89,無,0109,高雄市
龜山區,房地(土地+建物)+車位,桃園市龜山區文禾路１９７號八樓之２,13.66,工,,,1150303,土地2建物1車位1,八層,二十四層,住宅大樓(11層含以上有電梯),住家用,鋼筋混凝土造,1140306,124.69,3,2,1,有,有,15180000,121742,坡道平面,27.2,0,,RPOOMLLJMHLGFHH38DA,58.69,0.0,5.11,有,,桃園市
北投區,房地(土地+建物),臺北市北投區東華街二段１３４號三樓,14.18,都市：其他:第二種住宅區。,,,1150427,土地1建物1車位0,三層,五層,公寓(5樓含以下無電梯),住家用,鋼筋混凝土造,0720802,49.09,3,1,1,有,無,2160000,44001,,0.0,0,親友、員工、共有人或其他特殊關係間之交易；,RPPNMLKKNHLGFEA47DA,40.77,0.0,4.41,無,,台北市
泰山區,房地(土地+建物)+車位,新北市泰山區仁德路３０號十樓,27.0,住,,,1111125,土地1建物1車位1,十層,十三層,住宅大樓(11層含以上有電梯),住家用,鋼筋混凝土造,1150126,186.91000000000003,3,2,2,有,有,28050000,159412,坡道平面,22.87,1900000,預售屋、或土地及建物分件登記案件；,RPXNMLMJMHLGFBF48DA,93.48,0.0,14.45,有,,新北市
西屯區,房地(土地+建物)+車位,臺中市西屯區市政北一路３３５號三十七樓之９,13.16,都市：其他:第六種新市政中心專用區,,,1140527,土地1建物1車位1,三十七層,三十七層,住宅大樓(11層含以上有電梯),住家用,鋼骨鋼筋混凝土造、鋼筋混凝土造,1150313,237.92,4,2,2,有,有,44670000,190745,坡道平面,16.84,2500000,預售屋、或土地及建物分件登記案件；,RPPSMLOJNHLGFCB18DA,122.19,9.81,15.48,有,,台中市
林口區,房地(土地+建物)+車位,新北市林口區文化三路二段８０號二十一樓,12.87,商,,,1140207,土地1建物1車位1,二十一層,二十九層,住宅大樓(11層含以上有電梯),辦公用,鋼骨構造,1150317,182.01,0,0,0,無,有,28000000,165447,坡道平面,24.86,2000000,114.7.29轉讓預售屋、或土地及建物分件登記案件；,RPURMLQJNHLGFBF09DA,88.81,0.0,5.57,有,,新北市
土城區,房地(土地+建物)+車位,新北市土城區青和街５９號十樓,15.13,住,,,1100425,土地1建物1車位1,十層,十五層,住宅大樓(11層含以上有電梯),住家用,鋼筋混凝土造,1150123,114.50999999999999,2,2,2,有,有,11490000,114738,坡道平面,31.8,2000000,預售屋、或土地及建物分件登記案件；,RPUNMLRLMHLGFAF78DA,50.78,0.0,4.5,有,,新北市
西屯區,房地(土地+建物)+車位,臺中市西屯區青海路二段４６３號九樓之１,32.09,住,,,1110901,土地1建物1車位2,九層,十五層,住宅大樓(11層含以上有電梯),住家用,鋼筋混凝土造,1141216,249.13,3,2,2,有,有,35900000,169053,坡道平面,59.84,3900000,預售屋、或土地及建物分件登記案件；,RPSQMLSLMHLGFCB78DA,112.98,0.0,12.83,有,,台中市
大園區,房地(土地+建物)+車位,桃園市大園區園科路１０３號十一樓之３,18.13,商,,,1130206,土地1建物1車位1,十一層,十八層,住宅大樓(11層含以上有電梯),住家用,鋼筋混凝土造,1141223,124.68,3,2,2,有,有,11500000,95238,坡道平面,21.78,1700000,預售屋、或土地及建物分件登記案件；,RPURMLLMLHLGFEH56DA,62.64,0.0,5.36,有,,桃園市
板橋區,房地(土地+建物),新北市板橋區永豐街５５巷２９弄７號五樓,26.33,住,,,1150212,土地1建物1車位0,五層,五層,公寓(5樓含以下無電梯),住家用,鋼筋混凝土造,0751104,88.0,3,1,2,有,無,15000000,170455,,0.0,0,陽台外推；頂樓加蓋；,RPPNMLOKNHLGFAF97DA,81.56,0.0,6.44,無,0345,新北市
新莊區,房地(土地+建物),新北市新莊區昌隆街３巷１弄２號四樓之四,9.27,住,,,1150317,土地1建物1車位0,四層,十六層,住宅大樓(11層含以上有電梯),住家用,鋼筋混凝土造,0850318,47.790000000000006,1,1,1,有,有,7400000,154844,,0.0,0,陽台外推；其他增建；,RPVNMLKLMHLGFBF28DA,26.2,13.11,4.32,有,,新北市
大安區,土地,通化段六小段344地號,1.61,都市：其他:第三種住宅區。,,,1150414,土地1建物0車位0,,,其他,,,,0.0,0,0,0,無,無,800000,496894,,0.0,0,買方負擔土地增值稅。親友、員工、共有人或其他特殊關係間之交易；,RPOOMLQJNHLGFFA08DA,0.0,0.0,0.0,無,048,台北市
橋頭區,房地(土地+建物)+車位,高雄市橋頭區新南一街２２９號三樓,11.58,住,,,1121029,土地1建物1車位1,三層,十五層,住宅大樓(11層含以上有電梯),見其他登記事項,鋼筋混凝土造,1150106,93.88,2,2,2,有,有,9350000,94515,坡道機械,7.65,1200000,本案為轉讓案件轉讓日期115年2月13日.預售屋、或土地及建物分件登記案件；,RPPOMLOLKHLGFFE28DA,51.28,0.0,3.96,有,,高雄市
松山區,土地,美仁段二小段544地號,6.27,都市：其他:道路用地(公共設施用地)。48/3/13,,,1150420,土地1建物0車位0,,,其他,,,,0.0,0,0,0,無,無,824758,131540,,0.0,0,115年度臺北市政府以容積代金基金採購私有公共設施保留地包含公共設施保留地用地；協議價購；,RPQNMLTJMHLGFDA18DA,0.0,0.0,0.0,無,,台北市
苓雅區,房地(土地+建物),高雄市苓雅區林森二路３８號十樓之１,10.04,住,,,1150317,土地2建物1車位0,十層,十二層,住宅大樓(11層含以上有電梯),見其他登記事項,鋼筋混凝土造,0720517,102.73,2,2,2,有,有,4100000,39910,,0.0,0,,RPWNMLRKLHLGFBE78DA,85.49,0.0,1.84,有,0200,高雄市
西屯區,房地(土地+建物),臺中市西屯區東大路一段６６８號十二樓之２,27.37,住,,,1150322,土地1建物1車位0,十二層,十二層,住宅大樓(11層含以上有電梯),住家用,鋼筋混凝土造,0850923,130.45,3,2,2,有,有,7600000,58255,,0.0,0,,RPPPMLRKMHLGFCB18DA,71.64,2.2,7.68,有,,台中市
龜山區,房地(土地+建物),桃園市龜山區民安街１號,45.55,住,,,1150227,土地2建物1車位0,三層,三層,公寓(5樓含以下無電梯),住家用,加強磚造,0590220,103.49,5,0,5,有,無,6500000,62808,,0.0,0,,RPRNMLOLLHLGFHH98DA,103.49,0.0,0.0,無,,桃園市
中壢區,房地(土地+建物)+車位,桃園市中壢區高鐵站前路４５６號九樓,8.23,商,,,1101120,土地1建物1車位1,九層,十七層,住宅大樓(11層含以上有電梯),住家用,鋼筋混凝土造,1141027,103.82,1,2,2,有,有,11230000,126645,坡道平面,29.36,1800000,113/03/26轉讓，轉讓價金1133萬元。預售屋、或土地及建物分件登記案件；,RPWNNLRLJIKGFBH09DA,44.96,0.0,3.62,有,,桃園市
內湖區,房地(土地+建物)+車位,臺北市內湖區行善路３８５號四樓之３,24.4,都市：其他:工商混合區(不得作住宅使用)。,,,1150322,土地1建物1車位1,四層,十二層,住宅大樓(11層含以上有電梯),辦公用,鋼筋混凝土造,1021017,141.26,1,1,1,有,有,26300000,198565,坡道平面,21.4,2500000,,RPPOMLMLMHLGFCA57DA,65.27,3.68,9.87,有,096,台北市
深坑區,房地(土地+建物),新北市深坑區北深路三段２３６巷１８號二樓,40.39,都市：其他:住宅區,,,1150412,土地2建物1車位0,二層,四層,公寓(5樓含以下無電梯),住家用,鋼筋混凝土造,0700730,102.61,3,2,2,有,無,10500000,102329,,0.0,0,陽台外推；,RPPOMLTLMHLGFCF78DA,97.88,0.0,4.73,無,,新北市
林口區,房地(土地+建物)+車位,新北市林口區吉祥路３２號五樓,7.29,商,,,1120305,土地1建物1車位1,五層,十五層,住宅大樓(11層含以上有電梯),辦公用,鋼筋混凝土造,1150213,90.52000000000001,0,0,0,無,有,10970000,139331,坡道平面,26.5,2050000,113.5.14 以1280萬轉讓預售屋、或土地及建物分件登記案件；,RPRPMLMLJHLGFBF97DA,37.54,0.0,4.2,有,,新北市
旗山區,土地,中正段491地號,8.57,,鄉村區,乙種建築用地,1150504,土地1建物0車位0,,,其他,,,,0.0,0,0,0,無,無,80000,9335,,0.0,0,,RPPNMLOJNHLGFHE48DA,0.0,0.0,0.0,無,,高雄市
南屯區,房地(土地+建物)+車位,臺中市南屯區永春北路８５號五樓,16.69,住,,,1150301,土地2建物1車位1,五層,十二層,住宅大樓(11層含以上有電梯),住家用,鋼筋混凝土造,1030818,134.33,2,2,1,有,有,12200000,90821,坡道平面,33.09,0,其他增建:後陽台鋁窗其他增建；,RPTOMLNKMHLGFCB08DA,56.46,3.51,8.18,有,,台中市
大園區,土地,西園段160地號,131.67,住,,,1150411,土地2建物0車位0,,,其他,,,,0.0,0,0,0,無,無,15932000,120999,,0.0,0,,RPVNMLNLMHLGFEH09DA,0.0,0.0,0.0,無,,桃園市
新店區,房地(土地+建物),新北市新店區安民街３１３巷８號五樓,34.18,住,,,1150319,土地1建物1車位0,五層，陽台,五層,公寓(5樓含以下無電梯),住家用,鋼筋混凝土造,0700513,103.92,2,2,2,有,無,9600000,92379,,0.0,0,,RPSNMLLKNHLGFCF18DA,103.92,0.0,0.0,無,,新北市
中壢區,房地(土地+建物)+車位,桃園市中壢區領航北路二段３０２號五樓之１,29.09,住,,,1100910,土地1建物1車位1,五層,十九層,住宅大樓(11層含以上有電梯),住家用,鋼筋混凝土造,1150306,165.89,3,2,2,有,有,15230000,107055,坡道平面,40.44,1800000,預售屋、或土地及建物分件登記案件；,RPOQMLSJNHLGFBH78DA,74.36,0.0,5.81,有,,桃園市
中壢區,房地(土地+建物),桃園市中壢區月德路２４２號七樓,20.01,,特定農業區,甲種建築用地,1150401,土地1建物1車位0,七層,八層,華廈(10層含以下有電梯),住家用,鋼筋混凝土造,1140217,71.99000000000001,2,2,1,有,有,6380000,88623,,0.0,0,,RPXNMLOKNHLGFBH09DA,45.62,0.0,4.77,有,,桃園市
苓雅區,房地(土地+建物)+車位,高雄市苓雅區青年一路７號十二樓,9.08,其他,,,1150428,土地1建物1車位1,十二層,二十九層,住宅大樓(11層含以上有電梯),見其他登記事項,見其他登記事項,1090203,190.73000000000002,3,2,2,有,有,16500000,86510,坡道機械,15.84,0,親友、員工、共有人或其他特殊關係間之交易；,RPPNMLPKNHLGFBE18EA,97.3,3.49,9.49,有,,高雄市
西屯區,房地(土地+建物)+車位,臺中市西屯區漢口路二段１０８號五樓之２,14.0,住,,,1150203,土地1建物1車位1,五層,十五層,住宅大樓(11層含以上有電梯),住家用,鋼筋混凝土造,0850710,179.86,3,2,2,有,有,15000000,83398,坡道平面,0.0,0,其他增建；,RPPNMLRJNHLGFCB08EA,89.37,3.43,14.36,有,,台中市
烏日區,房地(土地+建物)+車位,臺中市烏日區中山路一段２之１９號十樓之１,13.03,住,,,1150320,土地1建物1車位1,十層,十六層,住宅大樓(11層含以上有電梯),住家用,鋼筋混凝土造,0830708,138.25,3,2,2,有,有,9380000,67848,坡道機械,0.0,0,,RPUNMLPKMHLGFIB88DA,87.02,2.91,9.42,有,,台中市
新店區,房地(土地+建物)+車位,新北市新店區北宜路二段３０巷５弄１６號二樓,14.63,住,,,1150403,土地1建物1車位1,二層,七層,華廈(10層含以下有電梯),住家用,鋼筋混凝土造,0991119,119.11,1,2,1,有,有,15500000,132197,坡道平面,16.99,2000000,其他增建；,RPOOMLOJNHLGFCF08DA,55.7,8.13,7.67,有,,新北市
三民區,房地(土地+建物),高雄市三民區民族一路８８之１號二樓之３,4.22,其他,,,1150426,土地1建物1車位0,二層,二十六層,住宅大樓(11層含以上有電梯),住家用,鋼筋混凝土造,0841219,71.32,2,1,1,有,有,3840000,53842,,0.0,0,含傢俱設備費；,RPVNMLRLMHLGFDE09DA,52.67,0.0,2.51,有,,高雄市
西屯區,房地(土地+建物),臺中市西屯區至善路２４０號四樓之１２,2.85,住,,,1150426,土地1建物1車位0,四層,十四層,住宅大樓(11層含以上有電梯),住家用,鋼筋混凝土造,0870428,31.490000000000002,1,0,1,有,有,3100000,98444,,0.0,0,,RPONNLOJNHLGFCB67DA,16.8,0.0,2.63,有,0062,台中市
中壢區,土地,五權段636-1地號,29.92,農,,,1150413,土地1建物0車位0,,,其他,,,,0.0,0,0,0,無,無,1086000,36297,,0.0,0,親友、員工、共有人或其他特殊關係間之交易；,RPQNMLMKNHLGFBH18DA,0.0,0.0,0.0,無,,桃園市
大園區,房地(土地+建物)+車位,桃園市大園區領航南路二段２９號二十樓之１,22.43,商,,,1120617,土地1建物1車位1,二十層,二十三層,住宅大樓(11層含以上有電梯),住家用,鋼筋混凝土造,1141203,150.6,3,2,2,有,有,21950000,158868,坡道平面,24.08,1850000,預售屋、或土地及建物分件登記案件；,RPUOMLLKNHLGFEH88DA,77.78,0.0,5.16,有,,桃園市
松山區,房地(土地+建物),臺北市松山區北寧路５８之３號七樓,15.69,都市：其他:第三之一種住宅區。,,,1150324,土地3建物1車位0,七層,十八層,住宅大樓(11層含以上有電梯),住家用,鋼筋混凝土造,0770701,142.97,3,2,2,有,有,11300000,79038,,0.0,0,親友、員工、共有人或其他特殊關係間之交易；,RPRNMLRJNHLGFDA18DA,101.36,0.0,13.42,有,,台北市
橋頭區,房地(土地+建物)+車位,高雄市橋頭區新南一街１６１號七樓,11.58,住,,,1121222,土地1建物1車位1,七層,十五層,住宅大樓(11層含以上有電梯),見其他登記事項,鋼筋混凝土造,1150106,100.09,1,2,1,有,有,9650000,92905,坡道平面,17.21,1950000,預售屋、或土地及建物分件登記案件；,RPSOMLKKPHKGFFE48DA,39.86,0.0,13.18,有,,高雄市
仁武區,房地(土地+建物)+車位,高雄市仁武區京富路６０號九樓之９,17.38,住,,,1130218,土地2建物1車位1,九層,十五層,住宅大樓(11層含以上有電梯),見其他登記事項,見其他登記事項,1150122,122.22999999999999,2,2,2,有,有,11450000,96765,坡道平面,21.47,1700000,預售屋、或土地及建物分件登記案件；,RPOOMLSJNHLGFIE98DA,56.03,0.0,9.46,有,,高雄市
新興區,房地(土地+建物)+車位,高雄市新興區中山一路１６號十八樓之１０,3.91,其他,,,1091214,土地2建物1車位1,十八層,三十四層,住宅大樓(11層含以上有電梯),見其他登記事項,見其他登記事項,1150121,100.21000000000001,2,1,1,有,有,9500000,110691,坡道平面,26.13,1300000,另有讓渡預售屋、或土地及建物分件登記案件；,RPWOMLLMLHLGFBE48DA,44.79,0.0,3.46,有,,高雄市
沙鹿區,房地(土地+建物)+車位,臺中市沙鹿區三民路１０９號十一樓之５,25.31,住,,,1120613,土地1建物1車位1,十一層,十五層,住宅大樓(11層含以上有電梯),住家用,鋼筋混凝土造,1150212,144.95999999999998,3,2,2,有,有,14480000,106993,坡道平面,25.98,1750000,預售屋、或土地及建物分件登記案件；,RPTOMLOLLHLGFFB48DA,72.57,0.0,6.95,有,,台中市
西屯區,房地(土地+建物)+車位,臺中市西屯區青海路二段５１６號十四樓之６,17.15,住,,,1121105,土地2建物1車位1,十四層,十九層,住宅大樓(11層含以上有電梯),住家用,鋼筋混凝土造,1150108,142.48000000000002,3,2,2,有,有,21160000,167367,坡道平面,28.3,2050000,預售屋、或土地及建物分件登記案件；,RPOPMLSJNHLGFCB18DA,65.73,0.0,7.96,有,,台中市
沙鹿區,房地(土地+建物)+車位,臺中市沙鹿區三民路１０７號十三樓之７,18.89,住,,,1120410,土地1建物1車位1,十三層,十五層,住宅大樓(11層含以上有電梯),住家用,鋼筋混凝土造,1150212,115.44,2,2,2,有,有,11730000,112117,坡道平面,25.98,1700000,預售屋、或土地及建物分件登記案件；,RPTTNLOLLHLGFFB09DA,53.74,0.0,5.99,有,,台中市
鶯歌區,房地(土地+建物)+車位,新北市鶯歌區國中街８８號三樓之２,29.16,住,,,1120618,土地1建物1車位1,三層,十四層,住宅大樓(11層含以上有電梯),住家用,鋼筋混凝土造,1141222,163.3,3,2,2,有,有,16300000,107677,坡道平面,26.78,1600000,本案於114.09.12，夫妻原價轉售。預售屋、或土地及建物分件登記案件；,RPVSMLQKMHLGFIF37DA,79.7,0.0,9.46,有,,新北市
汐止區,土地,八連段166-3地號,151.55,,山坡地保育區,農牧用地,1150430,土地1建物0車位0,,,其他,,,,0.0,0,0,0,無,無,1300000,8578,,0.0,0,,RPTNMLLKNHLGFDF38DA,0.0,0.0,0.0,無,,新北市
鼓山區,房地(土地+建物)+車位,高雄市鼓山區美術東四路２３６號九樓,11.71,住,,,1150430,土地2建物1車位1,九層,十五層,住宅大樓(11層含以上有電梯),住家用,鋼筋混凝土造,0951013,98.8,2,2,1,有,有,10500000,104442,坡道平面,15.5,1800000,,RPVNMLLKNHLGFAE18DA,49.38,1.28,6.81,有,,高雄市
小港區,房地(土地+建物),高雄市小港區江山街５號,60.0,其他,,,1150429,土地1建物1車位0,全,三層,透天厝,見其它登記事項,鋼筋混凝土造,0700225,167.62,4,2,3,有,無,2860000,17062,,0.0,0,親友、員工、共有人或其他特殊關係間之交易；,RPSNMLOKNHLGFCE38DA,157.14,3.25,7.23,無,,高雄市
中壢區,房地(土地+建物)+車位,桃園市中壢區高鐵站前路４１２號二樓,10.94,商,,,1101217,土地1建物1車位1,二層,十七層,住宅大樓(11層含以上有電梯),辦公用,鋼筋混凝土造,1141027,128.13,0,0,0,無,有,13850000,120988,坡道平面,29.36,1900000,111/01/24轉讓，轉讓價金1415萬元；111/03/01轉讓，轉讓價金1415萬元；113/10/16轉讓，轉讓價金1385萬元。預售屋、或土地及建物分件登記案件；,RPWSMLRLJIKGFBH86DA,60.11,0.0,4.18,有,,桃園市
三峽區,房地(土地+建物),新北市三峽區二鬮路１３６巷９９號四樓,44.88,,山坡地保育區,丙種建築用地,1150424,土地3建物1車位0,四層,九層,華廈(10層含以下有電梯),住家用,鋼筋混凝土造,0830927,103.72,3,2,2,有,有,6600000,63627,,0.0,0,,RPPNMLNKNHLGFIF68DA,73.01,0.86,9.21,有,,新北市
蘆竹區,房地(土地+建物)+車位,桃園市蘆竹區豪登一街１６２之１號三樓,15.29,商,,,1121130,土地1建物1車位1,三層,十五層,住宅大樓(11層含以上有電梯),住家用,鋼筋混凝土造,1150327,154.7,3,2,2,有,有,12340000,85030,坡道平面,26.04,1400000,預售屋、或土地及建物分件登記案件；,RPPTMLNLMHLGFEH09DA,76.09,0.0,9.46,有,,桃園市
觀音區,房地(土地+建物)+車位,桃園市觀音區莊敬三街２８０號三樓,19.02,住,,,1121106,土地1建物1車位1,三層,十四層,住宅大樓(11層含以上有電梯),住家用,鋼筋混凝土造,1150204,104.69,2,2,1,有,有,6990000,74003,坡道平面,26.45,1200000,預售屋、或土地及建物分件登記案件；,RPQQMLQKMHLGFBH78DA,48.2,0.0,3.78,有,,桃園市
鼓山區,土地,青海段391地號,32.73,住,,,1150415,土地1建物0車位0,,,其他,,,,0.0,0,0,0,無,無,10000000,305530,,0.0,0,親友、員工、共有人或其他特殊關係間之交易；,RPRNMLPKMHLGFAE08DA,0.0,0.0,0.0,無,,高雄市
苓雅區,房地(土地+建物),高雄市苓雅區尚義街１６５號六樓之８,4.89,商,,,1150315,土地1建物1車位0,六層,七層,華廈(10層含以下有電梯),住家用,鋼筋混凝土造,0821207,40.83,1,1,1,有,有,3100000,75925,,0.0,0,未登記建物；,RPPOMLLKNHLGFBE77DA,24.17,0.0,0.0,有,0181,高雄市
大寮區,房地(土地+建物),高雄市大寮區內厝路２９５號十二樓,6.37,住,,,1150426,土地1建物1車位0,十二層,十五層,住宅大樓(11層含以上有電梯),住家用,鋼筋混凝土造,0830205,42.58,1,1,1,有,有,1700000,39925,,0.0,0,,RPVNMLRJNHLGFLE17DA,28.09,0.0,4.03,有,,高雄市
小港區,土地,水庫段376-1地號,417.34,都市：其他:保護區,,,1150204,土地1建物0車位0,,,其他,,,,0.0,0,0,0,無,無,8513736,20400,,0.0,0,協議價購；,RPUTMLLLMHLGFCE88DA,0.0,0.0,0.0,無,,高雄市
中壢區,房地(土地+建物)+車位,桃園市中壢區領航南路一段３３８號十二樓,22.29,住,,,1130711,土地1建物1車位1,十二層,二十四層,住宅大樓(11層含以上有電梯),住家用,鋼筋混凝土造,1140722,140.19,2,2,2,有,有,21590000,191782,坡道平面,37.0,1800000,預售屋、或土地及建物分件登記案件；,RPPQMLMKNHLGFBH38DA,62.88,0.0,3.38,有,,桃園市
蘆竹區,房地(土地+建物)+車位,桃園市蘆竹區豪登一街１４８號十四樓,12.83,商,,,1130621,土地1建物1車位1,十四層,十五層,住宅大樓(11層含以上有電梯),住家用,鋼筋混凝土造,1150327,135.04,3,2,1,有,有,12850000,104176,坡道平面,27.05,1600000,預售屋、或土地及建物分件登記案件；,RPXPMLNLMHLGFEH86DA,64.54,0.0,7.26,有,,桃園市
五股區,房地(土地+建物)+車位,新北市五股區新城八路３４３號四樓,22.22,住,,,1130323,土地1建物1車位1,四層,十五層,住宅大樓(11層含以上有電梯),住家用,鋼筋混凝土造,1141223,126.33,2,2,1,有,有,14930000,142777,坡道平面,36.82,2150000,權利人於115年1月24日取得本標的，原夫妻聯名更名為一人。預售屋、或土地及建物分件登記案件；,RPSSMLOKNHLGFBF88DA,49.26,5.66,5.17,有,,新北市
竹北市,土地,貓兒錠段後面小段149-4地號,10.88,,特定農業區,交通用地,1150212,土地3建物0車位0,,,其他,,,,0.0,0,0,0,無,無,7000,643,,0.0,0,包含公共設施保留地用地；,RPPNMLRLLHLGFBJ78EA,0.0,0.0,0.0,無,066,新竹縣
新興區,房地(土地+建物)+車位,高雄市新興區中山一路１６號十八樓之２０,5.25,都市：其他:第五種商業區,,,1100426,土地2建物1車位1,十八層,三十四層,住宅大樓(11層含以上有電梯),見其他登記事項,見其他登記事項,1150121,125.44,2,1,1,有,有,10950000,99184,坡道平面,26.13,1100000,另有讓渡預售屋、或土地及建物分件登記案件；,RPSOMLKKMHLGFBE87DA,43.9,0.0,20.77,有,,高雄市
楊梅區,房地(土地+建物),桃園市楊梅區青山六街２９巷１０號５樓,22.48,住,,,1150310,土地2建物1車位0,五層,八層,華廈(10層含以下有電梯),住家用,鋼筋混凝土造,0840324,108.42999999999999,3,2,2,有,有,5700000,52568,,0.0,0,,RPWNMLRJNHLGFDH76DA,78.32,1.86,10.03,有,,桃園市
外埔區,房地(土地+建物),臺中市外埔區中山路２５８巷１９號二樓之２,42.83,住,,,1150310,土地1建物1車位0,二層,六層,華廈(10層含以下有電梯),住家用,鋼筋混凝土造,1141215,125.07,3,2,2,有,有,7000000,55969,,0.0,0,土地成交價280萬元、房屋成交價420萬元,RPPNMLMKNHLGFEB77DA,77.96,0.0,8.21,有,,台中市
大園區,房地(土地+建物)+車位,桃園市大園區文城路１５１號十四樓之１,17.54,商,,,1130409,土地1建物1車位1,十四層,十八層,住宅大樓(11層含以上有電梯),住家用,鋼筋混凝土造,1141223,121.32999999999998,2,2,2,有,有,11060000,96032,坡道平面,21.78,1500000,親友、員工、共有人或其他特殊關係間之交易；預售屋、或土地及建物分件登記案件；,RPPTMLLJMHLGFEH68DA,60.62,0.0,5.2,有,,桃園市
中和區,房地(土地+建物),新北市中和區中正路７５５號十樓之七,3.92,住,,,1150329,土地1建物1車位0,十層,二十三層,住宅大樓(11層含以上有電梯),住家用,鋼筋混凝土造,0850919,58.599999999999994,2,1,1,有,有,9380000,160068,,0.0,0,凸窗增建其他增建；,RPWNMLNKNHLGFHF66DA,34.97,0.0,6.54,有,0309,新北市
小港區,土地,坪北段538-3地號,556.95,都市：其他:住宅區,,,1150203,土地3建物0車位0,,,其他,,,,0.0,0,0,0,無,無,8354250,15000,,0.0,0,協議價購；,RPOUMLLLMHLGFCE38DA,0.0,0.0,0.0,無,0264,高雄市
林口區,房地(土地+建物)+車位,新北市林口區文化三路二段３０６號十二樓之七,11.04,商,,,1150307,土地1建物1車位1,十二層,十九層,住宅大樓(11層含以上有電梯),住家用,鋼筋混凝土造,0990811,126.62,2,2,1,有,有,15100000,119254,坡道平面,26.56,0,親友、員工、共有人或其他特殊關係間之交易；,RPUOMLOJNHLGFBF58DA,63.91,1.25,6.81,有,,新北市
大甲區,房地(土地+建物),臺中市大甲區中山路二段９５０巷１６號四樓之６,29.2,住,,,1130701,土地1建物1車位0,四層,六層,華廈(10層含以下有電梯),住家用,鋼筋混凝土造,1150122,80.72,2,2,2,有,有,7460000,92418,,0.0,0,預售屋、或土地及建物分件登記案件；,RPOOMLKMLHLGFEB57DA,51.78,0.0,6.15,有,,台中市
大安區,建物,臺北市大安區建國南路一段２８６巷４１號五樓,0.0,,,,1150208,土地0建物1車位0,五層,五層,公寓(5樓含以下無電梯),住家用,鋼筋混凝土造,0670330,99.98,3,2,2,有,無,10500000,105021,,0.0,0,建物坐落地號：懷生段四小段368地號；陽台外推；地上權房屋；,RPWNMLPJNHLGFFA68DA,82.7,0.0,17.28,無,,台北市
萬華區,房地(土地+建物),臺北市萬華區開封街二段６４號十三樓之３,6.11,都市：其他:第四種商業區。,,,1130204,土地1建物1車位0,十三層,十五層,住宅大樓(11層含以上有電梯),住家用,鋼筋混凝土造,1141222,85.76,2,2,2,有,有,24280000,283116,,0.0,0,預售屋、或土地及建物分件登記案件；,RPOUMLPLLHLGFBA18DA,51.92,0.0,3.5,有,,台北市
楊梅區,房地(土地+建物),桃園市楊梅區三民東路２９２號三樓,21.81,住,,,1150316,土地1建物1車位0,三層,五層,公寓(5樓含以下無電梯),住家用,鋼筋混凝土造,0860905,82.16,3,2,1,有,無,4690000,57084,,0.0,0,,RPWOMLQJNHLGFDH76DA,60.97,0.0,2.52,無,0195,桃園市
鶯歌區,房地(土地+建物)+車位,新北市鶯歌區國中街１２３之２號十樓,23.02,住,,,1150311,土地1建物1車位1,十層,十二層,住宅大樓(11層含以上有電梯),住家用,鋼筋混凝土造,1061212,136.47,2,2,2,有,有,13600000,108245,坡道平面,25.61,1600000,,RPQOMLMKNHLGFIF78DA,65.59,6.5,4.96,有,0272,新北市
新店區,房地(土地+建物),新北市新店區中央路１７５號四樓之８,17.58,,,,1150323,土地3建物1車位0,四層,二十層,住宅大樓(11層含以上有電梯),住家用,鋼骨構造、鋼筋混凝土構造,1011114,92.32,1,2,1,有,有,19680000,213172,,0.0,0,,RPRNMLNLMHLGFCF28DA,52.64,4.56,5.2,有,0242,新北市
平鎮區,土地,鎮興段733-7地號,169.28,,一般農業區,林業用地,1141231,土地8建物0車位0,,,其他,,,,0.0,0,0,0,有,無,3900000,23039,,0.0,0,親友、員工、共有人或其他特殊關係間之交易；未登記建物；,RPOOMLSLMHLGFGH56DA,0.0,0.0,0.0,無,,桃園市
平鎮區,土地,六和段955地號,46.42,,特定農業區,農牧用地,1150507,土地1建物0車位0,,,其他,,,,0.0,0,0,0,無,無,250668,5400,,0.0,0,,RPRNMLLJNHLGFGH58DA,0.0,0.0,0.0,無,0002,桃園市
鹽埕區,房地(土地+建物),高雄市鹽埕區河西路１０３號１２樓之２,7.1,其他,,,1150311,土地1建物1車位0,十二層,十二層,住宅大樓(11層含以上有電梯),見其它登記事項,鋼筋混凝土造,0710226,87.94,3,2,2,有,有,4380000,49807,,0.0,0,,RPRNMLSJNHLGFAE38DA,66.08,0.0,0.0,有,,高雄市
中壢區,土地,平寮段3地號,1752.55,,,,1150430,土地1建物0車位0,,,其他,,,,0.0,0,0,0,無,無,65525956,37389,,0.0,0,包含公共設施保留地用地；,RPSOMLMKNHLGFBH48DA,0.0,0.0,0.0,無,,桃園市
萬華區,房地(土地+建物),臺北市萬華區青年路１０６巷１７號五樓,21.62,都市：其他:第三之一種住宅區。,,,1150327,土地2建物1車位0,五層,五層,公寓(5樓含以下無電梯),住家用,鋼筋混凝土造,0640403,45.88,2,1,1,有,無,5400000,117698,,0.0,0,親友、員工、共有人或其他特殊關係間之交易；頂樓加蓋；,RPSNMLRJNHLGFBA18EA,45.88,0.0,0.0,無,,台北市
內湖區,土地,石潭段二小段108地號,16.47,都市：其他:公園用地(公共設施用地)。63/1/5,,,1150421,土地1建物0車位0,,,其他,,,,0.0,0,0,0,無,無,498000,30237,,0.0,0,包含公共設施保留地用地；,RPVOMLRJNHLGFCA58DA,0.0,0.0,0.0,無,034,台北市
三芝區,房地(土地+建物),新北市三芝區海尾１３之４８號七樓,16.63,,一般農業區,甲種建築用地,1110301,土地1建物1車位0,七層,十三層,住宅大樓(11層含以上有電梯),住家用,鋼筋混凝土造,1150108,51.22,1,0,1,有,有,4580000,89418,,0.0,0,1本案為樂齡銀髮養生宅，銷售物件統一包含室內規劃設置2 第一次轉讓日期113年3月13日，價格525萬元。預售屋、或土地及建物分件登記案件；,RPXNMLNJNHLGFEF98DA,32.58,0.0,2.18,有,,新北市
信義區,房地(土地+建物),臺北市信義區崇德街２７號二樓,19.69,都市：其他:第三種住宅區。,,,1150327,土地1建物1車位0,二層，陽臺，電梯樓梯間,四層,公寓(5樓含以下無電梯),住家用,鋼筋混凝土造,0650317,51.42,3,1,1,有,無,10000000,194477,,0.0,0,親友、員工、共有人或其他特殊關係間之交易；,RPOOMLSJNHLGFDA08DA,51.42,0.0,0.0,無,,台北市
龍潭區,房地(土地+建物),桃園市龍潭區五福街２６２巷３９１號,1092.33,,一般農業區,特定目的事業用地,1150323,土地1建物1車位0,全,一層,透天厝,工業用,鋼骨造,1071024,463.1,0,0,0,無,無,61000000,131721,,0.0,0,,RPQNMLPLLHLGFCH48DA,407.41,55.69,0.0,無,,桃園市
南港區,房地(土地+建物),臺北市南港區松河街５００號八樓,37.47,都市：其他:住宅區(供住宅使用)。,,,1140806,土地1建物1車位0,八層,九層,華廈(10層含以下有電梯),住家用,鋼筋混凝土造,0940919,111.62,2,2,1,有,有,24500000,219495,,0.0,0,,RPPNMLTLLHLGFDA18DA,69.69,3.47,7.03,有,,台北市
三民區,房地(土地+建物)+車位,高雄市三民區德勝街１７號二十二樓,11.23,住,,,1150406,土地1建物1車位1,二十二層,二十二層,住宅大樓(11層含以上有電梯),見其它登記事項,見其它登記事項,1131202,100.48,2,2,1,有,有,13280000,143189,坡道平面,23.1,2200000,,RPSNMLSLMHLGFDE88DA,44.27,0.0,4.82,有,,高雄市
西屯區,房地(土地+建物)+車位,臺中市西屯區青海路二段７號二十一樓之３,6.6,商,,,1110923,土地1建物1車位1,二十一層,二十四層,住宅大樓(11層含以上有電梯),住家用,鋼骨鋼筋混凝土造,1141103,102.35,2,2,1,有,有,15400000,179856,坡道平面,27.29,1900000,預售屋、或土地及建物分件登記案件；,RPOTMLOJNHLGFCB18DA,44.17,0.0,5.05,有,,台中市
沙鹿區,房地(土地+建物)+車位,臺中市沙鹿區三民路１０９號十樓之６,25.4,住,,,1120826,土地1建物1車位1,十層,十五層,住宅大樓(11層含以上有電梯),住家用,鋼筋混凝土造,1150212,145.92000000000002,3,2,2,有,有,14980000,111139,坡道平面,25.98,1650000,預售屋、或土地及建物分件登記案件；,RPRRMLOLLHLGFFB58DA,72.94,0.0,7.21,有,,台中市
中和區,房地(土地+建物),新北市中和區景平路１３８號三樓,28.36,住,,,1150414,土地1建物1車位0,三層,五層,公寓(5樓含以下無電梯),住家用,鋼筋混凝土造,0770625,104.58,3,2,2,有,無,14200000,135781,,0.0,0,,RPPNMLRJNHLGFHF98EA,91.62,0.0,5.85,無,,新北市
新莊區,房地(土地+建物)+車位,新北市新莊區福壽街４３１號十一樓,19.66,商,,,1150308,土地1建物1車位1,十一層,十九層,住宅大樓(11層含以上有電梯),住家用,鋼筋混凝土造,1050520,189.96,3,2,2,有,有,31200000,190445,坡道平面,39.26,2500000,陽台外推；,RPPNMLMJMHLGFBF67DA,83.39,9.0,8.54,有,0155,新北市
蘆竹區,房地(土地+建物),桃園市蘆竹區內溪路４０巷４０之３８號,862.96,工,,,1150320,土地3建物2車位0,全,一層,透天厝,工業用,鋼骨造,1140912,496.52,0,0,0,無,無,102000000,205430,,0.0,0,,RPSPMLKLMHLGFEH68DA,496.52,0.0,0.0,無,,桃園市
大園區,土地,圳股頭段後館小段238-4地號,2609.0,農,,,1140716,土地3建物0車位0,,,其他,,,,0.0,0,0,0,無,無,31930000,12238,,0.0,0,,RPWNMLPJNHLGFEH66DA,0.0,0.0,0.0,無,,桃園市
竹北市,房地(土地+建物)+車位,新竹縣竹北市十興路二段１２９號九樓,18.82,住,,,1150308,土地1建物1車位1,九層,十五層,住宅大樓(11層含以上有電梯),住家用,鋼筋混凝土造,1071128,131.86,2,2,1,有,有,19250000,145988,坡道平面,36.15,0,,RPSNMLQKMHLGFBJ88DA,58.25,0.0,6.89,有,051,新竹縣
鳳山區,房地(土地+建物),高雄市鳳山區光復路８４巷１２之２號,25.11,其他,,,1150413,土地4建物1車位0,三層,五層,公寓(5樓含以下無電梯),住家用,鋼筋混凝土造,0710816,88.13,3,2,2,有,無,3080000,34948,,0.0,0,其他增建；,RPUNMLNKNHLGFGE88DA,88.13,0.0,0.0,無,,高雄市
前鎮區,房地(土地+建物)+車位,高雄市前鎮區武慶一路１６８號七樓,15.88,住,,,1150322,土地2建物1車位1,七層,十四層,住宅大樓(11層含以上有電梯),住家用,鋼筋混凝土造,0980722,115.29,2,2,1,有,有,10300000,89340,坡道平面,29.32,0,,RPTOMLTLMHLGFCE09DA,52.58,1.72,4.22,有,0149,高雄市
楠梓區,房地(土地+建物),高雄市楠梓區興楠路７３巷３０號五樓,12.02,其他,,,1130907,土地1建物1車位0,五層,十五層,住宅大樓(11層含以上有電梯),見其它登記事項,見其它登記事項,1150203,79.25,2,2,2,有,有,8650000,109148,,0.0,0,預售屋、或土地及建物分件登記案件；,RPUQMLNKNHLGFEE98DA,46.65,0.0,3.93,有,,高雄市
淡水區,房地(土地+建物),新北市淡水區民權路１７９之３號三樓,33.36,工,,,1150306,土地5建物1車位0,三層,五層,公寓(5樓含以下無電梯),工業用,鋼筋混凝土造,0940818,149.95999999999998,3,2,2,有,有,10000000,66684,,0.0,0,親友、員工、共有人或其他特殊關係間之交易；,RPPPMLOJLHLGFEF28DA,87.37,0.0,15.01,無,,新北市
蘆竹區,房地(土地+建物)+車位,桃園市蘆竹區興中街６１號五樓之３,12.04,商,,,1150412,土地1建物1車位1,五層,十二層,住宅大樓(11層含以上有電梯),住家用,鋼筋混凝土造,0951105,113.9,2,1,1,有,有,8880000,77963,坡道平面,29.17,0,陽台外推；,RPQNMLPJNHLGFEH68DA,55.46,2.15,6.04,有,0033,桃園市
林口區,房地(土地+建物)+車位,新北市林口區文化二路二段１１０巷１６號,35.59,住,,,1150305,土地1建物1車位1,一層，二層,十四層,住宅大樓(11層含以上有電梯),住商用,鋼筋混凝土造,0971013,254.69,3,2,2,有,有,35000000,137422,坡道平面,26.06,0,,RPPSMLOLMHLGFBF58DA,140.75,2.26,20.06,有,0191,新北市
三民區,房地(土地+建物)+車位,高雄市三民區大豐二路２２５號二十七樓之１０,5.37,商,,,1130705,土地1建物1車位1,二十七層,二十九層,住宅大樓(11層含以上有電梯),見其它登記事項,鋼筋混凝土造,1141218,92.83,2,1,2,有,有,10410000,124573,坡道機械,19.7,1300000,預售屋、或土地及建物分件登記案件；,RPTRMLOJLHLGFDE68DA,43.38,0.0,3.87,有,,高雄市
淡水區,房地(土地+建物)+車位,新北市淡水區義山路一段４０１巷４８號十二樓,13.23,住,,,1121119,土地1建物1車位1,十二層,十四層,住宅大樓(11層含以上有電梯),住家用,鋼筋混凝土造,1150407,114.63,2,2,1,有,有,10150000,96814,坡道平面,25.8,1550000,預售屋、或土地及建物分件登記案件；,RPWNMLSLMHLGFEF86DA,54.46,0.0,4.56,有,,新北市
南屯區,土地,惠禮段119地號,156.77,住,,,1150324,土地1建物0車位0,,,其他,,,,0.0,0,0,0,無,無,30500000,194553,,0.0,0,,RPVONLOJNHLGFCB48DA,0.0,0.0,0.0,無,0098,台中市
三重區,房地(土地+建物),新北市三重區重新路五段６０９巷１２號三樓之十三,15.86,工,,,1150408,土地1建物1車位0,三層,十層,華廈(10層含以下有電梯),工商用,鋼筋混凝土造,0810521,136.71,0,0,0,無,有,14000000,102407,,0.0,0,,RPUOMLNLMHLGFGF09DA,89.76,0.0,10.66,有,0119,新北市
楠梓區,土地,高楠段61地號,43.5,農,,,1150511,土地1建物0車位0,,,其他,,,,0.0,0,0,0,無,無,1800000,41379,,0.0,0,親友、員工、共有人或其他特殊關係間之交易；未登記建物；,RPRPMLNKNHLGFEE58DA,0.0,0.0,0.0,無,,高雄市
北屯區,房地(土地+建物)+車位,臺中市北屯區南興北一路１１８號十四樓之７,25.86,住,,,1120629,土地1建物1車位2,十四層,十七層,住宅大樓(11層含以上有電梯),住家用,鋼筋混凝土造,1150205,229.76999999999998,4,2,2,有,有,25350000,136727,坡道平面,68.5,3300000,112年7月22日增購一個車位，車位價格150萬元整預售屋、或土地及建物分件登記案件；,RPWQNLMJMHLGFBB38DA,94.65,0.0,10.96,有,,台中市
南屯區,房地(土地+建物)+車位,臺中市南屯區建功路６９號十六樓之８,14.6,住,,,1130306,土地1建物1車位1,十六層,二十三層,住宅大樓(11層含以上有電梯),住家用,鋼筋混凝土造,1141226,158.16000000000003,3,2,2,有,有,18250000,123466,坡道平面,26.14,1950000,預售屋、或土地及建物分件登記案件；,RPVPMLQJNHLGFCB68DA,72.91,0.0,13.74,有,,台中市
淡水區,房地(土地+建物)+車位,新北市淡水區義山路一段４０１巷２６號四樓,18.43,住,,,1130708,土地1建物1車位1,四層,十五層,住宅大樓(11層含以上有電梯),住家用,鋼筋混凝土造,1150407,149.36,3,2,2,有,有,13210000,92344,坡道平面,25.8,1800000,親友、員工、共有人或其他特殊關係間之交易；預售屋、或土地及建物分件登記案件；,RPUOMLPJNHLGFEF98DA,72.49,0.0,9.66,有,,新北市
新豐鄉,土地,崁頭段435地號,19.02,,特定農業區,農牧用地,1150111,土地1建物0車位0,,,其他,,,,0.0,0,0,0,無,無,160000,8412,,0.0,0,,RPXNMLMJLHLGFDJ98DA,0.0,0.0,0.0,無,073,新竹縣
南港區,房地(土地+建物)+車位,臺北市南港區忠孝東路六段８８號二樓,23.38,都市：其他:第三之二種住宅區。,,,1150312,土地2建物1車位2,二層,十六層,住宅大樓(11層含以上有電梯),住家用,鋼筋混凝土造,1040325,247.24,3,2,2,有,有,61680000,309815,坡道平面,67.52,6000000,交易總價：6168萬元整內含車位價600萬元整。土地價格：45941537元整、建物價格：15738463元整,RPRNMLLLMHLGFDA67DA,110.44,2.62,9.84,有,068,台北市
沙鹿區,房地(土地+建物)+車位,臺中市沙鹿區三民路１０９號十二樓之２,33.71,住,,,1130106,土地1建物1車位2,十二層,十五層,住宅大樓(11層含以上有電梯),住家用,鋼筋混凝土造,1150212,209.06,4,2,2,有,有,20780000,109994,坡道平面,51.96,3500000,預售屋、或土地及建物分件登記案件；,RPVSMLOLLHLGFFB09DA,88.52,0.0,16.42,有,,台中市
新店區,房地(土地+建物)+車位,新北市新店區頂城三街１２１巷２弄１３號,445.37,,山坡地保育區,丙種建築用地,1150206,土地7建物1車位1,全,三層,透天厝,住家用,鋼骨造,0980618,246.66,3,2,3,有,有,58000000,235141,坡道平面,0.0,0,土地建物有拆價-土地價格：5000萬、建物價格：800萬；二樓陽台外移、露台採光罩、一樓大門、一樓後院採光罩其他增建；,RPTNMLQKMHLGFCF68DA,180.25,0.0,11.91,無,,新北市
鳳山區,房地(土地+建物)+車位,高雄市鳳山區華北街１５２號四樓之３,15.44,其他,,,1130221,土地1建物1車位1,四層,十五層,住宅大樓(11層含以上有電梯),見其他登記事項,見其他登記事項,1150106,125.66,2,2,2,有,有,13050000,111829,坡道平面,25.06,1800000,預售屋、或土地及建物分件登記案件；,RPRNMLNKNHLGFGE58DA,54.04,0.0,10.35,有,,高雄市
中壢區,房地(土地+建物)+車位,桃園市中壢區長樂二街１０７號三樓,25.0,住,,,1150324,土地1建物1車位1,三層,十五層,住宅大樓(11層含以上有電梯),住家用,鋼筋混凝土造,1080613,163.57999999999998,3,2,1,有,有,12250000,74887,坡道平面,60.34,0,,RPQPMLMKNHLGFBH38DA,62.54,3.17,5.11,有,0226,桃園市
西屯區,土地,西屯段490地號,0.95,,,,1150421,土地1建物0車位0,,,其他,,,,0.0,0,0,0,無,無,68259,0,,0.0,0,協議價購；,RPUPMLTLMHLGFCB98DA,0.0,0.0,0.0,無,0007,台中市
新店區,房地(土地+建物),新北市新店區玫瑰路６１巷３９號二樓,59.51,都市：其他:保護區,,,1150329,土地3建物1車位0,二層，三層,五層,公寓(5樓含以下無電梯),住家用,鋼筋混凝土造,0781207,141.26,3,2,2,有,有,9500000,67252,,0.0,0,,RPPNMLRJNHLGFCF48EA,106.49,0.0,13.38,無,,新北市
三民區,房地(土地+建物),高雄市三民區朝陽街１８９號,65.0,住,,,1150401,土地1建物1車位0,全,三層,透天厝,住商用,鋼筋混凝土加強磚造,0570307,141.94,0,0,0,無,無,15500000,109201,,0.0,0,四樓增建,RPPNMLTJMHLGFDE48DA,141.94,0.0,0.0,無,,高雄市
蘆竹區,房地(土地+建物)+車位,桃園市蘆竹區五福一路２２０之３號六樓,23.67,住,,,1130412,土地1建物1車位1,六層,十五層,住宅大樓(11層含以上有電梯),住家用,鋼筋混凝土造,1150123,149.11,3,2,2,有,有,17000000,130387,坡道平面,31.0,1600000,預售屋、或土地及建物分件登記案件；,RPRTNLRLJHLGFEH86DA,70.37,0.0,7.78,有,,桃園市
大園區,房地(土地+建物)+車位,桃園市大園區文城路１５５號十七樓之１,23.36,商,,,1140302,土地1建物1車位1,十七層,十八層,住宅大樓(11層含以上有電梯),住家用,鋼筋混凝土造,1141223,153.91000000000003,3,2,2,有,有,17100000,118066,坡道平面,21.78,1500000,親友、員工、共有人或其他特殊關係間之交易；預售屋、或土地及建物分件登記案件；,RPSUMLLJMHLGFEH09DA,79.84,0.0,7.56,有,,桃園市
林口區,土地,下福段1012-2地號,39.98,都市：其他:保護區,,,1150331,土地2建物0車位0,,,其他,,,,0.0,0,0,0,無,無,604700,15125,,0.0,0,親友、員工、共有人或其他特殊關係間之交易；,RPWPMLNLMHLGFBF88DA,0.0,0.0,0.0,無,,新北市
三民區,房地(土地+建物)+車位,高雄市三民區大豐二路２２５號二十七樓之１２,6.48,商,,,1130330,土地1建物1車位1,二十七層,二十九層,住宅大樓(11層含以上有電梯),見其它登記事項,鋼筋混凝土造,1141218,108.05000000000001,3,1,2,有,有,12210000,122581,坡道機械,19.7,1380000,預售屋、或土地及建物分件登記案件；,RPPRMLMLJHLGFDE08DA,52.56,0.0,4.5,有,,高雄市
關西鎮,土地,馬武督段赤柯山小段196地號,1742.0,,山坡地保育區,農牧用地,1150408,土地4建物0車位0,,,其他,,,,0.0,0,0,0,無,無,3000000,1722,,0.0,0,農作物；,RPVNMLKMMHLGFBJ78DA,0.0,0.0,0.0,無,,新竹縣
三民區,房地(土地+建物),高雄市三民區鼎泰街９５之１３號,79.58,住,,,1150316,土地2建物1車位0,全,三層,透天厝,見其它登記事項,鋼筋混凝土造,0660618,155.43,8,8,8,有,無,16300000,104870,,0.0,0,其他增建；含租約；,RPPOMLOLMHLGFDE28DA,155.43,0.0,0.0,無,0185,高雄市
南屯區,房地(土地+建物)+車位,臺中市南屯區建功路６５號十六樓之１,14.6,住,,,1121128,土地1建物1車位1,十六層,二十三層,住宅大樓(11層含以上有電梯),住家用,鋼筋混凝土造,1141226,158.16000000000003,3,2,2,有,有,16880000,113846,坡道平面,26.14,1850000,預售屋、或土地及建物分件登記案件；,RPVRMLTLMHLGFCB66DA,72.91,0.0,13.74,有,,台中市
林口區,房地(土地+建物)+車位,新北市林口區吉祥路２８號八樓,12.24,商,,,1120416,土地1建物1車位1,八層,十五層,住宅大樓(11層含以上有電梯),辦公用,鋼筋混凝土造,1150213,134.03,0,0,0,無,有,17260000,137729,坡道平面,26.5,2450000,預售屋、或土地及建物分件登記案件；,RPUQMLRLJHLGFBF88DA,63.33,0.0,6.78,有,,新北市
龜山區,土地,大坑段1848-1地號,466.6,,,,1141214,土地1建物0車位0,,,其他,,,,0.0,0,0,0,無,無,11571680,24800,,0.0,0,協議價購；,RPSTMLOKMHLGFHH07DA,0.0,0.0,0.0,無,,桃園市
龜山區,房地(土地+建物)+車位,桃園市龜山區樂學路１８０號二十八樓,17.62,工,,,1091031,土地2建物1車位1,二十八層,二十九層,住宅大樓(11層含以上有電梯),住家用,鋼筋混凝土造,1150204,156.39999999999998,3,2,2,有,有,11850000,83706,坡道平面,35.74,1750000,轉讓日期113.05.23轉讓金額不變預售屋、或土地及建物分件登記案件；,RPUPMLOJNHLGFHH86DA,71.01,0.0,9.23,有,,桃園市
觀音區,房地(土地+建物)+車位,桃園市觀音區莊敬三街２７８號十四樓,25.18,住,,,1130123,土地1建物1車位1,十四層,十四層,住宅大樓(11層含以上有電梯),住家用,鋼筋混凝土造,1150204,130.12,3,2,2,有,有,8420000,70126,坡道平面,26.45,1150000,預售屋、或土地及建物分件登記案件；,RPOPMLSJNHLGFBH68DA,61.81,0.0,7.06,有,,桃園市
龜山區,房地(土地+建物)+車位,桃園市龜山區牛角坡路１２７號八樓,15.13,住,,,1150122,土地1建物1車位1,八層,十五層,住宅大樓(11層含以上有電梯),住家用,鋼筋混凝土造,1110126,124.41,2,2,1,有,有,9100000,73145,坡道平面,28.88,0,親友、員工、共有人或其他特殊關係間之交易；,RPUPMLOKMHLGFHH86DA,57.11,0.0,7.66,有,0301,桃園市
中壢區,房地(土地+建物)+車位,桃園市中壢區龍岡路二段３６７之３號十三樓,12.38,住,,,1150329,土地1建物1車位1,十三層,十六層,住宅大樓(11層含以上有電梯),住家用,鋼筋混凝土造,0830609,139.3,3,2,2,有,有,8900000,63891,坡道平面,0.0,0,,RPQNMLPJNHLGFBH38DA,74.59,2.61,7.88,有,,桃園市
大甲區,土地,福順段741地號,1008.07,,特定農業區,農牧用地,1150408,土地1建物0車位0,,,其他,,,,0.0,0,0,0,無,無,2700000,2678,,0.0,0,,RPPNMLRJNHLGFEB18DA,0.0,0.0,0.0,無,0050,台中市
西屯區,房地(土地+建物)+車位,臺中市西屯區青海路二段５號九樓之８,7.58,商,,,1110326,土地1建物1車位1,九層,二十四層,住宅大樓(11層含以上有電梯),住家用,鋼骨鋼筋混凝土造,1141103,113.8,2,2,1,有,有,16380000,163912,坡道平面,27.29,2200000,預售屋、或土地及建物分件登記案件；,RPWNNLOJNHLGFCB48DA,51.61,0.0,5.0,有,,台中市
中壢區,房地(土地+建物),桃園市中壢區中華路一段７４３巷１２弄４８號,90.92,工,,,1141206,土地1建物1車位0,全,四層,透天厝,辦公用,鋼筋混凝土造,1060420,260.44,6,3,4,有,有,20250000,77753,,0.0,0,陽台外推；夾層；其他增建；,RPRQMLQLLHLGFBH88DA,218.73,3.42,14.04,無,0310,桃園市
新豐鄉,房地(土地+建物)+車位,新竹縣新豐鄉中崙２２６之２號四樓,31.72,,特定農業區,甲種建築用地,1130501,土地2建物1車位1,四層,十一層,住宅大樓(11層含以上有電梯),住家用,鋼筋混凝土造,1141215,144.01,3,2,2,有,無,12600000,97804,坡道平面,31.54,1600000,預售屋、或土地及建物分件登記案件；,RPRNMLQKJHLGFDJ68DA,67.02,0.0,6.72,有,,新竹縣
北投區,房地(土地+建物)+車位,臺北市北投區中和街２１１號三樓,8.02,都市：其他:第三種商業區。,,,1091105,土地1建物1車位1,三層,十三層,住宅大樓(11層含以上有電梯),住家用,鋼筋混凝土造,1150302,95.88,2,2,1,有,有,14920000,159735,塔式車位,11.24,1400000,本案於110.11.19.權利轉讓，權利轉讓總金額1553萬元整。預售屋、或土地及建物分件登記案件；,RPQPMLLKNHLGFEA87DA,50.21,0.0,5.5,有,,台北市
北屯區,車位,臺中市北屯區崇德九路３６６號二樓之１等公共設施,0.0,,,,1150430,土地0建物1車位1,,,其他,,,,30.69,0,0,0,無,有,2200000,,坡道平面,30.69,2200000,建物坐落地號：昌平段255地號；僅車位交易；,RPWOMLOJNHLGFBB38DA,0.0,0.0,0.0,有,,台中市
汐止區,房地(土地+建物),新北市汐止區新台五路二段８０號１１樓,10.09,住,,,1150324,土地1建物1車位0,十一層,十七層,住宅大樓(11層含以上有電梯),住家用,鋼筋混凝土造,0880812,98.93,3,2,2,有,有,15800000,159709,,0.0,0,陽台外推；,RPSNMLLJMHLGFDF08DA,67.7,0.0,13.11,有,,新北市
三重區,土地,過田段650地號,1.12,都市：其他:道路用地,,,1150312,土地1建物0車位0,,,其他,,,,0.0,0,0,0,無,無,160000,142857,,0.0,0,包含公共設施保留地用地；,RPSOMLMKLHLGFGF58DA,0.0,0.0,0.0,無,0294,新北市
北屯區,房地(土地+建物)+車位,臺中市北屯區順興街１５８號七樓之１,38.69,住,,,1110902,土地1建物1車位1,七層,十五層,住宅大樓(11層含以上有電梯),住家用,鋼筋混凝土造,1141208,169.3,3,2,2,有,有,21320000,137633,坡道平面,28.2,1900000,土地價款:990.4萬元  房屋價款:1141.6萬元預售屋、或土地及建物分件登記案件；,RPVNMLPJNHLGFBB28DA,84.37,0.0,8.38,有,,台中市
觀音區,車位,桃園市觀音區六合一街３７號等,0.0,,,,1150418,土地0建物1車位1,,,其他,,,,27.35,0,0,0,無,有,1350000,,坡道平面,27.35,1350000,建物坐落地號：草新段122地號；僅車位交易；,RPQOMLQJNHLGFBH58DA,0.0,0.0,0.0,有,,桃園市
西屯區,房地(土地+建物),臺中市西屯區西屯路二段２６８之８巷１號六樓之１７,2.82,住,,,1150417,土地1建物1車位0,六層,十三層,住宅大樓(11層含以上有電梯),住家用,鋼筋混凝土造,0860408,27.58,1,0,1,有,有,2000000,72516,,0.0,0,,RPPRMLQJNHLGFCB28DA,14.08,0.0,3.19,有,,台中市
板橋區,房地(土地+建物)+車位,新北市板橋區中山路一段２３０號二十六樓,22.11,商,,,1080724,土地4建物1車位2,二十六層,四十六層,住宅大樓(11層含以上有電梯),住家用,鋼骨構造,1141023,275.27,3,2,2,有,有,50280000,205820,坡道平面,54.3,4800000,預售屋、或土地及建物分件登記案件；,RPSPMLRLJHLGFAF48DA,137.04,2.28,6.78,有,,新北市
三重區,房地(土地+建物),新北市三重區福德北路１６號六樓之六,6.03,商,,,1150318,土地2建物1車位0,六層,十三層,住宅大樓(11層含以上有電梯),住家用,鋼筋混凝土造,1090601,46.019999999999996,1,0,1,有,有,10400000,225989,,0.0,0,,RPQNMLOKNHLGFGF78EA,30.94,0.65,0.0,有,0277,新北市
大溪區,房地(土地+建物),桃園市大溪區儲蓄路１５９巷２３號,31.3,,鄉村區,乙種建築用地,1150427,土地1建物1車位0,全,二層,透天厝,住家用,加強磚造,0710226,40.8,5,2,2,有,無,682025,16716,,0.0,0,親友、員工、共有人或其他特殊關係間之交易；其他增建；,RPOOMLNKNHLGFCH28DA,40.8,0.0,0.0,無,,桃園市
橋頭區,房地(土地+建物)+車位,高雄市橋頭區橋新五路３７號十三樓之７,19.43,住,,,1121130,土地1建物1車位1,十三層,十五層,住宅大樓(11層含以上有電梯),見其他登記事項,鋼筋混凝土造,1150302,134.95,3,2,2,有,有,14090000,103884,坡道平面,14.72,1600000,預售屋、或土地及建物分件登記案件；,RPUOMLRLMHLGFFE66DA,63.46,0.0,12.9,有,,高雄市
鶯歌區,房地(土地+建物),新北市鶯歌區光照街２２號,105.37,住,,,1150329,土地1建物1車位0,全,三層,透天厝,住商用,鋼筋混凝土造,0710504,213.45,0,0,0,無,無,15000000,70274,,0.0,0,陽台外推；其他增建；,RPRNMLQJNHLGFIF09DA,191.4,4.85,17.2,無,0164,新北市
中正區,房地(土地+建物),臺北市中正區寧波西街１４９號三樓,25.25,都市：其他:第三種住宅區。,,,1150316,土地1建物1車位0,三層，陽臺,四層,公寓(5樓含以下無電梯),住家用,鋼筋混凝土造,0641121,74.52,3,1,1,有,無,11800000,158347,,0.0,0,親友、員工、共有人或其他特殊關係間之交易；,RPPNMLNKNHLGFAA47EA,74.52,0.0,0.0,無,,台北市
土城區,房地(土地+建物)+車位,新北市土城區青和街６３號十三樓,19.01,住,,,1091226,土地1建物1車位1,十三層,十五層,住宅大樓(11層含以上有電梯),住家用,鋼筋混凝土造,1150123,137.07,3,2,2,有,有,12950000,103068,坡道平面,31.8,2100000,預售屋、或土地及建物分件登記案件；,RPPNMLRLMHLGFAF28DA,63.77,0.0,6.66,有,,新北市
新竹市,房地(土地+建物),新竹市新竹市磐石路７巷４號,9.7,住,,,1150318,土地1建物1車位0,一層,五層,華廈(10層含以下有電梯),住家用,鋼筋混凝土造,0790713,36.35,1,1,1,有,無,3500000,96286,,0.0,0,平台外推、平台增建、一樓空地增建其他增建；,RPSNMLQJNHLGFAO66DA,22.83,4.2,0.0,有,21,新竹市
新屋區,土地,大坡段大坡小段192-1地號,3250.0,,特定農業區,農牧用地,1150330,土地1建物0車位0,,,其他,,,,0.0,0,0,0,無,無,10824000,3330,,0.0,0,農作物；,RPPNMLSJNHLGFDH88EA,0.0,0.0,0.0,無,,桃園市
龜山區,房地(土地+建物),桃園市龜山區樂學路２００號二十二樓,10.64,都市：其他:第二種產業專用區,,,1100702,土地2建物1車位0,二十二層,二十九層,住宅大樓(11層含以上有電梯),住家用,鋼筋混凝土造,1150204,73.00999999999999,1,2,1,有,有,6500000,89029,,0.0,0,讓渡日期112.12.21金額不變預售屋、或土地及建物分件登記案件；,RPSNMLOJNHLGFHH09DA,45.4,0.0,3.15,有,,桃園市
士林區,房地(土地+建物),臺北市士林區福志路１０６號四樓,33.0,都市：其他:第三種住宅區。,,,1150319,土地1建物1車位0,四層,五層,公寓(5樓含以下無電梯),住家用,鋼筋混凝土造,0700129,102.11,3,2,2,有,無,19500000,190971,,0.0,0,其他增建；,RPQOMLLKNHLGFEA77DA,94.99,0.0,7.12,無,092,台北市
新竹市,房地(土地+建物),新竹市新竹市高峰路２巷８６之２號２樓,35.43,住,,,1141222,土地1建物1車位0,二層,五層,華廈(10層含以下有電梯),住家用,鋼筋混凝土造,0811103,145.81,3,2,2,有,有,11000000,75441,,0.0,0,陽台加窗其他增建；,RPWNMLQJNHLGFAO07DA,99.16,0.0,8.2,有,,新竹市
北屯區,房地(土地+建物)+車位,臺中市北屯區環太東路５１８號十三樓之８,17.04,住,,,1150113,土地1建物1車位1,十三層,十五層,住宅大樓(11層含以上有電梯),住家用,鋼筋混凝土造,1110425,110.42,2,1,1,有,有,6250000,56602,坡道平面,24.59,0,親友、員工、共有人或其他特殊關係間之交易；,RPUOMLRJNHLGFBB48DA,51.18,0.0,5.96,有,0178,台中市
三重區,房地(土地+建物),新北市三重區安慶街２３３號,99.99,住,,,1150120,土地1建物1車位0,全,二層,透天厝,住家用,加強磚造,0530605,132.77,6,2,3,有,無,24000000,180764,,0.0,0,壹樓空地增建、防火巷增建頂樓加蓋；,RPSOMLSJNHLGFGF66DA,132.77,0.0,0.0,無,,新北市
金山區,土地,永興段837-1地號,83.93,農,,,1150505,土地1建物0車位0,,,其他,,,,0.0,0,0,0,無,無,349988,4170,,0.0,0,政府機關標讓售；,RPPNMLKLNHLGFDF08EA,0.0,0.0,0.0,無,,新北市
桃園區,房地(土地+建物)+車位,桃園市桃園區健行路１１０之１號四樓,24.0,住,,,1150312,土地1建物1車位1,四層,十層,華廈(10層含以下有電梯),住家用,鋼筋混凝土造,1060822,120.78999999999999,2,2,1,有,有,10000000,82788,坡道平面,33.31,0,,RPRPMLTLMHLGFAH09DA,51.34,0.0,7.01,有,0224,桃園市
湖口鄉,房地(土地+建物),新竹縣湖口鄉蘭州三街２號二樓,22.01,,工業區,丁種建築用地,1150411,土地1建物1車位0,二層,五層,公寓(5樓含以下無電梯),住家用,鋼筋混凝土造,0960820,85.2,3,2,2,有,無,6350000,74531,,0.0,0,其他增建；,RPXNMLQJNHLGFDJ96DA,63.86,0.0,8.2,無,009,新竹縣
西屯區,房地(土地+建物)+車位,臺中市西屯區臺灣大道三段６４６號二十一樓之６,6.77,商,,,1150328,土地1建物1車位1,二十一層,二十九層,住宅大樓(11層含以上有電梯),住家用,鋼骨鋼筋混凝土造、鋼筋混凝土造,1140811,118.75,2,2,1,有,有,16600000,139789,坡道平面,34.74,0,,RPXNMLKLMHLGFCB18DA,49.71,0.0,4.46,有,0078,台中市
大園區,房地(土地+建物)+車位,桃園市大園區園科路１１１號十二樓之１,19.1,商,,,1121109,土地1建物1車位1,十二層,十八層,住宅大樓(11層含以上有電梯),住家用,鋼筋混凝土造,1141223,129.79,2,2,2,有,有,11160000,88510,坡道平面,21.78,1600000,預售屋、或土地及建物分件登記案件；,RPUQMLLMLHLGFEH09DA,65.84,0.0,5.63,有,,桃園市
板橋區,房地(土地+建物),新北市板橋區中山路二段４０巷１０弄１號五樓,25.6,住,,,1150317,土地1建物1車位0,五層,五層,公寓(5樓含以下無電梯),住家用,鋼筋混凝土造,0701216,78.0,2,2,1,有,無,7500000,96154,,0.0,0,親友、員工、共有人或其他特殊關係間之交易；頂樓加蓋；,RPSNMLPKNHLGFAF38DA,70.8,0.0,7.2,無,,新北市
西屯區,房地(土地+建物)+車位,臺中市西屯區福星北路８２巷３９號三樓之６,17.54,都市：其他:第二種創新研發專用區,,,1150424,土地1建物1車位1,三層,九層,華廈(10層含以下有電梯),住家用,鋼筋混凝土造,1111124,103.25,2,2,1,有,有,13800000,133656,坡道平面,34.63,0,,RPRPMLSJNHLGFCB48DA,40.14,0.0,4.44,有,0054,台中市
內湖區,房地(土地+建物)+車位,臺北市內湖區文湖街２１巷９１弄１３號三樓,27.81,都市：其他:第三種住宅區。,,,1150202,土地1建物1車位1,三層,十層,華廈(10層含以下有電梯),住家用,鋼筋混凝土造,1070105,128.09,0,1,1,有,有,26000000,196756,塔式車位,6.62,2100000,毛胚屋；,RPTNMLMJMHLGFCA67DA,58.08,14.2,3.9,有,112,台北市
三民區,房地(土地+建物),高雄市三民區鼎華路２０４號八樓之１,11.56,商,,,1150312,土地1建物1車位0,八層，電梯樓梯間,十一層,住宅大樓(11層含以上有電梯),住家用,鋼筋混凝土造,0820506,114.61,3,2,2,有,有,6500000,56714,,0.0,0,,RPUOMLQKLHLGFDE78DA,76.2,0.0,22.56,有,,高雄市
楊梅區,房地(土地+建物)+車位,桃園市楊梅區金溪路３４５號二樓,20.03,住,,,1121130,土地1建物1車位1,二層,七層,華廈(10層含以下有電梯),住家用,鋼筋混凝土造,1150129,103.21,2,2,1,有,有,7480000,78189,坡道平面,24.81,1350000,預售屋、或土地及建物分件登記案件；,RPSPMLTJKHLGFDH09DA,48.35,0.0,4.7,有,,桃園市
石岡區,房地(土地+建物),臺中市石岡區明德路２８號,764.85,住,,,1150320,土地2建物1車位0,全,三層,透天厝,其他,鋼筋混凝土造,0920923,626.07,10,5,5,有,無,20100000,32105,,0.0,0,親友、員工、共有人或其他特殊關係間之交易；,RPPNMLLKNHLGFGB97EA,614.07,0.0,12.0,無,,台中市
觀音區,土地,觀新段1522地號,186.52,,一般農業區,殯葬用地,1150417,土地3建物0車位0,,,其他,,,,0.0,0,0,0,無,無,570000,3056,,0.0,0,,RPPNMLQJNHLGFBH48EA,0.0,0.0,0.0,無,0054,桃園市
汐止區,房地(土地+建物)+車位,新北市汐止區中興路１５０巷４號７樓,20.36,商,,,1150407,土地1建物1車位1,七層,九層,華廈(10層含以下有電梯),住家用,鋼筋混凝土造,0800416,181.22,3,2,2,有,有,19000000,104845,坡道平面,28.97,0,,RPUNMLNKNHLGFDF78EA,151.7,0.0,12.21,有,,新北市
汐止區,房地(土地+建物),新北市汐止區民族五街８號２樓之３,19.12,都市：其他:第二種住宅區,,,1150402,土地2建物1車位0,二層,十七層,住宅大樓(11層含以上有電梯),住家用,鋼筋混凝土造,0880416,73.86,2,2,1,有,有,5000000,67696,,0.0,0,親友、員工、共有人或其他特殊關係間之交易；陽台外推；,RPRNMLNKNHLGFDF38DA,47.98,0.0,7.15,有,,新北市
北屯區,房地(土地+建物),臺中市北屯區熱河路三段１５３號,88.0,住,,,1141028,土地1建物1車位0,全,二層,透天厝,住商用,加強磚造,0700520,113.74,3,2,2,有,無,18500000,162652,,0.0,0,其他增建；,RPPNMLLKNHLGFBB47EA,113.74,0.0,0.0,無,,台中市
鳳山區,房地(土地+建物),高雄市鳳山區瑞大街２７巷３號,93.0,商,,,1150308,土地3建物1車位0,全,二層,透天厝,住家用,鋼筋混凝土造,0751020,130.15,4,2,3,有,無,14200000,109105,,0.0,0,頂樓、露台陽台外推；頂樓加蓋；,RPPOMLLKLHLGFGE08DA,112.49,5.18,12.48,無,,高雄市
新竹市,土地,柑林段353地號,6.34,,山坡地保育區,農牧用地,1150504,土地1建物0車位0,,,其他,,,,0.0,0,0,0,無,無,47925,7559,,0.0,0,,RPPNMLNKNHLGFAO88EA,0.0,0.0,0.0,無,02,新竹市
三重區,房地(土地+建物),新北市三重區中央北路９０巷７號,17.96,住,,,1150324,土地1建物1車位0,一層,三層,公寓(5樓含以下無電梯),住家用,加強磚造,0571003,48.16,1,1,1,有,無,8900000,184801,,0.0,0,,RPQOMLKLMHLGFGF38DA,48.16,0.0,0.0,無,0181,新北市
新店區,房地(土地+建物),新北市新店區新店路２６２之１８號五樓,3.5,,,,1150331,土地1建物1車位0,五層,十九層,住宅大樓(11層含以上有電梯),住家用,鋼筋混凝土造,0980409,41.4,1,1,1,有,有,12080000,291787,,0.0,0,夾層；其他增建；,RPVNMLRKMHLGFCF98DA,25.15,0.0,2.93,有,,新北市
鳳山區,土地,道爺段1074-24地號,21.0,住,,,1150504,土地1建物0車位0,,,其他,,,,0.0,0,0,0,無,無,913500,43500,,0.0,0,親友、員工、共有人或其他特殊關係間之交易；,RPOOMLRJNHLGFGE68DA,0.0,0.0,0.0,無,,高雄市
桃園區,房地(土地+建物)+車位,桃園市桃園區大興西路三段１６號五樓,11.47,住,,,1130120,土地1建物1車位1,五層,二十二層,住宅大樓(11層含以上有電梯),住家用,鋼筋混凝土造,1150120,97.49000000000001,2,2,1,有,有,12740000,136033,坡道機械,12.29,1150000,預售屋、或土地及建物分件登記案件；,RPXOMLRJNHLGFAH66DA,49.94,0.61,5.23,有,,桃園市
三民區,房地(土地+建物),高雄市三民區義華路２９５號六樓之２,4.57,其他,,,1150407,土地2建物1車位0,六層,十二層,住宅大樓(11層含以上有電梯),見其它登記事項,鋼筋混凝土造,0790322,45.7,1,0,1,有,有,2150000,47046,,0.0,0,含傢俱設備費；,RPRQMLRJMHLGFDE78DA,30.37,0.0,4.06,有,0121,高雄市
鳳山區,房地(土地+建物)+車位,高雄市鳳山區鳳甲二街１４３號五樓,27.21,住,,,1150318,土地1建物1車位1,五層,十二層,住宅大樓(11層含以上有電梯),見其他登記事項,鋼筋混凝土造,0900622,133.53,3,2,2,有,有,10600000,79383,坡道平面,18.15,0,含傢俱設備費；其他增建；,RPRNMLLKNHLGFGE38DA,75.12,0.0,10.48,有,,高雄市
永和區,房地(土地+建物),新北市永和區永貞路３９巷１３號四樓,15.36,住,,,1141222,土地2建物1車位0,四層,七層,華廈(10層含以下有電梯),住家用,鋼筋混凝土造,0761210,102.31,3,2,2,有,有,10000000,97742,,0.0,0,親友、員工、共有人或其他特殊關係間之交易；,RPQNMLPKNHLGFHF98EA,73.41,1.91,11.13,有,,新北市
橋頭區,房地(土地+建物)+車位,高雄市橋頭區新南一街１７１號十三樓,12.64,住,,,1120923,土地1建物1車位1,十三層,十五層,住宅大樓(11層含以上有電梯),見其他登記事項,鋼筋混凝土造,1150106,109.0,2,2,2,有,有,10650000,95871,坡道平面,17.21,1850000,預售屋、或土地及建物分件登記案件；,RPRPMLTKPHKGFFE76DA,53.52,0.0,5.37,有,,高雄市
苓雅區,房地(土地+建物),高雄市苓雅區三多二路９號二十一樓之１０,8.56,都市：其他:第二種特定商業專用區,,,1150329,土地2建物1車位0,二十一層,二十二層,住宅大樓(11層含以上有電梯),見其他登記事項,見其他登記事項,1100825,88.91,2,1,1,有,有,9020000,101451,,0.0,0,含裝潢費；,RPVSMLKMLHLGFBE68DA,40.75,2.16,14.11,有,0213,高雄市
鳳山區,房地(土地+建物),高雄市鳳山區保生路３０６號,83.9,住,,,1150402,土地1建物1車位0,全,三層,透天厝,見其他登記事項,見其他登記事項,0940930,188.24,5,2,3,有,無,16500000,87654,,0.0,0,頂樓增建、一樓空地增建、鐵鋁窗增建、鐵皮屋頂增建、遮雨棚增建陽台外推；其他增建；,RPUNMLRJNHLGFGE56DA,161.68,3.52,23.04,無,,高雄市
中和區,車位,新北市中和區景平路４９０號六樓之二等,0.56,,,,1150426,土地2建物1車位1,,,其他,,,,91.8,0,0,0,無,有,2500000,,坡道平面,91.79,2500000,親友、員工、共有人或其他特殊關係間之交易；僅車位交易；,RPQOMLPKNHLGFHF98DA,0.0,0.0,0.0,有,,新北市
美濃區,土地,中興段551地號,128.0,,特定農業區,甲種建築用地,1150409,土地2建物0車位0,,,其他,,,,0.0,0,0,0,無,無,550400,4300,,0.0,0,親友、員工、共有人或其他特殊關係間之交易；,RPPNMLOKNHLGFKE88DA,0.0,0.0,0.0,無,,高雄市
南屯區,房地(土地+建物),臺中市南屯區公益路二段６１５之１號十四樓之７,13.77,住,,,1150329,土地1建物1車位0,十四層,十四層,住宅大樓(11層含以上有電梯),住家用,鋼筋混凝土造,0880429,133.77,3,2,2,有,有,12700000,94939,,0.0,0,其他增建；,RPRNMLTLLHLGFCB38DA,81.64,0.0,12.73,有,,台中市
太平區,房地(土地+建物),臺中市太平區樹孝路６７巷２弄１０號,22.51,住,,,1150424,土地2建物1車位0,一層,七層,華廈(10層含以下有電梯),住家用,鋼筋混凝土造,0810630,106.44999999999999,3,1,1,有,有,4000000,37576,,0.0,0,親友、員工、共有人或其他特殊關係間之交易；,RPVNMLRJNHLGFJB66DA,69.86,10.91,0.0,有,0035,台中市
南屯區,房地(土地+建物)+車位,臺中市南屯區建功路６５號二十樓之３,13.83,住,,,1121119,土地1建物1車位1,二十層,二十三層,住宅大樓(11層含以上有電梯),住家用,鋼筋混凝土造,1141226,148.74,3,2,2,有,有,15320000,112316,坡道平面,26.14,1550000,預售屋、或土地及建物分件登記案件；,RPXRMLTLMHLGFCB86DA,72.05,0.0,8.26,有,,台中市
八里區,房地(土地+建物),新北市八里區商港二路１７號,8.34,商,,,1150222,土地1建物1車位0,一層,十八層,住宅大樓(11層含以上有電梯),其他,鋼筋混凝土造,1110425,43.93,0,0,1,有,有,8200000,186661,,0.0,0,,RPUNMLSKNHLGFEF66DA,32.79,0.0,0.0,有,0350,新北市
板橋區,房地(土地+建物),新北市板橋區長江路二段６１號十樓,7.15,住,,,1150321,土地1建物1車位0,十層,二十六層,住宅大樓(11層含以上有電梯),住家用,鋼筋混凝土造,0870622,116.03,3,2,2,有,有,19600000,168922,,0.0,0,其他增建；,RPPPMLLLMHLGFAF87DA,79.56,0.92,12.39,有,,新北市
橋頭區,房地(土地+建物)+車位,高雄市橋頭區成功南路４７３號八樓之３,15.71,住,,,1121025,土地1建物1車位1,八層,十五層,住宅大樓(11層含以上有電梯),見其他登記事項,鋼筋混凝土造,1150302,111.85,2,1,2,有,有,10540000,93071,坡道平面,14.72,1500000,預售屋、或土地及建物分件登記案件；,RPPPMLOLMHLGFFE58DA,47.47,0.0,14.33,有,,高雄市
蘆竹區,房地(土地+建物)+車位,桃園市蘆竹區五福一路２１８之１號七樓,31.53,住,,,1121114,土地1建物1車位2,七層,十五層,住宅大樓(11層含以上有電梯),住家用,鋼筋混凝土造,1150123,219.12,4,2,2,有,有,24500000,131110,坡道平面,62.0,3900000,預售屋、或土地及建物分件登記案件；,RPVONLRLJHLGFEH76DA,94.9,0.0,9.21,有,,桃園市
五股區,房地(土地+建物)+車位,新北市五股區新五路二段２５９號六樓,37.68,住,,,1150315,土地1建物1車位1,六層,十三層,住宅大樓(11層含以上有電梯),住家用,鋼筋混凝土造,1050425,219.01000000000002,4,2,2,有,有,24300000,117327,坡道平面,31.5,2300000,,RPUOMLKLMHLGFBF28DA,114.17,2.96,11.73,有,0218,新北市
大安區,土地,通化段六小段344地號,0.62,都市：其他:第三種住宅區。,,,1150414,土地1建物0車位0,,,其他,,,,0.0,0,0,0,無,無,300000,0,,0.0,0,買方負擔土地增值稅。親友、員工、共有人或其他特殊關係間之交易；,RPXNMLQJNHLGFFA88DA,0.0,0.0,0.0,無,048,台北市
龜山區,土地,南上段1-1地號,27.87,,,,1141215,土地1建物0車位0,,,其他,,,,0.0,0,0,0,無,無,482154,17300,,0.0,0,協議價購；,RPOSMLOKMHLGFHH56DA,0.0,0.0,0.0,無,0313,桃園市
桃園區,房地(土地+建物)+車位,桃園市桃園區水岸二街１６號八樓,31.36,住,,,1130803,土地1建物1車位2,八層,十四層,住宅大樓(11層含以上有電梯),住家用,鋼筋混凝土造,1150130,234.17000000000002,4,2,2,有,無,30000000,156499,坡道平面,64.84,3500000,預售屋、或土地及建物分件登記案件；,RPVNMLRJNHLGFAH98DA,98.55,0.0,13.29,有,,桃園市
淡水區,房地(土地+建物)+車位,新北市淡水區義山路一段４０１巷４６號七樓,13.26,住,,,1130215,土地1建物1車位1,七層,十四層,住宅大樓(11層含以上有電梯),住家用,鋼筋混凝土造,1150407,114.67,2,2,2,有,有,10080000,96546,坡道平面,25.8,1500000,預售屋、或土地及建物分件登記案件；,RPTPMLRLMHLGFEF66DA,54.57,0.0,4.49,有,,新北市
土城區,房地(土地+建物)+車位,新北市土城區中央路四段５２巷２２之１號三樓,9.12,住,,,1131227,土地3建物1車位1,三層,二十層,住宅大樓(11層含以上有電梯),住家用,鋼筋混凝土造,1141203,80.19,1,0,1,有,無,5439490,67833,坡道平面,40.28,0,權利變換安置戶交易總價依實際分配價值,RPWPMLLKNHLGFAF58DA,24.12,0.0,1.87,有,0383,新北市
新莊區,房地(土地+建物)+車位,新北市新莊區中原路２３０號十八樓,33.37,住,,,1150409,土地1建物1車位2,十八層,二十四層,住宅大樓(11層含以上有電梯),住家用,鋼筋混凝土造,1041104,280.39,4,2,2,有,有,43500000,177068,坡道平面,62.96,5000000,,RPSNMLSKNHLGFBF88EA,124.12,13.18,9.82,有,,新北市
新店區,房地(土地+建物)+車位,新北市新店區安和路一段１９號四樓,23.92,住,,,1150312,土地1建物1車位1,四層,十六層,住宅大樓(11層含以上有電梯),住家用,鋼筋混凝土構造,1051018,217.78,4,2,2,有,有,31000000,157730,坡道平面,35.19,2200000,,RPUNMLMJMHLGFCF28DA,115.43,0.0,10.75,有,0263,新北市
中和區,房地(土地+建物),新北市中和區中興街１２５巷１４號,24.44,住,,,1150319,土地1建物1車位0,一層，平台,五層,公寓(5樓含以下無電梯),住家用,鋼筋混凝土造,0681008,88.31,3,1,1,有,無,13350000,151172,,0.0,0,其他增建；,RPTNMLKLLHLGFHF58DA,88.31,0.0,0.0,無,,新北市
新興區,房地(土地+建物),高雄市新興區中山一路１６號七樓之１５,4.6,都市：其他:第五種商業區,,,1100913,土地2建物1車位0,七層,三十四層,住宅大樓(11層含以上有電梯),見其他登記事項,見其他登記事項,1150121,87.18,2,1,1,有,有,8950000,102661,,0.0,0,另有讓渡預售屋、或土地及建物分件登記案件；,RPOPMLNKMHLGFBE87DA,46.37,0.0,10.42,有,,高雄市
蘆竹區,房地(土地+建物),桃園市蘆竹區埤腳街７７巷５０號,15.79,住,,,1130301,土地1建物1車位0,一層,十層,華廈(10層含以下有電梯),商業用,鋼筋混凝土造,1150128,64.19,0,0,0,無,有,9710000,151270,,0.0,0,預售屋、或土地及建物分件登記案件；,RPOPMLOLMHLGFEH68DA,37.5,0.0,4.96,有,,桃園市
太平區,房地(土地+建物)+車位,臺中市太平區育才路１７５號五樓之１,26.58,住,,,1130308,土地1建物1車位2,五層,十五層,住宅大樓(11層含以上有電梯),住家用,鋼筋混凝土造,1150113,183.76999999999998,3,2,2,有,有,16280000,107454,坡道平面,56.46,2600000,預售屋、或土地及建物分件登記案件；,RPXOMLMJMHLGFJB98DA,76.02,0.0,9.29,有,,台中市
左營區,房地(土地+建物)+車位,高雄市左營區文自路５２４巷４１號八樓,10.77,住,,,1121222,土地1建物1車位1,八層,十五層,住宅大樓(11層含以上有電梯),見其它登記事項,見其它登記事項,1140903,122.0,2,2,2,有,有,13160000,112364,坡道平面,24.46,2200000,預售屋、或土地及建物分件登記案件；,RPRNMLSJMHLGFEE68DA,58.89,0.0,3.73,有,,高雄市
中壢區,房地(土地+建物)+車位,桃園市中壢區高鐵站前路４２２號十四樓,11.12,商,,,1101106,土地1建物1車位1,十四層,十七層,住宅大樓(11層含以上有電梯),住家用,鋼筋混凝土造,1141027,129.49,3,2,2,有,有,16560000,147408,坡道平面,29.36,1800000,111/04/25轉讓，轉讓價金1674萬元；112/05/30轉讓，權利人尚未提供私契；112/12/21轉讓，轉讓價金1736萬元。預售屋、或土地及建物分件登記案件；,RPPUPLTLIIKGFBH76DA,61.1,0.0,4.18,有,,桃園市
中和區,房地(土地+建物),新北市中和區中正路１２０５號五樓之一,13.85,工,,,1150329,土地2建物1車位0,五層,十五層,住宅大樓(11層含以上有電梯),商辦用,鋼筋混凝土造,0961107,112.12,3,2,2,有,有,11300000,100785,,0.0,0,,RPRNMLMKNHLGFHF68DA,77.16,2.02,8.63,有,0234,新北市
北投區,房地(土地+建物),臺北市北投區中和街２１３號七樓,4.84,都市：其他:第三種商業區。,,,1090111,土地1建物1車位0,七層,十三層,住宅大樓(11層含以上有電梯),住家用,鋼筋混凝土造,1150302,51.120000000000005,2,1,1,有,有,8300000,162363,,0.0,0,預售屋、或土地及建物分件登記案件；,RPSPMLLKNHLGFEA08DA,30.39,0.0,3.29,有,,台北市
新莊區,車位,新北市新莊區中環路二段２３０號二樓,1.89,住,,,1150408,土地1建物1車位2,二層,二十五層,其他,集合住宅,鋼骨構造,1071018,78.47,0,0,0,無,有,5000000,,坡道平面,78.48,5000000,僅車位交易；,RPVPMLRJNHLGFBF09DA,0.0,0.0,0.0,有,0112,新北市
西屯區,房地(土地+建物)+車位,臺中市西屯區臺灣大道三段６４６號十六樓之７,6.61,商,,,1100304,土地1建物1車位1,十六層,二十九層,住宅大樓(11層含以上有電梯),住家用,鋼骨鋼筋混凝土造、鋼筋混凝土造,1140811,116.84,2,2,1,有,有,12800000,132765,坡道平面,34.74,1900000,預售屋、或土地及建物分件登記案件；,RPPRMLSJNHLGFCB48DA,48.37,0.0,4.56,有,,台中市
土城區,房地(土地+建物)+車位,新北市土城區青和街５１號二樓,13.65,住,,,1100507,土地1建物1車位1,二層,十五層,住宅大樓(11層含以上有電梯),住家用,鋼筋混凝土造,1150123,103.47,2,1,1,有,有,9990000,112515,坡道平面,30.68,1800000,預售屋、或土地及建物分件登記案件；,RPQPMLRLMHLGFAF58DA,45.77,0.0,2.94,有,,新北市
東勢區,土地,東勢段中嵙小段610-10地號,246.0,,山坡地保育區,丙種建築用地,1150417,土地2建物0車位0,,,其他,,,,0.0,0,0,0,無,無,2360000,9593,,0.0,0,未登記建物；,RPQNMLQJNHLGFGB38DA,0.0,0.0,0.0,無,,台中市
土城區,房地(土地+建物)+車位,新北市土城區青和街５７號三樓,15.13,住,,,1100314,土地1建物1車位1,三層,十五層,住宅大樓(11層含以上有電梯),住家用,鋼筋混凝土造,1150123,114.41,2,2,2,有,有,10900000,108946,坡道平面,31.8,1900000,於民國111年2月24日讓與。預售屋、或土地及建物分件登記案件；,RPWNMLRLMHLGFAF98DA,50.78,0.0,4.5,有,,新北市
北投區,房地(土地+建物)+車位,臺北市北投區行義路１２４巷６號七樓,65.86,都市：其他:第二種住宅區。,,,1150321,土地4建物1車位1,七層,七層,華廈(10層含以下有電梯),住家用,鋼筋混凝土造,0701127,170.94,3,2,2,有,有,26500000,167677,坡道平面,30.79,3000000,陽台外推；頂樓加蓋；,RPVNMLRLLHLGFEA68DA,139.9,0.0,10.88,有,073,台北市
三重區,房地(土地+建物)+車位,新北市三重區疏洪西路１０５號二十樓,35.54,商,,,1150330,土地2建物1車位1,二十層,二十七層,住宅大樓(11層含以上有電梯),住家用,鋼筋混凝土造,1140604,249.07,4,2,3,有,有,54360000,236911,坡道平面,32.28,3000000,,RPPNMLLKNHLGFGF38EA,126.38,10.64,11.02,有,0205,新北市
蘆竹區,土地,宏竹段259地號,121.82,,一般農業區,水利用地,1150422,土地7建物0車位0,,,其他,,,,0.0,0,0,0,無,無,326125,2677,,0.0,0,宏竹段65地號：6950元宏竹段70地號：33800元宏竹段259地號：270375元宏竹段46、73、900、813地號：15000元親友、員工、共有人或其他特殊關係間之交易；未登記建物；包含公共設施保留地用地；,RPPNMLPLMHLGFEH68DA,0.0,0.0,0.0,無,,桃園市
新竹市,房地(土地+建物)+車位,新竹市新竹市延平路二段４５５號五樓之２,29.81,,鄉村區,乙種建築用地,1140111,土地1建物1車位1,五層,五層,華廈(10層含以下有電梯),住家用,鋼筋混凝土造,1150126,80.07,2,2,1,有,有,9760000,135744,其他,14.8,900000,預售屋、或土地及建物分件登記案件；,RPQOMLRKMHLGFAO66DA,46.58,0.0,3.03,有,,新竹市
鳥松區,土地,長庚段114地號,2631.0,農,,,1150208,土地1建物0車位0,,,其他,,,,0.0,0,0,0,無,無,142000000,53972,,0.0,0,未登記建物；含租約；,RPROMLKKMHLGFIE48DA,0.0,0.0,0.0,無,,高雄市
苓雅區,房地(土地+建物)+車位,高雄市苓雅區身修路５３號五樓,22.48,住,,,1150415,土地1建物1車位1,五層,十五層,住宅大樓(11層含以上有電梯),見其他登記事項,見其他登記事項,1081119,173.4,3,2,2,有,有,17250000,99481,坡道平面,28.07,0,,RPUOMLOJNHLGFBE48DA,77.7,5.62,8.47,有,0043,高雄市
小港區,土地,水庫段327-1地號,271.6,都市：其他:保護區,,,1141203,土地2建物0車位0,,,其他,,,,0.0,0,0,0,無,無,5540558,20400,,0.0,0,協議價購；,RPVUMLLLMHLGFCE09DA,0.0,0.0,0.0,無,0323,高雄市
永和區,房地(土地+建物),新北市永和區中山路一段１００號四樓之３,7.21,商,,,1100729,土地4建物1車位0,四層,十五層,住宅大樓(11層含以上有電梯),住家用,鋼筋混凝土構造,1141202,73.27,2,2,1,有,有,14120000,192712,,0.0,0,預售屋、或土地及建物分件登記案件；,RPRPMLOJNHLGFHF98DA,43.94,0.0,4.42,有,,新北市
土城區,房地(土地+建物)+車位,新北市土城區青和街６９號五樓,15.61,住,,,1101113,土地1建物1車位1,五層,十五層,住宅大樓(11層含以上有電梯),住家用,鋼筋混凝土造,1150123,118.07,2,2,2,有,有,13420000,134274,坡道平面,33.02,2000000,預售屋、或土地及建物分件登記案件；,RPORMLRLMHLGFAF58DA,52.41,0.0,4.5,有,,新北市
沙鹿區,土地,竹林東段799地號,142.2,都市：其他:道路用地,,,1150417,土地6建物0車位0,,,其他,,,,0.0,0,0,0,無,無,500000,3516,,0.0,0,,RPQNMLSJNHLGFFB48DA,0.0,0.0,0.0,無,0030,台中市
梧棲區,房地(土地+建物),臺中市梧棲區居仁街４６巷３號三樓,39.39,住,,,1150321,土地9建物1車位0,三層,五層,公寓(5樓含以下無電梯),住家用,鋼筋混凝土造,0720203,82.28,3,2,2,有,無,3700000,44968,,0.0,0,,RPXRMLTLMHLGFFB17DA,80.88,0.0,0.0,無,,台中市
新興區,房地(土地+建物),高雄市新興區中山一路１６號二十一樓之１７,4.76,都市：其他:第五種商業區,,,1100909,土地2建物1車位0,二十一層,三十四層,住宅大樓(11層含以上有電梯),見其他登記事項,見其他登記事項,1150121,86.15,2,1,1,有,有,9530000,110621,,0.0,0,另有讓渡預售屋、或土地及建物分件登記案件；,RPVPMLRLLHLGFBE98DA,43.41,0.0,12.66,有,,高雄市
新豐鄉,房地(土地+建物)+車位,新竹縣新豐鄉明新十街１１０號八樓,26.75,住,,,1120621,土地1建物1車位4,八層,九層,華廈(10層含以下有電梯),住家用,鋼筋混凝土造,1141223,182.43,3,2,2,有,有,17750000,122361,坡道機械,63.52,3200000,預售屋、或土地及建物分件登記案件；,RPVOMLKLMHLGFDJ98DA,70.1,0.0,7.79,有,,新竹縣
林口區,房地(土地+建物)+車位,新北市林口區文化三路二段８０號十樓,11.25,商,,,1140612,土地1建物1車位1,十層,二十九層,住宅大樓(11層含以上有電梯),辦公用,鋼骨構造,1150317,162.20999999999998,0,0,0,無,有,24050000,160175,坡道平面,24.86,2050000,預售屋、或土地及建物分件登記案件；,RPPRMLTLMHLGFBF98DA,76.92,0.0,5.57,有,,新北市
平鎮區,房地(土地+建物),桃園市平鎮區南京路１２巷６９號六樓,21.61,住,,,1141212,土地1建物1車位0,六層,十層,華廈(10層含以下有電梯),住家用,鋼筋混凝土造,1030409,92.97,2,2,1,有,有,8191000,88104,,0.0,0,,RPVOMLLKNHLGFGH56DA,55.69,1.68,5.9,有,0320,桃園市
后里區,土地,圳寮段385地號,15.42,,山坡地保育區,農牧用地,1150430,土地1建物0車位0,,,其他,,,,0.0,0,0,0,無,無,16700,1083,,0.0,0,,RPRNMLKMMHLGFDB77DA,0.0,0.0,0.0,無,0019,台中市
八德區,房地(土地+建物)+車位,桃園市八德區中正路１１６號三樓,13.99,商,,,1150507,土地1建物1車位1,三層,十五層,住宅大樓(11層含以上有電梯),住家用,鋼筋混凝土造,1030623,123.69,2,2,1,有,有,10500000,84890,坡道平面,29.67,0,贈小茶几.熱水器.冰箱.洗衣機.瓦斯爐.沙發1組.冷氣X3.流理臺.排油煙機,RPSNMLNKNHLGFFH88DA,55.59,1.22,9.22,有,,桃園市
板橋區,房地(土地+建物)+車位,新北市板橋區環河西路四段８２１號十一樓,17.3,住,,,1150316,土地1建物1車位1,十一層,十九層,住宅大樓(11層含以上有電梯),住家用,鋼筋混凝土造,1130410,139.93,2,2,2,有,有,26300000,230837,坡道平面,37.26,2600000,,RPUOMLLKNHLGFAF28DA,57.58,7.16,5.4,有,,新北市
太平區,房地(土地+建物)+車位,臺中市太平區育才路１６９號五樓之１,37.22,住,,,1121208,土地1建物1車位2,五層,十五層,住宅大樓(11層含以上有電梯),住家用,鋼筋混凝土造,1150113,235.22,4,2,3,有,有,21770000,106400,坡道平面,56.46,2750000,預售屋、或土地及建物分件登記案件；,RPORMLKKMHLGFJB28DA,108.93,0.0,11.65,有,,台中市
桃園區,房地(土地+建物)+車位,桃園市桃園區建國路９２號三樓,18.6,住,,,1150205,土地1建物1車位1,三層,十五層,住宅大樓(11層含以上有電梯),住家用,鋼筋混凝土造,1141016,156.9,3,2,2,有,有,19900000,144793,坡道平面,32.93,1950000,,RPUPMLRKMHLGFAH09DA,73.68,0.0,8.77,有,,桃園市
神岡區,土地,十五庄段1375-5地號,101.38,農,,,1150402,土地1建物0車位0,,,其他,,,,0.0,0,0,0,無,無,4200000,41428,,0.0,0,,RPQOMLQJNHLGFDB18DA,0.0,0.0,0.0,無,,台中市
三重區,房地(土地+建物)+車位,新北市三重區元信一街２０７號六樓,20.05,住,,,1090830,土地1建物1車位1,六層,二十層,住宅大樓(11層含以上有電梯),住家用,鋼筋混凝土造,1150206,156.61,3,2,2,有,有,15870000,117361,坡道平面,39.28,2100000,權利人於115年3月6日取得本標的.預售屋、或土地及建物分件登記案件；,RPXNMLMLMHLGFGF56DA,68.55,7.23,3.16,有,,新北市
西屯區,房地(土地+建物)+車位,臺中市西屯區市政北一路３３５號三十七樓之５,9.44,都市：其他:第六種新市政中心專用區,,,1110430,土地1建物1車位1,三十七層,三十七層,住宅大樓(11層含以上有電梯),住家用,鋼骨鋼筋混凝土造、鋼筋混凝土造,1150313,175.64,3,2,2,有,有,31500000,184509,坡道平面,16.84,2200000,轉讓日期民國114年5月9日。預售屋、或土地及建物分件登記案件；,RPWNMLKKNHLGFCB08DA,88.06,4.76,13.1,有,,台中市
苓雅區,房地(土地+建物),高雄市苓雅區建國一路６２巷１１弄５之４號,26.93,其他,,,1150405,土地2建物1車位0,五層,五層,公寓(5樓含以下無電梯),,鋼筋混凝土造,0690507,81.49,3,2,2,有,無,2100000,25770,,0.0,0,其他增建；,RPRNMLPJMHLGFBE08DA,81.49,0.0,0.0,無,,高雄市
八德區,房地(土地+建物)+車位,桃園市八德區豐田一路１０３號十六樓,15.9,住,,,1150307,土地1建物1車位1,十六層,二十三層,住宅大樓(11層含以上有電梯),住家用,鋼筋混凝土造,1140124,126.19,2,1,1,有,有,14820000,142233,坡道平面,34.65,1800000,,RPRNMLMLMHLGFFH68DA,50.18,1.54,6.86,有,,桃園市
中壢區,土地,普義段1096地號,100.0,住,,,1150319,土地1建物0車位0,,,其他,,,,0.0,0,0,0,無,無,12100000,121000,,0.0,0,,RPOQMLNKMHLGFBH28DA,0.0,0.0,0.0,無,,桃園市
蘆竹區,房地(土地+建物)+車位,桃園市蘆竹區興中街５９號九樓之２,11.63,商,,,1150414,土地1建物1車位1,九層,十二層,住宅大樓(11層含以上有電梯),住家用,鋼筋混凝土造,0951105,111.64,2,2,1,有,有,9360000,83841,坡道平面,29.17,0,陽台外推；,RPPNMLRJNHLGFEH78DA,55.5,0.9,5.47,有,0024,桃園市
中山區,房地(土地+建物),臺北市中山區錦州街１９４號四樓,37.0,都市：其他:第三種住宅區。,,,1150328,土地1建物1車位0,四層,四層,公寓(5樓含以下無電梯),住家用,鋼筋混凝土造,0610727,92.85,4,2,2,有,無,19500000,210016,,0.0,0,陽台外推；頂樓加蓋；,RPUOMLPKNHLGFCA38DA,92.85,0.0,0.0,無,,台北市
三重區,房地(土地+建物)+車位,新北市三重區三信路７９號十一樓,26.47,住,,,1140925,土地1建物1車位1,十一層,十一層,住宅大樓(11層含以上有電梯),住家用,鋼筋混凝土造,0961024,169.81,3,2,2,有,有,26580000,156528,坡道平面,34.25,0,,RPSRMLLKNHLGFGF98DA,77.88,3.1,10.32,有,,新北市
中山區,房地(土地+建物),臺北市中山區新生北路二段７０號十二樓,4.02,都市：其他:第肆種商業區(依都市計畫說明書圖規定辦理，始得作第肆種商業區使用)(原屬第參種商業區)。,,,1150120,土地1建物1車位0,十二層,十二層,住宅大樓(11層含以上有電梯),商業用,鋼筋混凝土造,0861115,43.56,1,1,1,有,有,9630000,221074,,0.0,0,陽台外推；夾層；其他增建；,RPROMLKMMHLGFCA67DA,24.64,0.0,3.37,有,,台北市
蘆竹區,房地(土地+建物)+車位,桃園市蘆竹區山鼻二路１９３號五樓,26.03,住,,,1130512,土地1建物1車位1,五層,十一層,住宅大樓(11層含以上有電梯),住家用,鋼筋混凝土造,1150319,155.11,3,2,2,有,有,14770000,105761,坡道平面,31.53,1700000,預售屋、或土地及建物分件登記案件；,RPPOMLSLMHLGFEH09DA,72.37,0.0,9.9,有,,桃園市
梧棲區,房地(土地+建物),臺中市梧棲區大德路９２巷６３號,93.14,住,,,1150302,土地2建物1車位0,全,四層,透天厝,住家用,鋼筋混凝土造,1130717,235.94,5,2,5,有,有,25800000,109350,,0.0,0,,RPRNMLMKNHLGFFB08DA,210.93,0.0,25.01,有,,台中市
小港區,土地,坪北段605-8地號,130.34,,,,1150204,土地1建物0車位0,,,其他,,,,0.0,0,0,0,無,無,1968091,15100,,0.0,0,協議價購；,RPQOMLLLMHLGFCE97DA,0.0,0.0,0.0,無,0281,高雄市
西屯區,房地(土地+建物)+車位,臺中市西屯區臺灣大道三段７６５號五樓之８,5.51,商,,,1100122,土地1建物1車位1,五層,三十六層,住宅大樓(11層含以上有電梯),住家用,鋼骨造,1141028,89.9,2,2,1,有,有,9150000,106739,坡道機械,12.14,850000,1.讓渡日期:114/6/242.此申報總價為原始買賣合約價格預售屋、或土地及建物分件登記案件；,RPQOMLOLMHLGFCB97DA,45.03,1.67,4.27,有,,台中市
楊梅區,土地,草湳坡段草湳坡小段86地號,39.94,住,,,1150122,土地1建物0車位0,,,其他,,,,0.0,0,0,0,無,無,721800,18072,,0.0,0,每坪:6000元整,RPUNMLLLMHLGFDH68DA,0.0,0.0,0.0,無,,桃園市
內門區,土地,中新段34地號,1129.1,,山坡地保育區,農牧用地,1150429,土地1建物0車位0,,,其他,,,,0.0,0,0,0,無,無,720000,638,,0.0,0,,RPPNMLSJNHLGFHE88DA,0.0,0.0,0.0,無,,高雄市
前鎮區,房地(土地+建物)+車位,高雄市前鎮區前鎮街８８之１號十五樓,14.13,商,,,1150329,土地2建物1車位1,十五層,十五層,住宅大樓(11層含以上有電梯),見其它登記事項,見其它登記事項,1080201,135.29,2,2,2,有,有,12000000,88698,坡道機械,17.36,0,,RPSOMLPJNHLGFCE48DA,68.91,2.12,3.5,有,0203,高雄市
北屯區,房地(土地+建物)+車位,臺中市北屯區旱溪西路三段２０８號四樓之６,41.33,住,,,1150403,土地1建物1車位1,四層,十二層,住宅大樓(11層含以上有電梯),住家用,鋼筋混凝土造,1111026,185.9,3,2,2,有,有,20500000,110274,坡道平面,26.49,0,,RPVQMLPKMHLGFBB58DA,94.59,0.0,9.09,有,0025,台中市
中和區,土地,光復段48地號,140.28,都市：其他:垃圾處理廠用地,,,1150409,土地1建物0車位0,,,其他,,,,0.0,0,0,0,無,無,15690000,111848,,0.0,0,包含公共設施保留地用地；,RPOOMLSJNHLGFHF98DA,0.0,0.0,0.0,無,0102,新北市
中山區,房地(土地+建物),臺北市中山區合江街１７巷１２之１號,34.38,都市：其他:第貳種商業區(依都市計畫說明書圖規定辦理，始得作第貳種商業區使用)(原屬第參種住宅區)及第二種商業區。,,,1150209,土地1建物1車位0,一層,四層,公寓(5樓含以下無電梯),住家用,鋼筋混凝土造,0640305,113.24,3,2,2,有,無,16000000,141293,,0.0,0,親友、員工、共有人或其他特殊關係間之交易；,RPQNMLRJNHLGFCA08EA,102.52,10.72,0.0,無,,台北市
觀音區,房地(土地+建物)+車位,桃園市觀音區富貴二街５０號四樓,30.18,住,,,1150207,土地1建物1車位1,四層,五層,華廈(10層含以下有電梯),住家用,鋼筋混凝土造,1141001,107.53999999999999,2,2,1,有,有,7900000,92579,一樓平面,37.33,1400000,,RPWNMLRLMHLGFBH66DA,48.85,0.0,3.79,有,,桃園市
三民區,房地(土地+建物)+車位,高雄市三民區寶興路９０號,27.28,其他,,,1150506,土地1建物1車位1,一層，二層，三層，騎樓,十四層,住宅大樓(11層含以上有電梯),住商用,鋼筋混凝土造,0860419,197.02,3,2,3,有,有,12200000,61923,坡道平面,37.4,0,,RPPNMLQJNHLGFDE28DA,125.46,0.0,18.41,有,,高雄市
林口區,房地(土地+建物)+車位,新北市林口區吉祥路３６號十三樓,12.34,商,,,1120228,土地1建物1車位1,十三層,十五層,住宅大樓(11層含以上有電梯),住家用,鋼筋混凝土造,1150213,134.9,3,2,2,有,有,18640000,150277,坡道平面,26.5,2350000,預售屋、或土地及建物分件登記案件；,RPROMLMLJHLGFBF87DA,63.68,0.0,7.0,有,,新北市
中正區,房地(土地+建物),臺北市中正區羅斯福路二段７０號八樓之１０,5.76,都市：其他:第參種商業區(依都市計畫說明書圖規定辦理，始得作第參種商業區使用)(原屬第貳種商業區) 但是否在道路用地(公共設施用地)(應依建築線或俟地籍測量分割後，再確定)。,,,1150324,土地1建物1車位0,八層,十二層,住宅大樓(11層含以上有電梯),住家用,鋼筋混凝土造,0780701,78.47,1,2,1,有,有,26880000,342551,,0.0,0,陽台外推；,RPPOMLNLMHLGFAA47DA,43.38,0.0,19.76,有,,台北市
橋頭區,土地,筆秀段196地號,38.3,其他,,,1150423,土地6建物0車位0,,,其他,,,,0.0,0,0,0,無,無,1629598,42548,,0.0,0,包含公共設施保留地用地；,RPSNMLLKNHLGFFE38DA,0.0,0.0,0.0,無,0127,高雄市
三峽區,房地(土地+建物),新北市三峽區二鬮路１３６巷１６弄３３號,62.0,,山坡地保育區,丙種建築用地,1150419,土地1建物1車位0,全,二層,透天厝,住家用,鋼筋混凝土造,0701228,88.0,5,4,3,有,無,9000000,102273,,0.0,0,平台外推、空地前後增建。陽台外推；其他增建；,RPOOMLNKNHLGFIF68DA,72.0,8.0,8.0,無,,新北市
前鎮區,房地(土地+建物),高雄市前鎮區佛西街５號,59.0,住,,,1150419,土地1建物1車位0,全,五層,透天厝,住商用,鋼筋混凝土造,0811124,209.65,5,3,4,有,無,9750000,46506,,0.0,0,鐵皮屋頂增建，一樓後面增建至二樓，賣方已折價讓售予買方.不負房屋瑕疵擔保責任其他增建；,RPTNMLRJNHLGFCE68DA,183.13,5.09,21.43,無,,高雄市
蘆竹區,土地,新福段35地號,10.83,,特定農業區,甲種建築用地,1150425,土地2建物0車位0,,,其他,,,,0.0,0,0,0,無,無,167752,15490,,0.0,0,含土地增值稅或其他稅費69042元；受民情風俗因素影響；,TPUNMLPJNHLGFEH66DA,0.0,0.0,0.0,無,0020,桃園市
大園區,土地,南港段537-1地號,449.79,,一般農業區,交通用地,1150408,土地2建物0車位0,,,其他,,,,0.0,0,0,0,無,無,16327200,36300,,0.0,0,,RPXOMLLKNHLGFEH56DA,0.0,0.0,0.0,無,,桃園市
新店區,房地(土地+建物),新北市新店區國校路５號,47.53,住,,,1150406,土地2建物1車位0,全,三層,透天厝,住家用,鋼筋混凝土造,0660725,68.4,3,3,3,有,無,10500000,153509,,0.0,0,頂樓加蓋；其他增建；,RPPNMLQJNHLGFCF28DA,68.4,0.0,0.0,無,,新北市
關西鎮,土地,錦山段416-8地號,277.0,,山坡地保育區,丙種建築用地,1150408,土地2建物0車位0,,,其他,,,,0.0,0,0,0,無,無,4300000,15523,,0.0,0,親友、員工、共有人或其他特殊關係間之交易；未登記建物；,RPPNMLPJNHLGFBJ48DA,0.0,0.0,0.0,無,,新竹縣
關西鎮,土地,東光段480地號,4162.82,農,,,1150416,土地3建物0車位0,,,其他,,,,0.0,0,0,0,無,無,31460000,7557,,0.0,0,,RPXOMLOJNHLGFBJ66DA,0.0,0.0,0.0,無,030,新竹縣
北屯區,房地(土地+建物)+車位,臺中市北屯區南興北一路１１６號十三樓之１,25.86,住,,,1121229,土地1建物1車位2,十三層,十七層,住宅大樓(11層含以上有電梯),住家用,鋼筋混凝土造,1150205,229.76999999999998,4,2,2,有,有,28150000,152849,坡道平面,68.5,3500000,預售屋、或土地及建物分件登記案件；,RPXOMLQKMHLGFBB68DA,94.65,0.0,10.96,有,,台中市
北屯區,房地(土地+建物),臺中市北屯區梅川東路四段１４６號１２樓,8.15,住,,,1150131,土地1建物1車位0,十二層,十三層,住宅大樓(11層含以上有電梯),住家用,鋼筋混凝土造,0831103,86.79,2,2,1,有,有,6300000,72589,,0.0,0,,RPPOMLKMMHLGFBB47DA,57.46,1.29,2.42,有,,台中市
北區,房地(土地+建物)+車位,臺中市北區北平四街５號四樓之３,8.56,商,,,1150328,土地1建物1車位1,四層,十五層,住宅大樓(11層含以上有電梯),住家用,鋼筋混凝土造,1071130,75.28,1,1,1,有,有,8820000,117163,坡道機械,14.05,0,,RPPNMLSKMHLGFBB97DA,35.13,2.08,1.98,有,0105,台中市
新埔鎮,土地,下旱坑段769地號,3324.16,,山坡地保育區,農牧用地,1150126,土地4建物0車位0,,,其他,,,,0.0,0,0,0,無,無,12382726,3725,,0.0,0,,RPXOMLRJNHLGFBJ96DA,0.0,0.0,0.0,無,077,新竹縣
蘆竹區,房地(土地+建物)+車位,桃園市蘆竹區豪登一街１４８號五樓,12.83,商,,,1120621,土地1建物1車位1,五層,十五層,住宅大樓(11層含以上有電梯),住家用,鋼筋混凝土造,1150327,135.04,3,2,1,有,有,11200000,90749,坡道平面,27.05,1400000,預售屋、或土地及建物分件登記案件；,RPOPMLNLMHLGFEH58DA,64.54,0.0,7.26,有,,桃園市
西屯區,房地(土地+建物)+車位,臺中市西屯區臺灣大道三段７６３號八樓之１３,6.08,商,,,1090827,土地1建物1車位1,八層,三十六層,住宅大樓(11層含以上有電梯),住家用,鋼骨造,1141028,115.95,2,2,1,有,有,10500000,105399,坡道平面,30.56,1500000,預售屋、或土地及建物分件登記案件；,RPWPMLOLMHLGFCB68DA,49.04,3.0,3.92,有,,台中市
蘆洲區,房地(土地+建物),新北市蘆洲區中山二路１３７巷３６號四樓,23.95,住,,,1150228,土地1建物1車位0,四層,五層,公寓(5樓含以下無電梯),住家用,鋼筋混凝土造,0700429,94.53,3,1,2,有,無,6000000,63472,,0.0,0,親友、員工、共有人或其他特殊關係間之交易；,RPVOMLRJNHLGFGF86DA,80.11,0.0,14.42,無,,新北市
北屯區,房地(土地+建物)+車位,臺中市北屯區南興北一路１１８號十一樓之６,14.66,住,,,1120604,土地1建物1車位1,十一層,十七層,住宅大樓(11層含以上有電梯),住家用,鋼筋混凝土造,1150205,125.43,2,2,1,有,有,13910000,133911,坡道平面,34.25,1700000,預售屋、或土地及建物分件登記案件；,RPROMLRKMHLGFBB18DA,55.06,0.0,4.67,有,,台中市
鳳山區,土地,文山段706-3地號,21.75,住,,,1150420,土地1建物0車位0,,,其他,,,,0.0,0,0,0,無,無,1188158,54628,,0.0,0,地清或未辦繼承標售；,SPSNMLLKNHLGFGE58DA,0.0,0.0,0.0,無,0084,高雄市
板橋區,房地(土地+建物)+車位,新北市板橋區華江三路１３２號九樓,17.68,住,,,1150419,土地1建物1車位1,九層,二十二層,住宅大樓(11層含以上有電梯),住家用,鋼筋混凝土造,1131227,140.19,2,2,1,有,有,26350000,215462,坡道平面,30.89,2800000,,RPQNMLRJNHLGFAF38EA,60.49,8.75,3.96,有,,新北市
中壢區,土地,仁德段932地號,117.11,農,,,1150427,土地1建物0車位0,,,其他,,,,0.0,0,0,0,無,無,3250000,27752,,0.0,0,親友、員工、共有人或其他特殊關係間之交易；,RPTPMLMKNHLGFBH68DA,0.0,0.0,0.0,無,,桃園市
桃園區,車位,桃園市桃園區幸福路２３７號三樓等,0.0,,,,1150410,土地0建物1車位1,,,其他,,,,24.84,0,0,0,無,有,1900000,,坡道平面,24.84,1900000,建物坐落地號：水汴頭段253地號；僅車位交易；,RPWNMLTLMHLGFAH76DA,0.0,0.0,0.0,有,0062,桃園市
三民區,房地(土地+建物),高雄市三民區鼎貴路１２８巷２號,100.0,其他,,,1150313,土地1建物1車位0,全,二層,透天厝,見其它登記事項,鋼筋混凝土造,0740522,145.76,8,3,4,有,無,13500000,92618,,0.0,0,其他增建；,RPQNMLPJNHLGFDE28DA,138.63,0.0,7.13,無,,高雄市
梧棲區,房地(土地+建物)+車位,臺中市梧棲區八德路一段６８號九樓之２,9.42,商,,,1150225,土地1建物1車位1,九層,二十八層,住宅大樓(11層含以上有電梯),住家用,鋼筋混凝土造,1140606,131.64,3,2,2,有,有,8000000,60772,坡道平面,24.74,0,,RPRPMLMLMHLGFFB28DA,66.53,0.0,4.41,有,0169,台中市
芎林鄉,土地,王爺坑段125地號,1098.0,,山坡地保育區,農牧用地,1150120,土地2建物0車位0,,,其他,,,,0.0,0,0,0,無,無,7500000,6831,,0.0,0,親友、員工、共有人或其他特殊關係間之交易；未登記建物；,RPSNMLSLMHLGFCJ66DA,0.0,0.0,0.0,無,,新竹縣
新莊區,房地(土地+建物),新北市新莊區萬安街５７巷１８號,28.11,住,,,1150304,土地5建物1車位0,一層,五層,公寓(5樓含以下無電梯),商業用,鋼筋混凝土造,0780106,114.06,3,2,2,有,無,10900000,95564,,0.0,0,,RPXQMLRJNHLGFBF76DA,102.78,8.53,0.0,無,,新北市
平鎮區,房地(土地+建物),桃園市平鎮區自強街１７巷９號,32.93,住,,,1150416,土地1建物1車位0,全,二層,透天厝,住家用,加強磚造,0660406,84.0,4,2,2,有,無,2150000,25595,,0.0,0,增建部分:防火巷及三樓.四樓,RPPOMLKLMHLGFGH48DA,84.0,0.0,0.0,無,,桃園市
新興區,房地(土地+建物),高雄市新興區中山一路１６號二十六樓之１２,4.34,其他,,,1100419,土地2建物1車位0,二十六層,三十四層,住宅大樓(11層含以上有電梯),見其他登記事項,見其他登記事項,1150121,82.77,2,1,1,有,有,8810000,106440,,0.0,0,另有讓渡金額900萬元預售屋、或土地及建物分件登記案件；,RPRTMLKMLHLGFBE38DA,47.25,0.0,6.65,有,,高雄市
鼓山區,房地(土地+建物),高雄市鼓山區鼓山二路８１之３４號五樓,18.96,商,,,1150412,土地2建物1車位0,五層,五層,公寓(5樓含以下無電梯),見其它登記事項,鋼筋混凝土造,0740215,73.48,3,2,2,有,無,3800000,51715,,0.0,0,陽台外推；頂樓加蓋；,RPWNMLRLMHLGFAE88DA,70.58,0.0,2.9,無,,高雄市
龜山區,房地(土地+建物),桃園市龜山區民安街６４巷１８弄３６號四樓,31.52,住,,,1150329,土地4建物1車位0,四層,五層,公寓(5樓含以下無電梯),住家用,鋼筋混凝土造,0720609,105.27,5,2,4,有,無,7350000,69820,,0.0,0,陽台外推；,RPPOMLMKNHLGFHH78DA,94.2,0.0,11.07,無,,桃園市
中和區,房地(土地+建物),新北市中和區橋和路１６０巷３號八樓,6.49,住,,,1150324,土地1建物1車位0,八層,十四層,住宅大樓(11層含以上有電梯),住家用,鋼筋混凝土造,0871230,51.959999999999994,1,1,1,有,有,9160000,176289,,0.0,0,,RPRPMLRKMHLGFHF66DA,31.52,0.0,6.49,有,0307,新北市
林口區,房地(土地+建物)+車位,新北市林口區文化二路二段１１７號二十樓之２,9.55,商,,,1110416,土地1建物1車位1,二十層,二十四層,住宅大樓(11層含以上有電梯),住家用,鋼筋混凝土造,1141205,150.12,4,2,2,有,有,19210000,136375,坡道平面,25.39,2200000,預售屋、或土地及建物分件登記案件；,RPUOMLPKKIKGFBF48DA,73.1,0.0,9.46,有,,新北市
新屋區,房地(土地+建物)+車位,桃園市新屋區東興路一段９７６巷１７號,156.69,,特定農業區,甲種建築用地,1140712,土地2建物1車位1,全,三層,透天厝,住家用,鋼筋混凝土造,1150123,199.69,4,2,4,有,無,15000000,75116,一樓平面,0.0,0,預售屋、或土地及建物分件登記案件；,RPPNMLQJNHLGFDH58DA,172.93,0.0,26.45,無,,桃園市
林口區,房地(土地+建物)+車位,新北市林口區南勢一街６６號,20.13,住,,,1120629,土地1建物1車位1,一層,七層,華廈(10層含以下有電梯),商業用,鋼筋混凝土造,1150225,97.84,0,0,0,無,有,12030000,165388,坡道平面,36.59,1900000,預售屋、或土地及建物分件登記案件；,RPTWMLTLLHLGFBF17DA,40.47,0.0,0.0,有,,新北市
新店區,房地(土地+建物),新北市新店區錦秀路５２巷１７號三樓,38.99,都市：其他:溝渠用地,,,1150314,土地7建物1車位0,三層,五層,公寓(5樓含以下無電梯),住家用,鋼筋混凝土造,0710227,112.21,4,2,2,有,有,7200000,64165,,0.0,0,陽台外推；,RPPNMLSKNHLGFCF58DA,103.01,0.0,9.2,無,,新北市
大安區,房地(土地+建物),臺北市大安區信義路四段２６５巷１２弄１號二樓,31.78,都市：其他:第四種住宅區。,,,1150324,土地1建物1車位0,二層,七層,華廈(10層含以下有電梯),住家用,鋼筋混凝土造,0730719,170.5,4,2,1,有,無,52000000,304985,,0.0,0,陽台外推；其他增建；,RPQNMLNKMHLGFFA87DA,140.49,0.0,17.69,有,,台北市
阿蓮區,土地,埤仔尾段147地號,137.37,,鄉村區,乙種建築用地,1150407,土地2建物0車位0,,,其他,,,,0.0,0,0,0,無,無,1100000,8008,,0.0,0,,RPWNMLTLMHLGFJE37DA,0.0,0.0,0.0,無,0028,高雄市
蘆竹區,房地(土地+建物)+車位,桃園市蘆竹區山鼻二路１３９號三樓,26.03,住,,,1130516,土地1建物1車位1,三層,十一層,住宅大樓(11層含以上有電梯),住家用,鋼筋混凝土造,1150319,155.11,3,2,2,有,有,14270000,101715,坡道平面,31.53,1700000,預售屋、或土地及建物分件登記案件；,RPVPMLTLMHLGFEH27DA,72.37,0.0,9.9,有,,桃園市
林口區,房地(土地+建物)+車位,新北市林口區吉祥路２８號二樓,12.24,商,,,1120426,土地1建物1車位1,二層,十五層,住宅大樓(11層含以上有電梯),辦公用,鋼筋混凝土造,1150213,134.03,0,0,0,無,有,17320000,138287,坡道平面,26.5,2450000,113.2.16 以1800萬轉讓預售屋、或土地及建物分件登記案件；,RPSPMLRLJHLGFBF58DA,63.33,0.0,6.78,有,,新北市
桃園區,房地(土地+建物)+車位,桃園市桃園區藝文一街５８號四樓,22.13,商,,,1141210,土地1建物1車位2,四層,二十七層,住宅大樓(11層含以上有電梯),辦公用,鋼骨鋼筋混凝土造,1090106,280.91,3,2,3,有,有,32000000,113915,坡道平面,52.59,0,,RPTQMLTLMHLGFAH76DA,128.75,0.0,23.61,有,0309,桃園市
三民區,房地(土地+建物),高雄市三民區南臺路１９５巷１３號十七樓之３,1.52,商,,,1150428,土地1建物1車位0,十七層,二十五層,住宅大樓(11層含以上有電梯),商業用,鋼骨鋼筋混凝土造,0870929,20.08,1,1,1,有,有,900000,44821,,0.0,0,親友、員工、共有人或其他特殊關係間之交易；,RPPNMLSJNHLGFDE58EA,12.73,0.28,0.93,有,0050,高雄市
文山區,房地(土地+建物),臺北市文山區汀州路四段９９號二樓,28.64,都市：其他:第三種住宅區。,,,1150430,土地1建物1車位0,二層,五層,公寓(5樓含以下無電梯),住家用,鋼筋混凝土造,0680816,84.59,3,1,2,有,無,17000000,200969,,0.0,0,,RPSNMLOJNHLGFAA67DA,73.57,0.0,11.02,無,010,台北市
竹北市,房地(土地+建物),新竹縣竹北市和平街１１７號,88.0,商,,,1150428,土地1建物1車位0,全,二層,透天厝,住商用,加強磚造,,137.76,5,2,3,有,無,16000000,116144,,0.0,0,,RPTOMLRJNHLGFBJ56DA,137.76,0.0,0.0,無,,新竹縣
小港區,土地,坪北段605-8地號,1397.53,,,,1150203,土地8建物0車位0,,,其他,,,,0.0,0,0,0,無,無,21104552,15101,,0.0,0,協議價購；,RPUPMLLLMHLGFCE48DA,0.0,0.0,0.0,無,0278,高雄市
關西鎮,土地,關農段453-4地號,141.21,住,,,1141129,土地1建物0車位0,,,其他,,,,0.0,0,0,0,無,無,9733603,68930,,0.0,0,未登記建物；,RPRNMLLLMHLGFBJ38DA,0.0,0.0,0.0,無,,新竹縣
南屯區,車位,臺中市南屯區永春東七路５５０號三樓之３等公共設施,0.0,,,,1150416,土地0建物1車位2,,,其他,,,,60.71,0,0,0,無,有,3700000,,坡道平面,60.72,3700000,建物坐落地號：永春段105地號；僅車位交易；,RPTNMLTLMHLGFCB68DA,0.0,0.0,0.0,有,,台中市
八德區,房地(土地+建物)+車位,桃園市八德區興豐路１８０１巷９８號二樓,45.83,,一般農業區,甲種建築用地,1140110,土地1建物1車位1,二層,五層,華廈(10層含以下有電梯),住家用,鋼筋混凝土造,1150115,146.23000000000002,3,2,2,有,有,14920000,103629,一樓平面,18.66,1700000,預售屋、或土地及建物分件登記案件；,RPQOMLOJNHLGFFH78DA,89.21,0.0,13.1,有,,桃園市
大同區,房地(土地+建物),臺北市大同區華陰街９２號,20.67,都市：其他:第三種商業區。,,,1150416,土地1建物1車位0,全,三層,透天厝,,加強磚造,,58.22,2,2,3,有,無,10300000,176915,,0.0,0,,RPRNMLRJNHLGFBA08EA,58.22,0.0,0.0,無,019,台北市
桃園區,房地(土地+建物)+車位,桃園市桃園區建國路１００號五樓之２,13.51,住,,,1130330,土地1建物1車位1,五層,十五層,住宅大樓(11層含以上有電梯),住家用,鋼筋混凝土造,1141016,122.77000000000001,2,2,1,有,有,17050000,167520,坡道平面,32.93,2000000,114年5月15日更名，交易金額不變。配偶轉讓預售屋、或土地及建物分件登記案件；,RPWOMLOLMHLGFAH98DA,53.39,0.0,6.38,有,,桃園市
楊梅區,房地(土地+建物),桃園市楊梅區中華南路二段４８０巷８號二樓,41.31,,特定農業區,甲種建築用地,1130825,土地3建物1車位0,二層,五層,華廈(10層含以下有電梯),住家用,鋼筋混凝土造,1150122,113.64,3,2,2,有,有,8180000,71982,,0.0,0,預售屋、或土地及建物分件登記案件；,RPQNMLSJNHLGFDH88DA,74.33,0.0,6.17,有,,桃園市
三民區,房地(土地+建物)+車位,高雄市三民區遼寧三街１０３號十二樓,14.66,住,,,1150224,土地1建物1車位1,十二層,十五層,住宅大樓(11層含以上有電梯),見其它登記事項,鋼筋混凝土造,1091217,125.09,2,2,2,有,有,14050000,112319,坡道機械,10.97,0,,RPSNMLNKNHLGFDE38DA,55.92,1.0,13.34,有,0303,高雄市
三重區,房地(土地+建物),新北市三重區忠孝路三段９６號七樓,13.89,住,,,1150324,土地1建物1車位0,七層,十一層,住宅大樓(11層含以上有電梯),住家用,鋼筋混凝土造,1130820,87.35,2,2,2,有,有,17700000,202633,,0.0,0,本案總價為新台幣1770萬元整，並同意拆算土地及建物價格如下：土地交易總價為新台幣12744000元整，建物交易總價為新台幣4956000元整,RPVRMLQKMHLGFGF07DA,53.83,0.0,3.99,有,,新北市
鳳山區,房地(土地+建物),高雄市鳳山區濱山街６號四樓之１１,10.14,住,,,1150321,土地1建物1車位0,四層,七層,華廈(10層含以下有電梯),住家用,鋼筋混凝土造,0690125,37.4,1,1,1,有,有,2500000,66845,,0.0,0,,RPVNMLPJNHLGFGE09DA,37.4,0.0,0.0,有,0209,高雄市
小港區,土地,坪北段600-5地號,372.11,,,,1150204,土地8建物0車位0,,,其他,,,,0.0,0,0,0,無,無,5619749,15102,,0.0,0,協議價購；,RPOOMLLLMHLGFCE77DA,0.0,0.0,0.0,無,0278,高雄市
沙鹿區,房地(土地+建物)+車位,臺中市沙鹿區三民路１０７號十三樓之１,25.31,住,,,1120927,土地1建物1車位1,十三層,十五層,住宅大樓(11層含以上有電梯),住家用,鋼筋混凝土造,1150212,144.98000000000002,3,2,2,有,有,14400000,107563,坡道平面,25.98,1600000,預售屋、或土地及建物分件登記案件；,RPSRMLOLLHLGFFB68DA,72.45,0.0,7.09,有,,台中市
前鎮區,房地(土地+建物),高雄市前鎮區和平二路１１１巷３１弄１號４樓,34.5,住,,,1150316,土地1建物1車位0,四層,五層,公寓(5樓含以下無電梯),見其它登記事項,鋼筋混凝土造,0730411,91.07,3,2,2,有,無,5100000,56001,,0.0,0,,RPWNMLSJNHLGFCE09DA,78.21,0.0,12.86,無,0183,高雄市
土城區,房地(土地+建物)+車位,新北市土城區青和街７１號十一樓,21.77,住,,,1100315,土地1建物1車位1,十一層,十五層,住宅大樓(11層含以上有電梯),住家用,鋼筋混凝土造,1150123,146.06,3,2,2,有,有,14400000,108338,坡道平面,30.68,1900000,預售屋、或土地及建物分件登記案件；,RPWRMLRLMHLGFAF76DA,73.07,0.0,4.11,有,,新北市
苓雅區,房地(土地+建物),高雄市苓雅區興中一路３８１號七樓之３,16.57,其他,,,1150506,土地2建物1車位0,七層,七層,華廈(10層含以下有電梯),見其他登記事項,鋼筋混凝土造,0690514,85.07000000000001,2,2,1,有,有,4650000,54661,,0.0,0,陽台外推；,RPPNMLSKNHLGFBE48EA,73.37,0.0,0.0,有,,高雄市
三民區,房地(土地+建物)+車位,高雄市三民區大豐二路２２５號二十六樓之１２,6.48,其他,,,1130524,土地1建物1車位1,二十六層,二十九層,住宅大樓(11層含以上有電梯),見其它登記事項,鋼筋混凝土造,1141218,108.05000000000001,3,1,2,有,有,12160000,122015,坡道機械,19.7,1380000,有讓渡情形預售屋、或土地及建物分件登記案件；,RPORMLMLJHLGFDE97DA,52.56,0.0,4.5,有,,高雄市
新豐鄉,房地(土地+建物)+車位,新竹縣新豐鄉中崙２２６之１９號十樓,31.72,,特定農業區,甲種建築用地,1130616,土地2建物1車位1,十層,十一層,住宅大樓(11層含以上有電梯),住家用,鋼筋混凝土造,1141215,144.01,3,2,2,有,無,12700000,98693,坡道平面,31.54,1600000,預售屋、或土地及建物分件登記案件；,RPTOMLKMLHLGFDJ78DA,67.02,0.0,6.72,有,,新竹縣
板橋區,房地(土地+建物),新北市板橋區文聖街１４９巷２８號四樓,21.2,住,,,1150322,土地1建物1車位0,四層,五層,公寓(5樓含以下無電梯),住家用,鋼筋混凝土造,,86.44,2,2,1,有,無,11300000,130727,,0.0,0,其他增建；,RPROMLTJMHLGFAF58DA,82.76,0.0,3.68,無,,新北市
南屯區,房地(土地+建物)+車位,臺中市南屯區益豐路四段８５號三樓之１,21.36,住,,,1150222,土地3建物1車位1,三層,十層,華廈(10層含以下有電梯),住家用,鋼筋混凝土造,1070413,134.14,3,2,2,有,有,16500000,122997,坡道平面,24.74,0,,RPTPMLQJNHLGFCB48DA,68.85,1.18,3.6,有,0161,台中市
鳳山區,土地,鳳山段縣口小段108-5地號,176.0,住,,,1150124,土地1建物0車位0,,,其他,,,,0.0,0,0,0,無,無,12100000,68750,,0.0,0,本案未保存登記建物有兩棟，門牌:高雄市鳳山區鳳明街92號、高雄市鳳山區鳳明街84巷1號。未登記建物；,RPROMLPJNHLGFGE78DA,0.0,0.0,0.0,無,,高雄市
三芝區,房地(土地+建物)+車位,新北市三芝區埔尾９之６１號十一樓,86.54,,山坡地保育區,丙種建築用地,1150421,土地11建物1車位1,十一層,十二層,住宅大樓(11層含以上有電梯),住家用,鋼筋混凝土造,0850708,148.84,2,2,2,有,有,4700000,31578,坡道平面,0.0,0,土地公埔段埔尾小段186、185、190、202、206、218地號及122建號合併計價4678204元；186-2地號934元、188-5地號10691元、204-3地號4463元、206-1地號4082元、206-5地號1626元,RPWOMLSKNHLGFEF96DA,76.62,1.77,9.45,有,,新北市
三芝區,房地(土地+建物),新北市三芝區海尾１３之５０號十樓,19.09,,一般農業區,甲種建築用地,1100220,土地1建物1車位0,十層,十三層,住宅大樓(11層含以上有電梯),住家用,鋼筋混凝土造,1150108,59.04,1,0,1,有,有,4580000,77575,,0.0,0,1本案為樂齡銀髮養生宅，銷售物件統一包含室內規劃設置2 第一次轉讓日期113年7月2日，價格458萬元。預售屋、或土地及建物分件登記案件；,RPOOMLNJNHLGFEF18DA,37.77,0.0,2.2,有,,新北市
楊梅區,房地(土地+建物)+車位,桃園市楊梅區金山街１１１號９樓之３,18.27,住,,,1150318,土地1建物1車位2,九層,十一層,住宅大樓(11層含以上有電梯),住家用,鋼筋混凝土造,0841227,128.9,3,2,1,有,有,7250000,56245,坡道平面,0.0,0,,RPXNMLTKLHLGFDH96DA,45.45,0.75,6.77,有,0211,桃園市
萬華區,房地(土地+建物)+車位,臺北市萬華區環河南路二段２９號八樓,8.53,都市：其他:第肆種商業區(依都市計畫說明書圖規定辦理，始得作第肆種商業區使用)(原屬第參種商業區)。,,,1150402,土地2建物1車位1,八層,二十四層,住宅大樓(11層含以上有電梯),住家用,鋼筋混凝土造,1090807,109.66,2,1,1,有,有,23850000,217490,坡道機械,19.94,0,,RPQOMLSJNHLGFBA08DA,51.18,5.35,3.85,有,,台北市
關西鎮,土地,關農段743-1地號,0.55,,,,1150422,土地1建物0車位0,,,其他,,,,0.0,0,0,0,無,無,16929,0,,0.0,0,包含公共設施保留地用地；協議價購；,RPUPMLPJNHLGFBJ56DA,0.0,0.0,0.0,無,014,新竹縣
沙鹿區,房地(土地+建物)+車位,臺中市沙鹿區永寧路一段３號十五樓之５,16.69,商,,,1150314,土地1建物1車位1,十五層,十五層,住宅大樓(11層含以上有電梯),住家用,鋼筋混凝土造,1140627,148.43,3,2,2,有,有,12500000,90947,坡道平面,29.68,1700000,,RPQOMLQJNHLGFFB38DA,70.32,0.0,7.84,有,,台中市
前鎮區,房地(土地+建物),高雄市前鎮區中華五路９９１巷４號五樓之１,30.94,住,,,1150306,土地1建物1車位0,五層,十二層,住宅大樓(11層含以上有電梯),住家用,鋼筋混凝土造,0830809,139.72,3,2,2,有,有,8260000,59114,,0.0,0,鐵鋁窗增建。其他增建；,RPSOMLQJNHLGFCE58DA,88.76,0.0,5.26,有,,高雄市
蘆竹區,房地(土地+建物)+車位,桃園市蘆竹區埤腳街７７巷４２號四樓,20.58,住,,,1130311,土地1建物1車位1,四層,十層,華廈(10層含以下有電梯),住家用,鋼筋混凝土造,1150128,130.99,2,2,2,有,有,11000000,107168,坡道平面,47.01,2000000,預售屋、或土地及建物分件登記案件；,RPVPMLOLMHLGFEH76DA,51.4,0.0,4.1,有,,桃園市
泰山區,房地(土地+建物)+車位,新北市泰山區泰林路二段５３７巷１１號,25.69,住,,,1150322,土地1建物1車位1,一層,七層,華廈(10層含以下有電梯),住家用,鋼筋混凝土造,0840519,128.1,3,2,2,有,有,11500000,89774,坡道平面,0.0,1800000,壹樓空地平台外推防火巷其他增建；,RPSQMLRLMHLGFBF98DA,86.72,11.09,0.0,有,0220,新北市
新豐鄉,土地,錦安段262地號,478.52,農,,,1150327,土地2建物0車位0,,,其他,,,,0.0,0,0,0,無,無,12800000,26749,,0.0,0,,RPQOMLOJNHLGFDJ78DA,0.0,0.0,0.0,無,054,新竹縣
新竹市,房地(土地+建物),新竹市新竹市中華路三段１０號１１樓之２８,3.91,商,,,1150331,土地1建物1車位0,十一層,十四層,住宅大樓(11層含以上有電梯),住家用,鋼筋混凝土造,0890417,38.58,3,2,2,有,有,3000000,77760,,0.0,0,陽台外推；,RPPPMLLMLHLGFAO78DA,24.98,0.0,5.0,有,,新竹市
前鎮區,房地(土地+建物),高雄市前鎮區和豐街３６號,61.63,住,,,1150410,土地1建物1車位0,全,四層,透天厝,住家用,鋼筋混凝土造,0881224,145.44,4,2,4,有,無,6360000,43729,,0.0,0,親友、員工、共有人或其他特殊關係間之交易；,RPQOMLQJNHLGFCE38DA,128.27,1.81,15.36,無,,高雄市
中正區,房地(土地+建物),臺北市中正區廈門街９９巷３３之２號,30.67,都市：其他:第三種住宅區。,,,1150326,土地1建物1車位0,一層，平台,四層,公寓(5樓含以下無電梯),住家用,鋼筋混凝土造,0640806,80.03,2,2,2,有,無,20800000,259903,,0.0,0,其他增建；,RPUNMLPJNHLGFAA97DA,80.03,0.0,0.0,無,064,台北市
八德區,房地(土地+建物)+車位,桃園市八德區豐田一路９７號六樓,18.04,住,,,1141127,土地1建物1車位1,六層,二十三層,住宅大樓(11層含以上有電梯),住家用,鋼筋混凝土造,1140124,138.68,2,2,1,有,有,14550000,122561,坡道平面,34.65,1800000,,RPSNMLMJJHLGFFH28DA,60.2,3.45,2.93,有,,桃園市
中壢區,土地,三民段423地號,137.0,農,,,1150322,土地2建物0車位0,,,其他,,,,0.0,0,0,0,無,無,11100000,81022,,0.0,0,未登記建物；,RPXPMLKKMHLGFBH78DA,0.0,0.0,0.0,無,0145,桃園市
旗津區,土地,旗港段822地號,82.0,其他,,,1150428,土地3建物0車位0,,,其他,,,,0.0,0,0,0,無,無,10000000,121951,,0.0,0,,RPOOMLQJNHLGFAE97DA,0.0,0.0,0.0,無,,高雄市
太平區,房地(土地+建物)+車位,臺中市太平區祥順路一段３０８號二樓之１,30.98,住,,,1150102,土地1建物1車位2,二層,十五層,住宅大樓(11層含以上有電梯),住家用,鋼筋混凝土造,1070731,250.81,3,2,2,有,有,18580000,74080,坡道平面,62.64,0,,RPPOMLQKMHLGFJB68DA,110.17,0.0,14.23,有,0179,台中市
中和區,房地(土地+建物)+車位,新北市中和區立業路３２號十七樓,19.52,住,,,1141124,土地1建物1車位1,十七層,十七層,住宅大樓(11層含以上有電梯),住家用,鋼筋混凝土構造,1101213,110.12,2,2,2,有,有,24500000,235607,坡道機械,12.5,1500000,,RPSNMLPJNHLGFHF98DA,56.93,2.15,5.05,有,,新北市
旗山區,房地(土地+建物),高雄市旗山區旗南一路２１８之１５巷１號,42.42,住,,,1150501,土地1建物1車位0,全,二層,透天厝,住商用,加強磚造,0710713,51.88,4,3,2,有,無,2000000,38551,,0.0,0,親友、員工、共有人或其他特殊關係間之交易；,RPSNMLLKNHLGFHE58DA,51.88,0.0,0.0,無,,高雄市
新興區,房地(土地+建物)+車位,高雄市新興區中山一路１６號十四樓之１９,6.3,都市：其他:第五種商業區,,,1100803,土地2建物1車位1,十四層,三十四層,住宅大樓(11層含以上有電梯),見其他登記事項,見其他登記事項,1150121,145.47,3,1,2,有,有,13850000,106000,坡道平面,26.13,1200000,另有讓渡預售屋、或土地及建物分件登記案件；,RPSNMLTKLHLGFBE58DA,64.31,0.0,13.4,有,,高雄市
淡水區,房地(土地+建物)+車位,新北市淡水區竿蓁二街１９巷１２之１號七樓,10.58,住,,,1150406,土地2建物1車位1,七層,十一層,住宅大樓(11層含以上有電梯),住家用,鋼筋混凝土構造、鋼骨鋼筋混凝土構造,1140711,104.28,2,1,1,有,有,10200000,97814,坡道平面,37.28,0,,RPVNMLSJNHLGFEF66DA,39.7,0.0,5.11,有,,新北市
新社區,土地,新安段732地號,55.53,住,,,1150428,土地1建物0車位0,,,其他,,,,0.0,0,0,0,無,無,1060000,19089,,0.0,0,,RPQNMLLKNHLGFGB08EA,0.0,0.0,0.0,無,0024,台中市
南屯區,房地(土地+建物)+車位,臺中市南屯區大昌街１００號六樓之２,16.24,住,,,1150325,土地1建物1車位1,六層,十二層,住宅大樓(11層含以上有電梯),住家用,鋼筋混凝土造,1081114,93.95,2,2,1,有,有,14500000,154337,坡道機械,16.78,0,,RPOPMLLJMHLGFCB37DA,45.17,2.33,3.06,有,0126,台中市
龍潭區,房地(土地+建物),桃園市龍潭區健行路４１７號,92.6,,鄉村區,乙種建築用地,1141220,土地1建物1車位0,全,二層,透天厝,住家用,加強磚造,0700520,110.58,3,2,3,有,無,8200000,74154,,0.0,0,陽台外推；頂樓加蓋；其他增建；,RPQNMLMLKIKGFCH08DA,110.58,0.0,0.0,無,,桃園市
中壢區,房地(土地+建物),桃園市中壢區永裕路１０８號十三樓,15.9,住,,,1130803,土地1建物1車位0,十三層,十三層,住宅大樓(11層含以上有電梯),住家用,鋼筋混凝土造,1150318,59.44,1,1,1,有,有,11270000,189603,,0.0,0,預售屋、或土地及建物分件登記案件；,RPQSMLOKMHLGFBH78DA,35.08,0.0,3.93,有,,桃園市
苓雅區,房地(土地+建物)+車位,高雄市苓雅區英義街１２１巷１號九樓之２,36.37,住,,,1150219,土地1建物1車位1,九層,十一層,住宅大樓(11層含以上有電梯),見其他登記事項,鋼筋混凝土造,0780512,212.75,5,2,2,有,有,8800000,41363,坡道平面,0.0,0,,RPWNMLLKLHLGFBE18DA,174.56,1.4,12.55,有,,高雄市
苓雅區,房地(土地+建物)+車位,高雄市苓雅區中正三路２８號十樓,22.25,其他,,,1150309,土地2建物1車位1,十層,十二層,住宅大樓(11層含以上有電梯),見其他登記事項,鋼筋混凝土造,0730825,236.01000000000002,2,2,2,有,有,13300000,56354,升降平面,0.0,0,陽台外推；,RPPNMLNKNHLGFBE87DA,173.12,0.0,9.99,有,,高雄市
龜山區,房地(土地+建物),桃園市龜山區文化三路３９９號十一樓之１０,5.67,商,,,1150311,土地3建物1車位0,十一層,十一層,住宅大樓(11層含以上有電梯),辦公用,鋼筋混凝土造,1080130,47.49,1,1,1,有,有,8300000,174774,,0.0,0,夾層；,RPPOMLTLMHLGFHH86DA,19.23,0.0,10.25,有,0153,桃園市
龜山區,房地(土地+建物)+車位,桃園市龜山區樂學路２０６號二十八樓,10.88,工,,,1100316,土地2建物1車位1,二十八層,二十九層,住宅大樓(11層含以上有電梯),住家用,鋼筋混凝土造,1150204,110.15,3,2,1,有,有,8080000,87757,坡道平面,35.74,1550000,預售屋、或土地及建物分件登記案件；,RPPNMLSJNHLGFHH56DA,45.71,0.0,3.77,有,,桃園市
北投區,土地,溫泉段四小段432地號,141.86,都市：其他:道路用地(公共設施用地)。,,,1150417,土地7建物0車位0,,,其他,,,,0.0,0,0,0,無,無,6736723,47489,,0.0,0,115年度臺北市政府以容積代金基金採購私有公共設施保留地包含公共設施保留地用地；協議價購；,RPSNMLMJMHLGFEA77DA,0.0,0.0,0.0,無,,台北市
三重區,房地(土地+建物),新北市三重區文化北路４３巷１５號,58.5,住,,,1150328,土地1建物1車位0,全,三層,透天厝,住家用,加強磚造,0570401,144.09,3,3,3,有,無,16250000,112777,,0.0,0,未登記建物；,RPWNMLOKNHLGFGF66DA,144.09,0.0,0.0,無,,新北市
龜山區,土地,南上段1-1地號,501.66,,,,1141120,土地1建物0車位0,,,其他,,,,0.0,0,0,0,無,無,8678765,17300,,0.0,0,協議價購；,RPQRMLMJMHLGFHH98DA,0.0,0.0,0.0,無,0313,桃園市
中壢區,房地(土地+建物)+車位,桃園市中壢區永能路２５３號八樓,26.01,住,,,1150321,土地1建物1車位1,八層,十二層,住宅大樓(11層含以上有電梯),住家用,鋼筋混凝土造,1141008,152.62,3,2,2,有,有,23250000,177149,坡道平面,32.1,1900000,,RPTNNLPJNHLGFBH78DA,70.92,0.0,9.2,有,,桃園市
太平區,房地(土地+建物),臺中市太平區中山路一段３７６巷２８號,80.08,,鄉村區,乙種建築用地,1150228,土地1建物1車位0,全,四層,透天厝,住家用,鋼筋混凝土造,0811201,186.64,5,3,3,有,無,13900000,74475,,0.0,0,頂樓加蓋；其他增建；,RPVNMLPJNHLGFJB09DA,165.26,2.05,19.33,無,0177,台中市
潭子區,房地(土地+建物),臺中市潭子區弘仁街１９２巷２７號,110.79,住,,,1150325,土地1建物1車位0,全,四層,透天厝,住家用,鋼筋混凝土造,1131203,291.18,5,3,7,有,無,39880000,136960,,0.0,0,本案總價款3988萬元整其土地價款為1795萬元整建物價款為2193萬元整,RPRNMLKLMHLGFHB08DA,270.26,0.0,20.92,有,,台中市
橋頭區,房地(土地+建物)+車位,高雄市橋頭區成功南路４７３號六樓之５,15.71,住,,,1121031,土地1建物1車位1,六層,十五層,住宅大樓(11層含以上有電梯),見其他登記事項,鋼筋混凝土造,1150302,111.91,2,1,2,有,有,10490000,92499,坡道平面,14.72,1500000,預售屋、或土地及建物分件登記案件；,RPVOMLOLMHLGFFE09DA,47.53,0.0,14.33,有,,高雄市
楊梅區,房地(土地+建物),桃園市楊梅區金龍三路５號四樓,16.23,住,,,1150226,土地1建物1車位0,四層,十五層,住宅大樓(11層含以上有電梯),住家用,鋼筋混凝土造,1081231,98.37,2,2,1,有,有,8500000,86408,,0.0,0,,RPPRMLKMLHLGFDH48DA,61.53,2.64,3.89,有,0260,桃園市
蘆竹區,房地(土地+建物)+車位,桃園市蘆竹區山鼻二路１７９號,15.61,住,,,1141214,土地1建物1車位1,一層,十一層,住宅大樓(11層含以上有電梯),商業用,鋼筋混凝土造,1150319,105.89,0,0,0,無,有,13100000,151963,坡道平面,31.53,1800000,預售屋、或土地及建物分件登記案件；,RPPPMLPJNHLGFEH78DA,42.02,0.0,7.7,有,,桃園市
鳳山區,土地,文山段706地號,362.33,其他,,,1150402,土地1建物0車位0,,,其他,,,,0.0,0,0,0,無,無,19902000,54928,,0.0,0,地清或未辦繼承標售；,RPPNMLOKNHLGFGE58EA,0.0,0.0,0.0,無,,高雄市
信義區,房地(土地+建物),臺北市信義區虎林街７４巷６號六樓,18.32,都市：其他:第三種住宅區。,,,1150429,土地1建物1車位0,六層,七層,華廈(10層含以下有電梯),住家用,鋼筋混凝土造,0710622,71.6,2,2,1,有,有,15000000,209497,,0.0,0,,RPUNMLMKNHLGFDA08DA,43.48,0.0,5.96,有,,台北市
汐止區,房地(土地+建物),新北市汐止區長江街６７巷２弄８號４樓,31.35,住,,,1150208,土地6建物1車位0,四層,四層,公寓(5樓含以下無電梯),住家用,鋼筋混凝土造,0681008,87.45,3,2,1,有,無,6500000,74328,,0.0,0,頂樓增建陽台外推；其他增建；,RPSNMLNKNHLGFDF48DA,75.27,0.0,12.18,無,,新北市
平鎮區,房地(土地+建物),桃園市平鎮區文化街２４巷３號六樓之２,19.08,住,,,1150310,土地1建物1車位0,六層,十五層,住宅大樓(11層含以上有電梯),住家用,鋼筋混凝土造,0821210,122.39,3,1,2,有,有,8500000,69450,,0.0,0,,RPXNMLLKNHLGFGH66DA,81.14,4.05,11.29,有,0233,桃園市
板橋區,房地(土地+建物),新北市板橋區光正街１８巷８號四樓,28.5,住,,,1150410,土地1建物1車位0,四層，陽台,四層,公寓(5樓含以下無電梯),住家用,加強磚造,0610701,81.79,3,2,1,有,無,15400000,188287,,0.0,0,陽台外推；其他增建；,RPWOMLLKNHLGFAF58EA,81.79,0.0,0.0,無,0066,新北市
土城區,房地(土地+建物)+車位,新北市土城區慶安街１６之５號八樓,9.68,商,,,1150328,土地1建物1車位1,八層,十三層,住宅大樓(11層含以上有電梯),住家用,鋼筋混凝土造,1080614,97.02000000000001,2,2,1,有,有,17000000,175222,升降平面,19.01,0,,RPPNMLSKNHLGFAF38DA,43.25,4.21,4.14,有,,新北市
桃園區,房地(土地+建物),桃園市桃園區延平路１２巷９之３號,30.52,住,,,1150411,土地1建物1車位0,四層,五層,公寓(5樓含以下無電梯),住家用,鋼筋混凝土造,0750715,126.66,3,2,2,有,無,9400000,74214,,0.0,0,其他增建；,RPTOMLQJNHLGFAH78DA,117.51,0.0,2.68,無,,桃園市
橫山鄉,土地,橫榮段204地號,102.35,住,,,1150321,土地1建物0車位0,,,其他,,,,0.0,0,0,0,無,無,3200000,31265,,0.0,0,,RPQPMLQJNHLGFCJ98DA,0.0,0.0,0.0,無,041,新竹縣
八德區,房地(土地+建物)+車位,桃園市八德區永豐路５１８巷２號,22.6,住,,,1121229,土地1建物1車位1,一層,十五層,住宅大樓(11層含以上有電梯),商業用,鋼筋混凝土造,1141208,151.25,0,0,0,無,有,18140000,133101,坡道平面,28.11,1750000,預售屋、或土地及建物分件登記案件；,RPRNMLPJNHLGFFH88DA,95.03,0.0,0.0,有,,桃園市
北屯區,房地(土地+建物)+車位,臺中市北屯區崇德二路二段２６６號二十一樓之２,18.26,商,,,1120524,土地1建物1車位2,二十一層,二十二層,住宅大樓(11層含以上有電梯),住家用,鋼筋混凝土造,1150121,186.94,3,2,2,有,有,26900000,176626,坡道平面,58.42,4200000,預售屋、或土地及建物分件登記案件；,RPUPMLQJNHLGFBB48DA,76.53,0.0,8.48,有,,台中市
淡水區,房地(土地+建物),新北市淡水區民權路７３號二十二樓之２,9.62,住,,,1141229,土地1建物1車位0,二十二層,二十二層,住宅大樓(11層含以上有電梯),住家用,鋼筋混凝土造,0850203,122.97,4,0,1,有,有,12030000,97829,,0.0,0,陽台外推；,RPSOMLRKMHLGFEF98DA,84.82,0.0,14.01,有,,新北市
中和區,房地(土地+建物),新北市中和區中山路二段３０１號十二樓之十九,5.69,工,,,1141109,土地1建物1車位0,十二層,十二層,住宅大樓(11層含以上有電梯),商辦用,鋼筋混凝土造,0970114,46.86,0,1,1,有,有,9060000,193342,,0.0,0,陽台外推；,RPRNMLKMMHLGFHF58DA,29.1,0.0,5.1,有,0377,新北市
蘆竹區,房地(土地+建物),桃園市蘆竹區富國路三段１３５４號,146.3,工,,,1150314,土地1建物1車位0,全,二層,透天厝,工業用,加強磚造,0661001,147.28,5,2,2,有,無,10000000,67898,,0.0,0,親友、員工、共有人或其他特殊關係間之交易；頂樓加蓋；,RPQQMLRJNHLGFEH56DA,147.28,0.0,0.0,無,,桃園市
小港區,房地(土地+建物),高雄市小港區廠邊二路１９號,127.0,其他,,,1150414,土地1建物1車位0,全,二層,透天厝,見其它登記事項,加強磚造,0730110,155.94,5,2,2,有,無,5109400,32765,,0.0,0,親友、員工、共有人或其他特殊關係間之交易；,RPRNMLRJNHLGFCE48DA,155.94,0.0,0.0,無,,高雄市
士林區,車位,臺北市士林區德行東路１８３、１８５號房屋地下層,1.65,都市：其他:第三種住宅區。,,,1150424,土地1建物1車位1,地下一層,九層,其他,停車空間,鋼筋混凝土造,0941221,35.28,0,0,0,無,有,3300000,,坡道平面,0.0,3300000,僅車位交易；,RPPNMLMKNHLGFEA77EA,0.0,0.0,0.0,有,050,台北市
中和區,房地(土地+建物),新北市中和區圓通路３０５巷５弄７７號三樓,14.2,住,,,1150323,土地1建物1車位0,三層,十四層,住宅大樓(11層含以上有電梯),住家用,鋼筋混凝土構造,1140102,94.91,2,2,1,有,有,16080000,169424,,0.0,0,,RPWNMLSJMHLGFHF96DA,50.7,4.58,8.32,有,,新北市
太平區,房地(土地+建物)+車位,臺中市太平區育才路１６７號十一樓之２,18.08,住,,,1140827,土地1建物1車位1,十一層,十五層,住宅大樓(11層含以上有電梯),住家用,鋼筋混凝土造,1150113,118.97,2,2,1,有,有,13170000,125303,坡道平面,28.23,1800000,預售屋、或土地及建物分件登記案件；,RPPNMLTJNHLGFJB88DA,52.53,0.0,7.23,有,,台中市
龜山區,土地,南上段1-1地號,9.3,,,,1141214,土地1建物0車位0,,,其他,,,,0.0,0,0,0,無,無,160804,17291,,0.0,0,協議價購；,RPQRMLOKMHLGFHH66DA,0.0,0.0,0.0,無,0313,桃園市
泰山區,房地(土地+建物)+車位,新北市泰山區仁德路３０號十二樓,27.0,住,,,1111125,土地1建物1車位1,十二層,十三層,住宅大樓(11層含以上有電梯),住家用,鋼筋混凝土造,1150126,186.91000000000003,3,2,2,有,有,28690000,163314,坡道平面,22.87,1900000,預售屋、或土地及建物分件登記案件；,RPWNMLRJMHLGFBF88DA,93.48,0.0,14.45,有,,新北市
中壢區,房地(土地+建物)+車位,桃園市中壢區青商路４１９號二樓,12.6,商,,,1120415,土地1建物1車位1,二層,十五層,住宅大樓(11層含以上有電梯),辦公用,鋼筋混凝土造,1140730,121.1,0,1,2,有,有,12400000,120940,坡道平面,34.28,1900000,預售屋、或土地及建物分件登記案件；,RPTNMLQJNHLGFBH78DA,53.03,0.0,3.71,有,,桃園市
仁武區,房地(土地+建物),高雄市仁武區大昌街６６之１號三樓,14.87,住,,,1150428,土地1建物1車位0,三層,五層,華廈(10層含以下有電梯),住家用,鋼筋混凝土造,0831027,40.349999999999994,1,1,1,有,有,2500000,61958,,0.0,0,含傢俱設備費；,RPROMLSLMHLGFIE76DA,30.38,0.0,3.03,有,,高雄市
新店區,房地(土地+建物)+車位,新北市新店區文記街７２號二十三樓,16.08,住,,,1150316,土地1建物1車位1,二十三層,二十四層,住宅大樓(11層含以上有電梯),住家用,鋼筋混凝土構造,1140807,111.50999999999999,2,2,1,有,有,25700000,285039,坡道平面,31.17,2800000,,RPVNMLPKMHLGFCF78DA,48.64,0.0,3.59,有,0159,新北市
鳳山區,房地(土地+建物),高雄市鳳山區環河東街６５號,128.93,住,,,1150212,土地1建物1車位0,全,五層,透天厝,住家用,見其他登記事項,1141219,407.13,4,1,6,有,無,39500000,97021,,0.0,0,,RPSNMLRLMHLGFGE09DA,386.26,0.0,20.87,有,,高雄市
鳳山區,房地(土地+建物)+車位,高雄市鳳山區鳳甲路２９７號,15.32,其他,,,1130229,土地1建物1車位1,一層,十四層,住宅大樓(11層含以上有電梯),見其他登記事項,見其他登記事項,1150205,129.51,0,0,0,無,有,17380000,139362,坡道平面,22.02,2400000,預售屋、或土地及建物分件登記案件；,RPOPMLTJMHLGFGE88DA,59.39,0.0,8.13,有,,高雄市
前鎮區,房地(土地+建物)+車位,高雄市前鎮區隆昌街５７號六樓,13.34,住,,,1150228,土地1建物1車位1,六層,十二層,住宅大樓(11層含以上有電梯),見其它登記事項,見其它登記事項,1130805,100.42,2,1,1,有,有,11890000,120265,坡道機械,12.78,1350000,,RPRNMLQLMHLGFCE48DA,47.87,4.37,3.89,有,,高雄市
桃園區,房地(土地+建物)+車位,桃園市桃園區永安路４２３巷７號九樓,22.68,住,,,1130503,土地1建物1車位1,九層,十五層,住宅大樓(11層含以上有電梯),住家用,鋼筋混凝土造,1141117,164.83999999999997,3,2,2,有,有,19350000,131619,坡道平面,32.64,1950000,預售屋、或土地及建物分件登記案件；,RPSOMLLKNHLGFAH28DA,80.73,0.0,7.26,有,,桃園市
三民區,房地(土地+建物),高雄市三民區九如二路１７９之２號十一樓,10.16,商,,,1150505,土地1建物1車位0,十一層,十二層,住宅大樓(11層含以上有電梯),,鋼筋混凝土造,0730629,87.71,3,2,2,有,有,4950000,56436,,0.0,0,,RPRNMLLKNHLGFDE08DA,71.63,0.0,16.08,有,,高雄市
北屯區,房地(土地+建物)+車位,臺中市北屯區后庄路４７號八樓,33.97,住,,,1150324,土地1建物1車位1,八層,十三層,住宅大樓(11層含以上有電梯),住家用,鋼筋混凝土造,1050502,185.35,3,2,2,有,有,25050000,135150,坡道平面,28.01,0,,RPSPMLRJMHLGFBB28DA,94.17,4.26,8.53,有,,台中市
新豐鄉,土地,振興段977地號,329.63,都市：其他:道路用地,,,1150502,土地3建物0車位0,,,其他,,,,0.0,0,0,0,無,無,9678714,29362,,0.0,0,包含公共設施保留地用地；,RPQNMLSJNHLGFDJ09DA,0.0,0.0,0.0,無,,新竹縣
中和區,房地(土地+建物),新北市中和區民利街１００巷６弄７號,39.0,住,,,1150206,土地1建物1車位0,一層,五層,公寓(5樓含以下無電梯),住家用,鋼筋混凝土造,0740118,116.9,5,2,1,有,無,14500000,124038,,0.0,0,其他增建；急買急賣；,RPXNMLRJNHLGFHF07DA,109.43,7.47,0.0,無,,新北市
蘆竹區,房地(土地+建物)+車位,桃園市蘆竹區大新一街３３９號十樓,12.11,商,,,1140317,土地1建物1車位1,十層,十五層,住宅大樓(11層含以上有電梯),住家用,鋼筋混凝土造,1150327,128.92,2,2,1,有,有,13050000,113380,坡道平面,27.05,1500000,預售屋、或土地及建物分件登記案件；,RPUQMLNLMHLGFEH66DA,60.92,0.0,6.79,有,,桃園市
西屯區,房地(土地+建物)+車位,臺中市西屯區福科路７７７號二樓之１,20.92,住,,,1100803,土地1建物1車位2,二層,七層,華廈(10層含以下有電梯),住家用,鋼筋混凝土造,1140926,127.00999999999999,2,2,2,有,有,11780000,109292,坡道機械,34.78,1700000,換約日期：111.06.30換約價格：1178萬元預售屋、或土地及建物分件登記案件；,RPWNMLLLMHLGFCB18DA,56.88,0.0,5.0,有,,台中市
小港區,土地,坪北段613-5地號,379.85,,,,1150203,土地2建物0車位0,,,其他,,,,0.0,0,0,0,無,無,5735735,15100,,0.0,0,協議價購；,RPRVMLLLMHLGFCE78DA,0.0,0.0,0.0,無,0246,高雄市
北屯區,房地(土地+建物)+車位,臺中市北屯區敦富一街３６６號三樓之７,22.86,住,,,1120324,土地1建物1車位2,三層,十七層,住宅大樓(11層含以上有電梯),住家用,鋼筋混凝土造,1150318,191.18,3,2,2,有,有,23330000,148210,坡道平面,65.48,4700000,預售屋、或土地及建物分件登記案件；,RPOPMLMLMHLGFBB57DA,74.17,0.0,8.99,有,,台中市
淡水區,房地(土地+建物)+車位,新北市淡水區沙崙路二段７８５號十九樓,16.64,商,,,1140913,土地1建物1車位1,十九層,二十三層,住宅大樓(11層含以上有電梯),住家用,鋼筋混凝土造,1120727,170.61,3,2,2,有,有,15580000,105827,坡道平面,35.2,1250000,預售屋、或土地及建物分件登記案件；,RPPNMLMLRHKGFEF58DA,85.34,0.0,3.67,有,,新北市
中壢區,房地(土地+建物),桃園市中壢區中央西路一段７８號四樓,32.69,商,,,1150310,土地2建物1車位0,四層,十二層,住宅大樓(11層含以上有電梯),辦公用,鋼筋混凝土造,0800704,440.35,0,0,0,無,有,24000000,54502,,0.0,0,陽台外推；,RPVNMLRJNHLGFBH09DA,373.67,24.92,6.08,有,0208,桃園市
新屋區,房地(土地+建物),桃園市新屋區民族路六段５１５巷３２號九樓之１,17.54,住,,,1140912,土地1建物1車位0,九層,十四層,住宅大樓(11層含以上有電梯),住家用,鋼筋混凝土造,1141208,85.97,2,2,1,有,有,8850000,102943,,0.0,0,預售屋、或土地及建物分件登記案件；,RPVNMLOLLHLGFDH98DA,54.25,0.0,3.74,有,,桃園市
北屯區,房地(土地+建物)+車位,臺中市北屯區敦富一街３６６號四樓之７,22.86,住,,,1120512,土地1建物1車位1,四層,十七層,住宅大樓(11層含以上有電梯),住家用,鋼筋混凝土造,1150318,157.85,3,2,2,有,有,20410000,146858,坡道平面,32.15,1950000,預售屋、或土地及建物分件登記案件；,RPUPMLOKNHLGFBB38DA,74.17,0.0,8.99,有,,台中市
士林區,房地(土地+建物)+車位,臺北市士林區中山北路五段６１８號十一樓,23.43,都市：其他:第壹種商業區(依都市計畫說明書圖規定辦理，始得作第壹種商業區使用)(原屬第參之貳種住宅區)。,,,1150204,土地2建物1車位1,十一層,十四層,住宅大樓(11層含以上有電梯),住家用,鋼筋混凝土造,1140627,211.8,3,2,2,有,有,55000000,295279,坡道平面,33.46,2340000,親友、員工、共有人或其他特殊關係間之交易；,RPPNMLNKNHLGFEA77DA,106.87,0.0,12.66,有,,台北市
南屯區,土地,埔興段1396-1地號,171.0,農,,,1150314,土地1建物0車位0,,,其他,,,,0.0,0,0,0,無,無,8792400,51418,,0.0,0,,RPTPMLKMMHLGFCB08DA,0.0,0.0,0.0,無,,台中市
寶山鄉,房地(土地+建物)+車位,新竹縣寶山鄉明湖路８９號四樓,32.78,住,,,1111114,土地1建物1車位1,四層,七層,華廈(10層含以下有電梯),住家用,鋼筋混凝土造,1141126,143.84,3,2,2,有,有,13890000,113545,坡道平面,33.84,1400000,於114.05.26預售屋權利轉讓讓渡權利範圍土地:1358/200000建物為1/2買賣成交價格維持不變預售屋、或土地及建物分件登記案件；,RPTPMLLKLHLGFCJ68DA,70.77,0.0,4.07,有,,新竹縣
楊梅區,土地,楊富段997地號,304.0,,特定農業區,甲種建築用地,1150323,土地1建物0車位0,,,其他,,,,0.0,0,0,0,無,無,7816000,25711,,0.0,0,,RPOOMLPKMHLGFDH48DA,0.0,0.0,0.0,無,,桃園市
三重區,房地(土地+建物)+車位,新北市三重區三和路一段８９號五樓,11.53,商,,,1150322,土地2建物1車位1,五層,二十三層,住宅大樓(11層含以上有電梯),住家用,鋼筋混凝土造,1040521,170.84,4,2,2,有,有,30200000,183347,坡道平面,19.76,2500000,,RPOOMLRKMHLGFGF78DA,89.64,7.03,5.31,有,0251,新北市
竹北市,房地(土地+建物),新竹縣竹北市聯興三街３６巷５０之７號,94.62,,特定農業區,甲種建築用地,1130508,土地7建物1車位0,全,五層,透天厝,住家用,鋼筋混凝土造,1141231,221.97,4,2,4,有,無,21100000,95058,,0.0,0,預售屋、或土地及建物分件登記案件；,RPRPMLLJMHLGFBJ38DA,214.86,0.0,7.11,無,,新竹縣
龍潭區,土地,龍源段694地號,601.8,,山坡地保育區,農牧用地,1150425,土地1建物0車位0,,,其他,,,,0.0,0,0,0,無,無,1652306,2746,,0.0,0,,RPPNMLLKNHLGFCH08DA,0.0,0.0,0.0,無,,桃園市
鶯歌區,房地(土地+建物)+車位,新北市鶯歌區尖山路２７８巷５號,24.92,住,,,1150412,土地1建物1車位1,一層,十五層,住宅大樓(11層含以上有電梯),住家用,鋼筋混凝土造,1120707,142.67000000000002,3,2,2,有,有,14600000,113188,坡道平面,28.7,1700000,,RPOOMLPKNHLGFIF88DA,77.47,0.0,0.0,有,0145,新北市
龜山區,土地,南上段1-1地號,209.03,,,,1141214,土地1建物0車位0,,,其他,,,,0.0,0,0,0,無,無,3616152,17300,,0.0,0,協議價購；,RPXSMLOKMHLGFHH47DA,0.0,0.0,0.0,無,,桃園市
新興區,房地(土地+建物)+車位,高雄市新興區中山一路１６號十五樓之２０,5.25,都市：其他:第五種商業區,,,1100802,土地2建物1車位1,十五層,三十四層,住宅大樓(11層含以上有電梯),見其他登記事項,見其他登記事項,1150121,125.44,2,1,1,有,有,11110000,98782,坡道平面,26.13,1300000,預售屋、或土地及建物分件登記案件；,RPUOMLNLLHLGFBE38DA,43.9,0.0,20.77,有,,高雄市
楊梅區,房地(土地+建物),桃園市楊梅區雅典一路９０巷１０號,171.46,,鄉村區,乙種建築用地,1150409,土地2建物1車位0,全,三層,透天厝,住家用,鋼筋混凝土造,1131227,187.74,4,3,4,有,有,15700000,83626,,0.0,0,,RPXNMLSJNHLGFDH96DA,162.54,0.0,25.2,無,0109,桃園市
龜山區,土地,陳厝段766-3地號,1115.42,都市：其他:保護區,,,1150401,土地2建物0車位0,,,其他,,,,0.0,0,0,0,無,無,11000000,9862,,0.0,0,龜山區陳厝段766地號，買賣總價金為新台幣40萬元整。龜山區陳厝段766-3地號，買賣總價金為新台幣1060萬元整。,RPWNMLQJNHLGFHH07DA,0.0,0.0,0.0,無,0060,桃園市
楠梓區,房地(土地+建物)+車位,高雄市楠梓區加昌路２６８號十樓,2.88,商,,,1150429,土地1建物1車位1,十層,二十九層,住宅大樓(11層含以上有電梯),見其它登記事項,見其它登記事項,1131108,62.11,3,2,2,有,有,5380000,86621,坡道平面,5.27,0,親友、員工、共有人或其他特殊關係間之交易；,RPQNMLLKNHLGFEE08DA,30.32,0.97,5.85,有,0064,高雄市
松山區,房地(土地+建物),臺北市松山區八德路四段９１巷９號三樓,23.55,都市：其他:第三種住宅區。,,,1150323,土地1建物1車位0,三層,七層,華廈(10層含以下有電梯),住家用,鋼筋混凝土造,0751213,124.06,3,2,2,有,有,32300000,260358,,0.0,0,,RPPNMLMKNHLGFDA67EA,94.79,0.0,11.51,有,,台北市
大園區,土地,大牛稠段大牛稠小段651地號,2752.0,,特定農業區,農牧用地,1150312,土地1建物0車位0,,,其他,,,,0.0,0,0,0,無,無,104060000,37813,,0.0,0,,RPSOMLNKLHLGFEH68DA,0.0,0.0,0.0,無,0244,桃園市
新興區,房地(土地+建物)+車位,高雄市新興區中山一路１６號二十一樓之１,7.18,都市：其他:第五種商業區,,,1101122,土地2建物1車位1,二十一層,三十四層,住宅大樓(11層含以上有電梯),見其他登記事項,見其他登記事項,1150121,166.28,3,1,2,有,有,18800000,124153,坡道平面,26.13,1400000,另有讓渡預售屋、或土地及建物分件登記案件；,RPUNMLRKMHLGFBE68DA,63.07,0.0,28.16,有,,高雄市
西屯區,房地(土地+建物)+車位,臺中市西屯區青海路二段４６３號三樓之２,23.78,住,,,1110923,土地1建物1車位1,三層,十五層,住宅大樓(11層含以上有電梯),住家用,鋼筋混凝土造,1141216,170.12,2,2,2,有,有,25000000,164408,坡道平面,29.92,1950000,有轉讓合約，轉讓日期:113年3月20日，轉讓金額2511.7萬元。預售屋、或土地及建物分件登記案件；,RPWOMLSLMHLGFCB98DA,84.87,0.0,8.32,有,,台中市
新興區,房地(土地+建物)+車位,高雄市新興區中山一路１６號三樓之１６,4.37,都市：其他:第五種商業區,,,1100510,土地2建物1車位1,三層,三十四層,住宅大樓(11層含以上有電梯),見其他登記事項,見其他登記事項,1150121,93.06,2,1,1,有,有,8830000,97796,坡道機械,10.03,710000,預售屋、或土地及建物分件登記案件；,RPSQMLKKMHLGFBE08DA,46.28,0.0,7.89,有,,高雄市
蘆竹區,房地(土地+建物)+車位,桃園市蘆竹區吉林路１４６號七樓,12.11,商,,,1150209,土地1建物1車位1,七層,十三層,住宅大樓(11層含以上有電梯),住家用,鋼筋混凝土造,0920619,140.64,3,2,2,有,有,13900000,98834,坡道平面,0.0,0,有附1個機車位,RPRPMLRLLHLGFEH56DA,77.25,1.53,15.0,有,0272,桃園市
新店區,房地(土地+建物)+車位,新北市新店區溪園路３３７號七樓,12.36,住,,,1150308,土地1建物1車位1,七層,十四層,住宅大樓(11層含以上有電梯),住家用,鋼筋混凝土造,0921201,133.3,2,2,2,有,有,23000000,172543,坡道平面,29.87,0,陽台外推；,RPXNMLTLMHLGFCF86DA,63.36,0.0,20.16,有,,新北市
西屯區,房地(土地+建物)+車位,臺中市西屯區臺灣大道三段７６１號十六樓之９,5.92,商,,,1090703,土地1建物1車位1,十六層,三十六層,住宅大樓(11層含以上有電梯),住家用,鋼骨造,1141028,114.65,2,2,1,有,有,10180000,105601,坡道平面,30.56,1300000,1.讓渡日期:113/8/182.此申報總價為1287萬元預售屋、或土地及建物分件登記案件；,RPPNNLPJNHLGFCB87DA,47.86,3.06,4.15,有,,台中市
楠梓區,房地(土地+建物),高雄市楠梓區清泰路１８１巷２９號五樓之３,17.98,住,,,1150424,土地1建物1車位0,五層,五層,公寓(5樓含以下無電梯),住家用,鋼筋混凝土造,0711109,55.59,2,2,1,有,無,1600000,28782,,0.0,0,,RPPNMLMKNHLGFEE18EA,53.16,0.0,2.43,無,,高雄市
田寮區,土地,南安老段606-1地號,238.0,,山坡地保育區,農牧用地,1150427,土地1建物0車位0,,,其他,,,,0.0,0,0,0,無,無,150000,630,,0.0,0,,RPQNMLPJNHLGFJE88DA,0.0,0.0,0.0,無,,高雄市
三重區,房地(土地+建物)+車位,新北市三重區五谷王北街５８巷３２號三樓之一,26.91,住,,,1150228,土地1建物1車位1,三層,七層,華廈(10層含以下有電梯),住家用,鋼筋混凝土造,1071226,107.94,2,2,1,有,有,19480000,169431,塔式車位,1.82,1500000,其他增建；,RPPNMLSLKHLGFGF78DA,62.32,3.82,8.03,有,,新北市
中山區,土地,榮星段三小段519-1地號,40.0,都市：其他:道路用地(公共設施用地)。71/8/27,,,1150420,土地1建物0車位0,,,其他,,,,0.0,0,0,0,無,無,2979200,74480,,0.0,0,115年度臺北市政府以容積代金基金採購私有公共設施保留地包含公共設施保留地用地；協議價購；,RPVOMLSJMHLGFCA58DA,0.0,0.0,0.0,無,,台北市
板橋區,房地(土地+建物),新北市板橋區大智街７１巷５０號,31.25,住,,,1150209,土地1建物1車位0,一層,四層,公寓(5樓含以下無電梯),住家用,加強磚造,0640729,72.55,2,2,1,有,無,13030000,179600,,0.0,0,平台其他增建；,RPSTMLLJMHLGFAF38DA,72.55,0.0,0.0,無,,新北市
外埔區,房地(土地+建物),臺中市外埔區中山路２５８巷１７號四樓之２,42.3,住,,,1150304,土地1建物1車位0,四層,六層,華廈(10層含以下有電梯),住家用,鋼筋混凝土造,1141215,123.35,3,2,2,有,有,7050000,57154,,0.0,0,,RPTNMLLKNHLGFEB08DA,77.57,0.0,7.37,有,,台中市
八德區,房地(土地+建物)+車位,桃園市八德區永豐路５１８巷２０號十一樓,18.17,住,,,1130106,土地1建物1車位1,十一層,十五層,住宅大樓(11層含以上有電梯),住家用,鋼筋混凝土造,1141208,140.47,3,2,2,有,有,13690000,105465,坡道平面,28.11,1840000,預售屋、或土地及建物分件登記案件；,RPPPMLTKJHLGFFH98DA,70.36,0.0,5.73,有,,桃園市
西屯區,土地,協安段67-2地號,32.16,農,,,1150506,土地1建物0車位0,,,其他,,,,0.0,0,0,0,無,無,2279179,70870,,0.0,0,政府機關標讓售；,RPQOMLOKNHLGFCB97DA,0.0,0.0,0.0,無,,台中市
苓雅區,房地(土地+建物),高雄市苓雅區興中二路１３８號五樓之１０,4.57,商,,,1150412,土地1建物1車位0,五層,十五層,住宅大樓(11層含以上有電梯),見其他登記事項,鋼筋混凝土造,1080201,59.26,1,1,1,有,有,4000000,67499,,0.0,0,,RPQNMLOKMHLGFBE97DA,34.68,0.0,4.36,有,0072,高雄市
新竹市,房地(土地+建物),新竹市新竹市閑谷一街１７５巷１８號,294.78,,山坡地保育區,丙種建築用地,1150315,土地8建物1車位0,全,三層,透天厝,住家用,鋼筋混凝土造,1120510,195.38,4,2,3,有,有,27000000,138192,,0.0,0,空地加蓋採光罩其他增建；,RPVOMLOJNHLGFAO86DA,178.78,0.0,16.61,無,,新竹市
橋頭區,房地(土地+建物)+車位,高雄市橋頭區新南一街１３７號六樓,11.58,住,,,1130321,土地1建物1車位1,六層,十五層,住宅大樓(11層含以上有電梯),見其他登記事項,鋼筋混凝土造,1150106,89.38,1,2,2,有,有,8330000,88462,坡道機械,7.65,1100000,本案為轉讓案件轉讓日期114年6月6日.預售屋、或土地及建物分件登記案件；,RPPPMLMKPHKGFFE48DA,48.22,0.0,4.05,有,,高雄市
新竹市,房地(土地+建物)+車位,新竹市新竹市武陵路２７１巷５７弄５３號２樓,28.8,住,,,1150205,土地1建物1車位1,二層,六層,華廈(10層含以下有電梯),住家用,鋼筋混凝土造,0810812,141.84,3,2,2,有,有,11580000,81641,坡道平面,0.0,0,陽台加窗其他增建；,RPROMLKKLHLGFAO58DA,89.26,0.08,9.77,有,27,新竹市
蘆竹區,房地(土地+建物),桃園市蘆竹區長興路二段２６巷１號六樓之２,21.39,工,,,1150228,土地1建物1車位0,六層,十層,華廈(10層含以下有電梯),工業用,鋼筋混凝土造,0821129,101.35999999999999,2,2,2,有,有,6500000,64128,,0.0,0,,RPTRMLTLMHLGFEH27DA,83.89,0.0,5.18,有,,桃園市
八德區,房地(土地+建物),桃園市八德區廣興三路４２巷３８號,98.14,住,,,1150211,土地1建物1車位0,全,五層,透天厝,住家用,鋼筋混凝土造,1020325,296.47999999999996,3,3,3,有,有,28880000,97410,,0.0,0,,RPQOMLOKMHLGFFH78DA,249.75,0.0,12.21,無,0261,桃園市
鶯歌區,房地(土地+建物),新北市鶯歌區文化路１３６巷５２弄１號四樓,28.61,住,,,1150327,土地1建物1車位0,四層,七層,華廈(10層含以下有電梯),住家用,鋼筋混凝土造,0831024,140.0,3,2,2,有,有,7500000,53571,,0.0,0,親友、員工、共有人或其他特殊關係間之交易；,RPPNMLPKNHLGFIF98EA,121.62,0.0,9.18,有,,新北市
永和區,房地(土地+建物),新北市永和區中山路一段１００號十一樓之３,7.21,商,,,1100810,土地4建物1車位0,十一層,十五層,住宅大樓(11層含以上有電梯),住家用,鋼筋混凝土構造,1141202,73.27,2,2,1,有,有,14400000,196533,,0.0,0,預售屋、或土地及建物分件登記案件；,RPSPMLOJNHLGFHF09DA,43.94,0.0,4.42,有,,新北市
信義區,房地(土地+建物)+車位,臺北市信義區松德路１６９巷２０號十二樓,24.11,都市：其他:第三種住宅區。,,,1150308,土地1建物1車位1,十二層,二十二層,住宅大樓(11層含以上有電梯),住家用,鋼骨造,1140605,212.85,3,2,2,有,有,81880000,436076,坡道平面,33.34,3600000,,RPQNMLOKMHLGFDA77DA,98.24,13.9,9.35,有,,台北市
沙鹿區,房地(土地+建物),臺中市沙鹿區自強路３５５巷５２弄４６號,87.91,住,,,1150412,土地3建物1車位0,全,四層,透天厝,住家用,鋼筋混凝土造,1001229,159.43,4,3,3,有,無,14200000,89067,,0.0,0,,RPOOMLNKNHLGFFB97DA,142.5,2.95,13.98,無,,台中市
龜山區,房地(土地+建物)+車位,桃園市龜山區樂學路１６８號十九樓,14.97,工,,,1090727,土地2建物1車位1,十九層,二十八層,住宅大樓(11層含以上有電梯),住家用,鋼筋混凝土造,1150204,138.19,3,2,2,有,有,9350000,76135,坡道平面,35.74,1550000,預售屋、或土地及建物分件登記案件；,RPPPMLOJNHLGFHH98DA,62.65,0.0,5.48,有,,桃園市
北屯區,房地(土地+建物)+車位,臺中市北屯區崇德九路３６８號二十四樓之３,28.61,住,,,1150507,土地1建物1車位2,二十四層,二十四層,住宅大樓(11層含以上有電梯),住家用,鋼筋混凝土造,1141119,310.33,3,2,2,有,有,45000000,145007,坡道平面,61.38,0,,RPSOMLSJNHLGFBB38DA,144.45,0.0,20.93,有,0006,台中市
蘆竹區,房地(土地+建物)+車位,桃園市蘆竹區忠孝西路１８２巷４１號七樓,12.55,住,,,1150328,土地1建物1車位1,七層,十五層,住宅大樓(11層含以上有電梯),住家用,鋼筋混凝土造,1010426,120.65,2,2,1,有,有,14500000,120182,坡道平面,30.07,0,陽台增建、雨遮變更陽台,RPQQMLOLMHLGFEH98DA,56.02,3.53,3.98,有,0166,桃園市
北投區,車位,臺北市北投區中正街６２號等；光明路６８號三樓等共用部分,1.35,都市：其他:第三種商業區。,,,1150503,土地1建物1車位1,,,其他,,,,41.6,0,0,0,無,有,2600000,,坡道平面,41.6,2600000,僅車位交易；,RPPPMLOJNHLGFEA97DA,0.0,0.0,0.0,有,007,台北市
中山區,土地,長春段三小段3-7地號,1.96,都市：其他:道路用地(公共設施用地)。65/10/15,,,1150424,土地5建物0車位0,,,其他,,,,0.0,0,0,0,無,無,424944,216808,,0.0,0,115年度臺北市政府以容積代金基金採購私有公共設施保留地之交易包含公共設施保留地用地；協議價購；,RPPPMLTLMHLGFCA38DA,0.0,0.0,0.0,無,,台北市
大園區,土地,華興段516-4地號,19.97,,特定農業區,交通用地,1150427,土地2建物0車位0,,,其他,,,,0.0,0,0,0,無,無,297586,14902,,0.0,0,協議價購；,RPWOMLMKNHLGFEH56DA,0.0,0.0,0.0,無,,桃園市
大安區,房地(土地+建物),臺北市大安區安和路一段８０號五樓,22.05,都市：其他:第四之一種住宅區及第四種住宅區。,,,1150309,土地1建物1車位0,五層,十二層,住宅大樓(11層含以上有電梯),住家用,鋼筋混凝土造,0660423,197.38000000000002,4,2,2,有,有,60000000,303982,,0.0,0,親友、員工、共有人或其他特殊關係間之交易；,RPVNMLQJNHLGFFA68DA,157.58,0.0,26.22,有,075,台北市
小港區,房地(土地+建物),高雄市小港區德文街６０巷５號,88.0,住,,,1141127,土地1建物1車位0,全,四層,透天厝,見其它登記事項,見其它登記事項,1140321,236.77,5,2,6,有,無,31500000,133041,,0.0,0,土地價格為1733萬，建物價格為1417萬,RPTOMLMJMHLGFCE18DA,221.6,0.0,15.17,有,,高雄市
北區,房地(土地+建物)+車位,臺中市北區育樂街８２號九樓之１１,9.91,商,,,1150310,土地2建物1車位1,九層,二十二層,住宅大樓(11層含以上有電梯),住家用,鋼筋混凝土造,1101020,101.93,2,1,1,有,有,11680000,149311,坡道平面,33.75,1500000,,RPVOMLOLLHLGFBB28DA,40.83,0.0,4.26,有,0084,台中市
苓雅區,房地(土地+建物)+車位,高雄市苓雅區城西街８號,9.12,商,,,1101220,土地1建物1車位1,一層,二十八層,住宅大樓(11層含以上有電梯),見其他登記事項,見其他登記事項,1140829,168.26,0,0,0,無,有,19690000,135504,坡道平面,34.02,1500000,讓渡日期114/05/23預售屋、或土地及建物分件登記案件；,RPTNMLNKLHLGFBE08DA,82.94,0.0,4.15,有,,高雄市
沙鹿區,房地(土地+建物)+車位,臺中市沙鹿區三民路１０７號十五樓之２,25.6,住,,,1121112,土地1建物1車位1,十五層,十五層,住宅大樓(11層含以上有電梯),住家用,鋼筋混凝土造,1150212,145.94,3,2,2,有,有,15080000,111954,坡道平面,25.98,1650000,預售屋、或土地及建物分件登記案件；,RPVPNLOLLHLGFFB88DA,72.86,0.0,7.31,有,,台中市
太平區,房地(土地+建物)+車位,臺中市太平區育才路１６９號四樓之１,37.22,住,,,1130105,土地1建物1車位2,四層,十五層,住宅大樓(11層含以上有電梯),住家用,鋼筋混凝土造,1150113,235.22,4,2,3,有,有,21800000,105169,坡道平面,56.46,3000000,預售屋、或土地及建物分件登記案件；,RPVWMLKKMHLGFJB86DA,108.93,0.0,11.65,有,,台中市
林口區,房地(土地+建物)+車位,新北市林口區民富街２０６號二十五樓,34.35,商,,,1150207,土地1建物1車位2,二十五層,二十八層,住宅大樓(11層含以上有電梯),住家用,鋼筋混凝土造,1031125,437.14,0,0,0,無,有,67000000,162380,坡道平面,49.16,4000000,,RPPNMLLKNHLGFBF87EA,232.91,5.24,34.77,有,0336,新北市
新竹市,土地,中央段707地號,47.0,都市：其他:道路用地,,,1150417,土地1建物0車位0,,,其他,,,,0.0,0,0,0,無,無,3692790,78570,,0.0,0,包含公共設施保留地用地；,RPXOMLRKMHLGFAO37DA,0.0,0.0,0.0,無,07,新竹市
板橋區,房地(土地+建物)+車位,新北市板橋區文化路二段７３號六樓,12.55,住,,,1100803,土地2建物1車位1,六層,二十三層,住宅大樓(11層含以上有電梯),住家用,鋼骨鋼筋混凝土造,1141120,136.03,2,2,1,有,有,25020000,213431,坡道平面,32.39,2900000,原買方李OO與新買方李OO於114.11.29 簽立權利義務移轉證明更名轉讓總價款不變預售屋、或土地及建物分件登記案件；,RPSNMLKLMHLGFAF87DA,62.71,0.0,4.81,有,,新北市
關西鎮,房地(土地+建物),新竹縣關西鎮東光里十六張８之１號,101.72,農,,,1150402,土地2建物1車位0,全,二層,透天厝,住家用,加強磚造,0850531,110.41,6,2,3,有,無,8500000,76986,,0.0,0,頂樓加蓋；,RPPNMLLLMHLGFBJ18DA,102.82,7.59,0.0,無,,新竹縣
西屯區,房地(土地+建物)+車位,臺中市西屯區福科路７７７號七樓之２,21.71,住,,,1100925,土地1建物1車位1,七層,七層,華廈(10層含以下有電梯),住家用,鋼筋混凝土造,1140926,129.81,2,2,2,有,有,11880000,108226,坡道平面,33.9,1500000,換約日期：113.07.17換約價格：1188萬元二親等轉讓預售屋、或土地及建物分件登記案件；,RPPOMLLLMHLGFCB57DA,58.57,0.0,5.66,有,,台中市
前鎮區,車位,高雄市前鎮區中華五路１２８１號二樓等１０８戶之共有部份,0.0,,,,1150327,土地0建物1車位1,,,住宅大樓(11層含以上有電梯),,,,16.32,0,0,0,無,有,2350000,,坡道平面,16.31,2350000,僅車位交易；,RPWNMLOJNHLGFCE68DA,0.0,0.0,0.0,有,,高雄市
三民區,房地(土地+建物)+車位,高雄市三民區大和街２５號十一樓之７,19.0,住,,,1130621,土地1建物1車位1,十一層,十五層,住宅大樓(11層含以上有電梯),見其它登記事項,見其它登記事項,1150205,148.96,1,2,2,有,有,17190000,126350,坡道平面,29.53,2100000,預售屋、或土地及建物分件登記案件；,RPOOMLPJNHLGFDE18DA,68.45,0.0,8.23,有,,高雄市
新豐鄉,土地,後湖段坡子頭小段276-4地號,37.75,,特定農業區,農牧用地,1150505,土地2建物0車位0,,,其他,,,,0.0,0,0,0,無,無,97070,2571,,0.0,0,,RPQNMLRJNHLGFDJ98DA,0.0,0.0,0.0,無,001,新竹縣
新興區,房地(土地+建物),高雄市新興區中山一路１６號二十一樓之１３,4.44,其他,,,1100104,土地2建物1車位0,二十一層,三十四層,住宅大樓(11層含以上有電梯),見其他登記事項,見其他登記事項,1150121,84.28,2,1,1,有,有,8860000,105126,,0.0,0,預售屋、或土地及建物分件登記案件；,RPQOMLKLMHLGFBE77DA,46.01,0.0,8.8,有,,高雄市
鳳山區,房地(土地+建物),高雄市鳳山區文澄街１２２號三樓,20.25,其他,,,1150415,土地1建物1車位0,三層,五層,公寓(5樓含以下無電梯),住家用,鋼筋混凝土造,0681029,88.9,3,2,2,有,無,3900000,43870,,0.0,0,,RPQNMLMKNHLGFGE48EA,83.5,0.0,0.0,無,0090,高雄市
新莊區,車位,新北市新莊區新泰路３巷３９號,0.71,住,,,1150504,土地1建物1車位1,一層,九層,其他,管理員室,鋼筋混凝土造,0830720,21.43,0,0,0,無,有,1700000,,坡道平面,21.43,1700000,僅車位交易；,RPQUMLPJNHLGFBF88DA,0.0,0.0,0.0,有,0003,新北市
西屯區,房地(土地+建物),臺中市西屯區甘州五街１０之１號二樓之３,7.38,住,,,1150327,土地1建物1車位0,二層,六層,華廈(10層含以下有電梯),住家用,鋼筋混凝土造,0781005,25.67,1,0,1,有,無,1950000,75964,,0.0,0,,RPSOMLKKMHLGFCB67DA,18.13,1.65,0.0,有,0088,台中市
太平區,土地,中天段15地號,219.88,,,,1150504,土地1建物0車位0,,,其他,,,,0.0,0,0,0,無,無,7316507,33275,,0.0,0,,TPUNMLSJNHLGFJB86DA,0.0,0.0,0.0,無,,台中市
新興區,房地(土地+建物),高雄市新興區中山一路１６號三十樓之１５,4.6,都市：其他:第五種商業區,,,1100406,土地2建物1車位0,三十層,三十四層,住宅大樓(11層含以上有電梯),見其他登記事項,見其他登記事項,1150121,87.18,2,1,1,有,有,9400000,107823,,0.0,0,另有讓渡預售屋、或土地及建物分件登記案件；,RPVPMLNKMHLGFBE58DA,46.37,0.0,10.42,有,,高雄市
五股區,房地(土地+建物)+車位,新北市五股區芳洲五路９０號十樓,15.59,住,,,1150402,土地1建物1車位1,十層,十五層,住宅大樓(11層含以上有電梯),住家用,鋼筋混凝土造,1021014,104.27000000000001,2,2,1,有,有,12600000,122382,坡道平面,19.29,2200000,其他增建；,RPQSMLMJMHLGFBF28DA,49.27,3.75,4.8,有,0087,新北市
土城區,房地(土地+建物)+車位,新北市土城區青和街５９號三樓,15.13,住,,,1100314,土地1建物1車位1,三層,十五層,住宅大樓(11層含以上有電梯),住家用,鋼筋混凝土造,1150123,113.28999999999999,2,2,2,有,有,10900000,110156,坡道平面,30.68,1800000,預售屋、或土地及建物分件登記案件；,RPSNMLRLMHLGFAF58DA,50.78,0.0,4.5,有,,新北市
北屯區,房地(土地+建物)+車位,臺中市北屯區南興北一路１１８號十一樓之５,14.66,住,,,1120804,土地1建物1車位1,十一層,十七層,住宅大樓(11層含以上有電梯),住家用,鋼筋混凝土造,1150205,125.43,2,2,1,有,有,14280000,140162,坡道平面,34.25,1500000,預售屋、或土地及建物分件登記案件；,RPSPNLMJMHLGFBB87DA,55.06,0.0,4.67,有,,台中市
左營區,房地(土地+建物)+車位,高雄市左營區文康路５２號二樓之１,12.95,住,,,1110130,土地1建物1車位1,二層,十二層,住宅大樓(11層含以上有電梯),見其它登記事項,見其它登記事項,1150113,131.17000000000002,2,1,2,有,有,13100000,120645,坡道平面,42.48,2400000,預售屋、或土地及建物分件登記案件；,RPWNMLPJNHLGFEE98DA,51.32,0.0,3.88,有,,高雄市
鳳山區,房地(土地+建物)+車位,高雄市鳳山區文教路１６８號十一樓之１,14.86,住,,,1101219,土地1建物1車位1,十一層,十五層,住宅大樓(11層含以上有電梯),見其他登記事項,見其他登記事項,1141224,116.0,2,2,1,有,有,7900000,87464,坡道平面,40.54,1300000,1.讓渡日期：111年10月06日2.讓渡日期：114年10月09日預售屋、或土地及建物分件登記案件；,RPWNMLNLMHLGFGE09DA,44.5,0.0,4.77,有,,高雄市
鶯歌區,房地(土地+建物)+車位,新北市鶯歌區國中街８２號十三樓之２,19.6,住,,,1111204,土地1建物1車位1,十三層,十三層,住宅大樓(11層含以上有電梯),住家用,鋼筋混凝土造,1141222,118.99000000000001,2,2,1,有,有,12860000,119944,坡道平面,26.78,1800000,預售屋、或土地及建物分件登記案件；,RPUOMLQKMHLGFIF86DA,54.4,0.0,5.55,有,,新北市
新店區,房地(土地+建物)+車位,新北市新店區央北二路２０６巷１１號九樓,20.15,住,,,1150328,土地1建物1車位1,九層,十五層,住宅大樓(11層含以上有電梯),住家用,鋼筋混凝土構造,1130614,143.63,3,2,2,有,有,34880000,275028,坡道平面,26.26,2600000,,RPUNMLOJNHLGFCF58DA,71.49,0.0,6.88,有,,新北市
中山區,房地(土地+建物)+車位,臺北市中山區民權東路二段７１巷８號十四樓,12.56,都市：其他:市場用地(公共設施用地)。56/10/5,,,1150316,土地1建物1車位1,十四層,十五層,住宅大樓(11層含以上有電梯),住家用,鋼筋混凝土造,1120203,103.92999999999999,3,2,1,有,有,38000000,365631,塔式車位,2.4,0,,RPQOMLSLMHLGFCA28DA,59.47,0.0,4.99,有,105,台北市
中山區,房地(土地+建物)+車位,臺北市中山區新生北路二段５８巷４８號六樓,22.86,都市：其他:第肆種商業區(依都市計畫說明書圖規定辦理，始得作第肆種商業區使用)(原屬第參種商業區)。,,,1150414,土地1建物2車位3,六層,六層,華廈(10層含以下有電梯),商業用,鋼筋混凝土造,0930709,111.3,2,2,2,有,有,20000000,179695,升降機械,26.55,0,,RPWNMLMLMHLGFCA18DA,48.86,0.0,4.78,有,033,台北市
龜山區,房地(土地+建物),桃園市龜山區頂興路３３巷１９號五樓,25.56,住,,,1150418,土地1建物1車位0,五層，陽台,五層,公寓(5樓含以下無電梯),住家用,鋼筋混凝土造,0681224,95.18,3,2,2,有,無,6100000,64089,,0.0,0,,RPUPMLOKNHLGFHH96DA,95.18,0.0,0.0,無,0140,桃園市
三重區,房地(土地+建物)+車位,新北市三重區元信一街２３１號五樓,12.07,住,,,1090810,土地1建物1車位1,五層,二十層,住宅大樓(11層含以上有電梯),住家用,鋼筋混凝土造,1150206,107.85,2,1,1,有,有,10170000,119148,坡道平面,39.28,2000000,預售屋、或土地及建物分件登記案件；,RPTQMLMLMHLGFGF09DA,39.58,2.48,3.5,有,,新北市
梓官區,房地(土地+建物),高雄市梓官區中正路３５０號四樓之１,27.18,,鄉村區,乙種建築用地,1150318,土地1建物1車位0,四層,七層,華廈(10層含以下有電梯),見其他登記事項,鋼筋混凝土造,1141127,89.75,3,2,2,有,有,7050000,78552,,0.0,0,,RPVOMLOKNHLGFFE09DA,65.35,0.0,5.97,有,,高雄市
蘆竹區,房地(土地+建物)+車位,桃園市蘆竹區山鼻路１０６之１號七樓,24.24,住,,,1130513,土地1建物1車位1,七層,十層,華廈(10層含以下有電梯),住家用,鋼筋混凝土造,1150128,152.28,3,2,2,有,有,17000000,118485,坡道平面,25.26,1950000,預售屋、或土地及建物分件登記案件；,RPTNMLMLMHLGFEH78DA,76.97,0.0,9.09,有,,桃園市
小港區,土地,水庫段332地號,76.51,都市：其他:保護區,,,1150206,土地1建物0車位0,,,其他,,,,0.0,0,0,0,無,無,1560804,20400,,0.0,0,協議價購；,RPWOMLMLMHLGFCE68DA,0.0,0.0,0.0,無,,高雄市
中壢區,房地(土地+建物)+車位,桃園市中壢區慈惠三街１５７巷２號十三樓之１,26.08,住,,,1150415,土地1建物1車位1,十三層,十五層,住宅大樓(11層含以上有電梯),住家用,鋼筋混凝土造,0830607,185.63,4,2,2,有,有,14000000,75419,坡道平面,0.0,0,親友、員工、共有人或其他特殊關係間之交易；,RPOPMLQJNHLGFBH48DA,105.37,1.86,14.85,有,0048,桃園市
三重區,土地,長樂段575地號,38.98,住,,,1150323,土地1建物0車位0,,,其他,,,,0.0,0,0,0,無,無,9900000,253976,,0.0,0,未辦保存登記建物買賣親友、員工、共有人或其他特殊關係間之交易；未登記建物；,RPPNMLMKNHLGFGF48EA,0.0,0.0,0.0,無,0275,新北市
沙鹿區,房地(土地+建物)+車位,臺中市沙鹿區三民路１０７號十二樓之５,19.55,住,,,1120627,土地1建物1車位1,十二層,十五層,住宅大樓(11層含以上有電梯),住家用,鋼筋混凝土造,1150212,118.63,2,2,2,有,有,12680000,119050,坡道平面,25.98,1650000,本案於115.02.04轉讓1/2。預售屋、或土地及建物分件登記案件；,RPPPNLOLLHLGFFB28DA,54.54,0.0,7.39,有,,台中市
蘆竹區,房地(土地+建物)+車位,桃園市蘆竹區埤腳街７７巷４０號八樓,19.71,住,,,1130123,土地1建物1車位1,八層,十層,華廈(10層含以下有電梯),住家用,鋼筋混凝土造,1150128,119.07999999999998,2,2,2,有,有,10570000,109715,坡道平面,38.69,1750000,預售屋、或土地及建物分件登記案件；,RPRPMLOLMHLGFEH98DA,49.75,0.0,3.37,有,,桃園市
蘆洲區,房地(土地+建物)+車位,新北市蘆洲區永樂街２７巷１８號二樓,18.45,住,,,1130328,土地1建物1車位1,二層,十二層,住宅大樓(11層含以上有電梯),住家用,鋼筋混凝土造,1140905,103.30000000000001,2,2,2,有,有,16400000,170637,升降機械,15.98,1500000,預售屋、或土地及建物分件登記案件；,RPSNMLSJNHLGFGF56DA,54.57,0.0,3.45,有,,新北市
龍潭區,房地(土地+建物),桃園市龍潭區民治五街１８０之２號,119.35,住,,,1150321,土地1建物1車位0,全,四層,透天厝,住家用,鋼筋混凝土造,1130704,213.56,4,2,5,有,有,18000000,84285,,0.0,0,,RPQNMLOKNHLGFCH48DA,196.95,0.0,16.61,有,,桃園市
烏日區,土地,溪南西段1848地號,1319.0,,特定農業區,農牧用地,1150307,土地1建物0車位0,,,其他,,,,0.0,0,0,0,無,無,20000000,15163,,0.0,0,未登記建物；,RPWNMLSJNHLGFIB76DA,0.0,0.0,0.0,無,0119,台中市
北屯區,房地(土地+建物),臺中市北屯區松竹路二段３０５巷１６號,17.48,住,,,1150315,土地1建物1車位0,一層,八層,華廈(10層含以下有電梯),住家用,鋼筋混凝土造,0821018,81.03,2,1,2,有,有,6880000,84907,,0.0,0,陽台外推；其他增建；,RPQNMLNLLHLGFBB57DA,56.73,1.98,1.7,有,0102,台中市
北屯區,房地(土地+建物)+車位,臺中市北屯區南興北一路１１６號七樓之５,19.76,住,,,1120614,土地1建物1車位1,七層,十七層,住宅大樓(11層含以上有電梯),住家用,鋼筋混凝土造,1150205,157.28,3,2,2,有,有,18360000,135414,坡道平面,34.25,1700000,預售屋、或土地及建物分件登記案件；,RPWQMLMJMHLGFBB28DA,73.02,0.0,7.57,有,,台中市
龜山區,房地(土地+建物)+車位,桃園市龜山區樂學路１４６號十六樓,14.97,工,,,1090617,土地2建物1車位1,十六層,二十八層,住宅大樓(11層含以上有電梯),住家用,鋼筋混凝土造,1150204,138.19,3,2,2,有,有,8850000,69302,坡道平面,35.74,1750000,轉讓日期111.07.27轉讓金額1200萬元整二等親讓渡預售屋、或土地及建物分件登記案件；,RPQOMLOJNHLGFHH98DA,62.65,0.0,5.48,有,,桃園市
龜山區,房地(土地+建物)+車位,桃園市龜山區興華一街３０３號四樓,30.57,住,,,1120520,土地1建物1車位1,四層,十一層,住宅大樓(11層含以上有電梯),住家用,鋼筋混凝土造,1150114,153.2,3,1,2,有,有,18140000,135551,坡道平面,34.13,2000000,預售屋、或土地及建物分件登記案件；,RPTNMLNJNHLGFHH09DA,71.91,0.0,7.21,有,,桃園市
士林區,房地(土地+建物),臺北市士林區社正路７９號二樓,36.0,都市：其他:第一種商業區。,,,1150213,土地2建物1車位0,二層,四層,公寓(5樓含以下無電梯),住家用,鋼筋混凝土造,0610525,122.63,3,2,1,有,無,10500000,85623,,0.0,0,親友、員工、共有人或其他特殊關係間之交易；,RPQNMLKMMHLGFEA77EA,122.63,0.0,0.0,無,,台北市
鳳山區,土地,文澄段2地號,266.36,,,,1150123,土地1建物0車位0,,,其他,,,,0.0,0,0,0,無,無,32762280,123000,,0.0,0,政府機關標讓售；,SPPNMLPKNHLGFGE78EA,0.0,0.0,0.0,無,,高雄市
三芝區,房地(土地+建物),新北市三芝區海尾１３之５６號十二樓,16.47,,一般農業區,甲種建築用地,1100514,土地1建物1車位0,十二層,十三層,住宅大樓(11層含以上有電梯),住家用,鋼筋混凝土造,1150108,50.87,1,0,1,有,有,3960000,77845,,0.0,0,本案為樂齡銀髮養生宅，銷售物件統一包含室內規劃設置。預售屋、或土地及建物分件登記案件；,RPROMLNJNHLGFEF48DA,32.14,0.0,2.27,有,,新北市
鳳山區,房地(土地+建物)+車位,高雄市鳳山區鳳東七街７９號八樓,21.66,住,,,1140718,土地1建物1車位1,八層,十四層,住宅大樓(11層含以上有電梯),見其他登記事項,見其他登記事項,1140124,126.35,2,2,2,有,有,12220000,99475,坡道平面,23.41,1980000,,RPPNMLSJNHLGFGE78DA,61.5,0.0,4.38,有,,高雄市
中和區,房地(土地+建物)+車位,新北市中和區中原東街８６號四樓,26.33,住,,,1150419,土地1建物1車位1,四層,二十三層,住宅大樓(11層含以上有電梯),住家用,鋼筋混凝土構造,1060309,155.02,2,2,1,有,有,28000000,180622,坡道平面,36.14,0,,RPUOMLPJNHLGFHF66DA,69.62,0.0,11.53,有,0032,新北市
西屯區,房地(土地+建物)+車位,臺中市西屯區市政北一路３３５號十九樓之５,9.5,都市：其他:第六種新市政中心專用區,,,1111119,土地1建物1車位1,十九層,三十七層,住宅大樓(11層含以上有電梯),住家用,鋼骨鋼筋混凝土造、鋼筋混凝土造,1150313,176.47,3,2,2,有,有,30660000,178914,坡道平面,16.84,2100000,轉讓日期民國114年04月25日。預售屋、或土地及建物分件登記案件；,RPUNMLKKNHLGFCB87DA,88.06,4.53,13.94,有,,台中市
三民區,房地(土地+建物),高雄市三民區忠孝一路４７３巷７號二樓之３,3.5,都市：其他:第四種商業區,,,1150503,土地2建物1車位0,二層,十二層,住宅大樓(11層含以上有電梯),見其它登記事項,鋼筋混凝土造,0710226,32.53,1,1,1,有,有,2580000,79311,,0.0,0,含裝潢費；含傢俱設備費；,RPUQMLOKNHLGFDE98DA,22.14,0.0,4.1,有,0012,高雄市
關西鎮,土地,關農段743-1地號,1.09,,,,1150422,土地1建物0車位0,,,其他,,,,0.0,0,0,0,無,無,33858,31062,,0.0,0,包含公共設施保留地用地；協議價購；,RPVPMLPJNHLGFBJ66DA,0.0,0.0,0.0,無,014,新竹縣
大甲區,房地(土地+建物)+車位,臺中市大甲區興安路７０之１０號二樓之３,34.99,住,,,1150402,土地2建物1車位1,二層,五層,華廈(10層含以下有電梯),住家用,鋼筋混凝土造,1121127,119.53,3,2,2,有,有,9800000,81988,升降平面,13.24,0,,RPSNMLTJMHLGFEB58DA,77.69,0.0,6.07,有,,台中市
三重區,房地(土地+建物)+車位,新北市三重區元信一街２４９號二樓,28.66,住,,,1150311,土地1建物1車位1,二層,十四層,住宅大樓(11層含以上有電梯),住家用,鋼筋混凝土造,1140821,166.24,3,2,2,有,有,33660000,230758,坡道平面,31.64,2600000,,RPSRMLQKMHLGFGF76DA,81.38,0.0,6.21,有,,新北市
楠梓區,房地(土地+建物)+車位,高雄市楠梓區興楠路７３巷２８號十四樓,16.23,其他,,,1130905,土地1建物1車位1,十四層,十五層,住宅大樓(11層含以上有電梯),見其它登記事項,見其它登記事項,1150203,129.31,3,2,2,有,有,12750000,105359,坡道平面,24.43,1700000,預售屋、或土地及建物分件登記案件；,RPTQMLNKNHLGFEE88DA,61.57,0.0,6.15,有,,高雄市
泰山區,房地(土地+建物),新北市泰山區明志路一段２４之３號五樓,7.72,商,,,1150422,土地2建物1車位0,五層,九層,華廈(10層含以下有電梯),住家用,鋼筋混凝土造,1000623,74.39,2,2,1,有,有,10000000,134427,,0.0,0,其他增建；,RPQPMLMLMHLGFBF18DA,50.01,1.45,3.44,有,,新北市
新店區,房地(土地+建物),新北市新店區安興路８５之５７號五樓,25.42,工,,,1150401,土地3建物1車位0,五層,七層,華廈(10層含以下有電梯),商業用,鋼筋混凝土造,0970201,126.00999999999999,2,3,2,有,有,15800000,125387,,0.0,0,本案買賣總價新台幣1580萬，買賣雙方合意拆算價格如下：土地價格新台幣12640000元整、建物價格新台幣3160000元整。陽台外推；其他增建；,RPVOMLRJNHLGFCF09DA,87.23,0.0,10.63,有,0075,新北市
湖口鄉,土地,和興段2018地號,2781.0,,特定農業區,農牧用地,1150413,土地1建物0車位0,,,其他,,,,0.0,0,0,0,無,無,8400000,3020,,0.0,0,,RPTNMLOJNHLGFDJ98DA,0.0,0.0,0.0,無,008,新竹縣
蘆洲區,房地(土地+建物),新北市蘆洲區長安街３３１巷２１號,21.19,住,,,1150311,土地1建物1車位0,一層,六層,華廈(10層含以下有電梯),住家用,鋼筋混凝土造,0830216,111.25999999999999,3,2,2,有,無,21250000,190994,,0.0,0,其他增建；,RPRNMLTJMHLGFGF09DA,77.92,9.35,0.0,有,,新北市
三峽區,房地(土地+建物),新北市三峽區介壽路一段１９７號六樓Ｂ室,25.82,住,,,1150408,土地3建物1車位0,六層,七層,華廈(10層含以下有電梯),住家用,鋼筋混凝土造,0781216,107.3,3,2,2,有,有,8500000,79217,,0.0,0,親友、員工、共有人或其他特殊關係間之交易；,RPUNMLLKNHLGFIF98DA,75.66,0.0,17.04,有,0079,新北市
苓雅區,房地(土地+建物)+車位,高雄市苓雅區六合路１９０號三十一樓,16.15,商,,,1150410,土地1建物1車位2,三十一層,三十五層,住宅大樓(11層含以上有電梯),見其他登記事項,見其他登記事項,1111104,365.54999999999995,0,2,2,有,有,43600000,119272,坡道平面,28.39,0,總價4360萬元：土地價款2380萬元整，建物價款1980萬元整。毛胚屋；,RPTNMLNKNHLGFBE38EA,158.91,3.33,43.77,有,0114,高雄市
苓雅區,房地(土地+建物),高雄市苓雅區廣州二街１２３巷５號,47.0,,,,1150209,土地2建物1車位0,全,二層,透天厝,見其他登記事項,鋼筋混凝土造,0641203,66.22,0,0,0,無,無,5500000,83056,,0.0,0,,RPUNMLPJNHLGFBE48DA,66.22,0.0,0.0,無,,高雄市
永和區,房地(土地+建物),新北市永和區竹林路２２５巷６６號二樓,34.6,住,,,1150413,土地1建物1車位0,二層，陽台,五層,公寓(5樓含以下無電梯),住家用,鋼筋混凝土造,0670725,109.74,3,2,2,有,無,10000000,91124,,0.0,0,親友、員工、共有人或其他特殊關係間之交易；,RPXNMLLKNHLGFHF66EA,109.74,0.0,0.0,無,,新北市
新興區,房地(土地+建物),高雄市新興區中山一路１６號四樓之５,4.14,都市：其他:第五種商業區,,,1100218,土地2建物1車位0,四層,三十四層,住宅大樓(11層含以上有電梯),見其他登記事項,見其他登記事項,1150121,78.32,2,1,1,有,有,7700000,98315,,0.0,0,預售屋、或土地及建物分件登記案件；,RPSOMLNLMHLGFBE28DA,47.93,0.0,3.04,有,,高雄市
文山區,房地(土地+建物),臺北市文山區仙岩路１６巷４１弄１６號三樓,31.0,都市：其他:第三種住宅區。,,,1150316,土地1建物1車位0,三層，陽臺,四層,公寓(5樓含以下無電梯),住家用,鋼筋混凝土造,0640724,81.46,2,1,1,有,無,10000000,122760,,0.0,0,,RPROMLOJNHLGFAA67DA,81.46,0.0,0.0,無,,台北市
信義區,房地(土地+建物),臺北市信義區信義路五段１５０巷４４１弄２號三樓,45.11,都市：其他:第三種住宅區。,,,1150407,土地1建物1車位0,三層,五層,公寓(5樓含以下無電梯),住家用,鋼筋混凝土造,0740718,176.35,3,2,2,有,無,28500000,161610,,0.0,0,,RPQNMLKKNHLGFDA47DA,138.19,0.0,14.91,無,,台北市
桃園區,房地(土地+建物),桃園市桃園區復興路２５號四樓,9.26,商,,,1150420,土地1建物1車位0,四層,十二層,住宅大樓(11層含以上有電梯),住家用,鋼筋混凝土造,0870106,101.57,3,1,2,有,有,5000000,49227,,0.0,0,親友、員工、共有人或其他特殊關係間之交易；陽台外推；,RPXPMLQJNHLGFAH66DA,71.4,1.84,7.54,有,,桃園市
桃園區,房地(土地+建物)+車位,桃園市桃園區介壽路１１之６號四樓,11.65,住,,,1150415,土地1建物1車位1,四層,十四層,住宅大樓(11層含以上有電梯),住家用,鋼筋混凝土造,0920728,116.08,2,1,1,有,有,10800000,93039,坡道平面,0.0,0,,RPTQMLPKMHLGFAH88DA,58.68,1.0,2.97,有,,桃園市
八德區,房地(土地+建物)+車位,桃園市八德區興豐路１８０１巷１１６號五樓,37.43,,一般農業區,甲種建築用地,1130524,土地1建物1車位1,五層,五層,華廈(10層含以下有電梯),住家用,鋼筋混凝土造,1150115,124.5,2,2,2,有,有,12410000,102284,一樓平面,20.28,1750000,114.12.21夫妻轉讓，價格不變。預售屋、或土地及建物分件登記案件；,RPUNMLOJNHLGFFH09DA,77.94,0.0,5.64,有,,桃園市
三峽區,房地(土地+建物),新北市三峽區長泰街７８巷４０號二樓,14.2,住,,,1150308,土地1建物1車位0,二層,八層,華廈(10層含以下有電梯),住家用,鋼筋混凝土造,0850820,77.62,3,2,2,有,有,5000000,64425,,0.0,0,親友、員工、共有人或其他特殊關係間之交易；,RPVNMLRJNHLGFIF96DA,63.09,0.0,6.38,有,,新北市
汐止區,房地(土地+建物),新北市汐止區康寧街１４１巷５８號５樓,21.1,住,,,1150407,土地1建物1車位0,五層,五層,華廈(10層含以下有電梯),住家用,鋼筋混凝土造,0860502,102.46000000000001,2,2,2,有,有,15600000,152255,,0.0,0,頂樓增建1房1衛陽台外推；頂樓加蓋；,RPQNMLKKNHLGFDF97DA,78.52,0.0,6.85,有,,新北市
三重區,土地,新海段7地號,63.33,,,,1150429,土地1建物0車位0,,,其他,,,,0.0,0,0,0,無,無,17500000,276330,,0.0,0,包含公共設施保留地用地；,RPXNMLMKNHLGFGF66EA,0.0,0.0,0.0,無,0084,新北市
龜山區,房地(土地+建物)+車位,桃園市龜山區樂學路１９０號九樓,15.42,工,,,1091114,土地2建物1車位1,九層,二十九層,住宅大樓(11層含以上有電梯),住家用,鋼筋混凝土造,1150204,141.2,3,2,2,有,有,9980000,78039,坡道平面,35.74,1750000,轉讓日期113.06.19轉讓金額不變無關係讓渡預售屋、或土地及建物分件登記案件；,RPXPMLOJNHLGFHH17DA,65.21,0.0,4.92,有,,桃園市
楊梅區,土地,上田段94地號,10.16,,特定農業區,水利用地,1150305,土地1建物0車位0,,,其他,,,,0.0,0,0,0,無,無,111111,10936,,0.0,0,政府機關標讓售；,RPTOMLPJNHLGFDH98DA,0.0,0.0,0.0,無,,桃園市
橋頭區,土地,筆秀段940-1地號,180.03,其他,,,1150428,土地16建物0車位0,,,其他,,,,0.0,0,0,0,無,無,7871630,43724,,0.0,0,包含公共設施保留地用地；,RPPNMLLKNHLGFFE08DA,0.0,0.0,0.0,無,0126,高雄市
西屯區,土地,廣順段173-1地號,108.03,,,,1141208,土地1建物0車位0,,,其他,,,,0.0,0,0,0,無,無,2614326,24200,,0.0,0,農作物；,RPXNMLSJNHLGFCB88DA,0.0,0.0,0.0,無,,台中市
楠梓區,房地(土地+建物)+車位,高雄市楠梓區興楠路７３巷８號七樓,14.12,其他,,,1140315,土地1建物1車位1,七層,十五層,住宅大樓(11層含以上有電梯),見其它登記事項,見其它登記事項,1150203,115.35,2,2,2,有,有,12470000,119556,坡道平面,24.43,1600000,預售屋、或土地及建物分件登記案件；,RPTPMLNKNHLGFEE78DA,45.96,0.0,12.04,有,,高雄市
芎林鄉,土地,上山壹段196地號,66.2,,山坡地保育區,丙種建築用地,1150501,土地1建物0車位0,,,其他,,,,0.0,0,0,0,無,無,2402925,36298,,0.0,0,,RPRNMLSJNHLGFCJ56EA,0.0,0.0,0.0,無,002,新竹縣
龍潭區,房地(土地+建物),桃園市龍潭區民生路８００巷１０弄２４號,77.94,,一般農業區,甲種建築用地,1150310,土地1建物1車位0,全,四層,透天厝,住家用,鋼筋混凝土造,0851007,236.93,5,2,3,有,有,11800000,49804,,0.0,0,其他增建；,RPQOMLPKMHLGFCH58DA,202.28,11.76,3.26,無,0243,桃園市
淡水區,房地(土地+建物)+車位,新北市淡水區新市五路三段２００號九樓,7.87,商,,,1150402,土地1建物1車位1,九層,二十七層,住宅大樓(11層含以上有電梯),住家用,鋼筋混凝土造,1061229,104.1,2,1,1,有,有,8450000,81172,坡道機械,15.42,0,,RPPNMLPKNHLGFEF58EA,52.44,2.8,5.35,有,0123,新北市
五股區,房地(土地+建物)+車位,新北市五股區芳洲一路４８號十九樓,38.98,住,,,1150408,土地1建物1車位1,十九層,二十三層,住宅大樓(11層含以上有電梯),住家用,鋼筋混凝土造,1040925,224.94,4,2,2,有,有,28590000,134561,坡道平面,31.05,2500000,,RPRNMLSKNHLGFBF78EA,113.5,1.43,16.29,有,,新北市
沙鹿區,房地(土地+建物)+車位,臺中市沙鹿區三民路１０９號十樓之３,31.69,住,,,1120425,土地1建物1車位1,十層,十五層,住宅大樓(11層含以上有電梯),住家用,鋼筋混凝土造,1150212,174.2,4,2,2,有,有,17850000,109297,坡道平面,25.98,1650000,預售屋、或土地及建物分件登記案件；,RPUWMLOLLHLGFFB76DA,88.52,0.0,10.52,有,,台中市
樹林區,房地(土地+建物),新北市樹林區中山路一段１２９號九樓,7.27,商,,,1110703,土地1建物1車位0,九層,十五層,住宅大樓(11層含以上有電梯),住家用,鋼筋混凝土造,1141222,65.86,2,1,1,有,有,11100000,168539,,0.0,0,預售屋、或土地及建物分件登記案件；,RPWNMLTJMHLGFIF17DA,40.78,0.0,2.7,有,,新北市
土城區,房地(土地+建物)+車位,新北市土城區青福街１２３號二樓,18.84,住,,,1150325,土地1建物1車位1,二層,八層,華廈(10層含以下有電梯),住家用,鋼筋混凝土造,1141203,92.37,2,1,1,有,有,15800000,171051,其他,14.97,0,,RPPPMLRJNHLGFAF38DA,46.47,0.0,4.33,有,0212,新北市
汐止區,房地(土地+建物),新北市汐止區新台五路二段１７６號２１樓,3.9,住,,,1150328,土地2建物1車位0,二十一層,三十六層,住宅大樓(11層含以上有電梯),住家用,鋼骨鋼筋混凝土造,0851230,85.44,2,2,2,有,有,9500000,111189,,0.0,0,陽台外推；,RPSOMLKMMHLGFDF38DA,53.84,2.05,9.56,有,,新北市
松山區,房地(土地+建物),臺北市松山區民生東路五段１８６號七樓之３,9.75,都市：其他:第三種商業區(民生社區特定專用區)。,,,1141231,土地1建物1車位0,七層,十六層,住宅大樓(11層含以上有電梯),商業用,鋼筋混凝土造,0721229,115.62,3,2,2,有,有,28800000,249092,,0.0,0,其他增建；,RPXNMLPKMHLGFDA58DA,84.66,0.0,10.99,有,,台北市
八德區,土地,中華段1476-3地號,73.54,,一般農業區,交通用地,1150415,土地2建物0車位0,,,其他,,,,0.0,0,0,0,無,無,2633479,35810,,0.0,0,協議價購；,RPUOMLPKMHLGFFH66DA,0.0,0.0,0.0,無,0034,桃園市
鶯歌區,房地(土地+建物)+車位,新北市鶯歌區國中街８２號五樓,27.55,住,,,1130316,土地1建物1車位1,五層,十三層,住宅大樓(11層含以上有電梯),住家用,鋼筋混凝土造,1141222,156.35,3,2,2,有,有,16500000,114224,坡道平面,26.78,1700000,預售屋、或土地及建物分件登記案件；,RPOSMLQKMHLGFIF66DA,75.76,0.0,8.49,有,,新北市
小港區,房地(土地+建物)+車位,高雄市小港區宏平路４３３號八樓之１２,9.57,其他,,,1130117,土地1建物1車位1,八層,十八層,住宅大樓(11層含以上有電梯),見其它登記事項,見其它登記事項,1150212,140.4,3,2,2,有,有,10900000,80009,坡道機械,13.54,750000,預售屋、或土地及建物分件登記案件；,RPSOMLOJNHLGFCE38DA,73.32,0.0,9.4,有,,高雄市
林口區,房地(土地+建物)+車位,新北市林口區忠孝路３８１號十樓、忠孝路３８３號十樓,46.85,住,,,1141226,土地1建物1車位2,十層,十層,華廈(10層含以下有電梯),住家用,鋼筋混凝土造,0980205,267.5,3,2,2,有,有,27880000,104224,坡道平面,81.16,0,露台增建、陽台增建其他增建；,RPPPMLMLMHLGFBF08DA,112.24,2.35,15.04,有,0373,新北市
龜山區,土地,南上段1-1地號,167.22,,,,1141214,土地1建物0車位0,,,其他,,,,0.0,0,0,0,無,無,2892922,17300,,0.0,0,協議價購；,RPUSMLOKMHLGFHH17DA,0.0,0.0,0.0,無,0313,桃園市
新興區,房地(土地+建物)+車位,高雄市新興區中山一路１６號九樓之２０,5.25,都市：其他:第五種商業區,,,1100302,土地2建物1車位1,九層,三十四層,住宅大樓(11層含以上有電梯),見其他登記事項,見其他登記事項,1150121,125.44,2,1,1,有,有,10690000,96566,坡道平面,26.13,1100000,另有讓渡預售屋、或土地及建物分件登記案件；,RPPOMLRJMHLGFBE18DA,43.9,0.0,20.77,有,,高雄市
楊梅區,房地(土地+建物),桃園市楊梅區武營街１０６巷１１號四樓,30.0,住,,,1150426,土地1建物1車位0,四層,四層,公寓(5樓含以下無電梯),住家用,鋼筋混凝土造,0690317,84.16,2,2,1,有,無,2150000,25547,,0.0,0,陽台外推；其他增建；,RPPNMLOKNHLGFDH48DA,84.16,0.0,0.0,無,0110,桃園市
瑞芳區,房地(土地+建物),新北市瑞芳區三爪子坑路正貿新村９號三樓,33.97,,鄉村區,乙種建築用地,1150413,土地1建物1車位0,三層,五層,公寓(5樓含以下無電梯),住家用,鋼筋混凝土造,,105.99,3,2,1,有,無,2800000,26418,,0.0,0,,RPPNMLTLMHLGFFF98DA,97.64,0.0,8.35,無,0025,新北市
五股區,房地(土地+建物)+車位,新北市五股區登林路７９號九樓,31.73,住,,,1150401,土地2建物1車位2,九層,九層,華廈(10層含以下有電梯),住家用,鋼筋混凝土造,1100426,153.47,3,2,2,有,有,13660000,89008,坡道機械,44.5,0,,RPUOMLSKNHLGFBF09DA,65.18,6.25,6.62,有,,新北市
北投區,房地(土地+建物),臺北市北投區中和街２１３號十樓,4.85,都市：其他:第三種商業區。,,,1090320,土地1建物1車位0,十層,十三層,住宅大樓(11層含以上有電梯),住家用,鋼筋混凝土造,1150302,51.16,2,1,1,有,有,8780000,171618,,0.0,0,預售屋、或土地及建物分件登記案件；,RPROMLLKNHLGFEA87DA,30.39,0.0,3.29,有,,台北市
蘆竹區,房地(土地+建物)+車位,桃園市蘆竹區埤腳街７７巷４２號十樓,20.58,住,,,1130311,土地1建物1車位1,十層,十層,華廈(10層含以下有電梯),住家用,鋼筋混凝土造,1150128,123.77,2,2,2,有,有,11100000,111336,坡道平面,39.79,1750000,預售屋、或土地及建物分件登記案件；,RPQPMLOLMHLGFEH88DA,51.4,0.0,4.1,有,,桃園市
鼓山區,房地(土地+建物)+車位,高雄市鼓山區裕誠路１１４１號七樓,7.86,商,,,1150327,土地1建物1車位1,七層,十三層,住宅大樓(11層含以上有電梯),住家用,鋼筋混凝土造,0920826,85.8,2,1,1,有,有,8100000,94406,坡道機械,9.08,0,含傢俱設備費；夾層；,RPUNMLRKMHLGFAE58DA,48.86,1.77,4.93,有,,高雄市
新店區,房地(土地+建物),新北市新店區玫瑰路５７巷２９號,88.37,都市：其他:已開發建築密集地區,,,1150315,土地1建物1車位0,一層，地下一層，地下二層,五層,公寓(5樓含以下無電梯),住商用,鋼筋混凝土造,0780628,171.95,5,3,3,有,有,16200000,94213,,0.0,0,後陽台外推陽台外推；,RPTNMLNKMHLGFCF38DA,153.97,6.85,0.0,無,,新北市
新豐鄉,房地(土地+建物)+車位,新竹縣新豐鄉明新六街１０１號,13.85,住,,,1120731,土地1建物1車位1,一層,九層,華廈(10層含以下有電梯),商業用,鋼筋混凝土造,1141017,76.99,0,0,1,有,有,8640000,127735,坡道機械,14.83,700000,預售屋、或土地及建物分件登記案件；,RPPNMLOJNHLGFDJ58DA,34.64,0.0,6.69,有,,新竹縣
五股區,房地(土地+建物)+車位,新北市五股區新城八路３３９號五樓,23.45,住,,,1130503,土地1建物1車位1,五層,十五層,住宅大樓(11層含以上有電梯),住家用,鋼筋混凝土造,1141223,131.22,2,2,2,有,有,15900000,144068,坡道平面,36.82,2300000,親友、員工、共有人或其他特殊關係間之交易；預售屋、或土地及建物分件登記案件；,RPUNMLTLMHLGFBF09DA,53.21,3.0,7.17,有,,新北市
中壢區,房地(土地+建物),桃園市中壢區高鐵站前路４５８號五樓,8.23,商,,,1101109,土地1建物1車位0,五層,十七層,住宅大樓(11層含以上有電梯),住家用,鋼筋混凝土造,1141027,74.46,1,2,2,有,有,9480000,127317,,0.0,0,111/07/14轉讓，轉讓價金948萬元。預售屋、或土地及建物分件登記案件；,RPRPRLTLIIKGFBH66DA,44.96,0.0,3.62,有,,桃園市
龜山區,土地,南上段1-1地號,9.3,,,,1141214,土地1建物0車位0,,,其他,,,,0.0,0,0,0,無,無,160804,17291,,0.0,0,協議價購；,RPTRMLOKMHLGFHH96DA,0.0,0.0,0.0,無,0313,桃園市
大園區,房地(土地+建物)+車位,桃園市大園區園科路１１３號十樓之１,15.37,商,,,1120817,土地1建物1車位1,十層,十八層,住宅大樓(11層含以上有電梯),住家用,鋼筋混凝土造,1141223,108.89,2,2,2,有,有,9700000,91838,坡道平面,21.78,1700000,預售屋、或土地及建物分件登記案件；,RPPQMLLMLHLGFEH58DA,50.36,0.0,7.24,有,,桃園市
橋頭區,房地(土地+建物),高雄市橋頭區新東一街２６９號三樓,29.5,住,,,1150312,土地1建物1車位0,三層,十四層,住宅大樓(11層含以上有電梯),見其他登記事項,鋼筋混凝土造,0990304,127.14,3,2,2,有,有,9500000,74721,,0.0,0,陽台窗戶其他增建；,RPPNMLTKLHLGFFE68DA,76.28,2.39,9.77,有,,高雄市
新興區,房地(土地+建物),高雄市新興區中山一路１６號四樓之１７,4.76,其他,,,1101001,土地2建物1車位0,四層,三十四層,住宅大樓(11層含以上有電梯),見其他登記事項,見其他登記事項,1150121,86.15,2,1,1,有,有,8870000,102960,,0.0,0,另有讓渡預售屋、或土地及建物分件登記案件；,RPWSMLNJMHLGFBE88DA,43.41,0.0,12.66,有,,高雄市
左營區,房地(土地+建物)+車位,高雄市左營區文康路５２號六樓之３,11.82,住,,,1101220,土地1建物1車位1,六層,十二層,住宅大樓(11層含以上有電梯),見其它登記事項,見其它登記事項,1150113,123.41,2,1,2,有,有,11600000,114914,坡道平面,42.48,2300000,預售屋、或土地及建物分件登記案件；,RPRPMLPJNHLGFEE68DA,46.74,0.0,3.58,有,,高雄市
北屯區,房地(土地+建物)+車位,臺中市北屯區敦富一街３６６號十六樓之５,22.42,住,,,1130709,土地1建物1車位2,十六層,十七層,住宅大樓(11層含以上有電梯),住家用,鋼筋混凝土造,1150318,188.96,3,2,2,有,有,24040000,156625,坡道平面,65.48,4700000,預售屋、或土地及建物分件登記案件；,RPUQMLLKNHLGFBB18DA,75.09,0.0,6.61,有,,台中市
松山區,房地(土地+建物),臺北市松山區南京東路三段３０３巷１４弄１３號二樓,28.26,都市：其他:第三種住宅區。,,,1150316,土地1建物1車位0,二層,七層,華廈(10層含以下有電梯),住家用,鋼筋混凝土造,0730528,146.92999999999998,3,2,2,有,有,30000000,204179,,0.0,0,親友、員工、共有人或其他特殊關係間之交易；陽台外推；,RPQNMLNKNHLGFDA87EA,112.31,0.0,16.83,有,101,台北市
板橋區,房地(土地+建物),新北市板橋區民享街１０１號四樓,27.5,住,,,1150303,土地1建物1車位0,四層，陽台,四層,公寓(5樓含以下無電梯),住家用,加強磚造,0640122,77.32,3,2,1,有,無,9350000,120926,,0.0,0,陽台外推；頂樓加蓋；其他增建；,RPXNMLMKNHLGFAF58DA,77.32,0.0,0.0,無,,新北市
西屯區,房地(土地+建物)+車位,臺中市西屯區文中路５號四樓,24.22,住,,,1150311,土地1建物1車位1,四層,八層,華廈(10層含以下有電梯),住家用,鋼筋混凝土造,0840208,147.88,3,2,2,有,有,12300000,83176,升降機械,0.0,0,,RPXOMLPKMHLGFCB68DA,98.59,0.84,8.86,有,,台中市
內湖區,房地(土地+建物)+車位,臺北市內湖區金湖路１３５號八樓,41.07,都市：其他:第三種住宅區。,,,1141220,土地1建物1車位1,八層,二十六層,住宅大樓(11層含以上有電梯),住家用,鋼骨造,1011121,304.53,3,2,3,有,有,86000000,307476,坡道平面,34.59,3000000,其他增建；,RPOOMLKMMHLGFCA37DA,152.08,7.36,16.53,有,128,台北市
太平區,房地(土地+建物)+車位,臺中市太平區育才路１６７號七樓之１,19.14,住,,,1130721,土地1建物1車位1,七層,十五層,住宅大樓(11層含以上有電梯),住家用,鋼筋混凝土造,1150113,124.25999999999999,2,2,1,有,有,13690000,122774,坡道平面,28.23,1900000,預售屋、或土地及建物分件登記案件；,RPXPMLMLMHLGFJB66DA,56.27,0.0,7.06,有,,台中市
汐止區,土地,東勢段67地號,59.94,,山坡地保育區,農牧用地,1150511,土地2建物0車位0,,,其他,,,,0.0,0,0,0,無,無,906500,15123,,0.0,0,親友、員工、共有人或其他特殊關係間之交易；,RPSOMLPKNHLGFDF78DA,0.0,0.0,0.0,無,0010,新北市
林口區,房地(土地+建物)+車位,新北市林口區南勢一街６８號四樓之３,19.78,住,,,1121123,土地1建物1車位1,四層,七層,華廈(10層含以下有電梯),住家用,鋼筋混凝土造,1150225,96.82,2,2,1,有,有,10260000,135481,坡道平面,36.59,2100000,預售屋、或土地及建物分件登記案件；,RPVWMLTLLHLGFBF37DA,35.38,0.0,4.35,有,,新北市
八里區,土地,埤頭段308地號,26.03,工,,,1150115,土地2建物0車位0,,,其他,,,,0.0,0,0,0,無,無,2364000,90818,,0.0,0,,RPXNMLNJLHLGFEF78DA,0.0,0.0,0.0,無,0362,新北市
東勢區,房地(土地+建物),臺中市東勢區下城街６７號,142.78,住,,,1150420,土地1建物1車位0,全,四層,透天厝,住家用,鋼筋混凝土造,1140109,272.73,4,3,4,有,無,21500000,78833,,0.0,0,,RPPNMLRJNHLGFGB38DA,254.92,0.0,17.81,無,,台中市
竹北市,房地(土地+建物)+車位,新竹縣竹北市六家一路一段１４０號十四樓之七,14.75,商,,,1150207,土地1建物1車位1,十四層,十五層,住宅大樓(11層含以上有電梯),住家用,鋼筋混凝土造,1000707,129.91,2,2,1,有,有,18360000,172549,坡道平面,30.46,1200000,陽台外推；,RPROMLKKMHLGFBJ28DA,55.38,4.75,6.95,有,068,新竹縣
三重區,車位,新北市三重區仁安街１０６號等,0.0,,,,1150503,土地0建物1車位1,,,其他,,,,26.41,0,0,0,無,有,2800000,,坡道平面,26.41,2800000,建物坐落地號：碧華段600地號；僅車位交易；,RPOOMLPJNHLGFGF58DA,0.0,0.0,0.0,有,0001,新北市
內湖區,房地(土地+建物),臺北市內湖區新明路３８０巷９弄１４號,36.51,都市：其他:第三種住宅區。,,,1150401,土地2建物1車位0,一層,四層,公寓(5樓含以下無電梯),住家用,鋼筋混凝土造,0690712,97.5,3,2,1,有,無,20590000,211179,,0.0,0,其他增建；,RPTNMLMLMHLGFCA87DA,83.46,14.04,0.0,無,,台北市
西屯區,房地(土地+建物),臺中市西屯區大墩十八街１８３號三樓之１,28.33,住,,,1150320,土地1建物1車位0,三層,二十一層,住宅大樓(11層含以上有電梯),辦公用,鋼筋混凝土造,0861121,279.35,0,3,2,有,有,21780000,77967,,0.0,0,,RPXNMLKLLHLGFCB08DA,181.03,0.0,4.8,有,0152,台中市
觀音區,房地(土地+建物)+車位,桃園市觀音區仁愛路１４０號十一樓,22.81,住,,,1150321,土地1建物1車位1,十一層,十五層,住宅大樓(11層含以上有電梯),住家用,鋼筋混凝土造,1140714,143.89,3,2,2,有,有,9050000,69742,坡道平面,32.05,1250000,,RPVOMLRJNHLGFBH56DA,69.61,0.0,4.24,有,,桃園市
汐止區,房地(土地+建物)+車位,新北市汐止區新台五路一段２２０號８樓,13.04,住,,,1150325,土地1建物1車位1,八層,十二層,住宅大樓(11層含以上有電梯),住家用,鋼筋混凝土造,0850515,114.52,3,2,2,有,有,15000000,130981,升降機械,0.0,0,陽台外推；,RPUNMLSJNHLGFDF09DA,84.38,0.0,8.47,有,,新北市
新竹市,房地(土地+建物)+車位,新竹市新竹市民富街３３１號六樓,37.51,住,,,1130627,土地1建物1車位2,六層,十五層,住宅大樓(11層含以上有電梯),住家用,鋼筋混凝土造,1150114,272.4,3,2,3,有,有,34880000,142824,坡道平面,56.89,4100000,預售屋、或土地及建物分件登記案件；,RPPOMLLKNHLGFAO68DA,128.29,0.0,12.05,有,,新竹市
內湖區,土地,潭美段四小段107地號,15.32,都市：其他:第三種住宅區。,,,1150416,土地8建物0車位0,,,其他,,,,0.0,0,0,0,無,無,3800000,248042,,0.0,0,未登記建物；包含公共設施保留地用地；,RPPOMLRJNHLGFCA97DA,0.0,0.0,0.0,無,012,台北市
三重區,房地(土地+建物)+車位,新北市三重區元信一街２３１號九樓,12.07,住,,,1090810,土地1建物1車位1,九層,二十層,住宅大樓(11層含以上有電梯),住家用,鋼筋混凝土造,1150206,107.85,2,2,1,有,有,10660000,124836,坡道平面,39.28,2100000,權利人於115年3月25日取得本標的.預售屋、或土地及建物分件登記案件；,RPQPMLMLMHLGFGF68DA,39.58,2.48,3.5,有,,新北市
北區,房地(土地+建物),臺中市北區五權路３２２號９樓之８,2.71,商,,,1150425,土地1建物1車位0,九層,十二層,住宅大樓(11層含以上有電梯),住家用,鋼筋混凝土造,0770826,28.83,1,0,1,有,有,3380000,117239,,0.0,0,,RPWNMLQJNHLGFBB48DA,21.66,0.0,0.0,有,0058,台中市
永和區,房地(土地+建物)+車位,新北市永和區中山路一段１００號十二樓之２,10.81,商,,,1100726,土地4建物1車位1,十二層,十五層,住宅大樓(11層含以上有電梯),住家用,鋼筋混凝土構造,1141202,146.67000000000002,3,2,2,有,有,24460000,197698,坡道平面,36.35,2650000,本案權利人於民國110.09.25增購1部停車位265萬元。預售屋、或土地及建物分件登記案件；,RPTPMLOJNHLGFHF56DA,67.85,0.0,4.96,有,,新北市
蘆竹區,房地(土地+建物)+車位,桃園市蘆竹區山鼻二路１６７號,27.7,住,,,1141130,土地1建物1車位1,一層,十一層,住宅大樓(11層含以上有電梯),商業用,鋼筋混凝土造,1150319,163.19,0,0,0,無,有,19500000,133678,坡道平面,31.53,1900000,預售屋、或土地及建物分件登記案件；,RPSPMLPJNHLGFEH09DA,74.61,0.0,13.38,有,,桃園市
大安區,房地(土地+建物)+車位,臺北市大安區臥龍街２６８號六樓之１,18.28,都市：其他:第三種住宅區。,,,1150312,土地1建物1車位1,六層,二十三層,住宅大樓(11層含以上有電梯),住家用,鋼筋混凝土造,1130927,176.66,3,2,2,有,有,46350000,312838,坡道平面,38.09,3000000,,RPVNMLPKMHLGFFA58DA,79.75,5.51,7.83,有,,台北市
西屯區,房地(土地+建物)+車位,臺中市西屯區市政北一路３３５號三十三樓之６,9.41,都市：其他:第六種新市政中心專用區,,,1120227,土地1建物1車位1,三十三層,三十七層,住宅大樓(11層含以上有電梯),住家用,鋼骨鋼筋混凝土造、鋼筋混凝土造,1150313,175.17000000000002,3,2,2,有,有,31670000,186446,坡道平面,16.84,2150000,預售屋、或土地及建物分件登記案件；,RPQSMLOJNHLGFCB28DA,85.65,10.96,9.05,有,,台中市
大安區,房地(土地+建物),臺北市大安區和平東路二段１８巷７之５號五樓,33.1,都市：其他:第三種住宅區。,,,1150314,土地2建物1車位0,五層，陽臺,七層,華廈(10層含以下有電梯),,鋼筋混凝土造,0650119,136.85,3,2,2,有,有,39200000,286445,,0.0,0,陽台外推；其他增建；,RPUNMLMKNHLGFFA28DA,136.86,0.0,0.0,有,,台北市
桃園區,房地(土地+建物)+車位,桃園市桃園區永安路４１９號,21.5,住,,,1110710,土地1建物1車位1,一層，見其他登記事項,十四層,住宅大樓(11層含以上有電梯),商業用,鋼筋混凝土造,1141117,146.1,0,0,0,無,有,25950000,210647,坡道平面,32.64,2050000,預售屋、或土地及建物分件登記案件；,RPRQMLSJNHLGFAH98DA,76.1,0.0,0.0,有,,桃園市
左營區,房地(土地+建物)+車位,高雄市左營區華夏路４１１號六樓之３,8.63,住,,,1130515,土地1建物1車位1,六層,二十七層,住宅大樓(11層含以上有電梯),見其它登記事項,見其它登記事項,1140908,139.78,2,2,2,有,有,15800000,120735,坡道平面,25.48,2000000,預售屋、或土地及建物分件登記案件；,RPQNMLNJMHLGFEE08DA,59.02,0.0,14.62,有,,高雄市
新興區,房地(土地+建物),高雄市新興區中山一路１６號八樓之１７,4.76,都市：其他:第五種商業區,,,1100910,土地2建物1車位0,八層,三十四層,住宅大樓(11層含以上有電梯),見其他登記事項,見其他登記事項,1150121,86.15,2,1,1,有,有,8810000,102263,,0.0,0,另有讓渡預售屋、或土地及建物分件登記案件；,RPUPMLKKMHLGFBE18DA,43.41,0.0,12.66,有,,高雄市
土城區,房地(土地+建物)+車位,新北市土城區青和街５５號七樓,19.21,住,,,1100314,土地1建物1車位1,七層,十五層,住宅大樓(11層含以上有電梯),住家用,鋼筋混凝土造,1150123,138.16,3,2,2,有,有,13600000,108123,坡道平面,31.8,2100000,預售屋、或土地及建物分件登記案件；,RPROMLRLMHLGFAF58DA,64.45,0.0,6.66,有,,新北市
仁武區,房地(土地+建物)+車位,高雄市仁武區赤貴街３８巷２號,77.67,住,,,1150328,土地3建物1車位1,全,四層,透天厝,見其他登記事項,鋼筋混凝土造,0950602,182.09,5,2,4,有,無,12500000,68647,一樓平面,0.0,0,陽台外推；其他增建；,RPPNMLSLLHLGFIE98DA,157.66,0.0,24.43,無,,高雄市
楊梅區,房地(土地+建物)+車位,桃園市楊梅區甡甡路９０２巷１４９號,75.7,,山坡地保育區,丙種建築用地,1150314,土地1建物1車位1,一層,五層,公寓(5樓含以下無電梯),住家用,鋼筋混凝土造,0871009,140.10000000000002,3,2,2,有,無,4400000,31406,坡道平面,35.74,0,,RPQOMLQJNHLGFDH78DA,78.99,0.0,10.02,無,,桃園市
南屯區,房地(土地+建物)+車位,臺中市南屯區建功路７１號三樓之３,11.52,住,,,1130323,土地1建物1車位1,三層,二十三層,住宅大樓(11層含以上有電梯),住家用,鋼筋混凝土造,1141226,128.07999999999998,2,2,1,有,有,14930000,128311,坡道平面,26.14,1850000,預售屋、或土地及建物分件登記案件；,RPPNMLQJNHLGFCB87DA,60.7,0.0,5.49,有,,台中市
燕巢區,房地(土地+建物),高雄市燕巢區安林路３５號,328.05,工,,,1150415,土地1建物1車位0,全,四層,透天厝,工業用,鋼筋混凝土造,0830203,425.05,3,3,3,有,無,6000000,14116,,0.0,0,土地買賣價款:525萬元正建物買賣價款:75萬元正親友、員工、共有人或其他特殊關係間之交易；,RPPNMLRJNHLGFFE68EA,397.32,4.0,23.73,無,,高雄市
永和區,房地(土地+建物)+車位,新北市永和區保順路４５號八樓,23.76,住,,,1150327,土地1建物1車位1,八層,十二層,住宅大樓(11層含以上有電梯),住家用,鋼筋混凝土造,0800905,176.59,3,2,2,有,有,26500000,150065,坡道平面,0.0,2600000,車位面積無法概算其他增建；,RPUOMLRKMHLGFHF86DA,108.14,0.0,12.43,有,,新北市
蘆竹區,房地(土地+建物)+車位,桃園市蘆竹區山鼻二路１３９號四樓,26.03,住,,,1130513,土地1建物1車位1,四層,十一層,住宅大樓(11層含以上有電梯),住家用,鋼筋混凝土造,1150319,155.11,3,2,2,有,有,14240000,101473,坡道平面,31.53,1700000,預售屋、或土地及建物分件登記案件；,RPWPMLTLMHLGFEH37DA,72.37,0.0,9.9,有,,桃園市
蘆竹區,房地(土地+建物)+車位,桃園市蘆竹區豪登一街１４２之１號十五樓,15.43,商,,,1121227,土地1建物1車位2,十五層,十五層,住宅大樓(11層含以上有電梯),住家用,鋼筋混凝土造,1150327,183.73000000000002,3,2,2,有,有,15420000,95040,坡道平面,54.1,3100000,114.03.31 夫妻原價轉讓114/4/19加購車位160萬預售屋、或土地及建物分件登記案件；,RPPQMLQJNHLGFEH98DA,76.71,0.0,9.46,有,,桃園市
淡水區,房地(土地+建物),新北市淡水區新民街一段２７之１號六樓,27.63,住,,,1150129,土地1建物1車位0,六層,十七層,住宅大樓(11層含以上有電梯),住家用,鋼筋混凝土造,0981225,135.11,3,2,2,有,有,11750000,86966,,0.0,0,,RPQOMLLLMHLGFEF38EA,83.83,7.36,4.86,有,0366,新北市
桃園區,房地(土地+建物)+車位,桃園市桃園區永安路４２３巷１號六樓,15.89,住,,,1110730,土地1建物1車位1,六層,十五層,住宅大樓(11層含以上有電梯),住家用,鋼筋混凝土造,1141117,130.16,2,2,1,有,有,13220000,115566,坡道平面,32.64,1950000,預售屋、或土地及建物分件登記案件；,RPPPMLLKNHLGFAH08DA,56.56,0.0,8.36,有,,桃園市
三重區,房地(土地+建物),新北市三重區安慶街２６號四樓,13.76,住,,,1150331,土地1建物1車位0,四層,五層,公寓(5樓含以下無電梯),住家用,鋼筋混凝土造,0731018,45.11,2,1,1,有,無,7500000,166260,,0.0,0,空地增建陽台外推；其他增建；,RPPOMLSJNHLGFGF98DA,42.14,0.0,2.97,無,0198,新北市
橋頭區,房地(土地+建物)+車位,高雄市橋頭區新南一街１８５號六樓,13.69,住,,,1120913,土地1建物1車位1,六層,十五層,住宅大樓(11層含以上有電梯),見其他登記事項,鋼筋混凝土造,1150106,118.08,2,2,2,有,有,11550000,96163,坡道平面,17.21,1850000,預售屋、或土地及建物分件登記案件；,RPTOMLSLOHKGFFE76DA,60.75,0.0,3.78,有,,高雄市
新店區,房地(土地+建物)+車位,新北市新店區秀水路１３號六樓,24.39,住,,,1150403,土地1建物1車位1,六層,八層,華廈(10層含以下有電梯),住家用,鋼筋混凝土造,0931124,158.44,3,2,2,有,有,16200000,102247,坡道平面,32.97,0,陽台外推；,RPWNMLRJNHLGFCF09DA,71.71,4.35,17.81,有,,新北市
桃園區,房地(土地+建物),桃園市桃園區國際路一段１７８號,2501.3,工,,,1150113,土地1建物1車位0,全,一層,透天厝,工業用,鋼造,0671212,743.0,0,0,0,無,無,266720000,358977,,0.0,0,一樓增建、空地增建土地買賣總價新台幣254960000元整建物買賣總價新台幣11760000元整其他增建；,RPUNMLLKNHLGFAH38DA,743.0,0.0,0.0,無,,桃園市
鶯歌區,房地(土地+建物)+車位,新北市鶯歌區國中街８８號八樓之６,20.32,住,,,1120527,土地1建物1車位1,八層,十四層,住宅大樓(11層含以上有電梯),住家用,鋼筋混凝土造,1141222,121.94,2,2,1,有,有,12530000,115910,坡道平面,26.78,1500000,本案於114.09.13，原價轉售。預售屋、或土地及建物分件登記案件；,RPPQMLQKMHLGFIF56DA,57.31,0.0,4.83,有,,新北市
中壢區,房地(土地+建物)+車位,桃園市中壢區領航北路二段３０２號十三樓之３,22.39,住,,,1100805,土地1建物1車位1,十三層,十九層,住宅大樓(11層含以上有電梯),住家用,鋼筋混凝土造,1150306,137.0,2,2,2,有,有,12120000,106877,坡道平面,40.44,1800000,預售屋、或土地及建物分件登記案件；,RPXNMLLKNHLGFBH78DA,58.44,0.0,3.27,有,,桃園市
大園區,土地,沙崙段沙崙小段1633地號,1393.0,,一般農業區,農牧用地,1150226,土地1建物0車位0,,,其他,,,,0.0,0,0,0,無,無,25800000,18521,,0.0,0,,RPRNMLPKNHLGFEH98EA,0.0,0.0,0.0,無,0283,桃園市
橫山鄉,土地,田寮段700地號,66.37,,山坡地保育區,農牧用地,1150423,土地1建物0車位0,,,其他,,,,0.0,0,0,0,無,無,200000,3013,,0.0,0,,RPQNMLSLMHLGFCJ56EA,0.0,0.0,0.0,無,,新竹縣
八德區,房地(土地+建物)+車位,桃園市八德區豐德路３６６號六樓,40.06,住,,,1150303,土地1建物1車位1,六層,十七層,住宅大樓(11層含以上有電梯),住家用,鋼筋混凝土造,1020503,197.91000000000003,3,2,2,有,有,13000000,65686,坡道平面,35.87,0,親友、員工、共有人或其他特殊關係間之交易；,RPQNMLMKNHLGFFH68EA,95.95,2.06,11.67,有,0174,桃園市
林口區,房地(土地+建物)+車位,新北市林口區吉祥路３６號七樓,12.34,商,,,1120327,土地1建物1車位1,七層,十五層,住宅大樓(11層含以上有電梯),辦公用,鋼筋混凝土造,1150213,134.9,0,0,0,無,有,17830000,143727,坡道平面,26.5,2250000,預售屋、或土地及建物分件登記案件；,RPQUMLKLJHLGFBF18DA,63.68,0.0,7.0,有,,新北市
中壢區,房地(土地+建物),桃園市中壢區永裕路１１０號三樓,22.1,住,,,1140829,土地1建物1車位0,三層,十三層,住宅大樓(11層含以上有電梯),住家用,鋼筋混凝土造,1150318,82.56,2,2,2,有,有,14850000,179869,,0.0,0,預售屋、或土地及建物分件登記案件；,RPPPMLOKMHLGFBH38DA,50.08,0.0,4.15,有,,桃園市
新莊區,房地(土地+建物)+車位,新北市新莊區中正路３４０巷３５號十樓,12.79,住,,,1141230,土地1建物1車位1,十層,二十二層,住宅大樓(11層含以上有電梯),住家用,鋼筋混凝土造,1090618,110.43,2,2,1,有,有,20000000,203016,坡道平面,24.23,2500000,,RPQQMLMLMHLGFBF28DA,53.81,0.0,3.22,有,0372,新北市
平鎮區,房地(土地+建物),桃園市平鎮區環南路３５巷３３號十樓之５,3.88,商,,,1150427,土地1建物1車位0,十層,十層,華廈(10層含以下有電梯),住家用,鋼筋混凝土造,0851126,30.799999999999997,1,1,1,有,有,2600000,84416,,0.0,0,,RPTNMLTLMHLGFGH07DA,21.53,0.88,1.65,有,,桃園市
松山區,房地(土地+建物),臺北市松山區南京東路五段２５１巷５０弄９之１號,33.75,都市：其他:第三之一種住宅區。,,,1150412,土地2建物1車位0,二層，陽臺,四層,公寓(5樓含以下無電梯),住家用,鋼筋混凝土造,0610403,94.1,3,2,1,有,無,24060000,255685,,0.0,0,,RPUOMLRJNHLGFDA58DA,94.1,0.0,0.0,無,,台北市
沙鹿區,房地(土地+建物)+車位,臺中市沙鹿區三民路１０９號十五樓之２,31.69,住,,,1121216,土地1建物1車位2,十五層,十五層,住宅大樓(11層含以上有電梯),住家用,鋼筋混凝土造,1150212,200.12,4,2,2,有,有,19860000,109746,坡道平面,51.96,3600000,預售屋、或土地及建物分件登記案件；,RPSTMLOLLHLGFFB88DA,88.52,0.0,10.46,有,,台中市
三重區,房地(土地+建物),新北市三重區三陽路４１號七樓,19.29,都市：其他:住宅區,,,1150210,土地2建物1車位0,七層,十二層,住宅大樓(11層含以上有電梯),住家用,鋼筋混凝土造,0791022,155.96,4,2,2,有,有,25500000,163503,,0.0,0,陽台外推；,RPROMLSJMHLGFGF09DA,115.71,0.0,14.9,有,,新北市
西屯區,房地(土地+建物)+車位,臺中市西屯區長安路二段１３１巷８０號五樓之３,18.37,住,,,1150328,土地1建物1車位1,五層,十二層,住宅大樓(11層含以上有電梯),住家用,鋼筋混凝土造,1030704,124.22,2,2,2,有,有,13500000,142325,坡道機械,35.69,900000,陽台外推；,RPTNMLLJMHLGFCB67DA,50.04,1.8,8.47,有,0095,台中市
楊梅區,土地,楊湖段1303地號,1994.0,,特定農業區,農牧用地,1150308,土地1建物0車位0,,,其他,,,,0.0,0,0,0,無,無,10850000,5441,,0.0,0,,RPSNMLSKNHLGFDH56DA,0.0,0.0,0.0,無,,桃園市
新豐鄉,房地(土地+建物)+車位,新竹縣新豐鄉中崙２２６之１０號六樓,23.31,,特定農業區,甲種建築用地,1120923,土地2建物1車位1,六層,十一層,住宅大樓(11層含以上有電梯),住家用,鋼筋混凝土造,1141215,111.22,2,2,2,有,無,8500000,87851,坡道平面,31.54,1500000,預售屋、或土地及建物分件登記案件；,RPTOMLRLLHLGFDJ76DA,48.5,0.0,3.76,有,,新竹縣
中壢區,土地,興南段中壢老小段100-36地號,1.96,都市：其他:道路用地,,,1150414,土地4建物0車位0,,,其他,,,,0.0,0,0,0,無,無,118000,60204,,0.0,0,包含公共設施保留地用地；,RPOOMLSLMHLGFBH68DA,0.0,0.0,0.0,無,0029,桃園市
萬里區,土地,大坪段1463地號,1001.01,,山坡地保育區,農牧用地,1150411,土地1建物0車位0,,,其他,,,,0.0,0,0,0,無,無,2119638,2117,,0.0,0,,RPVNMLOKNHLGFDF88DA,0.0,0.0,0.0,無,,新北市
北投區,房地(土地+建物)+車位,臺北市北投區大業路５０８號六樓,30.99,都市：其他:第三之二種住宅區。,,,1150324,土地1建物1車位3,六層,十四層,住宅大樓(11層含以上有電梯),住家用,鋼筋混凝土造,0920324,245.61,3,2,2,有,有,39500000,160824,坡道平面,0.0,5500000,陽台外推；其他增建；,RPPOMLSLMHLGFEA38DA,108.6,0.0,9.67,有,082,台北市
石岡區,房地(土地+建物)+車位,臺中市石岡區豐勢路九房巷９號七樓之３,38.14,住,,,1130928,土地3建物1車位1,七層,八層,華廈(10層含以下有電梯),住家用,鋼筋混凝土造,1140411,130.24,3,2,2,有,有,11420000,89739,坡道機械,12.9,890000,預售屋、或土地及建物分件登記案件；,RPPNMLQJNHLGFGB28DA,72.24,0.0,6.86,有,,台中市
新屋區,房地(土地+建物)+車位,桃園市新屋區民族路六段５１５巷３０號四樓之５,24.55,住,,,1140708,土地1建物1車位1,四層,十四層,住宅大樓(11層含以上有電梯),住家用,鋼筋混凝土造,1141208,144.79000000000002,3,2,2,有,有,12300000,89863,坡道平面,24.05,1450000,親友、員工、共有人或其他特殊關係間之交易；預售屋、或土地及建物分件登記案件；,RPWQMLNLLHLGFDH66DA,73.34,0.0,8.09,有,,桃園市
大同區,房地(土地+建物),臺北市大同區華亭街３６號二樓,3.77,都市：其他:第三種商業區。,,,1150127,土地1建物1車位0,二層,十一層,住宅大樓(11層含以上有電梯),住家用,鋼筋混凝土造,0991101,36.74,0,1,1,有,有,10350000,281709,,0.0,0,夾層；其他增建；,RPRNMLNLMHLGFBA67DA,20.92,2.2,0.0,有,127,台北市
三芝區,房地(土地+建物)+車位,新北市三芝區海尾１３之５９號五樓,30.63,,一般農業區,甲種建築用地,1100711,土地1建物1車位1,五層,十層,華廈(10層含以下有電梯),住家用,鋼筋混凝土造,1150108,120.61,2,2,1,有,有,9390000,84550,坡道平面,26.11,1400000,本案為樂齡銀髮養生宅，銷售物件統一包含室內規劃設置預售屋、或土地及建物分件登記案件；,RPWOMLNJNHLGFEF98DA,59.14,0.0,4.79,有,,新北市
大溪區,土地,瑞興段957地號,131.8,,特定農業區,農牧用地,1150419,土地2建物0車位0,,,其他,,,,0.0,0,0,0,無,無,1677000,12724,,0.0,0,本標的有農地及甲建親友、員工、共有人或其他特殊關係間之交易；,RPXNMLTLMHLGFCH07DA,0.0,0.0,0.0,無,,桃園市
蘆竹區,房地(土地+建物)+車位,桃園市蘆竹區大新一街３４７號七樓,13.58,商,,,1130625,土地1建物1車位1,七層,十五層,住宅大樓(11層含以上有電梯),住家用,鋼筋混凝土造,1150327,141.23,3,2,2,有,有,14460000,111753,坡道平面,27.05,1700000,預售屋、或土地及建物分件登記案件；,RPWTMLNLMHLGFEH17DA,66.84,0.0,9.12,有,,桃園市
東勢區,房地(土地+建物),臺中市東勢區下城街７１號,117.98,住,,,1150420,土地1建物1車位0,全,四層,透天厝,住家用,鋼筋混凝土造,1140109,249.63,4,3,4,有,無,18900000,75712,,0.0,0,,RPRNMLRJNHLGFGB58DA,227.84,0.0,21.79,無,,台中市
大安區,房地(土地+建物)+車位,臺北市大安區麗水街９巷９號十三樓之１,22.4,都市：其他:第三種住宅區。,,,1100918,土地1建物1車位1,十三層,十七層,住宅大樓(11層含以上有電梯),住家用,鋼骨造,1150128,168.87,2,2,2,有,有,70620000,496638,坡道平面,33.52,3400000,預售屋、或土地及建物分件登記案件；,RPTQMLTLMHLGFFA56DA,72.23,9.11,7.69,有,,台北市
苓雅區,房地(土地+建物),高雄市苓雅區三多二路２７９號,58.16,其他,,,1141231,土地1建物1車位0,全,五層,透天厝,見其他登記事項,鋼筋混凝土造,0751205,302.35,5,2,5,有,無,18000000,59534,,0.0,0,一等親買賣親友、員工、共有人或其他特殊關係間之交易；,RPTNMLNKNHLGFBE28DA,290.59,0.0,11.76,無,,高雄市
龍潭區,土地,龍祥段998地號,67.83,,一般農業區,甲種建築用地,1150428,土地3建物0車位0,,,其他,,,,0.0,0,0,0,無,無,979680,14443,,0.0,0,土地增值稅雙方約定由買方負擔。親友、員工、共有人或其他特殊關係間之交易；,RPOOMLLKNHLGFCH08DA,0.0,0.0,0.0,無,,桃園市
三民區,房地(土地+建物)+車位,高雄市三民區敦化街２號十一樓,23.67,住,,,1150214,土地1建物1車位1,十一層,十四層,住宅大樓(11層含以上有電梯),見其它登記事項,鋼筋混凝土造,1090302,184.78,2,2,2,有,有,24500000,132590,坡道平面,28.14,0,含傢俱設備費；,RPSOMLLKNHLGFDE28DA,84.07,4.88,9.65,有,0283,高雄市
梧棲區,房地(土地+建物)+車位,臺中市梧棲區八德東路６９號二十三樓之８,9.42,商,,,1100915,土地1建物1車位1,二十三層,二十八層,住宅大樓(11層含以上有電梯),住家用,鋼筋混凝土造,1140606,131.06,3,2,2,有,有,6740000,55023,一樓平面,24.74,890000,民國111年9月11日讓售總金額新台幣690萬元整預售屋、或土地及建物分件登記案件；,RPSNMLSLMHLGFFB78DA,66.1,0.0,4.74,有,,台中市
竹北市,土地,貓兒錠段後面小段125-1地號,80.15,,特定農業區,交通用地,1150328,土地4建物0車位0,,,其他,,,,0.0,0,0,0,無,無,52000,649,,0.0,0,包含公共設施保留地用地；,RPQNMLSJNHLGFBJ98EA,0.0,0.0,0.0,無,,新竹縣
蘆竹區,房地(土地+建物)+車位,桃園市蘆竹區山鼻二路１３９號十樓,26.03,住,,,1131124,土地1建物1車位1,十層,十一層,住宅大樓(11層含以上有電梯),住家用,鋼筋混凝土造,1150319,155.11,3,2,2,有,有,17660000,128338,坡道平面,31.53,1800000,預售屋、或土地及建物分件登記案件；,RPPQMLTLMHLGFEH76DA,72.37,0.0,9.9,有,,桃園市
蘆竹區,房地(土地+建物)+車位,桃園市蘆竹區五福一路２２２號四樓,18.73,住,,,1130429,土地1建物1車位1,四層,十五層,住宅大樓(11層含以上有電梯),住家用,鋼筋混凝土造,1150123,124.52000000000001,2,2,2,有,有,13900000,131523,坡道平面,31.0,1600000,預售屋、或土地及建物分件登記案件；,RPSUNLRLJHLGFEH07DA,57.01,0.0,4.98,有,,桃園市
土城區,房地(土地+建物)+車位,新北市土城區青和街５１號七樓,13.65,住,,,1100403,土地1建物1車位1,七層,十五層,住宅大樓(11層含以上有電梯),住家用,鋼筋混凝土造,1150123,104.58,2,1,1,有,有,10080000,112394,坡道平面,31.8,1900000,預售屋、或土地及建物分件登記案件；,RPSPMLRLMHLGFAF78DA,45.77,0.0,2.94,有,,新北市
新店區,房地(土地+建物),新北市新店區中央一街１９號五樓,37.78,住,,,1150322,土地1建物1車位0,五層,五層,華廈(10層含以下有電梯),住家用,鋼筋混凝土造,0870710,138.06,3,2,2,有,無,23680000,171520,,0.0,0,其他增建；,RPRNMLTJMHLGFCF68DA,100.12,0.0,13.41,有,,新北市
平鎮區,房地(土地+建物)+車位,桃園市平鎮區南東路４８號五樓之２,60.7,工,,,1150326,土地8建物2車位4,地下層,七層,華廈(10層含以下有電梯),工業用,鋼筋混凝土造,0820506,395.41999999999996,5,2,3,有,無,11590000,29311,坡道平面,0.0,0,,RPUOMLLKNHLGFGH09DA,336.07,0.0,16.38,有,,桃園市
蘆洲區,房地(土地+建物),新北市蘆洲區民族路３３巷３６號,22.73,商,,,1141226,土地1建物1車位0,一層，陽台,四層,公寓(5樓含以下無電梯),住家用,加強磚造,0661126,57.0,0,0,0,無,無,9200000,161404,,0.0,0,其他增建；,RPUNMLMJLHLGFGF58DA,57.0,0.0,0.0,無,,新北市
小港區,房地(土地+建物)+車位,高雄市小港區宏平路４３３號十二樓之１２,9.57,其他,,,1121206,土地1建物1車位1,十二層,十八層,住宅大樓(11層含以上有電梯),見其它登記事項,見其它登記事項,1150212,140.4,3,2,2,有,有,11500000,83951,坡道機械,13.54,850000,預售屋、或土地及建物分件登記案件；,RPTOMLOJNHLGFCE48DA,73.32,0.0,9.4,有,,高雄市
新興區,房地(土地+建物),高雄市新興區中山一路１６號十一樓之７,4.6,其他,,,1100204,土地2建物1車位0,十一層,三十四層,住宅大樓(11層含以上有電梯),見其他登記事項,見其他登記事項,1150121,87.22,2,1,1,有,有,9270000,106283,,0.0,0,預售屋、或土地及建物分件登記案件；,RPTNMLRLLHLGFBE58DA,53.45,0.0,3.38,有,,高雄市
汐止區,房地(土地+建物),新北市汐止區福德二路１４８號７樓,13.99,住,,,1150325,土地1建物1車位0,七層,九層,華廈(10層含以下有電梯),住家用,鋼筋混凝土造,0861204,99.24000000000001,3,2,2,有,有,13100000,132003,,0.0,0,陽台外推；含租約；,RPPNMLLKNHLGFDF08EA,70.96,0.62,11.15,有,,新北市
龜山區,土地,南上段1-1地號,23.01,,,,1141120,土地1建物0車位0,,,其他,,,,0.0,0,0,0,無,無,397991,17296,,0.0,0,協議價購；,RPPRMLMJMHLGFHH88DA,0.0,0.0,0.0,無,0313,桃園市
左營區,房地(土地+建物)+車位,高雄市左營區文康路５２號三樓之６,10.76,住,,,1110130,土地1建物1車位1,三層,十二層,住宅大樓(11層含以上有電梯),見其它登記事項,見其它登記事項,1150113,116.06,2,1,2,有,有,10600000,112802,坡道平面,42.48,2300000,預售屋、或土地及建物分件登記案件；,RPXPMLPJNHLGFEE66DA,41.26,0.0,4.59,有,,高雄市
新興區,房地(土地+建物),高雄市新興區文化路５１號２樓之２,27.01,其他,,,1150413,土地2建物1車位0,二層,七層,華廈(10層含以下有電梯),見其他登記事項,鋼筋混凝土造,0681117,140.0,3,2,2,有,有,8000000,57143,,0.0,0,本案標的之社區停車位屬於所有區分所有權人所有，隨到隨停。親友、員工、共有人或其他特殊關係間之交易；,RPQOMLSKNHLGFBE58DA,140.0,0.0,0.0,有,,高雄市
橋頭區,房地(土地+建物),高雄市橋頭區仕豐南路仕龍南巷４９號,57.0,住,,,1150420,土地1建物1車位0,全,二層,透天厝,住商用,加強磚造,0660225,86.4,6,2,4,有,無,7500000,86806,,0.0,0,頂樓加蓋；其他增建；,RPXOMLNKNHLGFFE56DA,86.4,0.0,0.0,無,,高雄市
中山區,房地(土地+建物)+車位,臺北市中山區林森北路５３８號十三樓之２,4.98,都市：其他:第肆種商業區(依都市計畫說明書圖規定辦理，始得作第肆種商業區使用)(原屬第參種商業區)。,,,1150318,土地1建物1車位1,十三層,十四層,住宅大樓(11層含以上有電梯),住家用,鋼筋混凝土造,0940826,90.18,2,1,1,有,有,18380000,203815,升降平面,0.0,1800000,陽台外推；,RPUOMLRJNHLGFCA48DA,24.31,1.29,5.72,有,,台北市
楠梓區,房地(土地+建物),高雄市楠梓區右昌忠義七巷２２號,67.0,其他,,,1150303,土地2建物1車位0,全,二層,透天厝,見其它登記事項,加強磚造,0620215,58.81,2,2,2,有,無,7100000,120728,,0.0,0,二樓鐵皮其他增建；,RPPPMLRJNHLGFEE68DA,58.81,0.0,0.0,無,0173,高雄市
南屯區,房地(土地+建物),臺中市南屯區楓樹二街１１２號,111.87,住,,,1150317,土地2建物1車位0,全,四層,透天厝,住家用,鋼筋混凝土造,0960103,327.53,4,2,5,有,有,32600000,99533,,0.0,0,,RPPNMLSJMHLGFCB97DA,265.28,0.0,40.43,無,,台中市
橋頭區,房地(土地+建物)+車位,高雄市橋頭區成功南路４７１號八樓之２,19.34,住,,,1121031,土地1建物1車位1,八層,十五層,住宅大樓(11層含以上有電梯),見其他登記事項,鋼筋混凝土造,1150302,134.43,3,2,2,有,有,12810000,93643,坡道平面,14.72,1600000,預售屋、或土地及建物分件登記案件；,RPQOMLOJNHLGFFE48DA,63.4,0.0,12.74,有,,高雄市
楊梅區,房地(土地+建物),桃園市楊梅區民生街５０５巷１０弄４３號,90.06,,特定農業區,甲種建築用地,1150131,土地4建物1車位0,全,三層,透天厝,住家用,鋼筋混凝土造,0840113,188.02,4,2,3,有,無,3800000,20211,,0.0,0,其他增建；,RPPNMLMJNHLGFDH18DA,149.51,12.6,5.75,無,,桃園市
三民區,房地(土地+建物)+車位,高雄市三民區熱河三街４０號六樓,15.65,住,,,1150403,土地1建物1車位1,六層,十五層,住宅大樓(11層含以上有電梯),見其它登記事項,見其它登記事項,1141014,146.61,2,2,2,有,有,14300000,109334,坡道平面,35.94,2200000,,RPORMLRJMHLGFDE58DA,61.86,0.0,8.56,有,,高雄市
沙鹿區,土地,正義段493地號,224.99,住,,,1150325,土地2建物0車位0,,,其他,,,,0.0,0,0,0,無,無,13271700,58988,,0.0,0,,RPWNMLPLLHLGFFB78DA,0.0,0.0,0.0,無,0145,台中市
文山區,車位,臺北市文山區萬盛街１３０巷１８之１號地下二層,1.01,都市：其他:第三種住宅區。,,,1150419,土地1建物1車位1,地下二層，地下三層,十一層,其他,停車空間,鋼筋混凝土造,0890621,38.760000000000005,0,0,0,無,有,1920000,,坡道平面,38.77,1920000,僅車位交易；,RPUNMLKMMHLGFAA67DA,0.0,0.0,0.0,有,031,台北市
板橋區,房地(土地+建物)+車位,新北市板橋區中山路一段２３６號四十樓,41.08,商,,,1080725,土地4建物1車位2,四十層,四十六層,住宅大樓(11層含以上有電梯),住家用,鋼骨構造,1141023,485.65999999999997,6,4,5,有,有,104400000,231361,坡道平面,54.3,4600000,於民國111年10月27日簽訂房屋及土地權利轉讓書。預售屋、或土地及建物分件登記案件；,RPTPMLRLJHLGFAF58DA,252.62,20.21,12.5,有,,新北市
三重區,土地,五谷王段122地號,151.72,商,,,1150317,土地2建物0車位0,,,其他,,,,0.0,0,0,0,無,無,12380600,81602,,0.0,0,合建案建商與地主間之交易；,TPOOMLTLMHLGFGF66DA,0.0,0.0,0.0,無,0295,新北市
三民區,房地(土地+建物)+車位,高雄市三民區大豐二路２２５號二十七樓之６,5.37,商,,,1130710,土地1建物1車位1,二十七層,二十九層,住宅大樓(11層含以上有電梯),見其它登記事項,鋼筋混凝土造,1141218,92.83,2,1,2,有,有,10500000,125803,坡道機械,19.7,1300000,預售屋、或土地及建物分件登記案件；,RPRRMLKLJHLGFDE08DA,43.38,0.0,3.87,有,,高雄市
淡水區,房地(土地+建物),新北市淡水區新市一路一段１１０號十五樓,13.06,住,,,1150310,土地1建物1車位0,十五層,二十三層,住宅大樓(11層含以上有電梯),住家用,鋼筋混凝土造,1051020,85.37,2,1,1,有,有,8250000,96638,,0.0,0,陽台外推；其他增建；,RPPNMLLJNHLGFEF97DA,50.4,3.91,5.67,有,0292,新北市
太平區,房地(土地+建物)+車位,臺中市太平區育才路１７７號二樓之６,19.14,住,,,1121201,土地1建物1車位1,二層,十五層,住宅大樓(11層含以上有電梯),住家用,鋼筋混凝土造,1150113,125.62,2,2,2,有,有,12580000,110689,坡道平面,28.23,1800000,預售屋、或土地及建物分件登記案件；,RPSQMLLMLHLGFJB78DA,56.59,0.0,7.06,有,,台中市
桃源區,房地(土地+建物),高雄市桃源區瓦阿係路２號,1000.0,,鄉村區,乙種建築用地,1150427,土地1建物1車位0,全,一層,透天厝,住家用,加強磚造,0841121,139.17,4,2,2,有,無,1600000,11497,,0.0,0,親友、員工、共有人或其他特殊關係間之交易；,RPPNMLOKNHLGFKE98EA,139.17,0.0,0.0,無,,高雄市
太平區,房地(土地+建物)+車位,臺中市太平區育才路１７７號三樓之７,19.14,住,,,1130425,土地1建物1車位1,三層,十五層,住宅大樓(11層含以上有電梯),住家用,鋼筋混凝土造,1150113,124.68,2,2,1,有,有,12490000,109798,坡道平面,28.23,1900000,預售屋、或土地及建物分件登記案件；,RPOPMLMLMHLGFJB38DA,56.0,0.0,7.06,有,,台中市
竹北市,房地(土地+建物)+車位,新竹縣竹北市聯興三街１３６巷５１弄１１０號,130.84,,特定農業區,甲種建築用地,1150122,土地5建物1車位2,全,四層,透天厝,住家用,鋼筋混凝土造,1040717,233.99,5,2,4,有,有,20200000,86328,一樓平面,0.0,0,其他增建；,RPSNMLNLJHLGFBJ38DA,230.8,3.19,0.0,無,083,新竹縣
八德區,房地(土地+建物)+車位,桃園市八德區永豐路５０６巷１９號八樓,18.5,住,,,1121229,土地1建物1車位1,八層,十五層,住宅大樓(11層含以上有電梯),住家用,鋼筋混凝土造,1141208,142.4,3,2,2,有,有,13910000,106396,坡道平面,28.11,1750000,預售屋、或土地及建物分件登記案件；,RPQNMLPJNHLGFFH78DA,69.58,0.0,7.81,有,,桃園市
士林區,房地(土地+建物),臺北市士林區雨聲街５８巷３號四樓,17.25,都市：其他:第三種住宅區。,,,1150315,土地1建物1車位0,四層,五層,公寓(5樓含以下無電梯),住家用,鋼筋混凝土造,0820609,62.88,1,1,1,有,無,13000000,206743,,0.0,0,露台加蓋。陽台外推；其他增建；,RPPNMLPKLHLGFEA77DA,30.86,11.45,12.69,無,072,台北市
蘆竹區,房地(土地+建物)+車位,桃園市蘆竹區五福一路２２０之３號十樓,23.67,住,,,1150316,土地1建物1車位2,十層,十五層,住宅大樓(11層含以上有電梯),住家用,鋼筋混凝土造,1150123,180.11,3,2,2,有,無,14680000,98552,坡道平面,62.0,3040000,親友、員工、共有人或其他特殊關係間之交易；預售屋、或土地及建物分件登記案件；,RPUNMLKMMHLGFEH78DA,70.37,0.0,7.78,有,,桃園市
小港區,房地(土地+建物),高雄市小港區宏平路４３３號四樓之２,7.98,其他,,,1120608,土地1建物1車位0,四層,十八層,住宅大樓(11層含以上有電梯),見其它登記事項,見其它登記事項,1150212,105.22,2,2,1,有,有,8250000,78407,,0.0,0,預售屋、或土地及建物分件登記案件；,RPXNMLOJNHLGFCE78DA,58.46,0.0,10.07,有,,高雄市
新屋區,房地(土地+建物)+車位,桃園市新屋區東興路一段９７６巷２１號,134.69,,特定農業區,甲種建築用地,1150131,土地2建物1車位1,全,三層,透天厝,住家用,鋼筋混凝土造,1150123,188.85,4,2,4,有,無,13000000,68838,一樓平面,0.0,0,,RPQNMLQJNHLGFDH68DA,163.56,0.0,25.0,無,,桃園市
小港區,房地(土地+建物),高雄市小港區宏平路４３３號十四樓之５,6.84,其他,,,1120519,土地1建物1車位0,十四層,十八層,住宅大樓(11層含以上有電梯),見其它登記事項,見其它登記事項,1150212,91.03999999999999,2,2,1,有,有,7200000,79086,,0.0,0,預售屋、或土地及建物分件登記案件；,RPPOMLOJNHLGFCE08DA,52.29,0.0,7.01,有,,高雄市
北埔鄉,房地(土地+建物),新竹縣北埔鄉中山路１４２巷１之３號,68.09,住,,,1130713,土地1建物1車位0,全,四層,透天厝,住家用,鋼筋混凝土造,1150305,236.29,3,2,4,有,無,18800000,79563,,0.0,0,預售屋、或土地及建物分件登記案件；,RPWPMLQJNHLGFCJ96DA,236.29,0.0,0.0,有,,新竹縣
龜山區,房地(土地+建物)+車位,桃園市龜山區興華五街５９號三樓之六,48.42,住,,,1150409,土地1建物1車位1,三層,八層,華廈(10層含以下有電梯),住家用,鋼筋混凝土造,0850313,144.94,3,2,1,有,有,12880000,88864,坡道平面,0.0,0,,RPXOMLQJNHLGFHH27DA,82.95,0.0,9.65,有,,桃園市
蘆竹區,房地(土地+建物)+車位,桃園市蘆竹區山鼻二路１８３號,26.22,住,,,1130718,土地1建物1車位1,一層,十一層,住宅大樓(11層含以上有電梯),商業用,鋼筋混凝土造,1150319,156.12,0,0,0,無,有,19880000,144313,坡道平面,31.53,1900000,預售屋、或土地及建物分件登記案件；,RPOPMLPJNHLGFEH68DA,70.38,0.0,12.9,有,,桃園市
桃園區,房地(土地+建物)+車位,桃園市桃園區永安路４２１號五樓,14.98,住,,,1120816,土地1建物1車位1,五層,十四層,住宅大樓(11層含以上有電梯),住家用,鋼筋混凝土造,1141117,120.69,2,2,1,有,有,12570000,119478,坡道平面,32.64,2050000,114年1月11日二親等內原價轉讓預售屋、或土地及建物分件登記案件；,RPXOMLLKNHLGFAH78DA,53.34,0.0,5.27,有,,桃園市
八里區,房地(土地+建物),新北市八里區中華路二段５３８之８號五樓,8.69,住,,,1150121,土地1建物1車位0,五層,十六層,住宅大樓(11層含以上有電梯),住家用,鋼筋混凝土造,0840715,83.69,2,1,1,有,有,6700000,80057,,0.0,0,,RPRNMLKLLHLGFEF08DA,51.25,0.0,8.6,有,0358,新北市
北區,房地(土地+建物)+車位,臺中市北區太原北路１３０號７樓之４,16.46,商,,,1150302,土地1建物1車位1,七層,十層,華廈(10層含以下有電梯),商業用,鋼筋混凝土造,0791002,192.79,0,0,0,無,有,11500000,59647,升降機械,15.71,0,辦公大樓,RPQNMLQJNHLGFBB87DA,137.98,0.0,0.0,有,,台中市
八里區,房地(土地+建物)+車位,新北市八里區中山路一段１２９巷２０號五樓,22.47,住,,,1150323,土地1建物1車位1,五層,七層,華廈(10層含以下有電梯),住家用,鋼筋混凝土造,0820115,135.91,2,2,2,有,有,8200000,60334,坡道平面,0.0,0,停車位編號: 5號,RPWNMLOLMHLGFEF09DA,79.31,0.52,9.22,有,,新北市
龍潭區,房地(土地+建物)+車位,桃園市龍潭區永昌路５１巷３９弄２６號三樓,53.2,住,,,1150411,土地2建物1車位1,三層,七層,華廈(10層含以下有電梯),住家用,鋼筋混凝土造,1141124,173.95999999999998,4,2,2,有,有,16300000,99154,坡道平面,26.21,1650000,,RPWNMLSKNHLGFCH86DA,93.11,0.0,9.74,有,,桃園市
蘆竹區,房地(土地+建物)+車位,桃園市蘆竹區五福一路２２０號十樓,24.64,住,,,1150316,土地1建物1車位2,十層,十五層,住宅大樓(11層含以上有電梯),住家用,鋼筋混凝土造,1150123,184.95,3,2,2,有,有,14920000,96625,坡道平面,62.0,3040000,親友、員工、共有人或其他特殊關係間之交易；預售屋、或土地及建物分件登記案件；,RPTNMLKMMHLGFEH68DA,74.15,0.0,7.21,有,,桃園市
西屯區,房地(土地+建物)+車位,臺中市西屯區黎明路三段１５１號八樓之１,16.97,住,,,1150414,土地1建物1車位1,八層,十九層,住宅大樓(11層含以上有電梯),住家用,鋼筋混凝土造,1140410,162.92000000000002,3,2,2,有,有,22550000,138411,坡道平面,33.17,0,,RPPOMLSLMHLGFCB28DA,78.47,0.0,6.43,有,0046,台中市
蘆竹區,房地(土地+建物)+車位,桃園市蘆竹區山鼻二路１４３號六樓,25.85,住,,,1130714,土地1建物1車位1,六層,十一層,住宅大樓(11層含以上有電梯),住家用,鋼筋混凝土造,1150319,154.39,3,2,2,有,有,15890000,114683,坡道平面,31.53,1800000,預售屋、或土地及建物分件登記案件；,RPSQMLTLMHLGFEH07DA,72.27,0.0,9.46,有,,桃園市
三民區,房地(土地+建物),高雄市三民區大豐一路４８０巷１２弄８號,59.0,住,,,1150302,土地1建物1車位0,全,二層,透天厝,見其它登記事項,鋼筋混凝土造,0750721,85.47,6,1,4,有,無,13000000,152100,,0.0,0,親友、員工、共有人或其他特殊關係間之交易；,RPQNMLMJNHLGFDE97DA,81.29,0.0,4.18,無,,高雄市
大樹區,土地,水廠段1015地號,1125.11,,一般農業區,農牧用地,1150426,土地1建物0車位0,,,其他,,,,0.0,0,0,0,無,無,3062549,2722,,0.0,0,親友、員工、共有人或其他特殊關係間之交易；,RPXNMLRLMHLGFGE96DA,0.0,0.0,0.0,無,,高雄市
觀音區,房地(土地+建物)+車位,桃園市觀音區莊敬三街２７８號二樓,25.18,住,,,1130110,土地1建物1車位1,二層,十四層,住宅大樓(11層含以上有電梯),住家用,鋼筋混凝土造,1150204,130.12,3,2,2,有,有,8390000,69355,坡道平面,26.45,1200000,預售屋、或土地及建物分件登記案件；,RPOQMLQKMHLGFBH58DA,61.81,0.0,7.06,有,,桃園市
三芝區,房地(土地+建物),新北市三芝區海尾１３之６２號五樓,16.63,,一般農業區,甲種建築用地,1100910,土地1建物1車位0,五層,十層,華廈(10層含以下有電梯),住家用,鋼筋混凝土造,1150108,51.22,1,0,1,有,有,4350000,84928,,0.0,0,本案為樂齡銀髮養生宅，銷售物件統一包含室內規劃設置預售屋、或土地及建物分件登記案件；,RPRPMLNJNHLGFEF58DA,32.58,0.0,2.18,有,,新北市
大甲區,房地(土地+建物),臺中市大甲區經國路２５００巷１０弄３６號,64.25,住,,,1150331,土地1建物1車位0,全,四層,透天厝,住商用,鋼筋混凝土造,1131023,197.53,4,2,5,有,有,12600000,63788,,0.0,0,,RPRNMLQKMHLGFEB28DA,171.83,0.0,25.7,無,,台中市
三重區,房地(土地+建物)+車位,新北市三重區元信一街２２５號十二樓,15.89,住,,,1090812,土地1建物1車位1,十二層,二十層,住宅大樓(11層含以上有電梯),住家用,鋼筋混凝土造,1150206,127.96000000000001,2,2,2,有,有,13450000,129116,坡道平面,39.28,2000000,權利人於115年3月6日取得本標的.預售屋、或土地及建物分件登記案件；,RPXNMLNLMHLGFGF66DA,54.01,1.32,2.87,有,,新北市
大園區,土地,福海段1293地號,100.0,住,,,1150324,土地1建物0車位0,,,其他,,,,0.0,0,0,0,無,無,12700000,127000,,0.0,0,,RPROMLRKMHLGFEH09DA,0.0,0.0,0.0,無,,桃園市
平鎮區,房地(土地+建物),桃園市平鎮區大勇街２巷２弄２號,87.48,,鄉村區,乙種建築用地,1150401,土地1建物1車位0,全,五層,透天厝,住家用,鋼筋混凝土造,0861105,254.78,4,2,3,有,有,15520000,60915,,0.0,0,,RPVNMLOKNHLGFGH76DA,206.42,35.99,12.04,無,,桃園市
板橋區,房地(土地+建物),新北市板橋區重慶路２４５巷７７號六樓,21.43,住,,,1150315,土地1建物1車位0,六層,七層,華廈(10層含以下有電梯),住家用,鋼筋混凝土造,,108.6,3,2,2,有,有,15280000,140700,,0.0,0,,RPTNMLNLLHLGFAF18DA,85.03,3.04,9.03,有,,新北市
桃園區,房地(土地+建物),桃園市桃園區正光一街５８號,16.72,住,,,1150304,土地3建物1車位0,一層,十五層,住宅大樓(11層含以上有電梯),商業用,鋼筋混凝土造,1070202,98.9,0,0,0,無,有,21570000,218099,,0.0,0,有附1個機車位,RPRPMLOKMHLGFAH48DA,59.63,0.0,6.8,有,0188,桃園市
竹北市,房地(土地+建物)+車位,新竹縣竹北市科大二街１５５號四樓之三,25.38,住,,,1150131,土地1建物1車位1,四層,十四層,住宅大樓(11層含以上有電梯),住家用,鋼筋混凝土造,1130813,176.07,3,2,2,有,有,25100000,174499,坡道平面,45.41,2300000,,RPQNMLTLMHLGFBJ09DA,80.64,0.0,7.13,有,,新竹縣
內湖區,房地(土地+建物),臺北市內湖區內湖路三段７號三樓之２,6.63,都市：其他:第三種商業區。,,,1150326,土地1建物1車位0,三層,十層,華廈(10層含以下有電梯),商業用,鋼筋混凝土造,0840125,55.19,2,1,1,有,有,15150000,274506,,0.0,0,陽台外推；其他增建；,RPVNMLRLMHLGFCA58DA,40.14,0.0,1.82,有,087,台北市
土城區,房地(土地+建物)+車位,新北市土城區青和街６５號十二樓,21.85,住,,,1100102,土地1建物1車位1,十二層,十五層,住宅大樓(11層含以上有電梯),住家用,鋼筋混凝土造,1150123,147.43,3,2,2,有,有,14330000,106633,坡道平面,31.8,2000000,預售屋、或土地及建物分件登記案件；,RPSQMLRLMHLGFAF88DA,73.22,0.0,4.11,有,,新北市
西屯區,土地,廣安段144-5地號,65.38,農,,,1150416,土地1建物0車位0,,,其他,,,,0.0,0,0,0,無,無,4192166,64120,,0.0,0,政府機關標讓售；,RPSNMLOKNHLGFCB08DA,0.0,0.0,0.0,無,,台中市
三重區,房地(土地+建物)+車位,新北市三重區忠孝路三段１８８號六樓之二,27.35,住,,,1150406,土地1建物1車位1,六層,十四層,住宅大樓(11層含以上有電梯),住家用,鋼筋混凝土造,1140514,152.57999999999998,3,2,2,有,有,28000000,209859,坡道平面,31.07,2500000,,RPURMLQKMHLGFGF96DA,70.94,0.0,9.19,有,0062,新北市
萬華區,房地(土地+建物)+車位,臺北市萬華區萬大路４２３巷５２號七樓之２,20.26,都市：其他:第三種住宅區。,,,1150429,土地4建物1車位1,七層,十四層,住宅大樓(11層含以上有電梯),住家用,鋼筋混凝土造,0970103,94.65,3,2,2,有,有,15000000,158479,坡道平面,0.0,0,親友、員工、共有人或其他特殊關係間之交易；,RPPNMLSJNHLGFBA87DA,51.53,0.0,4.88,有,,台北市
鳳山區,房地(土地+建物),高雄市鳳山區南和街１１６號,118.0,其他,,,1150408,土地1建物1車位0,全,二層,透天厝,住商用,加強磚造,0660906,146.32,9,7,4,有,無,19600000,133953,,0.0,0,含裝潢費；頂樓加蓋；其他增建；,RPOOMLLLMHLGFGE18DA,146.32,0.0,0.0,無,,高雄市
沙鹿區,房地(土地+建物)+車位,臺中市沙鹿區三民路１０９號十一樓之１,24.24,住,,,1120508,土地1建物1車位1,十一層,十五層,住宅大樓(11層含以上有電梯),住家用,鋼筋混凝土造,1150212,140.88,3,2,2,有,有,13880000,106440,坡道平面,25.98,1650000,預售屋、或土地及建物分件登記案件；,RPQVMLOLLHLGFFB88DA,69.51,0.0,7.15,有,,台中市
沙鹿區,房地(土地+建物)+車位,臺中市沙鹿區三民路１０７號十樓之７,18.89,住,,,1120727,土地1建物1車位1,十層,十五層,住宅大樓(11層含以上有電梯),住家用,鋼筋混凝土造,1150212,115.44,2,2,2,有,有,12460000,119718,坡道平面,25.98,1750000,預售屋、或土地及建物分件登記案件；,RPPTNLOLLHLGFFB68DA,53.74,0.0,5.99,有,,台中市
蘆竹區,房地(土地+建物)+車位,桃園市蘆竹區山鼻二路１６９號三樓,18.57,住,,,1130602,土地1建物1車位1,三層,十一層,住宅大樓(11層含以上有電梯),住家用,鋼筋混凝土造,1150319,118.53999999999999,2,2,1,有,有,11950000,117241,坡道平面,30.26,1600000,預售屋、或土地及建物分件登記案件；,RPVQMLSLMHLGFEH27DA,53.85,0.0,4.89,有,,桃園市
霧峰區,房地(土地+建物)+車位,臺中市霧峰區蘭生街７３號五樓,35.42,住,,,1150327,土地1建物1車位1,五層,七層,華廈(10層含以下有電梯),其他,鋼筋混凝土造,0921104,172.09,3,2,2,有,有,8700000,50555,坡道平面,21.78,0,,RPXNMLKKMHLGFIB68DA,104.48,0.0,15.36,有,,台中市
桃園區,土地,埔子段北門埔子小段90-1地號,0.56,都市：其他:道路用地,,,1150401,土地1建物0車位0,,,其他,,,,0.0,0,0,0,無,無,35000,0,,0.0,0,包含公共設施保留地用地；,RPPSMLLJMHLGFAH18DA,0.0,0.0,0.0,無,0028,桃園市
北屯區,房地(土地+建物)+車位,臺中市北屯區環太東路４６７號十四樓之７,23.61,住,,,1150314,土地1建物1車位1,十四層,十五層,住宅大樓(11層含以上有電梯),住家用,鋼筋混凝土造,1090820,148.38,3,2,2,有,有,14880000,103446,坡道平面,23.87,2000000,,RPQOMLSJMHLGFBB08DA,71.11,1.17,10.89,有,0094,台中市
汐止區,房地(土地+建物),新北市汐止區汐萬路二段３２５巷２號３樓,41.07,,鄉村區,乙種建築用地,1150206,土地1建物1車位0,三層,三層,公寓(5樓含以下無電梯),住家用,鋼筋混凝土造,0681029,79.2,3,2,1,有,無,4200000,53030,,0.0,0,頂樓加蓋；,RPQNMLLKNHLGFDF08DA,79.2,0.0,0.0,無,,新北市
三芝區,房地(土地+建物),新北市三芝區中興街二段４２巷１４號四樓,20.44,都市：其他:住宅區,,,1150406,土地2建物1車位0,四層,七層,華廈(10層含以下有電梯),住家用,鋼筋混凝土造,0841129,103.57,2,2,2,有,有,3500000,33794,,0.0,0,,RPQOMLQJNHLGFEF78EA,65.63,0.0,10.39,有,,新北市
竹北市,土地,豐田段87地號,3129.66,,特定農業區,農牧用地,1150108,土地2建物0車位0,,,其他,,,,0.0,0,0,0,無,無,44500000,14219,,0.0,0,,RPPNMLPKNHLGFBJ68EA,0.0,0.0,0.0,無,,新竹縣
北屯區,房地(土地+建物)+車位,臺中市北屯區崇德六路一段５１號１０樓,32.04,住,,,1150105,土地1建物1車位2,十層,十二層,住宅大樓(11層含以上有電梯),住家用,鋼筋混凝土造,0900521,243.60000000000002,4,2,2,有,有,17060000,70033,坡道平面,73.9,0,,RPTOMLRJNHLGFBB38DA,113.91,1.62,11.73,有,,台中市
中山區,房地(土地+建物)+車位,臺北市中山區吉林路２號二樓之３,11.18,都市：其他:第參種商業區(依都市計畫說明書圖規定辦理，始得作第參種商業區使用)(原屬第參之貳種住宅區)。,,,1150408,土地2建物1車位1,二層,十四層,住宅大樓(11層含以上有電梯),住家用,鋼筋混凝土造,0990906,101.37,3,2,2,有,有,23300000,229851,坡道平面,37.25,0,二親等間買賣親友、員工、共有人或其他特殊關係間之交易；,RPTNMLPJNHLGFCA08DA,49.33,1.57,4.84,有,042,台北市
岡山區,房地(土地+建物)+車位,高雄市岡山區岡山路８９巷７號十三樓,35.14,住,,,1150310,土地1建物1車位1,十三層,十三層,住宅大樓(11層含以上有電梯),住家用,鋼筋混凝土造,0950512,173.74,3,2,2,有,有,11600000,66766,坡道平面,0.0,0,鐵鋁窗增建。其他增建；,RPTTMLKLMHLGFFE98DA,95.75,0.0,13.13,有,,高雄市
太平區,房地(土地+建物)+車位,臺中市太平區旱溪東路二段１１７號十二樓,18.35,住,,,1150225,土地1建物1車位1,十二層,十二層,住宅大樓(11層含以上有電梯),住家用,鋼筋混凝土造,1041007,144.58,3,2,2,有,有,13500000,93374,坡道平面,21.23,0,,RPOOMLRKLHLGFJB58DA,75.36,0.0,4.29,有,,台中市
左營區,房地(土地+建物),高雄市左營區文自路２６６號十五樓之２,4.91,商,,,1150331,土地1建物1車位0,十五層,十六層,住宅大樓(11層含以上有電梯),住家用,鋼筋混凝土造,0850523,62.42,2,1,1,有,有,5200000,83307,,0.0,0,含裝潢費；含傢俱設備費；陽台外推；,RPVNMLLJMHLGFEE38DA,41.4,0.0,7.0,有,0168,高雄市
桃園區,土地,龍祥段631地號,5.64,都市：其他:道路用地,,,1150504,土地1建物0車位0,,,其他,,,,0.0,0,0,0,無,無,885480,157000,,0.0,0,包含公共設施保留地用地；協議價購；,RPVNMLPJNHLGFAH78DA,0.0,0.0,0.0,無,0001,桃園市
蘆竹區,房地(土地+建物)+車位,桃園市蘆竹區五福一路２１６之５號三樓,25.24,住,,,1131018,土地1建物1車位1,三層,十五層,住宅大樓(11層含以上有電梯),住家用,鋼筋混凝土造,1150123,156.88,4,2,2,有,有,19900000,143391,坡道平面,31.0,1850000,預售屋、或土地及建物分件登記案件；,RPXVMLRLJHLGFEH57DA,75.03,0.0,8.44,有,,桃園市
桃園區,房地(土地+建物)+車位,桃園市桃園區大興西路三段１２號十二樓,11.47,住,,,1130128,土地1建物1車位1,十二層,二十二層,住宅大樓(11層含以上有電梯),住家用,鋼筋混凝土造,1150120,109.80000000000001,2,2,1,有,有,13650000,139639,坡道平面,24.58,1750000,預售屋、或土地及建物分件登記案件；,RPRQMLRJNHLGFAH88DA,49.94,0.61,5.23,有,,桃園市
三民區,房地(土地+建物),高雄市三民區建武路１０巷５號五樓,32.46,住,,,1150403,土地6建物1車位0,五層,五層,公寓(5樓含以下無電梯),見其它登記事項,鋼筋混凝土造,0680719,95.21,3,2,2,有,無,5570000,58502,,0.0,0,,RPWNMLOKMHLGFDE78DA,90.29,0.0,4.92,無,0078,高雄市
北屯區,房地(土地+建物)+車位,臺中市北屯區南興北一路１１８號八樓之５,14.66,住,,,1121010,土地1建物1車位1,八層,十七層,住宅大樓(11層含以上有電梯),住家用,鋼筋混凝土造,1150205,125.43,2,2,1,有,有,14130000,138517,坡道平面,34.25,1500000,預售屋、或土地及建物分件登記案件；,RPUNNLMJMHLGFBB87DA,55.06,0.0,4.67,有,,台中市
蘆竹區,房地(土地+建物)+車位,桃園市蘆竹區山鼻路１１０之１號十樓,24.24,住,,,1130308,土地1建物1車位1,十層,十層,華廈(10層含以下有電梯),住家用,鋼筋混凝土造,1150128,152.28,3,2,2,有,有,15900000,110613,坡道平面,25.26,1850000,預售屋、或土地及建物分件登記案件；,RPUTMLTLMHLGFEH57DA,76.97,0.0,9.09,有,,桃園市
文山區,房地(土地+建物),臺北市文山區羅斯福路五段２２５號九樓,18.49,都市：其他:第參種商業區(依都市計畫說明書圖規定辦理，始得作第參種商業區使用)(原屬第肆之壹種住宅區)。,,,1150130,土地5建物1車位0,九層,十層,華廈(10層含以下有電梯),住家用,鋼筋混凝土造,0731006,116.82,3,2,2,有,有,27400000,234549,,0.0,0,陽台外推；,RPQOMLRKLHLGFAA77DA,95.65,0.0,16.48,有,,台北市
蘆竹區,房地(土地+建物)+車位,桃園市蘆竹區中正路２７號十七樓之１３,2.53,住,,,1150429,土地1建物1車位1,十七層,二十七層,住宅大樓(11層含以上有電梯),住家用,鋼筋混凝土造,0860122,53.660000000000004,2,1,1,有,有,4200000,78256,坡道平面,0.0,900000,蘆竹區-南新段 地號0743-0000：權利範圍：200/200000，車位移轉 1/2。親友、員工、共有人或其他特殊關係間之交易；,RPRNMLQJNHLGFEH98EA,31.92,1.17,0.0,有,,桃園市
茄萣區,房地(土地+建物),高雄市茄萣區光明街９號,125.0,住,,,1150421,土地1建物1車位0,全,三層,透天厝,見其他登記事項,鋼筋混凝土造,1140806,251.08,5,2,5,有,無,18200000,72487,,0.0,0,,RPQNMLTJNHLGFJE66DA,240.64,0.0,10.44,無,,高雄市
永和區,房地(土地+建物),新北市永和區中山路一段１００號十二樓,6.72,商,,,1100926,土地4建物1車位0,十二層,十五層,住宅大樓(11層含以上有電梯),住家用,鋼筋混凝土構造,1141202,68.28999999999999,2,2,1,有,有,12410000,181725,,0.0,0,預售屋、或土地及建物分件登記案件；,RPVPMLOJNHLGFHF76DA,40.69,0.0,4.36,有,,新北市
萬華區,房地(土地+建物),臺北市萬華區青年路１６８巷４９弄１３號二樓之２,11.42,都市：其他:第三種住宅區。,,,1150127,土地1建物1車位0,二層,五層,公寓(5樓含以下無電梯),住家用,鋼筋混凝土造,0640523,37.41,0,1,1,有,有,5700000,152366,,0.0,0,,RPTPMLQKMHLGFBA28DA,31.61,0.0,0.0,無,125,台北市
楠梓區,房地(土地+建物)+車位,高雄市楠梓區學專路５７７號十樓,18.54,住,,,1130728,土地1建物1車位1,十層,十五層,住宅大樓(11層含以上有電梯),見其它登記事項,見其它登記事項,1141229,158.57999999999998,3,2,2,有,有,17780000,121663,坡道平面,30.11,2150000,預售屋、或土地及建物分件登記案件；,RPQPMLOJNHLGFEE48DA,68.17,0.0,13.05,有,,高雄市
左營區,房地(土地+建物),高雄市左營區文康路５２號四樓之３,11.82,住,,,1110213,土地1建物1車位0,四層,十二層,住宅大樓(11層含以上有電梯),見其它登記事項,見其它登記事項,1150113,80.92,2,1,2,有,有,9250000,114310,,0.0,0,預售屋、或土地及建物分件登記案件；,RPPPMLPJNHLGFEE48DA,46.74,0.0,3.58,有,,高雄市
太平區,房地(土地+建物),臺中市太平區光德路３０巷５號,78.98,,鄉村區,乙種建築用地,1150326,土地1建物1車位0,全,二層,透天厝,住商用,加強磚造,0691025,88.2,3,3,2,有,無,7300000,82766,,0.0,0,陽台外推；頂樓加蓋；其他增建；,RPPNMLQKMHLGFJB58DA,88.2,0.0,0.0,無,,台中市
彌陀區,土地,南庄段61地號,2421.49,,一般農業區,農牧用地,1150131,土地1建物0車位0,,,其他,,,,0.0,0,0,0,無,無,10800000,4460,,0.0,0,,RPRNMLMJKHLGFFE97DA,0.0,0.0,0.0,無,,高雄市
永和區,房地(土地+建物),新北市永和區永和路一段２號九樓之四,11.63,商,,,1150202,土地2建物1車位0,九層,十三層,住宅大樓(11層含以上有電梯),商業用,鋼筋混凝土造,0840401,122.94,4,2,2,有,有,26100000,212299,,0.0,0,,RPPNMLTKMHLGFHF09DA,103.38,0.0,8.95,有,,新北市
中和區,房地(土地+建物)+車位,新北市中和區中興街２０２巷４３號十四樓,28.2,住,,,1150223,土地1建物1車位1,十四層,十四層,住宅大樓(11層含以上有電梯),住家用,鋼筋混凝土造,0951110,165.39,3,2,2,有,有,22380000,135317,坡道平面,53.49,0,陽台外推；,RPSNMLRKMHLGFHF56DA,71.54,0.93,9.07,有,,新北市
北屯區,房地(土地+建物)+車位,臺中市北屯區南興北一路１１８號十六樓之３,19.76,住,,,1120817,土地1建物1車位1,十六層,十七層,住宅大樓(11層含以上有電梯),住家用,鋼筋混凝土造,1150205,157.28,3,2,2,有,有,19380000,142892,坡道平面,34.25,1800000,預售屋、或土地及建物分件登記案件；,RPTRNLMJMHLGFBB18DA,73.02,0.0,7.57,有,,台中市
龜山區,房地(土地+建物)+車位,桃園市龜山區興華一街３０３號八樓,30.57,住,,,1120506,土地1建物1車位1,八層,十一層,住宅大樓(11層含以上有電梯),住家用,鋼筋混凝土造,1150114,156.3,3,1,2,有,有,18250000,135215,坡道平面,37.23,2150000,預售屋、或土地及建物分件登記案件；,RPWNMLNJNHLGFHH76DA,71.91,0.0,7.21,有,,桃園市
北區,房地(土地+建物)+車位,臺中市北區三民路三段３２９號八樓之６,16.93,商,,,1150316,土地2建物1車位1,八層,十八層,住宅大樓(11層含以上有電梯),住家用,鋼筋混凝土造,1130718,138.42000000000002,3,2,2,有,有,15000000,108366,坡道平面,30.99,0,,RPOPMLRLMHLGFBB08DA,62.84,0.0,7.03,有,0125,台中市
萬華區,房地(土地+建物)+車位,臺北市萬華區開封街二段７５號十二樓之６,6.68,都市：其他:第肆種商業區(依都市計畫說明書圖規定辦理，始得作第肆種商業區使用)(原屬第參種商業區)。,,,1150227,土地1建物1車位1,十二層,十五層,住宅大樓(11層含以上有電梯),住家用,鋼筋混凝土造,1140613,72.08000000000001,1,1,1,有,有,21450000,322291,塔式車位,10.8,1700000,,RPTNMLPJNHLGFBA97DA,34.31,0.0,3.82,有,,台北市
大安區,房地(土地+建物),臺北市大安區安居街９巷３３號三樓,20.75,都市：其他:第三種住宅區。,,,1150317,土地1建物1車位0,三層，陽臺,四層,公寓(5樓含以下無電梯),住家用,鋼筋混凝土造,0620702,49.25,2,1,1,有,無,9800000,198985,,0.0,0,,RPPPMLSJNHLGFFA48DA,49.25,0.0,0.0,無,,台北市
鳳山區,房地(土地+建物)+車位,高雄市鳳山區中山東路１９２巷１９６號七樓,27.19,其他,,,1150406,土地1建物1車位1,七層,十五層,住宅大樓(11層含以上有電梯),見其他登記事項,見其他登記事項,1150302,155.82999999999998,3,2,2,有,有,13000000,84331,坡道平面,23.02,1800000,,RPSOMLSJNHLGFGE56DA,70.46,0.0,12.95,有,,高雄市
梓官區,土地,梓平段585地號,127.76,其他,,,1150511,土地1建物0車位0,,,其他,,,,0.0,0,0,0,無,無,4200000,32874,,0.0,0,親友、員工、共有人或其他特殊關係間之交易；,RPSNMLSKNHLGFFE09DA,0.0,0.0,0.0,無,,高雄市
西屯區,房地(土地+建物)+車位,臺中市西屯區臺灣大道三段７６３號二十七樓之１０,5.92,商,,,1091111,土地1建物1車位1,二十七層,三十六層,住宅大樓(11層含以上有電梯),住家用,鋼骨造,1141028,115.17,2,2,1,有,有,10940000,109798,坡道平面,30.56,1650000,1.讓渡日期:114/10/302.此申報總價為1200萬元預售屋、或土地及建物分件登記案件；,RPPPNLPJNHLGFCB08DA,46.98,3.71,4.76,有,,台中市
外埔區,房地(土地+建物)+車位,臺中市外埔區六分路２８０巷４８號７樓之２,30.87,住,,,1150409,土地1建物1車位1,七層,七層,華廈(10層含以下有電梯),住家用,鋼筋混凝土造,0850429,159.06,3,2,2,有,有,6200000,38979,坡道機械,0.0,0,權狀無單獨車位面積,RPPNMLSLMHLGFEB38DA,95.12,3.41,12.61,有,,台中市
大園區,土地,竹圍段三塊石小段503地號,1465.0,,特定農業區,農牧用地,1150401,土地1建物0車位0,,,其他,,,,0.0,0,0,0,無,無,54287410,37056,,0.0,0,,RPTNMLRJNHLGFEH56DA,0.0,0.0,0.0,無,0136,桃園市
三民區,土地,大港段三小段804-23地號,51.5,都市：其他:第五種商業區,,,1150423,土地2建物0車位0,,,其他,,,,0.0,5,3,3,有,無,15000000,291262,,0.0,0,親友、員工、共有人或其他特殊關係間之交易；未登記建物；,RPPNMLLKNHLGFDE87DA,0.0,0.0,0.0,有,,高雄市
鳳山區,房地(土地+建物),高雄市鳳山區五福二路１００巷２４弄１之４號,22.85,住,,,1150417,土地3建物1車位0,五層,五層,公寓(5樓含以下無電梯),住家用,鋼筋混凝土造,0681020,68.13,3,2,1,有,無,2500000,36695,,0.0,0,,RPUOMLSJNHLGFGE76DA,68.13,0.0,0.0,無,,高雄市
淡水區,房地(土地+建物)+車位,新北市淡水區新市一路一段２６０之６號五樓,16.26,住,,,1150404,土地1建物1車位1,五層,十四層,住宅大樓(11層含以上有電梯),住家用,鋼筋混凝土造,1140314,105.39,2,2,1,有,有,9250000,87769,坡道平面,27.91,0,,RPVOMLQJNHLGFEF66EA,44.58,3.34,3.2,有,0067,新北市
西屯區,車位,臺中市西屯區惠中路一段５１號三樓之１等公共設施,0.0,,,,1150320,土地0建物1車位5,,,其他,,,,121.26,0,0,0,無,有,3000000,,坡道平面,121.26,0,建物坐落地號：惠國段11地號；僅車位交易；,RPQONLPJNHLGFCB08DA,0.0,0.0,0.0,有,,台中市
左營區,房地(土地+建物),高雄市左營區文強路３１６號十二樓之３,11.47,其他,,,1150206,土地1建物1車位0,十二層,十四層,住宅大樓(11層含以上有電梯),住家用,鋼筋混凝土造,0941125,83.56,2,2,1,有,有,8300000,99330,,0.0,0,,RPSOMLRLLHLGFEE88DA,50.9,2.21,5.67,有,0310,高雄市
淡水區,車位,新北市淡水區北新路１４１巷６０弄１１號等地下一、二樓,0.39,住,,,1150507,土地1建物1車位1,地下一層，地下二層,十四層,其他,停車場,鋼筋混凝土造,0830809,35.29,0,0,0,無,有,900000,,坡道平面,35.29,900000,僅車位交易；,RPXNMLRJNHLGFEF76DA,0.0,0.0,0.0,有,0011,新北市
鼓山區,房地(土地+建物)+車位,高雄市鼓山區青海路５５號九樓,28.14,住,,,1150207,土地1建物1車位2,九層,二十四層,住宅大樓(11層含以上有電梯),住家用,鋼筋混凝土造,1020619,299.95000000000005,4,2,3,有,有,36500000,121687,坡道平面,56.78,0,,RPSNMLPJNHLGFAE18DA,139.67,7.82,15.35,有,0302,高雄市
小港區,房地(土地+建物)+車位,高雄市小港區松園六路１１３號十三樓,15.21,商,,,1120510,土地1建物1車位1,十三層,十七層,住宅大樓(11層含以上有電梯),見其它登記事項,見其它登記事項,1140829,153.64999999999998,3,1,2,有,有,13100000,82051,坡道平面,17.15,1900000,預售屋、或土地及建物分件登記案件；,RPTUMLPKKIKGFCE98DA,67.8,0.0,19.5,有,,高雄市
西屯區,房地(土地+建物),臺中市西屯區杏林路４７巷２８號,117.0,住,,,1150120,土地1建物1車位0,全,二層,透天厝,住家用,加強磚造,0710731,110.62,3,2,2,有,無,12000000,108479,,0.0,0,親友、員工、共有人或其他特殊關係間之交易；,RPWNMLQJLHLGFCB38DA,105.68,0.0,4.94,無,,台中市
太平區,土地,中天段14地號,296.04,,,,1150504,土地1建物0車位0,,,其他,,,,0.0,0,0,0,無,無,9850731,33275,,0.0,0,,SPUNMLSJNHLGFJB76DA,0.0,0.0,0.0,無,,台中市
新豐鄉,房地(土地+建物)+車位,新竹縣新豐鄉中崙２２６之１８號七樓,23.31,,特定農業區,甲種建築用地,1130407,土地2建物1車位1,七層,十一層,住宅大樓(11層含以上有電梯),住家用,鋼筋混凝土造,1141215,111.22,2,2,2,有,無,9480000,101406,坡道平面,31.54,1400000,預售屋、或土地及建物分件登記案件；,RPQOMLKMLHLGFDJ48DA,48.5,0.0,3.76,有,,新竹縣
鳳山區,房地(土地+建物)+車位,高雄市鳳山區保泰路４２０號十九樓,13.34,其他,,,1150324,土地1建物1車位1,十九層,二十四層,住宅大樓(11層含以上有電梯),見其他登記事項,見其他登記事項,1140613,153.56,3,2,2,有,有,16950000,119924,坡道平面,32.65,2450000,,RPWOMLPJNHLGFGE66DA,72.97,0.0,4.91,有,,高雄市
前鎮區,房地(土地+建物)+車位,高雄市前鎮區光華三路１５７號九樓之２,12.7,商,,,1150411,土地1建物1車位1,九層,十五層,住宅大樓(11層含以上有電梯),住家用,鋼筋混凝土造,0950614,152.05,3,2,2,有,有,12880000,84709,坡道平面,34.87,0,含傢俱設備費；,RPPNMLRJNHLGFCE28DA,71.81,3.15,9.37,有,,高雄市
林口區,房地(土地+建物)+車位,新北市林口區文林四街３３巷１號十一樓,45.15,住,,,1150211,土地1建物1車位2,十一層,十二層,住宅大樓(11層含以上有電梯),住家用,鋼筋混凝土造,1020125,221.05,3,2,2,有,有,24000000,119696,坡道平面,53.96,4000000,其他增建；,RPROMLRKMHLGFBF58DA,99.05,5.54,9.26,有,0347,新北市
關西鎮,土地,關農段743-1地號,1.09,,,,1150422,土地1建物0車位0,,,其他,,,,0.0,0,0,0,無,無,33858,31062,,0.0,0,包含公共設施保留地用地；協議價購；,RPOQMLPJNHLGFBJ68DA,0.0,0.0,0.0,無,014,新竹縣
桃園區,房地(土地+建物)+車位,桃園市桃園區水岸二街１８號七樓,24.42,住,,,1130713,土地1建物1車位1,七層,十四層,住宅大樓(11層含以上有電梯),住家用,鋼筋混凝土造,1150130,164.32,3,2,2,有,無,20720000,144200,坡道平面,32.42,1700000,本案權利人係民國115.03.27原價讓渡。二親等預售屋、或土地及建物分件登記案件；,RPRNMLRJNHLGFAH58DA,81.34,0.0,5.79,有,,桃園市
苓雅區,房地(土地+建物)+車位,高雄市苓雅區四維四路２３８號四樓,7.52,商,,,1150323,土地1建物1車位1,四層,十五層,住宅大樓(11層含以上有電梯),見其他登記事項,鋼筋混凝土造,1070621,116.77000000000001,2,2,2,有,有,13600000,116468,塔式車位,13.81,0,含裝潢費；含傢俱設備費；,RPROMLOLLHLGFBE18DA,58.84,4.19,6.06,有,0178,高雄市
新莊區,房地(土地+建物)+車位,新北市新莊區中華路二段２７０號九樓,15.16,住,,,1150331,土地1建物1車位1,九層,十七層,住宅大樓(11層含以上有電梯),住家用,鋼筋混凝土造,0820907,134.01,2,2,2,有,有,17280000,165405,坡道平面,42.84,2200000,其他增建；,RPRNMLMKNHLGFBF18EA,83.71,0.0,10.61,有,0202,新北市
深坑區,房地(土地+建物),新北市深坑區松柏街２８巷６號二樓,51.6,,一般農業區,甲種建築用地,1150418,土地3建物1車位0,二層,二層,公寓(5樓含以下無電梯),住家用,加強磚造,0690305,58.51,2,1,1,有,無,3000000,51273,,0.0,0,,RPSNMLMKNHLGFCF28DA,58.51,0.0,0.0,無,,新北市
大寮區,土地,明善段385-4地號,681.65,住,,,1150409,土地3建物0車位0,,,其他,,,,0.0,0,0,0,無,無,6180000,9066,,0.0,0,,RPPNMLKMMHLGFLE68DA,0.0,0.0,0.0,無,,高雄市
平鎮區,房地(土地+建物)+車位,桃園市平鎮區龍慈路１００２號八樓,11.0,商,,,1141226,土地1建物1車位1,八層,十五層,住宅大樓(11層含以上有電梯),住家用,鋼筋混凝土造,1150120,123.46,2,2,2,有,有,13080000,120056,坡道平面,31.17,2000000,預售屋、或土地及建物分件登記案件；,RPQNMLLKNHLGFGH58DA,55.54,0.0,3.9,有,,桃園市
鳥松區,房地(土地+建物)+車位,高雄市鳥松區松埔北巷２之９３號二樓,18.96,,鄉村區,乙種建築用地,1150408,土地1建物1車位1,二層,十五層,住宅大樓(11層含以上有電梯),住家用,鋼筋混凝土造,0860204,149.78,3,2,2,有,有,6200000,41394,坡道平面,36.56,0,親友、員工、共有人或其他特殊關係間之交易；,RPSNMLMKNHLGFIE78DA,74.4,0.0,9.55,有,0131,高雄市
苓雅區,房地(土地+建物),高雄市苓雅區憲政路４６巷４弄７號,21.88,其他,,,1150208,土地1建物1車位0,一層，走廊,六層,華廈(10層含以下有電梯),,鋼筋混凝土造,0580801,121.11,4,2,2,有,有,6300000,52019,,0.0,0,,RPVNMLSJNHLGFBE88DA,121.11,0.0,0.0,有,,高雄市
西屯區,房地(土地+建物)+車位,臺中市西屯區市政北一路３３５號二十七樓之８,9.65,都市：其他:第六種新市政中心專用區,,,1110626,土地1建物1車位1,二十七層,三十七層,住宅大樓(11層含以上有電梯),住家用,鋼骨鋼筋混凝土造、鋼筋混凝土造,1150313,179.39,3,2,2,有,有,31150000,178099,坡道平面,16.84,2200000,預售屋、或土地及建物分件登記案件；,RPVRMLOJNHLGFCB68DA,88.06,6.53,13.78,有,,台中市
小港區,土地,坪北段549-8地號,572.55,都市：其他:住宅區,,,1150204,土地2建物0車位0,,,其他,,,,0.0,0,0,0,無,無,8588200,15000,,0.0,0,協議價購；,RPVTMLLLMHLGFCE98DA,0.0,0.0,0.0,無,0261,高雄市
沙鹿區,房地(土地+建物)+車位,臺中市沙鹿區三民路１０９號十二樓之１,24.24,住,,,1121004,土地1建物1車位1,十二層,十五層,住宅大樓(11層含以上有電梯),住家用,鋼筋混凝土造,1150212,140.88,3,2,2,有,有,14250000,109225,坡道平面,25.98,1700000,預售屋、或土地及建物分件登記案件；,RPOOMLPKMHLGFFB08DA,69.51,0.0,7.15,有,,台中市
楠梓區,房地(土地+建物)+車位,高雄市楠梓區大學二十六街２７巷１７號十二樓,12.97,商,,,1150317,土地1建物1車位1,十二層,十五層,住宅大樓(11層含以上有電梯),住家用,見其它登記事項,1030509,128.34,3,2,2,有,有,12280000,95683,坡道平面,19.1,0,陽台外推；,RPQNMLOKNHLGFEE38DA,61.91,0.83,8.48,有,0223,高雄市
龍潭區,房地(土地+建物),桃園市龍潭區中興路３９２巷１７號,79.06,,鄉村區,乙種建築用地,1150402,土地1建物1車位0,全,二層,透天厝,住家用,加強磚造,0691105,108.0,3,2,2,有,無,7600000,70370,,0.0,0,頂樓加蓋；,RPRNMLPKMHLGFCH58DA,108.0,0.0,0.0,無,,桃園市
三芝區,房地(土地+建物)+車位,新北市三芝區海尾１３之２６號八樓,29.71,,一般農業區,甲種建築用地,1110122,土地1建物1車位1,八層,十三層,住宅大樓(11層含以上有電梯),住家用,鋼筋混凝土造,1150108,117.52000000000001,2,2,1,有,有,9840000,92331,坡道平面,26.11,1400000,本案為樂齡銀髮養生宅，銷售物件統一包含室內規劃設置。預售屋、或土地及建物分件登記案件；,RPQNMLNJNHLGFEF28DA,59.14,0.0,2.75,有,,新北市
林口區,土地,太平二段511地號,253.8,都市：其他:道路用地,,,1150414,土地6建物0車位0,,,其他,,,,0.0,0,0,0,無,無,765000,3014,,0.0,0,,RPTNMLPKMHLGFBF48DA,0.0,0.0,0.0,無,,新北市
中壢區,房地(土地+建物)+車位,桃園市中壢區正義路９０號三樓,32.16,住,,,1150330,土地1建物1車位1,三層,七層,華廈(10層含以下有電梯),住家用,鋼筋混凝土造,0960514,156.97,3,2,2,有,有,12100000,77085,坡道平面,0.0,0,陽台外推；,RPRRMLOKNHLGFBH88DA,82.23,2.88,4.67,有,,桃園市
永和區,房地(土地+建物),新北市永和區福和路１０巷５號四樓,28.5,商,,,1150408,土地2建物1車位0,四層,四層,公寓(5樓含以下無電梯),住家用,Ｒ．Ｃ構架,0620914,64.68,3,1,1,有,無,11000000,170068,,0.0,0,親友、員工、共有人或其他特殊關係間之交易；,RPSOMLLKNHLGFHF78DA,64.68,0.0,0.0,無,,新北市
西屯區,房地(土地+建物)+車位,臺中市西屯區市政北一路３３５號五樓之８,9.65,都市：其他:第六種新市政中心專用區,,,1110720,土地1建物1車位1,五層,三十七層,住宅大樓(11層含以上有電梯),住家用,鋼骨鋼筋混凝土造、鋼筋混凝土造,1150313,179.39,3,2,2,有,有,29080000,166595,坡道平面,16.84,2000000,轉讓日期民國112年8月30日。預售屋、或土地及建物分件登記案件；,RPQRMLOJNHLGFCB18DA,88.06,6.53,13.78,有,,台中市
西屯區,房地(土地+建物)+車位,臺中市西屯區青海路二段４６３號四樓之３,33.26,住,,,1110620,土地1建物1車位2,四層,十五層,住宅大樓(11層含以上有電梯),住家用,鋼筋混凝土造,1141216,255.91,4,2,2,有,有,33060000,150762,坡道平面,59.84,3500000,有讓渡合約，讓渡日期：114年5月9日，讓渡金額不變。車位總價中無法拆分個別車位價格。預售屋、或土地及建物分件登記案件；,RPSNMLSLMHLGFCB48DA,115.61,0.0,14.7,有,,台中市
五股區,房地(土地+建物)+車位,新北市五股區新城八路３４１號十樓,27.07,住,,,1130321,土地1建物1車位1,十層,十五層,住宅大樓(11層含以上有電梯),住家用,鋼筋混凝土造,1141223,145.79,3,2,2,有,有,18580000,148940,坡道平面,36.82,2350000,預售屋、或土地及建物分件登記案件；,RPXVMLTLMHLGFBF57DA,61.48,6.61,5.1,有,,新北市
信義區,房地(土地+建物)+車位,臺北市信義區永吉路２１２號十樓,16.38,都市：其他:第參種商業區(依都市計畫說明書圖規定辦理，始得作第參種商業區使用)(原屬第貳種商業區)。,,,1150410,土地2建物1車位1,十層,二十一層,住宅大樓(11層含以上有電梯),住家用,鋼骨鋼筋混凝土造,1111215,204.61,3,2,2,有,有,63500000,363581,坡道平面,40.96,4000000,,RPQOMLSJNHLGFDA28DA,96.16,4.9,7.41,有,036,台北市
西屯區,房地(土地+建物)+車位,臺中市西屯區臺灣大道三段７６１號五樓之１１,5.68,商,,,1090918,土地1建物1車位1,五層,三十六層,住宅大樓(11層含以上有電梯),住家用,鋼骨造,1141028,91.84,2,2,1,有,有,9300000,106023,坡道機械,12.14,850000,1.讓渡日期:114/3/182.此申報總價為原始買賣合約價格預售屋、或土地及建物分件登記案件；,RPWOMLOLMHLGFCB58DA,46.59,1.53,4.1,有,,台中市
三民區,房地(土地+建物),高雄市三民區大豐二路２２５號八樓之１０,5.37,商,,,1121124,土地1建物1車位0,八層,二十九層,住宅大樓(11層含以上有電梯),見其它登記事項,鋼筋混凝土造,1141218,73.13,2,1,2,有,有,7820000,106933,,0.0,0,預售屋、或土地及建物分件登記案件；,RPXSMLKLJHLGFDE78DA,43.38,0.0,3.87,有,,高雄市
新埔鎮,土地,泰陽段178地號,109.26,,鄉村區,乙種建築用地,1150205,土地1建物0車位0,,,其他,,,,0.0,0,0,0,無,無,2508889,22963,,0.0,0,地清或未辦繼承標售；,RPQNMLLKNHLGFBJ38EA,0.0,0.0,0.0,無,,新竹縣
新竹市,房地(土地+建物)+車位,新竹市新竹市民富街３３７號五樓,43.17,住,,,1130727,土地1建物1車位1,五層,十五層,住宅大樓(11層含以上有電梯),住家用,鋼筋混凝土造,1150114,277.13,3,2,3,有,有,39280000,150210,坡道平面,29.61,2100000,預售屋、或土地及建物分件登記案件；,RPUOMLLKNHLGFAO56DA,149.09,0.0,12.15,有,,新竹市
三民區,房地(土地+建物)+車位,高雄市三民區大豐二路２２５號十一樓之１５,7.76,其他,,,1130302,土地1建物1車位1,十一層,二十九層,住宅大樓(11層含以上有電梯),見其它登記事項,鋼筋混凝土造,1141218,137.48000000000002,3,2,2,有,有,13350000,108696,坡道平面,31.68,1850000,115.01.16有讓渡情形預售屋、或土地及建物分件登記案件；,RPVOMLLJMHLGFDE38DA,63.36,0.0,4.97,有,,高雄市
烏日區,房地(土地+建物)+車位,臺中市烏日區高鐵路二段１３６號十八樓之７,17.46,商,,,1150301,土地1建物1車位1,十八層,二十層,住宅大樓(11層含以上有電梯),住家用,鋼筋混凝土造,1110805,139.45,3,2,2,有,有,16480000,118179,坡道平面,24.76,0,,RPQOMLRJNHLGFIB78DA,69.63,0.0,5.44,有,,台中市
大樹區,土地,土角厝段374-1地號,285.51,住,,,1150412,土地1建物0車位0,,,其他,,,,0.0,0,0,0,無,無,8500000,29771,,0.0,0,,RPWNMLNKMHLGFGE98DA,0.0,0.0,0.0,無,,高雄市
中壢區,房地(土地+建物)+車位,桃園市中壢區中園路１９２號八樓之１５,68.8,,工業區,丁種建築用地,1140523,土地1建物1車位3,八層,十二層,住宅大樓(11層含以上有電梯),工業用,鋼筋混凝土造,1141127,454.47,0,0,0,無,有,32000000,81784,坡道平面,123.72,4950000,預售屋、或土地及建物分件登記案件；,RPTNMLTKLHLGFBH98DA,212.64,0.0,0.0,有,,桃園市
淡水區,房地(土地+建物)+車位,新北市淡水區義山路一段４０１巷４８號十三樓,13.23,住,,,1121012,土地1建物1車位1,十三層,十四層,住宅大樓(11層含以上有電梯),住家用,鋼筋混凝土造,1150407,114.63,2,2,1,有,有,10010000,96251,坡道平面,25.8,1460000,預售屋、或土地及建物分件登記案件；,RPXNMLSLMHLGFEF96DA,54.46,0.0,4.56,有,,新北市
中山區,房地(土地+建物),臺北市中山區新生北路三段５６巷１號七樓之３,4.01,都市：其他:第肆種商業區(依都市計畫說明書圖規定辦理，始得作第肆種商業區使用)(原屬第參種商業區)。,,,1150318,土地1建物1車位0,七層,十二層,住宅大樓(11層含以上有電梯),商業用,鋼筋混凝土造,0700410,43.06,1,1,1,有,有,9850000,228751,,0.0,0,其他增建；,RPWOMLNLLHLGFCA28DA,30.97,0.0,3.55,有,095,台北市
八德區,房地(土地+建物)+車位,桃園市八德區長興路７００之２０號,71.84,,特定農業區,甲種建築用地,1150301,土地1建物1車位1,全,五層,透天厝,住家用,鋼筋混凝土造,0940707,217.02,3,2,3,有,有,13250000,61054,一樓平面,0.0,0,陽台外推；其他增建；,RPVNMLQJNHLGFFH76DA,179.82,10.6,24.38,無,,桃園市
左營區,房地(土地+建物)+車位,高雄市左營區民族一路１１８８號八樓之８,14.5,住,,,1150111,土地1建物1車位1,八層,二十四層,住宅大樓(11層含以上有電梯),見其它登記事項,見其它登記事項,1081204,159.89999999999998,3,2,2,有,有,14000000,85406,坡道機械,13.54,1500000,,RPVNMLRJNHLGFEE09DA,69.82,1.16,22.93,有,0321,高雄市
泰山區,房地(土地+建物)+車位,新北市泰山區明志路二段２９８巷６之１２號九樓,16.47,住,,,1130518,土地2建物1車位1,九層,十四層,住宅大樓(11層含以上有電梯),住家用,鋼筋混凝土造,1141210,108.46000000000001,3,2,1,有,有,17300000,175303,坡道平面,24.32,2550000,預售屋、或土地及建物分件登記案件；,RPUUMLOKJIKGFBF88DA,49.67,0.0,5.44,有,,新北市
新莊區,車位,新北市新莊區思源路１３９號等,2.07,住,,,1150430,土地1建物1車位1,,,其他,,,,36.79,0,0,0,無,有,2525000,,坡道平面,36.79,2525000,僅車位交易；,RPOPMLPJNHLGFBF18DA,0.0,0.0,0.0,有,0129,新北市
汐止區,房地(土地+建物)+車位,新北市汐止區新台五路二段９３號１２樓,6.78,住,,,1150318,土地1建物1車位1,十二層,二十五層,住宅大樓(11層含以上有電梯),住家用,鋼筋混凝土造,0840824,158.19,3,2,2,有,有,18000000,113787,坡道平面,0.0,2100000,陽台外推；,RPQOMLKMMHLGFDF18DA,82.45,1.17,10.51,有,0180,新北市
汐止區,房地(土地+建物),新北市汐止區福德一路１４１巷１２號七樓,17.29,住,,,1150318,土地2建物1車位0,七層,八層,華廈(10層含以下有電梯),住家用,鋼筋混凝土造,0840422,95.84,3,2,2,有,有,13500000,140860,,0.0,0,陽台外推；,RPXNMLKMMHLGFDF78DA,70.17,0.0,8.02,有,,新北市
太平區,房地(土地+建物)+車位,臺中市太平區育才路１６９號二樓之５,20.2,住,,,1130720,土地1建物1車位1,二層,十五層,住宅大樓(11層含以上有電梯),住家用,鋼筋混凝土造,1150113,123.69,2,2,1,有,有,12520000,112298,坡道平面,28.23,1800000,預售屋、或土地及建物分件登記案件；,RPXOMLMLMHLGFJB56DA,57.42,0.0,7.06,有,,台中市
蘆竹區,房地(土地+建物)+車位,桃園市蘆竹區豪登一街１５８號五樓,12.83,商,,,1121020,土地1建物1車位1,五層,十五層,住宅大樓(11層含以上有電梯),住家用,鋼筋混凝土造,1150327,135.04,3,2,1,有,有,11600000,93527,坡道平面,27.05,1500000,預售屋、或土地及建物分件登記案件；,RPOSMLNLMHLGFEH88DA,64.54,0.0,7.26,有,,桃園市
平鎮區,房地(土地+建物)+車位,桃園市平鎮區平東路２３９巷３０１號六樓,37.32,,一般農業區,甲種建築用地,1150330,土地1建物1車位1,六層,七層,華廈(10層含以下有電梯),住家用,鋼筋混凝土造,1050220,177.37,3,2,2,有,有,9900000,55816,坡道平面,0.0,0,,RPQNMLOLMHLGFGH88DA,88.15,3.7,8.54,有,0201,桃園市
鳳山區,房地(土地+建物),高雄市鳳山區鳳東路２４８巷１號,78.8,住,,,1150323,土地2建物1車位0,全,二層,透天厝,住商用,加強磚造,0680505,100.0,5,2,2,有,無,8040000,80400,,0.0,0,二等親買賣頂樓增建、一樓空地增建親友、員工、共有人或其他特殊關係間之交易；其他增建；,RPTPMLLKNHLGFGE78DA,100.0,0.0,0.0,無,,高雄市
前鎮區,房地(土地+建物)+車位,高雄市前鎮區一心二路１９３號十三樓,8.26,商,,,1150303,土地1建物1車位1,十三層,二十九層,住宅大樓(11層含以上有電梯),見其它登記事項,鋼筋混凝土造,1130902,153.12,3,2,2,有,有,18500000,120046,坡道平面,23.17,2900000,,RPQNMLKMMHLGFCE87DA,75.9,2.41,5.04,有,,高雄市
西屯區,房地(土地+建物)+車位,臺中市西屯區青海路二段４６３號八樓之３,33.23,住,,,1140524,土地1建物1車位2,八層,十五層,住宅大樓(11層含以上有電梯),住家用,鋼筋混凝土造,1141216,255.91,3,2,2,有,有,38330000,169735,坡道平面,59.84,5050000,有讓渡合約，讓渡日期：114年07月17日，讓渡金額不變。車位總價中無法拆分個別車位價格。預售屋、或土地及建物分件登記案件；,RPQQMLSLMHLGFCB58DA,115.61,0.0,14.7,有,,台中市
淡水區,房地(土地+建物)+車位,新北市淡水區竹林路１２２之３號二樓,43.45,住,,,1150330,土地1建物1車位1,二層,十五層,住宅大樓(11層含以上有電梯),住家用,鋼筋混凝土造,1140724,162.41000000000003,3,2,2,有,有,19000000,135188,坡道平面,35.18,1800000,,RPXNMLMLMHLGFEF98DA,75.71,0.0,7.19,有,,新北市
新興區,房地(土地+建物),高雄市新興區復橫一路２４６號,81.0,都市：其他:第二種特定商業專用區,,,1150304,土地1建物1車位0,全,二層,透天厝,見其他登記事項,加強磚造,0530306,99.36,6,2,3,有,無,14000000,140902,,0.0,0,本物件增建部分:一樓增建沿著加蓋，增建至4樓。其他增建；,RPPNMLLKMHLGFBE57DA,99.36,0.0,0.0,無,,高雄市
湖口鄉,土地,勝利段551-1地號,23.04,,鄉村區,交通用地,1150413,土地1建物0車位0,,,其他,,,,0.0,0,0,0,無,無,450000,19531,,0.0,0,包含公共設施保留地用地；,RPQNMLKMMHLGFDJ48DA,0.0,0.0,0.0,無,,新竹縣
新興區,房地(土地+建物),高雄市新興區中山一路１６號九樓之７,4.6,都市：其他:第五種商業區,,,1100201,土地2建物1車位0,九層,三十四層,住宅大樓(11層含以上有電梯),見其他登記事項,見其他登記事項,1150121,87.22,2,1,1,有,有,9210000,105595,,0.0,0,另有讓渡金額975萬元預售屋、或土地及建物分件登記案件；,RPRNMLRLLHLGFBE38DA,53.45,0.0,3.38,有,,高雄市
竹北市,房地(土地+建物)+車位,新竹縣竹北市六家一路二段２８號六樓,42.61,住,,,1150322,土地1建物1車位1,六層,十層,華廈(10層含以下有電梯),住家用,鋼筋混凝土造,1140917,189.61,3,2,2,有,有,36800000,243684,坡道平面,49.88,2750000,,RPTNMLNKMHLGFBJ68DA,86.11,0.0,4.87,有,,新竹縣
蘆竹區,房地(土地+建物)+車位,桃園市蘆竹區山鼻路１１２之５號七樓,13.95,住,,,1130408,土地1建物1車位1,七層,九層,華廈(10層含以下有電梯),住家用,鋼筋混凝土造,1150128,97.95,2,1,1,有,有,10660000,122575,坡道平面,25.26,1750000,預售屋、或土地及建物分件登記案件；,RPPUMLTLMHLGFEH17DA,44.85,0.0,4.42,有,,桃園市
北屯區,房地(土地+建物)+車位,臺中市北屯區南興北一路１１６號四樓之６,15.03,住,,,1120916,土地1建物1車位2,四層,十七層,住宅大樓(11層含以上有電梯),住家用,鋼筋混凝土造,1150205,162.2,2,2,1,有,有,16100000,139808,坡道平面,68.5,3000000,預售屋、或土地及建物分件登記案件；,RPXPMLMJMHLGFBB28DA,56.27,0.0,5.09,有,,台中市
新屋區,房地(土地+建物),桃園市新屋區保安路一段９０巷３１號二樓,26.31,,特定農業區,甲種建築用地,1140110,土地1建物1車位0,二層,五層,華廈(10層含以下有電梯),住家用,鋼筋混凝土造,1150116,72.64,2,2,1,有,有,5380000,74064,,0.0,0,預售屋、或土地及建物分件登記案件；,RPUOMLRJNHLGFDH66DA,56.13,0.0,3.58,有,,桃園市
八德區,房地(土地+建物)+車位,桃園市八德區建國路９７２巷２１號十五樓,18.31,住,,,1130309,土地1建物1車位1,十五層,十五層,住宅大樓(11層含以上有電梯),住家用,鋼筋混凝土造,1150309,153.97,3,2,2,有,有,15000000,112279,坡道平面,35.07,1650000,預售屋、或土地及建物分件登記案件；,RPTOMLLKNHLGFFH88DA,68.19,0.0,10.34,有,,桃園市
太平區,房地(土地+建物),臺中市太平區育才路１７７號二樓之５,12.76,住,,,1130420,土地1建物1車位0,二層,十五層,住宅大樓(11層含以上有電梯),住家用,鋼筋混凝土造,1150113,63.53,0,0,0,無,有,7060000,111129,,0.0,0,預售屋、或土地及建物分件登記案件；,RPRQMLLMLHLGFJB68DA,36.35,0.0,5.15,有,,台中市
桃園區,房地(土地+建物),桃園市桃園區大業路一段６３之１號二樓,8.16,住,,,1150308,土地1建物1車位0,二層,二十一層,住宅大樓(11層含以上有電梯),住家用,鋼筋混凝土造,0850412,85.18,2,2,1,有,有,6500000,76309,,0.0,0,陽台外推；,RPVRMLTLMHLGFAH07DA,52.39,4.2,7.83,有,0157,桃園市
南屯區,房地(土地+建物)+車位,臺中市南屯區黎明路二段３５９之５號三樓,17.7,住,,,1141223,土地1建物1車位1,三層,十三層,住宅大樓(11層含以上有電梯),住家用,鋼筋混凝土造,0830425,157.67000000000002,3,2,2,有,有,12000000,76108,坡道機械,0.0,0,親友、員工、共有人或其他特殊關係間之交易；,RPPNMLMKNHLGFCB67EA,108.26,4.8,10.48,有,,台中市
楊梅區,房地(土地+建物)+車位,桃園市楊梅區金溪路３３７號三樓,20.03,住,,,1121026,土地1建物1車位1,三層,七層,華廈(10層含以下有電梯),住家用,鋼筋混凝土造,1150129,103.22,2,2,1,有,有,7250000,74608,坡道平面,24.81,1400000,預售屋、或土地及建物分件登記案件；,RPOOMLTJKHLGFDH58DA,48.35,0.0,4.7,有,,桃園市
汐止區,房地(土地+建物)+車位,新北市汐止區汐萬路二段２２８巷１８弄１８號４樓,47.18,,山坡地保育區,丙種建築用地,1150401,土地1建物1車位1,四層,七層,華廈(10層含以下有電梯),住家用,鋼筋混凝土造,0850209,160.37,3,2,2,有,有,6500000,40531,坡道平面,47.8,0,,RPTNMLPKNHLGFDF78DA,78.67,1.03,10.37,無,,新北市
潭子區,房地(土地+建物),臺中市潭子區圓通南路１３６號六樓之１,12.5,住,,,1150317,土地3建物1車位0,六層,七層,華廈(10層含以下有電梯),住家用,鋼筋混凝土造,0820120,89.78,3,1,1,有,無,5000000,55692,,0.0,0,,RPUNMLNKMHLGFHB58DA,61.31,6.43,10.24,有,,台中市
桃園區,房地(土地+建物)+車位,桃園市桃園區中正五街１４５號九樓,25.26,住,,,1150331,土地1建物1車位1,九層,九層,華廈(10層含以下有電梯),住家用,鋼筋混凝土造,0870804,173.68,2,2,2,有,有,14080000,81069,坡道平面,0.0,0,,RPPPMLQKMHLGFAH48DA,103.17,0.0,13.43,有,,桃園市
東勢區,土地,東勢段石角小段3473地號,365.0,,山坡地保育區,林業用地,1150424,土地1建物0車位0,,,其他,,,,0.0,0,0,0,無,無,919800,2520,,0.0,0,政府機關標讓售；,RPPNMLKMMHLGFGB87DA,0.0,0.0,0.0,無,,台中市
苓雅區,房地(土地+建物),高雄市苓雅區福德一路１３４巷１２弄８號,65.14,住,,,1150408,土地1建物1車位0,全,二層,透天厝,,加強磚造,0640327,78.87,2,1,2,有,無,6000000,76075,,0.0,0,二親等買賣,RPPNMLSJNHLGFBE28DA,78.87,0.0,0.0,無,,高雄市
北投區,房地(土地+建物),臺北市北投區中和街２１３號八樓,4.84,都市：其他:第三種商業區。,,,1090216,土地1建物1車位0,八層,十三層,住宅大樓(11層含以上有電梯),住家用,鋼筋混凝土造,1150302,51.120000000000005,2,1,1,有,有,8460000,165493,,0.0,0,本案於111.3.19.第一次權利轉讓，112.5.4.第二次權利轉讓，第二次權利轉讓總金額988萬元整。預售屋、或土地及建物分件登記案件；,RPVOMLLKNHLGFEA28DA,30.39,0.0,3.29,有,,台北市
三民區,房地(土地+建物)+車位,高雄市三民區同盟一路８１號十二樓之２,16.15,其他,,,1150322,土地1建物1車位1,十二層,十五層,住宅大樓(11層含以上有電梯),見其它登記事項,見其它登記事項,1111013,137.36,3,2,2,有,有,14500000,105562,坡道平面,17.6,0,,RPQPMLPKNHLGFDE58DA,59.7,0.0,16.49,有,,高雄市
新莊區,車位,新北市新莊區中環路二段２３０號二樓,0.94,住,,,1150414,土地1建物1車位1,二層,二十五層,其他,集合住宅,鋼骨構造,1071018,39.239999999999995,0,0,0,無,有,2500000,,坡道平面,39.24,2500000,僅車位交易；,RPWOMLNKNHLGFBF78DA,0.0,0.0,0.0,有,0112,新北市
楠梓區,房地(土地+建物)+車位,高雄市楠梓區大學三十八街５５號八樓,15.43,住,,,1150414,土地1建物1車位1,八層,十五層,住宅大樓(11層含以上有電梯),見其它登記事項,見其它登記事項,1130830,107.34,2,2,2,有,有,9300000,86641,坡道平面,25.79,0,,RPQNMLRKNHLGFEE68DA,48.2,0.0,3.39,有,0125,高雄市
樹林區,房地(土地+建物),新北市樹林區龍興街３１巷２４號三樓,32.72,住,,,1150226,土地1建物1車位0,三層，陽台,四層,公寓(5樓含以下無電梯),住家用,鋼筋混凝土造,0640124,100.14,3,2,2,有,無,7900000,78890,,0.0,0,陽台外推；其他增建；,RPPNMLSJNHLGFIF09DA,100.14,0.0,0.0,無,,新北市
太平區,房地(土地+建物)+車位,臺中市太平區旱溪西路二段２５１號七樓之２,34.66,住,,,1150317,土地1建物1車位2,七層,十五層,住宅大樓(11層含以上有電梯),住家用,鋼筋混凝土造,1051104,193.86,4,2,2,有,有,18000000,92851,坡道平面,35.76,0,,RPOOMLLKNHLGFJB18DA,92.44,2.72,12.6,有,,台中市
北屯區,房地(土地+建物)+車位,臺中市北屯區南興北一路１１６號十樓之５,19.76,住,,,1120707,土地1建物1車位1,十層,十七層,住宅大樓(11層含以上有電梯),住家用,鋼筋混凝土造,1150205,157.28,3,2,2,有,有,18380000,137202,坡道平面,34.25,1500000,預售屋、或土地及建物分件登記案件；,RPSSMLMJMHLGFBB08DA,73.02,0.0,7.57,有,,台中市
北屯區,房地(土地+建物)+車位,臺中市北屯區崇德二路二段２６６號十七樓之５,22.07,商,,,1130328,土地1建物1車位2,十七層,二十二層,住宅大樓(11層含以上有電梯),住家用,鋼筋混凝土造,1150121,212.88,3,2,2,有,有,35800000,192283,坡道平面,58.42,6100000,預售屋、或土地及建物分件登記案件；,RPRNMLRJNHLGFBB08DA,94.02,0.0,8.17,有,,台中市
旗山區,土地,旗尾段二小段2025地號,1143.0,,特定農業區,農牧用地,1150403,土地1建物0車位0,,,其他,,,,0.0,0,0,0,無,無,5800000,5074,,0.0,0,,RPQNMLSKNHLGFHE09DA,0.0,0.0,0.0,無,,高雄市
新興區,房地(土地+建物),高雄市新興區中山一路１６號二十六樓之１０,3.91,都市：其他:第五種商業區,,,1100415,土地2建物1車位0,二十六層,三十四層,住宅大樓(11層含以上有電梯),見其他登記事項,見其他登記事項,1150121,74.08,2,1,1,有,有,8320000,112311,,0.0,0,另有讓渡 金額840萬元預售屋、或土地及建物分件登記案件；,RPVPMLNJMHLGFBE48DA,44.79,0.0,3.46,有,,高雄市
龜山區,房地(土地+建物)+車位,桃園市龜山區樂學路１５８號九樓,16.57,都市：其他:第二種產業專用區,,,1090902,土地2建物1車位2,九層,二十八層,住宅大樓(11層含以上有電梯),住家用,鋼筋混凝土造,1150204,184.94,3,2,2,有,有,11080000,68570,坡道平面,71.48,3300000,親友、員工、共有人或其他特殊關係間之交易；預售屋、或土地及建物分件登記案件；,RPWOMLOJNHLGFHH96DA,68.61,0.0,6.85,有,,桃園市
板橋區,房地(土地+建物)+車位,新北市板橋區國光路４９巷１５號十一樓,36.32,住,,,1150407,土地1建物1車位1,十一層,十二層,住宅大樓(11層含以上有電梯),住家用,鋼筋混凝土造,0840323,196.95000000000002,4,2,2,有,有,11000000,55852,坡道平面,0.0,0,親友、員工、共有人或其他特殊關係間之交易；,RPPNMLOKNHLGFAF08EA,127.26,0.0,13.82,有,,新北市
北屯區,房地(土地+建物)+車位,臺中市北屯區崇德十一路３９號五樓之１,17.8,商,,,1150406,土地1建物1車位1,五層,十五層,住宅大樓(11層含以上有電梯),住家用,鋼筋混凝土造,0990623,177.4,3,2,2,有,有,19600000,110485,坡道平面,23.78,0,,RPVQMLQKMHLGFBB68DA,90.16,3.44,10.96,有,,台中市
湖內區,土地,草仔寮段311地號,801.46,,一般農業區,甲種建築用地,1150326,土地1建物0車位0,,,其他,,,,0.0,0,0,0,無,無,22000000,27450,,0.0,0,地上物將於日後拆除未登記建物；,RPQNMLMKNHLGFJE68DA,0.0,0.0,0.0,無,,高雄市
淡水區,房地(土地+建物)+車位,新北市淡水區義山路一段４０１巷４８號十四樓,13.23,住,,,1130520,土地1建物1車位1,十四層,十四層,住宅大樓(11層含以上有電梯),住家用,鋼筋混凝土造,1150407,114.63,2,2,1,有,有,10550000,100642,坡道平面,25.8,1610000,預售屋、或土地及建物分件登記案件；,RPOOMLSLMHLGFEF78DA,54.46,0.0,4.56,有,,新北市
淡水區,土地,仁愛段80-1地號,178.0,商,,,1150420,土地1建物0車位0,,,其他,,,,0.0,0,0,0,無,無,49537400,278300,,0.0,0,未登記建物；,RPUNMLNKNHLGFEF78DA,0.0,0.0,0.0,無,0140,新北市
西屯區,房地(土地+建物)+車位,臺中市西屯區福瑞街６１號七樓之２,13.03,住,,,1150316,土地2建物1車位1,七層,十五層,住宅大樓(11層含以上有電梯),住家用,鋼筋混凝土造,0830825,118.75,3,2,2,有,有,7400000,62316,坡道機械,0.0,0,其他增建；,RPRNMLTJMHLGFCB28DA,74.72,0.0,11.28,有,,台中市
蘆竹區,房地(土地+建物)+車位,桃園市蘆竹區五福一路２２２之２號十五樓,18.65,住,,,1110909,土地1建物1車位1,十五層,十五層,住宅大樓(11層含以上有電梯),住家用,鋼筋混凝土造,1150123,124.11,2,2,2,有,有,14600000,137472,坡道平面,31.0,1800000,114年11月4日轉讓，轉讓金額1460萬元整。預售屋、或土地及建物分件登記案件；,RPVSMLKMJHLGFEH09DA,56.6,0.0,4.98,有,,桃園市
樹林區,土地,光興段1000地號,624.22,,山坡地保育區,農牧用地,1150303,土地7建物0車位0,,,其他,,,,0.0,0,0,0,無,無,357870,573,,0.0,0,親友、員工、共有人或其他特殊關係間之交易；,RPRNMLRLMHLGFIF66DA,0.0,0.0,0.0,無,,新北市
三民區,房地(土地+建物)+車位,高雄市三民區褒揚街１７２之１號十四樓,11.37,商,,,1150414,土地1建物1車位1,十四層,十五層,住宅大樓(11層含以上有電梯),見其它登記事項,見其它登記事項,1140213,146.2,2,2,2,有,有,18000000,125547,坡道平面,22.74,2500000,,RPUOMLRLMHLGFDE09DA,71.14,0.0,8.12,有,,高雄市
新興區,房地(土地+建物),高雄市新興區仁愛一街１３７號４樓之１,17.5,商,,,1150426,土地1建物2車位0,四層,七層,華廈(10層含以下有電梯),見其他登記事項,鋼筋混凝土造,0690222,98.74,3,2,2,有,無,6300000,63804,,0.0,0,,RPPNMLLKNHLGFBE77EA,87.77,0.0,0.0,有,,高雄市
西屯區,房地(土地+建物)+車位,臺中市西屯區青海路二段７號十九樓之１０,6.56,商,,,1110514,土地1建物1車位1,十九層,二十四層,住宅大樓(11層含以上有電梯),住家用,鋼骨鋼筋混凝土造,1141103,84.07,2,2,1,有,有,14250000,172507,坡道機械,9.87,1450000,預售屋、或土地及建物分件登記案件；,RPTUMLOJNHLGFCB78DA,43.86,0.0,4.79,有,,台中市
鼓山區,房地(土地+建物)+車位,高雄市鼓山區文信路３０８號二十樓,5.58,其他,,,1150410,土地1建物1車位1,二十層,二十九層,住宅大樓(11層含以上有電梯),見其它登記事項,見其它登記事項,1141028,100.92,2,1,2,有,有,11750000,116429,坡道機械,18.57,0,含傢俱設備費；,RPXNMLPKNHLGFAE78DA,47.8,0.0,6.51,有,,高雄市
文山區,房地(土地+建物)+車位,臺北市文山區和平東路四段６６巷１９號九樓,85.01,都市：其他:第二種住宅區。,,,1150427,土地2建物1車位2,九層,十六層,住宅大樓(11層含以上有電梯),住家用,鋼筋混凝土造,0860529,275.99,4,2,2,有,有,35280000,127831,坡道平面,0.0,0,,RPPNMLSJNHLGFAA87EA,125.82,6.75,17.11,有,,台北市
林口區,房地(土地+建物)+車位,新北市林口區吉祥路３６號二樓,12.34,商,,,1120227,土地1建物1車位1,二層,十五層,住宅大樓(11層含以上有電梯),辦公用,鋼筋混凝土造,1150213,134.9,0,0,0,無,有,17310000,138007,坡道平面,26.5,2350000,預售屋、或土地及建物分件登記案件；,RPVTMLKLJHLGFBF58DA,63.68,0.0,7.0,有,,新北市
桃園區,房地(土地+建物)+車位,桃園市桃園區大興西路三段１８之１號七樓,11.84,住,,,1130215,土地1建物1車位1,七層,二十二層,住宅大樓(11層含以上有電梯),住家用,鋼筋混凝土造,1150120,112.32,2,2,2,有,有,13970000,138135,坡道平面,24.58,1850000,預售屋、或土地及建物分件登記案件；,RPQPMLRJNHLGFAH68DA,49.27,3.73,4.44,有,,桃園市
龜山區,房地(土地+建物)+車位,桃園市龜山區樂學路１３８號二十一樓,16.57,都市：其他:第二種產業專用區,,,1090911,土地2建物1車位1,二十一層,二十八層,住宅大樓(11層含以上有電梯),住家用,鋼筋混凝土造,1150204,149.20999999999998,3,2,2,有,有,9620000,70239,坡道平面,35.74,1650000,轉讓日期113.05.24轉讓金額不變，二等親讓渡親友、員工、共有人或其他特殊關係間之交易；預售屋、或土地及建物分件登記案件；,RPRNMLLKNHLGFHH78DA,68.61,0.0,6.85,有,,桃園市
林口區,房地(土地+建物)+車位,新北市林口區興林一街５８號,127.49,商,,,1150211,土地1建物1車位4,一層，地下一層，地下二層,八層,華廈(10層含以下有電梯),商業用,鋼筋混凝土造,1130207,771.81,0,0,0,無,有,65000000,91086,坡道平面,129.56,6500000,,RPTOMLRJNHLGFBF78DA,214.54,0.0,14.76,有,,新北市
新莊區,車位,新北市新莊區中環路二段２３０號二樓,0.94,住,,,1150406,土地1建物1車位1,二層,二十五層,其他,集合住宅,鋼骨構造,1071018,39.239999999999995,0,0,0,無,有,2400000,,坡道平面,39.24,2400000,僅車位交易；,RPTQMLRJNHLGFBF98DA,0.0,0.0,0.0,有,0112,新北市
鼓山區,房地(土地+建物),高雄市鼓山區華榮路２０１號十二樓之１,5.27,商,,,1150402,土地1建物1車位0,十二層,十二層,住宅大樓(11層含以上有電梯),住家用,鋼筋混凝土造,0850313,67.09,2,1,1,有,有,5200000,77508,,0.0,0,,RPWNMLKMMHLGFAE28DA,43.65,0.0,0.0,有,0019,高雄市
蘆竹區,房地(土地+建物)+車位,桃園市蘆竹區山鼻二路１５３號五樓,26.03,住,,,1130511,土地1建物1車位1,五層,十一層,住宅大樓(11層含以上有電梯),住家用,鋼筋混凝土造,1150319,153.83999999999997,3,2,2,有,有,14320000,102120,坡道平面,30.26,1700000,預售屋、或土地及建物分件登記案件；,RPPNMLTLMHLGFEH09DA,72.37,0.0,9.9,有,,桃園市
新店區,房地(土地+建物)+車位,新北市新店區斯馨路８６號十二樓,29.46,住,,,1110515,土地1建物1車位1,十二層,二十四層,住宅大樓(11層含以上有電梯),住家用,鋼筋混凝土構造,1141111,175.72,3,2,2,有,有,27900000,176256,坡道平面,30.76,2350000,預售屋、或土地及建物分件登記案件；,RPPOMLKKKHLGFCF57DA,81.85,5.59,8.39,有,,新北市
新店區,房地(土地+建物),新北市新店區安和路三段１２０巷１２號三樓,23.64,住,,,1141227,土地1建物1車位0,三層,四層,公寓(5樓含以下無電梯),住家用,鋼筋混凝土造,0651230,64.4,2,2,1,有,無,7500000,116460,,0.0,0,陽台外推；,RPQNMLLKNHLGFCF97DA,50.44,0.0,13.96,無,,新北市
北屯區,房地(土地+建物)+車位,臺中市北屯區敦富一街３６６號六樓之３,22.59,住,,,1130601,土地1建物1車位1,六層,十七層,住宅大樓(11層含以上有電梯),住家用,鋼筋混凝土造,1150318,156.82999999999998,3,2,2,有,有,20100000,145459,坡道平面,32.74,2050000,預售屋、或土地及建物分件登記案件；,RPQOMLNLMHLGFBB77DA,74.36,0.0,7.7,有,,台中市
南屯區,房地(土地+建物)+車位,臺中市南屯區建功路７１號十二樓之３,11.52,住,,,1130414,土地1建物1車位1,十二層,二十三層,住宅大樓(11層含以上有電梯),住家用,鋼筋混凝土造,1141226,128.07999999999998,2,2,1,有,有,15370000,135570,坡道平面,26.14,1550000,預售屋、或土地及建物分件登記案件；,RPQOMLLKNHLGFCB67DA,60.7,0.0,5.49,有,,台中市
中壢區,房地(土地+建物)+車位,桃園市中壢區中園路２００之１號五樓,60.06,,工業區,丁種建築用地,1150416,土地1建物1車位2,五層,十三層,住宅大樓(11層含以上有電梯),辦公用,鋼筋混凝土造,1130627,405.62,0,0,0,無,有,31000000,76426,坡道平面,0.0,0,,RPUNMLSJNHLGFBH09DA,219.07,0.0,0.0,有,0078,桃園市
潭子區,房地(土地+建物)+車位,臺中市潭子區中興路１１７號七樓,8.86,住,,,1150326,土地1建物1車位1,七層,十五層,住宅大樓(11層含以上有電梯),住家用,鋼筋混凝土造,0950610,91.44,2,1,1,有,有,7000000,76553,坡道機械,9.09,0,親友、員工、共有人或其他特殊關係間之交易；,RPPNMLPKNHLGFHB38DA,45.42,0.51,14.57,有,,台中市
蘆竹區,房地(土地+建物)+車位,桃園市蘆竹區五福一路２１２之６號四樓,17.53,住,,,1150316,土地1建物1車位1,四層,十五層,住宅大樓(11層含以上有電梯),住家用,鋼筋混凝土造,1150123,118.88,2,2,2,有,有,12780000,127219,坡道平面,31.0,1600000,親友、員工、共有人或其他特殊關係間之交易；預售屋、或土地及建物分件登記案件；,RPQNMLLLMHLGFEH38DA,51.45,0.0,6.8,有,,桃園市
內湖區,土地,潭美段四小段379-2地號,40.62,都市：其他:第三種住宅區。,,,1150425,土地1建物0車位0,,,其他,,,,0.0,0,0,0,無,無,10200700,251125,,0.0,0,親友、員工、共有人或其他特殊關係間之交易；,RPTNMLMKNHLGFCA87DA,0.0,0.0,0.0,無,,台北市
楠梓區,房地(土地+建物)+車位,高雄市楠梓區大學二十一路１００號,19.97,其他,,,1150425,土地1建物1車位1,一層,十五層,住宅大樓(11層含以上有電梯),見其它登記事項,見其它登記事項,1110330,153.08,2,2,2,有,有,12500000,81657,坡道平面,23.0,0,,RPTOMLOKNHLGFEE78DA,75.77,0.0,8.91,有,,高雄市
竹北市,車位,勝利十一路１１６等號等樓,0.03,商,,,1150327,土地1建物1車位1,,,其他,,,,29.83,0,0,0,無,無,1700000,,坡道平面,29.83,1700000,僅車位交易；,RPSNMLPJNHLGFBJ78DA,0.0,0.0,0.0,無,062,新竹縣
蘆洲區,土地,復興段664地號,661.18,農,,,1150430,土地1建物0車位0,,,其他,,,,0.0,0,0,0,無,無,74000000,111921,,0.0,0,,RPVNMLSKNHLGFGF07EA,0.0,0.0,0.0,無,,新北市
大甲區,房地(土地+建物)+車位,臺中市大甲區中山路二段９５０巷１６號二樓之７,29.46,住,,,1120720,土地1建物1車位1,二層,六層,華廈(10層含以下有電梯),住家用,鋼筋混凝土造,1150122,103.87,2,2,2,有,有,8030000,85436,坡道機械,19.83,850000,預售屋、或土地及建物分件登記案件；,RPSNMLKMLHLGFEB87DA,51.93,0.0,6.15,有,,台中市
北屯區,土地,和平段65地號,93.12,住,,,1150327,土地1建物0車位0,,,其他,,,,0.0,0,0,0,無,無,9000000,96649,,0.0,0,親友、員工、共有人或其他特殊關係間之交易；,RPTOMLPJNHLGFBB18DA,0.0,0.0,0.0,無,,台中市
潭子區,車位,臺中市潭子區僑興路１１７號等公共設施,0.0,,,,1150409,土地0建物1車位1,,,其他,,,,26.16,0,0,0,無,有,1600000,,坡道平面,26.16,1600000,建物坐落地號：僑興段14地號；僅車位交易；,RPXNMLRJNHLGFHB66DA,0.0,0.0,0.0,有,,台中市
西屯區,房地(土地+建物)+車位,臺中市西屯區臺灣大道三段６３０之１號十九樓之９,9.05,商,,,1150422,土地4建物1車位1,十九層,二十三層,住宅大樓(11層含以上有電梯),住家用,鋼筋混凝土造,1140826,131.25,2,2,1,有,有,16800000,128000,坡道平面,40.0,0,,RPPOMLRJNHLGFCB08DA,52.88,0.0,5.63,有,0053,台中市
大樹區,車位,高雄市大樹區大坑路５０之２０號三樓等５４戶公共設施,0.0,,,,1150417,土地0建物1車位1,,,其他,,,,19.57,0,0,0,無,無,1100000,,坡道平面,14.04,1100000,車位編號14僅車位交易；,RPQNMLSJNHLGFGE88DA,0.0,0.0,0.0,無,,高雄市
大安區,車位,臺北市大安區光復南路４２０巷２弄１９號等共用部分,0.09,都市：其他:第參種商業區(依都市計畫說明書圖規定辦理，始得作第參種商業區使用)(原屬第四之一種住宅區〈特〉國父紀念館特定專用區)。,,,1150422,土地2建物1車位1,,,其他,,,,34.41,0,0,0,無,有,950000,,坡道機械,34.41,950000,僅車位交易；,RPQNMLMLMHLGFFA87DA,0.0,0.0,0.0,有,,台北市
淡水區,房地(土地+建物),新北市淡水區大忠街９２號十四樓,16.76,住,,,1150501,土地1建物1車位0,十四層,二十一層,住宅大樓(11層含以上有電梯),住家用,鋼筋混凝土造,0841018,102.15,2,2,1,有,有,8650000,84679,,0.0,0,,RPWOMLQJNHLGFEF76EA,77.99,0.0,9.52,有,,新北市
楠梓區,房地(土地+建物),高雄市楠梓區裕昌街１６９號三樓,11.74,其他,,,1150314,土地1建物1車位0,三層,十五層,住宅大樓(11層含以上有電梯),住家用,鋼筋混凝土造,1011225,117.81,3,2,2,有,有,8360000,70962,,0.0,0,,RPVNMLOKNHLGFEE88DA,73.23,0.0,6.43,有,0233,高雄市
外埔區,房地(土地+建物),臺中市外埔區中山路２５８巷１７號六樓之１,42.72,住,,,1150310,土地1建物1車位0,六層,六層,華廈(10層含以下有電梯),住家用,鋼筋混凝土造,1141215,124.5,3,2,2,有,有,7200000,57831,,0.0,0,,RPSNMLLKNHLGFEB97DA,76.38,0.0,9.32,有,,台中市
板橋區,房地(土地+建物)+車位,新北市板橋區中山路一段２３２號二十八樓,26.71,商,,,1080621,土地4建物1車位2,二十八層,四十六層,住宅大樓(11層含以上有電梯),住家用,鋼骨構造,1141023,325.0,3,2,3,有,有,58500000,198744,坡道平面,54.3,4700000,預售屋、或土地及建物分件登記案件；,RPWWMLKKJHLGFAF78DA,158.72,13.69,6.68,有,,新北市
新豐鄉,房地(土地+建物)+車位,新竹縣新豐鄉中崙２２６之２５號七樓,23.31,,特定農業區,甲種建築用地,1130704,土地2建物1車位1,七層,十一層,住宅大樓(11層含以上有電梯),住家用,鋼筋混凝土造,1141215,111.22,2,2,2,有,無,10490000,111571,坡道平面,31.54,1600000,預售屋、或土地及建物分件登記案件；,RPSPMLKMLHLGFDJ78DA,48.5,0.0,3.76,有,,新竹縣
新興區,房地(土地+建物),高雄市新興區中山一路１６號二十三樓之１８,4.57,都市：其他:第五種商業區,,,1100910,土地2建物1車位0,二十三層,三十四層,住宅大樓(11層含以上有電梯),見其他登記事項,見其他登記事項,1150121,86.41,2,1,1,有,有,9630000,111445,,0.0,0,另有讓渡預售屋、或土地及建物分件登記案件；,RPRNMLTLMHLGFBE68DA,45.34,0.0,10.99,有,,高雄市
中山區,房地(土地+建物),臺北市中山區新生北路三段８４巷４０號四樓,18.2,都市：其他:第肆種商業區(依都市計畫說明書圖規定辦理，始得作第肆種商業區使用)(原屬第參種商業區)。,,,1150322,土地1建物1車位0,四層,五層,公寓(5樓含以下無電梯),住家用,鋼筋混凝土造,0731222,68.54,2,2,1,有,無,14830000,216370,,0.0,0,陽台外推；其他增建；,RPPNMLOLMHLGFCA67DA,54.54,0.0,11.02,無,080,台北市
北屯區,房地(土地+建物)+車位,臺中市北屯區崇德二路二段２６６號二十一樓之７,17.53,商,,,1120524,土地1建物1車位2,二十一層,二十二層,住宅大樓(11層含以上有電梯),住家用,鋼筋混凝土造,1150121,181.5,3,2,2,有,有,26790000,177039,坡道平面,58.42,5000000,民國114年12月17日讓渡讓渡金額2679萬元配偶讓渡預售屋、或土地及建物分件登記案件；,RPWPMLQJNHLGFBB68DA,74.36,0.0,7.06,有,,台中市
西屯區,房地(土地+建物)+車位,臺中市西屯區青海路二段７號二十三樓之１１,6.51,商,,,1111226,土地1建物1車位1,二十三層,二十四層,住宅大樓(11層含以上有電梯),住家用,鋼骨鋼筋混凝土造,1141103,84.49000000000001,2,2,1,有,有,14630000,175958,坡道機械,9.87,1500000,預售屋、或土地及建物分件登記案件；,RPVUMLOJNHLGFCB98DA,43.86,0.0,4.92,有,,台中市
龜山區,房地(土地+建物)+車位,桃園市龜山區樂學路１５０號九樓,10.83,都市：其他:第二種產業專用區,,,1090905,土地2建物1車位1,九層,二十八層,住宅大樓(11層含以上有電梯),住家用,鋼筋混凝土造,1150204,109.88,3,2,1,有,有,6960000,74319,坡道平面,35.74,1450000,親友、員工、共有人或其他特殊關係間之交易；預售屋、或土地及建物分件登記案件；,RPVOMLOJNHLGFHH86DA,45.52,0.0,3.77,有,,桃園市
外埔區,房地(土地+建物),臺中市外埔區水美路２６之６號,78.03,,特定農業區,甲種建築用地,1150325,土地3建物1車位0,全,四層,透天厝,住家用,鋼筋混凝土造,1060222,159.3,4,2,4,有,無,9000000,56497,,0.0,0,頂樓加蓋；其他增建；,RPQPMLKMLHLGFEB87DA,153.72,0.0,5.58,無,,台中市
泰山區,房地(土地+建物)+車位,新北市泰山區明志路二段２９８巷６之９號六樓,16.47,住,,,1120405,土地2建物1車位1,六層,十四層,住宅大樓(11層含以上有電梯),住家用,鋼筋混凝土造,1141210,108.85,3,2,1,有,有,15280000,152372,坡道平面,24.32,2400000,含傢俱設備費；預售屋、或土地及建物分件登記案件；,RPXUMLNKJIKGFBF09DA,50.03,0.0,5.34,有,,新北市
永和區,房地(土地+建物)+車位,新北市永和區中山路一段１００號十二樓之５,10.91,商,,,1100726,土地4建物1車位1,十二層,十五層,住宅大樓(11層含以上有電梯),住家用,鋼筋混凝土構造,1141202,147.04000000000002,3,2,2,有,有,24330000,196314,坡道平面,36.35,2600000,預售屋、或土地及建物分件登記案件；,RPQOMLQJNHLGFHF98DA,68.07,0.0,4.96,有,,新北市
沙鹿區,房地(土地+建物)+車位,臺中市沙鹿區三民路１０７號三樓之１,25.31,住,,,1120211,土地1建物1車位1,三層,十五層,住宅大樓(11層含以上有電梯),住家用,鋼筋混凝土造,1150212,144.98000000000002,3,2,2,有,有,13580000,99832,坡道平面,25.98,1700000,預售屋、或土地及建物分件登記案件；,RPSPMLOLLHLGFFB48DA,72.45,0.0,7.09,有,,台中市
淡水區,房地(土地+建物)+車位,新北市淡水區義山路一段４０１巷３０號十四樓,13.26,住,,,1130128,土地1建物1車位1,十四層,十五層,住宅大樓(11層含以上有電梯),住家用,鋼筋混凝土造,1150407,114.67,2,2,2,有,有,10100000,96771,坡道平面,25.8,1500000,預售屋、或土地及建物分件登記案件；,RPPRMLTLMHLGFEF66DA,54.57,0.0,4.49,有,,新北市
汐止區,房地(土地+建物),新北市汐止區大同路一段３３７巷１５弄１號３樓,28.92,都市：其他:第二種住宅區,,,1150320,土地2建物1車位0,三層,五層,公寓(5樓含以下無電梯),住家用,鋼筋混凝土造,0741230,101.28999999999999,3,2,2,有,無,10480000,103465,,0.0,0,,RPPNMLKLMHLGFDF87DA,86.24,0.0,9.09,無,,新北市
淡水區,房地(土地+建物)+車位,新北市淡水區義山路一段４０１巷３０號六樓,13.26,住,,,1130706,土地1建物1車位1,六層,十五層,住宅大樓(11層含以上有電梯),住家用,鋼筋混凝土造,1150407,114.67,2,2,2,有,有,10960000,104760,坡道平面,25.8,1650000,預售屋、或土地及建物分件登記案件；,RPTQMLTLMHLGFEF96DA,54.57,0.0,4.49,有,,新北市
西屯區,房地(土地+建物)+車位,臺中市西屯區市政北一路３３５號二十四樓之２,11.46,都市：其他:第六種新市政中心專用區,,,1111007,土地1建物1車位2,二十四層,三十七層,住宅大樓(11層含以上有電梯),住家用,鋼骨鋼筋混凝土造、鋼筋混凝土造,1150313,216.45999999999998,4,2,2,有,有,41080000,192065,坡道平面,22.88,3900000,預售屋、或土地及建物分件登記案件；,RPQNMLKKNHLGFCB47DA,108.42,11.19,9.43,有,,台中市
汐止區,車位,新北市汐止區青山路６號,0.97,住,,,1150504,土地1建物1車位1,一層,十四層,其他,住家用,鋼筋混凝土造,0900119,39.36,0,0,0,無,有,1850000,,坡道平面,39.36,1850000,本案件僅有車位交易僅車位交易；,RPQOMLQJNHLGFDF58DA,0.0,0.0,0.0,有,0005,新北市
北屯區,房地(土地+建物)+車位,臺中市北屯區軍福十七路４８號９樓,21.36,住,,,1150322,土地1建物1車位1,九層,九層,華廈(10層含以下有電梯),住家用,鋼筋混凝土造,0941021,129.35,3,2,1,有,有,11800000,91225,坡道平面,23.19,0,,RPQPMLNKMHLGFBB77DA,66.21,0.0,8.68,有,,台中市
新興區,房地(土地+建物),高雄市新興區中山一路１６號三十一樓之１８,4.57,其他,,,1101201,土地2建物1車位0,三十一層,三十四層,住宅大樓(11層含以上有電梯),見其他登記事項,見其他登記事項,1150121,86.41,2,1,1,有,有,11170000,129267,,0.0,0,預售屋、或土地及建物分件登記案件；,RPQRMLTLLHLGFBE88DA,45.34,0.0,10.99,有,,高雄市
蘆竹區,房地(土地+建物),桃園市蘆竹區南華一街１４０號十一樓之３,9.65,住,,,1150419,土地1建物1車位0,十一層,二十五層,住宅大樓(11層含以上有電梯),住家用,鋼筋混凝土造,0851203,126.41000000000001,3,2,2,有,有,11000000,87018,,0.0,0,,RPRNMLOKNHLGFEH78DA,86.87,0.0,12.81,有,,桃園市
平鎮區,房地(土地+建物),桃園市平鎮區延平路二段２６號十三樓之２,8.61,住,,,1150210,土地1建物1車位0,十三層,十五層,住宅大樓(11層含以上有電梯),住家用,鋼筋混凝土造,1011029,88.1,2,2,1,有,有,8380000,95119,,0.0,0,,RPSNMLOJNHLGFGH98DA,54.1,3.38,4.31,有,0262,桃園市
松山區,土地,西松段三小段312地號,35.25,都市：其他:道路用地(公共設施用地)。62/12/31,,,1150424,土地1建物0車位0,,,其他,,,,0.0,0,0,0,無,無,3405150,96600,,0.0,0,115年度臺北市政府以容積代金基金採購私有公共設施保留地之交易包含公共設施保留地用地；協議價購；,RPOOMLTLMHLGFDA28DA,0.0,0.0,0.0,無,,台北市
蘆竹區,房地(土地+建物)+車位,桃園市蘆竹區中興五街４１號五樓,30.88,住,,,1150207,土地1建物1車位1,五層,十三層,住宅大樓(11層含以上有電梯),住家用,鋼筋混凝土造,1020725,176.62,3,2,2,有,有,15350000,86910,坡道平面,26.44,0,,RPQQMLOKNHLGFEH98DA,80.8,5.4,14.2,有,,桃園市
桃園區,房地(土地+建物)+車位,桃園市桃園區永安路４２３巷１號五樓,15.89,住,,,1120415,土地1建物1車位1,五層,十五層,住宅大樓(11層含以上有電梯),住家用,鋼筋混凝土造,1141117,130.16,2,2,1,有,有,13500000,115874,坡道平面,32.64,2200000,預售屋、或土地及建物分件登記案件；,RPTQMLSJNHLGFAH56DA,56.56,0.0,8.36,有,,桃園市
苓雅區,房地(土地+建物),高雄市苓雅區光華一路２６１號九樓之１,13.04,其他,,,1150325,土地1建物1車位0,九層,二十層,住宅大樓(11層含以上有電梯),見其他登記事項,鋼筋混凝土造,0781221,157.96,4,2,2,有,有,11000000,69638,,0.0,0,其他增建；,RPVRMLPLLHLGFBE98DA,115.82,4.22,8.79,有,,高雄市
龜山區,房地(土地+建物)+車位,桃園市龜山區樂學路２１０號二十樓,16.0,工,,,1100116,土地2建物1車位1,二十層,二十九層,住宅大樓(11層含以上有電梯),住家用,鋼筋混凝土造,1150204,145.26,3,2,2,有,有,10500000,80807,坡道平面,35.74,1650000,轉讓日期114.04.11轉讓金額不變，二等親讓渡預售屋、或土地及建物分件登記案件；,RPPQMLOJNHLGFHH09DA,67.92,0.0,4.91,有,,桃園市
五股區,房地(土地+建物)+車位,新北市五股區芳洲二路５５號六樓,14.72,住,,,1150406,土地1建物1車位1,六層,十四層,住宅大樓(11層含以上有電梯),住家用,鋼筋混凝土造,1121215,123.08,2,2,2,有,有,14000000,126652,坡道平面,32.28,2500000,,RPTOMLRJMHLGFBF68DA,48.94,5.73,6.59,有,0016,新北市
板橋區,房地(土地+建物)+車位,新北市板橋區中山路一段２３６號三十三樓,15.54,商,,,1080910,土地4建物1車位1,三十三層,四十六層,住宅大樓(11層含以上有電梯),住家用,鋼骨構造,1141023,187.98,3,2,2,有,有,40000000,233787,坡道平面,27.15,2400000,於民國109年11月11日簽訂房屋及土地權利轉讓書。預售屋、或土地及建物分件登記案件；,RPTPMLLKJHLGFAF87DA,94.12,6.52,5.77,有,,新北市
三民區,房地(土地+建物)+車位,高雄市三民區大豐二路２２５號十七樓之１５,7.76,商,,,1121221,土地1建物1車位1,十七層,二十九層,住宅大樓(11層含以上有電梯),見其它登記事項,鋼筋混凝土造,1141218,137.48000000000002,3,2,2,有,有,13900000,113138,坡道平面,31.68,1930000,預售屋、或土地及建物分件登記案件；,RPQOMLLLJHLGFDE77DA,63.36,0.0,4.97,有,,高雄市
淡水區,房地(土地+建物)+車位,新北市淡水區義山路一段４０１巷７７號六樓,30.44,住,,,1150329,土地1建物1車位1,六層,十五層,住宅大樓(11層含以上有電梯),住家用,鋼筋混凝土造,1140828,196.63,3,2,2,有,有,18320000,101339,坡道平面,34.6,1900000,預售屋、或土地及建物分件登記案件；,RPUNMLQJNHLGFEF09EA,95.26,0.0,8.66,有,,新北市
鼓山區,房地(土地+建物),高雄市鼓山區美術東四路４５８號七樓之１７,6.09,其他,,,1150316,土地1建物1車位0,七層,十五層,住宅大樓(11層含以上有電梯),住家用,鋼筋混凝土造,0980325,62.989999999999995,1,1,1,有,有,5980000,94936,,0.0,0,,RPPOMLQKLHLGFAE97DA,41.73,1.28,0.0,有,,高雄市
新店區,房地(土地+建物),新北市新店區屈尺路６２巷１號,29.96,商,,,1150426,土地1建物1車位0,一層，騎樓,四層,公寓(5樓含以下無電梯),商業用,鋼筋混凝土造,0700820,86.4,2,1,1,有,無,7000000,81019,,0.0,0,,RPVNMLMKNHLGFCF58DA,83.43,2.97,0.0,無,,新北市
文山區,房地(土地+建物),臺北市文山區興隆路一段１２５巷１之４號四樓,36.5,都市：其他:第三種住宅區。,,,1150411,土地1建物1車位0,四層，陽臺,四層,公寓(5樓含以下無電梯),住家用,鋼筋混凝土造,0650422,95.56,3,2,1,有,無,13760000,143993,,0.0,0,陽台外推；頂樓加蓋；,RPTNMLPKNHLGFAA97DA,95.56,0.0,0.0,無,060,台北市
三重區,房地(土地+建物)+車位,新北市三重區仁愛街３１５巷３５號三樓,10.28,住,,,1150206,土地1建物1車位1,三層,十二層,住宅大樓(11層含以上有電梯),住家用,鋼筋混凝土造,1050106,79.02000000000001,2,2,1,有,有,15250000,190267,塔式車位,8.33,1800000,其他增建；,RPQNMLMKNHLGFGF58EA,40.48,3.72,3.5,有,0341,新北市
新店區,房地(土地+建物),新北市新店區永安街６８巷２號三樓,23.62,住,,,1150326,土地1建物1車位0,三層,四層,公寓(5樓含以下無電梯),住家用,鋼筋混凝土造,0680330,79.2,3,2,1,有,無,9000000,113636,,0.0,0,陽台外推；,RPPNMLRJNHLGFCF38DA,69.74,0.0,9.46,無,,新北市
永和區,房地(土地+建物),新北市永和區自強街１巷８號六樓,22.44,住,,,1130721,土地1建物1車位0,六層,六層,華廈(10層含以下有電梯),住家用,鋼筋混凝土構造,1141017,72.22,2,1,2,有,有,18000000,249238,,0.0,0,預售屋、或土地及建物分件登記案件；,RPWNMLSLMHLGFHF17DA,43.08,0.0,4.72,有,,新北市
龜山區,房地(土地+建物)+車位,桃園市龜山區文桃路２３０號十三樓,15.06,住,,,1150411,土地1建物1車位1,十三層,十五層,住宅大樓(11層含以上有電梯),住家用,鋼筋混凝土造,1121026,126.74,2,2,1,有,有,15800000,144821,坡道平面,31.45,2000000,,RPPNMLPKNHLGFHH09EA,57.38,0.0,4.7,有,,桃園市
三民區,房地(土地+建物),高雄市三民區建國三路６號四樓之６３,1.51,商,,,1150424,土地1建物1車位0,四層，走廊,二十一層,住宅大樓(11層含以上有電梯),商業用,鋼筋混凝土造,0840615,25.67,0,0,0,無,有,3470000,135177,,0.0,0,,RPRNMLOLMHLGFDE38DA,9.59,0.0,3.24,有,,高雄市
新屋區,土地,下田心子段下田心子小段859-2地號,306.0,,特定農業區,甲種建築用地,1150421,土地1建物0車位0,,,其他,,,,0.0,0,0,0,無,無,7404800,24199,,0.0,0,,RPPOMLRJNHLGFDH78DA,0.0,0.0,0.0,無,,桃園市
北屯區,房地(土地+建物)+車位,臺中市北屯區旱溪東路三段３９號十樓之１,36.97,住,,,1150402,土地1建物1車位2,十層,十二層,住宅大樓(11層含以上有電梯),住家用,鋼筋混凝土造,1050726,252.77999999999997,2,2,2,有,有,20580000,81415,坡道平面,59.02,0,,RPRPMLTLMHLGFBB58DA,115.77,2.68,12.47,有,,台中市
大同區,土地,橋北段一小段571-1地號,5.89,都市：其他:道路用地(公共設施用地)。68/5/28,,,1150424,土地1建物0車位0,,,其他,,,,0.0,0,0,0,無,無,328600,55789,,0.0,0,115年度臺北市政府以容積代金基金採購私有公共設施保留地之交易包含公共設施保留地用地；協議價購；,RPPPMLTLMHLGFBA28DA,0.0,0.0,0.0,無,032,台北市
淡水區,房地(土地+建物)+車位,新北市淡水區義山路一段４０１巷４８號六樓,13.23,住,,,1130409,土地1建物1車位1,六層,十四層,住宅大樓(11層含以上有電梯),住家用,鋼筋混凝土造,1150407,113.53,2,2,1,有,有,10100000,97940,坡道平面,24.7,1400000,預售屋、或土地及建物分件登記案件；,RPQNMLSLMHLGFEF88DA,54.46,0.0,4.56,有,,新北市
梓官區,房地(土地+建物),高雄市梓官區嘉展路２９號,64.78,,鄉村區,乙種建築用地,1150429,土地1建物1車位0,全,二層,透天厝,住商用,加強磚造,0640109,107.52,3,2,4,有,無,3400000,31622,,0.0,0,親友、員工、共有人或其他特殊關係間之交易；頂樓加蓋；其他增建；,RPPOMLMKNHLGFFE28DA,107.52,0.0,0.0,無,,高雄市
美濃區,土地,中興段489-2地號,143.0,,特定農業區,甲種建築用地,1150409,土地1建物0車位0,,,其他,,,,0.0,0,0,0,無,無,2000000,13986,,0.0,0,,RPQNMLRLMHLGFKE66DA,0.0,0.0,0.0,無,,高雄市
林口區,房地(土地+建物)+車位,新北市林口區吉祥路４０號十五樓,12.76,商,,,1120315,土地1建物1車位1,十五層,十五層,住宅大樓(11層含以上有電梯),住家用,鋼筋混凝土造,1150213,138.57999999999998,3,2,2,有,有,18900000,147662,坡道平面,26.5,2350000,114.10.17 以原價轉讓預售屋、或土地及建物分件登記案件；,RPRRMLKLJHLGFBF97DA,65.92,0.0,7.16,有,,新北市
楠梓區,房地(土地+建物)+車位,高雄市楠梓區大學二十六街３２號十三樓之６,11.77,商,,,1150320,土地1建物1車位1,十三層,十五層,住宅大樓(11層含以上有電梯),見其它登記事項,見其它登記事項,1031110,101.23,2,2,1,有,有,9300000,91870,坡道機械,10.36,0,,RPXNMLNLLHLGFEE88DA,58.51,0.0,3.55,有,,高雄市
松山區,土地,敦化段一小段750地號,0.78,都市：其他:道路用地(公共設施用地)。48/3/13,,,1150424,土地1建物0車位0,,,其他,,,,0.0,0,0,0,無,無,123553,0,,0.0,0,115年度臺北市政府以容積代金基金採購私有公共設施保留地之交易包含公共設施保留地用地；協議價購；,RPTOMLTLMHLGFDA78DA,0.0,0.0,0.0,無,055,台北市
三重區,土地,五谷王段122地號,151.72,商,,,1150317,土地2建物0車位0,,,其他,,,,0.0,0,0,0,無,無,30816500,203114,,0.0,0,合建案建商與地主間之交易；,VPOOMLTLMHLGFGF86DA,0.0,0.0,0.0,無,0295,新北市
竹東鎮,房地(土地+建物)+車位,新竹縣竹東鎮自強路２３號九樓,24.35,住,,,1150405,土地1建物1車位1,九層,十二層,住宅大樓(11層含以上有電梯),住家用,鋼筋混凝土造,0830428,150.64,3,2,2,有,有,7300000,48460,坡道平面,0.0,0,,RPQNMLSJNHLGFCJ98DA,81.5,0.0,11.66,有,,新竹縣
板橋區,房地(土地+建物),新北市板橋區中山路一段２８３巷１弄２號四樓,26.75,住,,,1150326,土地1建物1車位0,四層，陽台,四層,公寓(5樓含以下無電梯),住家用,加強磚造,0640321,86.25,3,2,2,有,無,14500000,168116,,0.0,0,陽台外推；頂樓加蓋；,RPRPMLQJNHLGFAF48DA,86.25,0.0,0.0,無,0172,新北市
板橋區,房地(土地+建物),新北市板橋區南雅西路一段６３巷４號三樓,36.29,住,,,1150412,土地2建物1車位0,三層，陽台,五層,公寓(5樓含以下無電梯),住家用,鋼筋混凝土造,,89.12,3,2,2,有,無,12000000,134650,,0.0,0,陽台外推；,RPWPMLSJNHLGFAF56DA,89.12,0.0,0.0,無,0070,新北市
北屯區,房地(土地+建物)+車位,臺中市北屯區崇德二路二段２６６號十一樓之３,17.53,商,,,1120628,土地1建物1車位1,十一層,二十二層,住宅大樓(11層含以上有電梯),住家用,鋼筋混凝土造,1150121,152.39,3,2,2,有,有,23200000,168047,坡道平面,29.21,2500000,民國115年3月19日讓渡讓渡金額2235萬元整預售屋、或土地及建物分件登記案件；,RPWOMLQJNHLGFBB58DA,74.45,0.0,7.06,有,,台中市
烏日區,房地(土地+建物)+車位,臺中市烏日區興祥街１９１巷２５號四樓,22.01,商,,,1150412,土地1建物1車位1,四層,十二層,住宅大樓(11層含以上有電梯),住家用,鋼筋混凝土造,0860509,172.33999999999997,4,2,2,有,有,12000000,69630,坡道平面,0.0,1300000,,RPQNMLMKMHLGFIB18DA,112.73,0.0,16.72,有,,台中市
尖石鄉,土地,新樂段水田小段256地號,587.0,,山坡地保育區,農牧用地,1150308,土地1建物0車位0,,,其他,,,,0.0,0,0,0,無,無,500000,852,,0.0,0,,RPRNMLLKNHLGFCJ58EA,0.0,0.0,0.0,無,,新竹縣
板橋區,房地(土地+建物)+車位,新北市板橋區中山路一段２３６號十樓,16.71,商,,,1080617,土地4建物1車位2,十層,四十六層,住宅大樓(11層含以上有電梯),住家用,鋼骨構造,1141023,215.17000000000002,3,2,2,有,有,30880000,163362,坡道平面,54.3,4600000,預售屋、或土地及建物分件登記案件；,RPVNMLLKJHLGFAF87DA,94.12,6.52,5.81,有,,新北市
梧棲區,房地(土地+建物),臺中市梧棲區文雅街１９６巷６０號,108.0,住,,,1150215,土地1建物1車位0,全,三層,透天厝,住家用,鋼筋混凝土造,1040319,168.9,4,3,3,有,無,18200000,107756,,0.0,0,,RPUOMLMLMHLGFFB48DA,160.89,0.0,8.01,無,,台中市
蘆竹區,房地(土地+建物)+車位,桃園市蘆竹區五福一路３３號八樓,26.84,住,,,1141231,土地1建物1車位1,八層,十一層,住宅大樓(11層含以上有電梯),住家用,鋼筋混凝土造,0950629,140.37,3,2,2,有,有,8680000,61837,坡道平面,0.0,0,,RPVNMLLLJHLGFEH58DA,79.98,1.83,0.0,有,0311,桃園市
土城區,房地(土地+建物)+車位,新北市土城區青和街５１號十四樓,13.65,住,,,1091226,土地1建物1車位1,十四層,十五層,住宅大樓(11層含以上有電梯),住家用,鋼筋混凝土造,1150123,104.58,2,1,1,有,有,9920000,110195,坡道平面,31.8,1900000,於民國111年10月20日讓與。預售屋、或土地及建物分件登記案件；,RPTPMLRLMHLGFAF88DA,45.77,0.0,2.94,有,,新北市
竹東鎮,房地(土地+建物)+車位,新竹縣竹東鎮光明路１２６巷３弄２２號十四樓,25.22,都市：其他:科技商務服務專用區,,,1150412,土地1建物1車位2,十四層,十四層,住宅大樓(11層含以上有電梯),住家用,鋼筋混凝土造,1080304,190.45,3,2,2,有,有,20300000,106590,坡道平面,0.0,0,,RPPNMLNKMHLGFCJ38DA,83.68,0.0,8.82,有,011,新竹縣
前金區,房地(土地+建物),高雄市前金區七賢二路３２２號１０樓之１,13.22,商,,,1150415,土地1建物1車位0,十層,十二層,住宅大樓(11層含以上有電梯),見其它登記事項,鋼筋混凝土造,0701228,153.37,4,2,2,有,有,7000000,45641,,0.0,0,土地價款為新台幣556萬元整，建物價款為新台幣144萬元整，,RPPNMLMKNHLGFAE77EA,114.04,0.0,10.01,有,,高雄市
桃園區,房地(土地+建物),桃園市桃園區民生路５２１號五樓之１,5.78,住,,,1150326,土地1建物1車位0,五層,七層,華廈(10層含以下有電梯),住家用,鋼筋混凝土造,0831005,33.25,1,1,1,有,有,2700000,81203,,0.0,0,,RPSOMLRJMHLGFAH68DA,23.93,0.0,0.0,有,,桃園市
烏日區,土地,成功嶺段669-6地號,213.31,住,,,1150305,土地2建物0車位0,,,其他,,,,0.0,0,0,0,無,無,10969471,51425,,0.0,0,,RPQOMLPJNHLGFIB58DA,0.0,0.0,0.0,無,0118,台中市
土城區,房地(土地+建物),新北市土城區延和路１７７巷１１弄９號四樓,18.99,住,,,1150320,土地1建物1車位0,四層,五層,公寓(5樓含以下無電梯),住家用,鋼筋混凝土造,0700130,79.06,3,2,1,有,無,7300000,92335,,0.0,0,陽台外推；其他增建；,RPTOMLQJNHLGFAF58DA,67.22,0.0,11.84,無,,新北市
竹北市,房地(土地+建物)+車位,新竹縣竹北市六家一路二段３０號七樓,41.73,住,,,1150322,土地1建物1車位1,七層,十層,華廈(10層含以下有電梯),住家用,鋼筋混凝土造,1140917,186.54000000000002,3,2,2,有,有,36700000,248427,坡道平面,49.88,2750000,,RPSNMLNKNHLGFBJ78EA,83.11,0.0,5.87,有,,新竹縣
西屯區,房地(土地+建物),臺中市西屯區太原路一段１８７號四樓之７,13.12,住,,,1150331,土地1建物1車位0,四層,八層,華廈(10層含以下有電梯),住家用,鋼筋混凝土造,0970418,61.459999999999994,1,1,1,有,有,4300000,69964,,0.0,0,,RPQNMLLKNHLGFCB67EA,32.62,2.94,5.13,有,,台中市
北屯區,車位,臺中市北屯區詔安街８８號二樓之２等公共設施,0.0,,,,1150420,土地0建物1車位3,,,其他,,,,93.21,0,0,0,無,有,3100000,,坡道平面,93.21,3100000,特殊車位；建物坐落地號：碧柳段78地號；僅車位交易；,RPSPMLPJNHLGFBB18DA,0.0,0.0,0.0,有,,台中市
大寮區,房地(土地+建物)+車位,高雄市大寮區琉球路１６９號五樓之３,24.32,住,,,1150321,土地1建物1車位1,五層,七層,華廈(10層含以下有電梯),見其他登記事項,鋼筋混凝土造,1110614,102.49000000000001,3,1,2,有,有,7600000,74154,坡道平面,21.66,0,,RPPNMLOLMHLGFLE98DA,52.97,0.0,5.13,有,0160,高雄市
新店區,土地,黎明段441地號,544.96,都市：其他:已開發建築密集地區,,,1150317,土地2建物0車位0,,,其他,,,,0.0,0,0,0,無,無,60000000,110100,,0.0,0,土地增值稅及買賣價金信託費由買方負擔,RPWNMLOJNHLGFCF78DA,0.0,0.0,0.0,無,0224,新北市
三重區,房地(土地+建物),新北市三重區仁政街４號六樓,25.53,工,,,1150131,土地1建物1車位0,六層,七層,華廈(10層含以下有電梯),工業用,鋼筋混凝土造,0831118,134.33,3,2,2,有,無,15880000,118216,,0.0,0,陽台外推；其他增建；,RPPNMLOKNHLGFGF68EA,114.96,0.0,9.79,有,,新北市
三民區,房地(土地+建物)+車位,高雄市三民區懷安街１７０號十二樓之２,10.69,住,,,1150404,土地1建物1車位1,十二層,十五層,住宅大樓(11層含以上有電梯),見其它登記事項,見其它登記事項,1100709,95.46000000000001,2,1,1,有,有,10000000,104756,坡道機械,15.92,0,,RPRNMLKLMHLGFDE97DA,45.04,1.83,4.67,有,0059,高雄市
新竹市,房地(土地+建物),新竹市新竹市新香街１８８巷３１號,160.94,,山坡地保育區,丙種建築用地,1150411,土地1建物1車位0,全,四層,透天厝,住家用,鋼筋混凝土造,0940713,233.6,4,3,5,有,有,18300000,78339,,0.0,0,陽台外推；,RPPNMLKKNHLGFAO48DA,206.08,3.52,24.0,無,,新竹市
八德區,房地(土地+建物)+車位,桃園市八德區仁德二路２２號五樓,25.56,住,,,1150307,土地1建物1車位1,五層,十三層,住宅大樓(11層含以上有電梯),住家用,鋼筋混凝土造,1020823,163.65,2,2,2,有,有,12500000,76383,坡道平面,38.87,0,陽台外推；其他增建；,RPPOMLKLMHLGFFH38DA,71.81,6.75,7.34,有,0218,桃園市
文山區,房地(土地+建物),臺北市文山區木新路三段１４５巷１號四樓,37.96,都市：其他:第三種住宅區。,,,1150206,土地1建物1車位0,四層,四層,公寓(5樓含以下無電梯),住家用,鋼筋混凝土造,0720712,116.98,3,2,1,有,無,17000000,145324,,0.0,0,親友、員工、共有人或其他特殊關係間之交易；,RPUNMLOKNHLGFAA97DA,92.84,0.0,13.27,無,120,台北市
新屋區,房地(土地+建物)+車位,桃園市新屋區民族路六段５１５巷３０號二樓之５,24.55,住,,,1130904,土地1建物1車位1,二層,十四層,住宅大樓(11層含以上有電梯),住家用,鋼筋混凝土造,1141208,145.89,3,2,2,有,有,12700000,94004,坡道平面,25.15,1350000,預售屋、或土地及建物分件登記案件；,RPWSMLPJLHLGFDH86DA,73.34,0.0,8.09,有,,桃園市
中正區,房地(土地+建物)+車位,臺北市中正區同安街６６號,45.94,都市：其他:第三種住宅區。,,,1150208,土地1建物1車位1,一層,七層,華廈(10層含以下有電梯),商業用,鋼筋混凝土造,0860131,161.95,3,3,3,有,有,51880000,320346,升降機械,0.0,0,陽台外推；夾層；其他增建；,RPPNMLQKMHLGFAA57DA,107.57,0.0,11.21,有,,台北市
中壢區,房地(土地+建物)+車位,桃園市中壢區中園路１９２號二樓之１３,68.8,,工業區,丁種建築用地,1140121,土地1建物1車位4,二層,十二層,住宅大樓(11層含以上有電梯),工業用,鋼筋混凝土造,1141127,495.71,0,0,0,無,有,36040000,90824,坡道平面,164.96,6000000,預售屋、或土地及建物分件登記案件；,RPUOMLTKLHLGFBH56DA,212.64,0.0,0.0,有,,桃園市
西屯區,房地(土地+建物)+車位,臺中市西屯區臺灣大道三段７６５號六樓之１３,5.03,商,,,1090813,土地1建物1車位1,六層,三十六層,住宅大樓(11層含以上有電梯),住家用,鋼骨造,1141028,102.92,2,2,1,有,有,8670000,101852,坡道平面,30.56,1300000,1.讓渡日期:112/6/2  2.此申報總價為八百七十七萬預售屋、或土地及建物分件登記案件；,RPRQNLPJNHLGFCB38DA,42.98,0.0,4.41,有,,台中市
橋頭區,房地(土地+建物)+車位,高雄市橋頭區新南一街２２１號五樓,11.58,住,,,1130313,土地1建物1車位1,五層,十五層,住宅大樓(11層含以上有電梯),見其他登記事項,鋼筋混凝土造,1150106,89.38,1,2,2,有,有,9500000,102777,坡道機械,7.65,1100000,預售屋、或土地及建物分件登記案件；,RPQNMLOKLHLGFFE28DA,48.22,0.0,4.05,有,,高雄市
龜山區,房地(土地+建物)+車位,桃園市龜山區文青路１７５號十九樓之６,22.28,住,,,1150322,土地1建物1車位1,十九層,二十三層,住宅大樓(11層含以上有電梯),住家用,鋼筋混凝土造,1040814,177.81,3,2,2,有,有,18680000,118947,坡道平面,37.58,2000000,,RPPNMLNKMHLGFHH68DA,91.28,0.0,9.02,有,0202,桃園市
林口區,土地,興福段512-1地號,1.41,都市：其他:道路保留地,,,1150331,土地1建物0車位0,,,其他,,,,0.0,0,0,0,無,無,21350,15142,,0.0,0,親友、員工、共有人或其他特殊關係間之交易；,RPTPMLNLMHLGFBF58DA,0.0,0.0,0.0,無,,新北市
楠梓區,房地(土地+建物)+車位,高雄市楠梓區德賢路２２０巷３２號五樓,32.01,其他,,,1150314,土地1建物1車位1,五層,七層,華廈(10層含以下有電梯),住家用,鋼筋混凝土造,0810325,178.73,3,2,2,有,有,8250000,46159,坡道平面,0.0,0,,RPRNMLMLMHLGFEE28DA,112.58,0.0,8.64,有,,高雄市
中壢區,房地(土地+建物),桃園市中壢區長沙路７之１號七樓,11.86,商,,,1150322,土地1建物1車位0,七層,八層,華廈(10層含以下有電梯),住家用,鋼筋混凝土造,0810401,93.48,4,0,4,有,無,7600000,81301,,0.0,0,,RPUQMLLKNHLGFBH78DA,80.57,0.0,6.19,有,0210,桃園市
新豐鄉,房地(土地+建物)+車位,新竹縣新豐鄉中崙２２６之７號五樓,35.37,,特定農業區,甲種建築用地,1150201,土地2建物1車位1,五層,十一層,住宅大樓(11層含以上有電梯),住家用,鋼筋混凝土造,1141215,158.28,3,2,2,有,無,15500000,110462,坡道平面,31.54,1500000,,RPORMLRLLHLGFDJ56DA,74.68,0.0,8.33,有,,新竹縣
大同區,房地(土地+建物),臺北市大同區西寧北路１１６號二樓,28.0,都市：其他:特定專用區(供特定住宅使用)。,,,1150202,土地1建物1車位0,二層,五層,公寓(5樓含以下無電梯),住家用,鋼筋混凝土造,0650126,110.91,1,0,2,有,無,19200000,173113,,0.0,0,陽台外推；其他增建；,RPRNMLPJLHLGFBA57DA,103.26,0.0,7.65,無,,台北市
龜山區,房地(土地+建物)+車位,桃園市龜山區樂學路１４２號六樓,10.92,都市：其他:第二種產業專用區,,,1090810,土地2建物1車位1,六層,二十八層,住宅大樓(11層含以上有電梯),住家用,鋼筋混凝土造,1150204,110.52000000000001,1,2,1,有,有,6750000,72851,坡道平面,35.71,1300000,轉讓日期112.12.26轉讓金額900萬元整二等親讓渡預售屋、或土地及建物分件登記案件；,RPXNMLOJNHLGFHH96DA,45.48,0.0,4.27,有,,桃園市
小港區,土地,坪南段169-3地號,119.29,住,,,1150205,土地1建物0車位0,,,其他,,,,0.0,0,0,0,無,無,3340109,28000,,0.0,0,協議價購；,RPQTMLLLMHLGFCE48DA,0.0,0.0,0.0,無,0242,高雄市
松山區,房地(土地+建物),臺北市松山區南京東路五段３８９巷１１弄２號,26.4,都市：其他:第三種商業區。,,,1150201,土地1建物1車位0,一層，騎樓，夾層,五層,公寓(5樓含以下無電梯),其他,鋼筋混凝土造,0820322,145.51,4,2,2,有,無,26000000,178682,,0.0,0,夾層；其他增建；,RPQOMLRJNHLGFDA18DA,129.01,10.18,0.0,無,,台北市
信義區,房地(土地+建物),臺北市信義區莊敬路２８９巷８弄１４號二樓,16.6,都市：其他:第三種住宅區。,,,1150410,土地2建物1車位0,二層,五層,公寓(5樓含以下無電梯),住家用,鋼筋混凝土造,0800806,50.7,0,0,0,無,無,12950000,255424,,0.0,0,,RPPOMLRJNHLGFDA08DA,43.08,0.0,4.88,無,,台北市
南屯區,房地(土地+建物)+車位,臺中市南屯區惠中路三段７７號四樓之８,12.28,商,,,1150322,土地1建物1車位1,四層,十四層,住宅大樓(11層含以上有電梯),住家用,鋼筋混凝土造,0950113,127.28999999999999,2,2,1,有,有,15000000,117841,坡道平面,14.99,0,,RPQOMLLMLHLGFCB67DA,54.92,2.45,4.2,有,,台中市
大寮區,房地(土地+建物),高雄市大寮區光明路三段３８３號二樓,33.34,其他,,,1150323,土地1建物1車位0,二層,五層,華廈(10層含以下有電梯),見其他登記事項,鋼筋混凝土造,1101029,88.17999999999999,2,2,2,有,有,5750000,65208,,0.0,0,廚房後陽台遮雨棚、氣密窗增建。其他增建；,RPXNMLNKNHLGFLE07DA,56.71,0.0,9.0,有,,高雄市
三重區,房地(土地+建物)+車位,新北市三重區忠孝路二段３２巷２５號二十樓,20.08,住,,,1150402,土地2建物1車位1,二十層,二十層,住宅大樓(11層含以上有電梯),住家用,鋼筋混凝土造,0851129,204.41,4,2,2,有,有,22000000,107627,坡道平面,49.23,0,陽台雨遮花台外移,RPRNMLLKNHLGFGF48DA,138.36,11.17,14.78,有,0098,新北市
內門區,土地,橫山段601地號,124.75,,山坡地保育區,丙種建築用地,1150427,土地1建物0車位0,,,其他,,,,0.0,0,0,0,無,無,330000,2645,,0.0,0,親友、員工、共有人或其他特殊關係間之交易；,RPPNMLQJNHLGFHE68DA,0.0,0.0,0.0,無,,高雄市
信義區,房地(土地+建物),臺北市信義區忠孝東路五段７９０巷３０弄１號五樓,40.28,都市：其他:第三種住宅區。,,,1150322,土地1建物1車位0,五層,五層,公寓(5樓含以下無電梯),住家用,鋼筋混凝土造,0700131,135.79,3,2,2,有,無,24000000,176744,,0.0,0,陽台外推；其他增建；,RPWNMLRKMHLGFDA68DA,123.53,0.0,12.26,無,,台北市
太平區,房地(土地+建物)+車位,臺中市太平區旱溪東路二段１２９號十三樓之１,21.82,住,,,1150331,土地1建物1車位1,十三層,十三層,住宅大樓(11層含以上有電梯),住家用,鋼筋混凝土造,1131119,123.25,2,2,1,有,有,11700000,94929,坡道平面,41.22,0,,RPWNMLNKMHLGFJB98DA,48.61,0.0,5.51,有,0132,台中市
田寮區,土地,崇西段652地號,4235.41,,山坡地保育區,農牧用地,1150420,土地1建物0車位0,,,其他,,,,0.0,0,0,0,無,無,7650000,1806,,0.0,0,親友、員工、共有人或其他特殊關係間之交易；,RPPNMLRJNHLGFJE98DA,0.0,0.0,0.0,無,0029,高雄市
大溪區,土地,大成段825地號,47.91,,,,1150422,土地2建物0車位0,,,其他,,,,0.0,0,0,0,無,無,957777,19991,,0.0,0,包含公共設施保留地用地；,RPSOMLLKNHLGFCH48DA,0.0,0.0,0.0,無,0082,桃園市
永和區,房地(土地+建物),新北市永和區保安路１０５巷１２號五樓,27.07,住,,,1150322,土地1建物1車位0,五層,五層,公寓(5樓含以下無電梯),住家用,鋼筋混凝土造,0740601,87.9,4,3,2,有,無,14200000,161547,,0.0,0,頂樓加蓋；其他增建；,RPWOMLKLMHLGFHF09DA,78.99,0.0,8.91,無,,新北市
仁武區,房地(土地+建物),高雄市仁武區八德南路１００巷６弄１８號,140.27,其他,,,1150410,土地1建物1車位0,全,二層,透天厝,住家用,加強磚造,0690520,86.8,3,2,2,有,無,8000000,92166,,0.0,0,賣方賣清。親友、員工、共有人或其他特殊關係間之交易；頂樓加蓋；其他增建；,RPXNMLOKMHLGFIE76DA,86.8,0.0,0.0,無,,高雄市
中和區,房地(土地+建物),新北市中和區民享街１１號四樓,13.56,住,,,1150317,土地1建物1車位0,四層,七層,華廈(10層含以下有電梯),住家用,鋼筋混凝土造,0860221,72.3,3,2,1,有,無,11310000,156432,,0.0,0,前陽台外推、前後方增建,RPSOMLPJNHLGFHF09DA,43.71,2.56,9.73,有,,新北市
萬華區,車位,臺北市萬華區開封街二段６４號等共有部分,0.0,,,,1130128,土地0建物1車位1,,,其他,,,,16.53,0,0,0,無,有,1800000,,升降機械,16.53,1800000,建物坐落地號：福星段二小段388地號；僅車位交易；預售屋、或土地及建物分件登記案件；,RPXUMLPLLHLGFBA09DA,0.0,0.0,0.0,有,134,台北市
淡水區,房地(土地+建物)+車位,新北市淡水區淡金路１６巷７３號八樓,25.93,住,,,1150506,土地1建物1車位1,八層,十一層,住宅大樓(11層含以上有電梯),住家用,鋼筋混凝土造,1030211,155.88,3,2,2,有,有,16460000,114689,坡道平面,25.44,1500000,,RPUNMLMKNHLGFEF68DA,79.31,1.5,10.38,有,0012,新北市
太平區,土地,義平段159地號,109.0,住,,,1150207,土地5建物0車位0,,,其他,,,,0.0,0,0,0,無,無,5380000,49358,,0.0,0,未登記建物；包含公共設施保留地用地；,RPPNMLSJNHLGFJB78DA,0.0,0.0,0.0,無,,台中市
蘆洲區,車位,新北市蘆洲區忠孝路１５號等,0.0,,,,1150424,土地0建物1車位1,,,其他,,,,30.22,0,0,0,無,有,1700000,,升降平面,30.22,1700000,建物坐落地號：保和段555地號；合建案建商與地主間之交易；僅車位交易；,RPPNMLNLMHLGFGF48DA,0.0,0.0,0.0,有,0026,新北市
八里區,土地,埤頭段310地號,16.33,工,,,1150108,土地1建物0車位0,,,其他,,,,0.0,0,0,0,無,無,1480000,90631,,0.0,0,,RPPOMLNJLHLGFEF08DA,0.0,0.0,0.0,無,0362,新北市
中壢區,房地(土地+建物)+車位,桃園市中壢區環中東路二段３１２巷１號十樓,12.01,住,,,1150401,土地1建物1車位1,十層,十四層,住宅大樓(11層含以上有電梯),住家用,鋼筋混凝土造,0880528,130.69,3,2,2,有,有,9880000,75599,坡道平面,0.0,0,,RPTPMLLKNHLGFBH58DA,75.06,2.47,10.0,有,,桃園市
大安區,房地(土地+建物)+車位,臺北市大安區麗水街９巷９號十五樓之２,22.4,都市：其他:第三種住宅區。,,,1120524,土地1建物1車位1,十五層,十七層,住宅大樓(11層含以上有電梯),住家用,鋼骨造,1150128,168.87,2,2,2,有,有,76600000,537865,坡道平面,33.52,3800000,預售屋、或土地及建物分件登記案件；,RPUPMLTLMHLGFFA56DA,72.23,9.11,7.69,有,,台北市
仁武區,房地(土地+建物)+車位,高雄市仁武區京吉二路４０號六樓,10.94,商,,,1150303,土地1建物1車位1,六層,十五層,住宅大樓(11層含以上有電梯),見其他登記事項,見其他登記事項,1141013,93.41,2,1,1,有,有,8500000,90997,坡道平面,17.75,0,,RPOQMLQJNHLGFIE98DA,45.33,0.0,3.89,有,0193,高雄市
太平區,房地(土地+建物)+車位,臺中市太平區環中東路三段６１２號十一樓之１,22.34,住,,,1120220,土地1建物1車位2,十一層,十三層,住宅大樓(11層含以上有電梯),住家用,鋼筋混凝土造,1140911,174.20999999999998,3,2,2,有,有,16100000,112564,坡道平面,63.34,3620000,預售屋、或土地及建物分件登記案件；,RPTOMLSJNHLGFJB66DA,69.93,0.0,3.34,有,,台中市
三重區,房地(土地+建物),新北市三重區神農街５３７號二樓,17.64,住,,,1100928,土地1建物1車位0,二層,二十層,住宅大樓(11層含以上有電梯),住家用,鋼筋混凝土造,1140915,86.5,2,2,1,有,有,10690000,123584,,0.0,0,預售屋、或土地及建物分件登記案件；,RPOOMLLKNHLGFGF28DA,53.96,0.0,2.86,有,,新北市
新興區,房地(土地+建物)+車位,高雄市新興區中山一路１６號六樓之３,4.01,都市：其他:第五種商業區,,,1091207,土地2建物1車位1,六層,三十四層,住宅大樓(11層含以上有電梯),見其他登記事項,見其他登記事項,1150121,100.00999999999999,2,1,1,有,有,8750000,103276,坡道平面,24.0,900000,預售屋、或土地及建物分件登記案件；,RPTNMLTLMHLGFBE88DA,46.84,0.0,2.73,有,,高雄市
新莊區,土地,光明段450地號,50.47,住,,,1150424,土地1建物0車位0,,,其他,,,,0.0,0,0,0,無,無,21800000,431940,,0.0,0,,RPOSNLTLMHLGFBF09DA,0.0,0.0,0.0,無,0090,新北市
小港區,土地,坪北段646-7地號,8.16,,,,1150205,土地2建物0車位0,,,其他,,,,0.0,0,0,0,無,無,123261,15106,,0.0,0,協議價購；,RPSRMLMLMHLGFCE58DA,0.0,0.0,0.0,無,0252,高雄市
大園區,房地(土地+建物)+車位,桃園市大園區園科路１１７號十七樓之３,17.24,商,,,1130819,土地1建物1車位1,十七層,十八層,住宅大樓(11層含以上有電梯),住家用,鋼筋混凝土造,1141223,119.74000000000001,2,2,2,有,有,11050000,96468,坡道平面,21.78,1600000,預售屋、或土地及建物分件登記案件；,RPUOMLLMLHLGFEH88DA,58.89,0.0,5.81,有,,桃園市
太平區,房地(土地+建物),臺中市太平區育賢路２１７號,125.0,住,,,1150223,土地1建物1車位0,全,四層,透天厝,住家用,鋼筋混凝土造,1020503,333.78,5,3,6,有,無,36000000,107855,,0.0,0,,RPTNMLPJLHLGFJB68DA,304.72,0.0,29.06,有,,台中市
仁武區,房地(土地+建物),高雄市仁武區西一巷１３之１號,99.01,農,,,1141225,土地2建物1車位0,全,三層,透天厝,見其他登記事項,鋼筋混凝土造,1120411,178.71,4,2,5,有,無,16900000,94567,,0.0,0,鐵皮屋頂增建、遮雨棚增建。其他增建；,RPXPMLTLMHLGFIE57DA,163.92,0.0,14.79,無,0330,高雄市
新竹市,房地(土地+建物)+車位,新竹市新竹市中華路四段２８６號三樓之１１,17.44,住,,,1150207,土地1建物1車位1,三層,十三層,住宅大樓(11層含以上有電梯),住家用,鋼筋混凝土造,1040505,138.22,2,2,1,有,有,14560000,105339,坡道平面,34.0,0,,RPRNMLMKMHLGFAO78DA,59.73,2.67,11.63,有,28,新竹市
松山區,房地(土地+建物)+車位,臺北市松山區三民路８０巷７號九樓,16.73,都市：其他:第三種住宅區。,,,1150326,土地1建物1車位1,九層,二十四層,住宅大樓(11層含以上有電梯),住家用,鋼骨鋼筋混凝土造,1140625,161.29,3,2,2,有,有,49000000,303801,坡道平面,34.75,0,,RPROMLRJNHLGFDA28DA,78.46,4.16,5.79,有,,台北市
大園區,房地(土地+建物)+車位,桃園市大園區大觀路６００巷４６弄５之１號五樓,28.17,,一般農業區,甲種建築用地,1150227,土地1建物1車位1,五層,六層,華廈(10層含以下有電梯),住家用,鋼筋混凝土造,0840211,123.67,3,2,2,有,有,5680000,45929,坡道平面,0.0,0,,RPWNMLOJNHLGFEH56DA,59.69,0.0,7.93,有,,桃園市
北區,房地(土地+建物),臺中市北區山西路二段３９號,77.5,住,,,1141229,土地2建物1車位0,全,二層,透天厝,住商用,鋼筋混凝土造,0730905,153.79,5,1,3,有,無,19400000,126146,,0.0,0,騎樓增建其他增建；,RPUNMLLMLHLGFBB87DA,140.14,6.94,6.71,無,,台中市
林口區,房地(土地+建物)+車位,新北市林口區文化三路二段８０號四樓,11.25,商,,,1130814,土地1建物1車位1,四層,二十九層,住宅大樓(11層含以上有電梯),辦公用,鋼骨構造,1150317,162.20999999999998,0,0,0,無,有,23650000,157262,坡道平面,24.86,2050000,預售屋、或土地及建物分件登記案件；,RPXWMLTLMHLGFBF67DA,76.92,0.0,5.57,有,,新北市
中山區,土地,榮星段四小段101-3地號,1.98,都市：其他:道路用地(公共設施用地)。62/8/20,,,1150424,土地2建物0車位0,,,其他,,,,0.0,0,0,0,無,無,119691,60450,,0.0,0,115年度臺北市政府以容積代金基金採購私有公共設施保留地之交易包含公共設施保留地用地；協議價購；,RPVOMLTLMHLGFCA88DA,0.0,0.0,0.0,無,,台北市
北屯區,房地(土地+建物)+車位,臺中市北屯區南興北一路１１８號十一樓之７,25.86,住,,,1120409,土地1建物1車位2,十一層,十七層,住宅大樓(11層含以上有電梯),住家用,鋼筋混凝土造,1150205,229.76999999999998,4,2,2,有,有,25600000,135177,坡道平面,68.5,3800000,預售屋、或土地及建物分件登記案件；,RPTPNLMJMHLGFBB97DA,94.65,0.0,10.96,有,,台中市
太平區,房地(土地+建物)+車位,臺中市太平區育才路１６７號三樓之６,19.14,住,,,1121226,土地1建物1車位1,三層,十五層,住宅大樓(11層含以上有電梯),住家用,鋼筋混凝土造,1150113,125.02000000000001,2,2,2,有,有,11810000,103420,坡道平面,28.23,1800000,預售屋、或土地及建物分件登記案件；,RPTRMLLMLHLGFJB98DA,56.68,0.0,7.06,有,,台中市
中壢區,房地(土地+建物)+車位,桃園市中壢區成章三街１２２號十二樓,24.22,住,,,1150313,土地1建物1車位2,十二層,十五層,住宅大樓(11層含以上有電梯),住家用,鋼筋混凝土造,1121019,190.6,3,2,2,有,有,17680000,92760,坡道平面,69.62,0,,RPUOMLOJNHLGFBH78DA,72.59,0.0,7.87,有,0146,桃園市
小港區,房地(土地+建物),高雄市小港區高坪六十二街８９巷１之１號,71.02,住,,,1150411,土地1建物1車位0,全,四層,透天厝,見其它登記事項,見其它登記事項,1140801,174.54,4,2,4,有,無,15300000,87659,,0.0,0,,RPPNMLMKNHLGFCE87DA,159.62,0.0,14.92,無,,高雄市
觀音區,房地(土地+建物),桃園市觀音區仁德街８１號三樓,14.0,,工業區,丁種建築用地,1141104,土地1建物1車位0,三層,五層,華廈(10層含以下有電梯),住家用,鋼筋混凝土造,1140430,55.75,2,1,1,有,無,4880000,87534,,0.0,0,,RPOPMLOKNHLGFBH38DA,40.54,0.0,3.68,有,,桃園市
橋頭區,房地(土地+建物)+車位,高雄市橋頭區新南一街１９１號四樓,12.64,住,,,1130623,土地1建物1車位1,四層,十五層,住宅大樓(11層含以上有電梯),見其他登記事項,鋼筋混凝土造,1150106,96.11,2,2,1,有,有,10090000,101628,坡道機械,7.65,1100000,預售屋、或土地及建物分件登記案件；,RPWNMLNLQHKGFFE66DA,43.62,0.0,13.09,有,,高雄市
北屯區,房地(土地+建物)+車位,臺中市北屯區南興北一路１１８號五樓之７,25.86,住,,,1130430,土地1建物1車位2,五層,十七層,住宅大樓(11層含以上有電梯),住家用,鋼筋混凝土造,1150205,229.76999999999998,4,2,2,有,有,28200000,149439,坡道平面,68.5,4100000,預售屋、或土地及建物分件登記案件；,RPSWMLMJMHLGFBB48DA,94.65,0.0,10.96,有,,台中市
三民區,房地(土地+建物)+車位,高雄市三民區熱河三街４０號五樓,15.65,住,,,1150304,土地1建物1車位1,五層,十五層,住宅大樓(11層含以上有電梯),見其它登記事項,見其它登記事項,1141014,141.01999999999998,2,2,2,有,有,13990000,107446,坡道平面,30.36,2100000,,RPRPMLOKLHLGFDE38DA,61.86,0.0,8.56,有,,高雄市
土城區,房地(土地+建物)+車位,新北市土城區青和街６５號十四樓,21.85,住,,,1100724,土地1建物1車位1,十四層,十五層,住宅大樓(11層含以上有電梯),住家用,鋼筋混凝土造,1150123,147.43,3,2,2,有,有,17100000,130589,坡道平面,31.8,2000000,預售屋、或土地及建物分件登記案件；,RPUQMLRLMHLGFAF09DA,73.22,0.0,4.11,有,,新北市
中壢區,房地(土地+建物),桃園市中壢區龍慈路２３９巷４８號十八樓,6.28,住,,,1150228,土地1建物1車位0,十八層,十九層,住宅大樓(11層含以上有電梯),住家用,鋼筋混凝土造,0890302,78.55,2,2,1,有,有,6600000,84023,,0.0,0,,RPSNMLQJNHLGFBH68DA,52.93,0.0,7.47,有,0277,桃園市
大安區,房地(土地+建物),臺北市大安區羅斯福路二段７９號四樓之４,13.25,都市：其他:第參種商業區(依都市計畫說明書圖規定辦理，始得作第參種商業區使用)(原屬第貳種商業區)。,,,1150210,土地1建物1車位0,四層,十二層,住宅大樓(11層含以上有電梯),其他,鋼筋混凝土造,0780930,144.03,3,2,2,有,有,35000000,243005,,0.0,0,陽台外推；其他增建；,RPPNMLRLKHLGFFA08DA,103.21,2.29,5.26,有,,台北市
八德區,房地(土地+建物)+車位,桃園市八德區豐田一路１５３號十四樓,25.37,住,,,1150314,土地1建物1車位1,十四層,十四層,住宅大樓(11層含以上有電梯),住家用,鋼筋混凝土造,1140303,168.73000000000002,3,2,2,有,有,18000000,106679,坡道平面,34.83,0,,RPTOMLOKNHLGFFH56DA,80.2,0.0,9.74,有,0232,桃園市
龜山區,房地(土地+建物)+車位,桃園市龜山區興華一街３０１號七樓,23.4,住,,,1120501,土地1建物1車位1,七層,十三層,住宅大樓(11層含以上有電梯),住家用,鋼筋混凝土造,1150114,122.82,2,1,2,有,有,14230000,136769,坡道平面,34.13,2100000,預售屋、或土地及建物分件登記案件；,RPTOMLNJNHLGFHH56DA,55.04,0.0,3.89,有,,桃園市
龜山區,房地(土地+建物)+車位,桃園市龜山區自強南路３２０號十二樓,14.82,住,,,1150501,土地1建物1車位1,十二層,十三層,住宅大樓(11層含以上有電梯),住家用,鋼筋混凝土造,0950718,95.21000000000001,1,2,1,有,有,8690000,91272,坡道平面,0.0,0,,RPQOMLMKNHLGFHH88DA,43.47,2.0,3.61,有,0011,桃園市
橋頭區,房地(土地+建物)+車位,高雄市橋頭區橋新五路３５號十二樓之２,19.43,住,,,1130201,土地1建物1車位1,十二層,十五層,住宅大樓(11層含以上有電梯),見其他登記事項,鋼筋混凝土造,1150302,136.12,3,2,2,有,有,14310000,106971,坡道平面,15.9,1450000,權利人於114年7月22日向第三人繼受預售屋買賣契約預售屋、或土地及建物分件登記案件；,RPWOMLPJNHLGFFE56DA,63.46,0.0,12.9,有,,高雄市
新興區,房地(土地+建物)+車位,高雄市新興區中山一路１６號五樓之２１,5.41,其他,,,1101116,土地2建物1車位1,五層,三十四層,住宅大樓(11層含以上有電梯),見其他登記事項,見其他登記事項,1150121,128.38,2,1,1,有,有,11930000,102983,坡道平面,26.13,1400000,另有讓渡預售屋、或土地及建物分件登記案件；,RPRPMLOKMHLGFBE28DA,46.01,0.0,20.69,有,,高雄市
新興區,房地(土地+建物),高雄市新興區洛陽街１２５號,80.94,都市：其他:第二種特定商業專用區,,,1150402,土地1建物1車位0,全,二層,透天厝,見其他登記事項,加強磚造,0561212,109.1,6,5,4,有,無,15000000,137489,,0.0,0,三樓增建其他增建；,RPWNMLPJNHLGFBE68DA,109.1,0.0,0.0,無,,高雄市
鳳山區,房地(土地+建物),高雄市鳳山區福安一街４８號,99.0,住,,,1150325,土地1建物1車位0,全,三層,透天厝,住商用,鋼筋混凝土造,0670510,119.87,5,2,3,有,無,7500000,62568,,0.0,0,親友、員工、共有人或其他特殊關係間之交易；其他增建；,RPRPMLSJNHLGFGE56DA,119.87,0.0,0.0,無,,高雄市
西屯區,房地(土地+建物)+車位,臺中市西屯區青海路二段７號三樓之６,6.65,商,,,1110319,土地1建物1車位1,三層,二十四層,住宅大樓(11層含以上有電梯),辦公用,鋼骨鋼筋混凝土造,1141103,100.19999999999999,0,0,1,有,有,14030000,160079,坡道平面,23.8,1800000,預售屋、或土地及建物分件登記案件；,RPTTMLOJNHLGFCB68DA,44.83,0.0,5.15,有,,台中市
五股區,房地(土地+建物)+車位,新北市五股區成洲六路３１號七樓,21.49,住,,,1150307,土地1建物1車位1,七層,十五層,住宅大樓(11層含以上有電梯),住家用,鋼筋混凝土造,1141218,134.53,3,2,2,有,有,19920000,155706,坡道平面,24.9,2850000,含裝潢費；含傢俱設備費；,RPUPMLMKNHLGFBF58DA,65.64,0.0,6.17,有,,新北市
土城區,土地,土城段692地號,46.01,商,,,1150424,土地1建物0車位0,,,其他,,,,0.0,0,0,0,無,無,3300000,71724,,0.0,0,含土地增值稅或其他稅費1038738元；親友、員工、共有人或其他特殊關係間之交易；機電設備；瑕疵物件；,RPSNMLSJNHLGFAF58DA,0.0,0.0,0.0,無,,新北市
蘆竹區,房地(土地+建物)+車位,桃園市蘆竹區山鼻二路１９３號十樓,26.03,住,,,1140711,土地1建物1車位1,十層,十一層,住宅大樓(11層含以上有電梯),住家用,鋼筋混凝土造,1150319,155.11,3,2,2,有,有,18550000,134731,坡道平面,31.53,1900000,預售屋、或土地及建物分件登記案件；,RPROMLSLMHLGFEH66DA,72.37,0.0,9.9,有,,桃園市
左營區,房地(土地+建物)+車位,高雄市左營區富民路５０號十五樓之９,13.83,住,,,1150313,土地1建物1車位1,十五層,二十層,住宅大樓(11層含以上有電梯),見其它登記事項,見其它登記事項,1090120,111.61,0,0,1,有,有,13160000,117911,坡道平面,39.83,0,,RPPPMLQJNHLGFEE58DA,40.42,2.34,3.83,有,0188,高雄市
三民區,房地(土地+建物)+車位,高雄市三民區大豐二路２２５號二十樓之２,9.03,商,,,1140328,土地1建物1車位1,二十層,二十九層,住宅大樓(11層含以上有電梯),見其它登記事項,鋼筋混凝土造,1141218,154.82,3,2,2,有,有,17390000,123924,坡道平面,31.68,2130000,預售屋、或土地及建物分件登記案件；,RPWRMLTKJHLGFDE76DA,72.68,0.0,6.81,有,,高雄市
三重區,房地(土地+建物)+車位,新北市三重區長樂街１７之６號四樓,15.39,都市：其他:住宅區,,,1150316,土地2建物1車位1,四層,六層,華廈(10層含以下有電梯),住家用,鋼筋混凝土造,0860103,67.66,2,1,1,有,有,13500000,199527,坡道機械,0.0,0,,RPSNMLNKNHLGFGF78DA,38.11,0.0,7.34,有,0303,新北市
新店區,土地,五峰段163地號,162.0,都市：其他:風景區,,,1150416,土地3建物0車位0,,,其他,,,,0.0,0,0,0,無,無,3675299,22687,,0.0,0,169地號為供公眾通行既成巷道163、163-2地號為陡峭山坡地故以低於公告現值價格出售,SPTNMLRJNHLGFCF88DA,0.0,0.0,0.0,無,0057,新北市
蘆竹區,房地(土地+建物)+車位,桃園市蘆竹區山鼻二路１９１號四樓,18.57,住,,,1130526,土地1建物1車位1,四層,十一層,住宅大樓(11層含以上有電梯),住家用,鋼筋混凝土造,1150319,119.80000000000001,2,2,1,有,有,11540000,111476,坡道平面,31.53,1700000,預售屋、或土地及建物分件登記案件；,RPOQMLPJNHLGFEH78DA,53.85,0.0,4.89,有,,桃園市
林口區,房地(土地+建物)+車位,新北市林口區文化二路一段３７６巷３號十二樓之一,34.82,住,,,1150321,土地1建物1車位1,十二層,十二層,住宅大樓(11層含以上有電梯),住家用,鋼筋混凝土造,0781127,200.82999999999998,4,2,2,有,有,15000000,74690,坡道平面,0.0,0,,RPXNMLQKMHLGFBF98DA,124.2,2.38,14.37,有,,新北市
楊梅區,房地(土地+建物)+車位,桃園市楊梅區金溪路３３１號六樓之６,26.67,住,,,1121031,土地1建物1車位1,六層,七層,華廈(10層含以下有電梯),住家用,鋼筋混凝土造,1150129,131.4,3,2,2,有,有,9100000,72239,坡道平面,24.81,1400000,預售屋、或土地及建物分件登記案件；,RPTPMLTJKHLGFDH56DA,67.09,0.0,3.6,有,,桃園市
中山區,房地(土地+建物),臺北市中山區民權西路９巷２２號四樓之２,7.68,都市：其他:第三種商業區。,,,1150329,土地1建物1車位0,四層,十四層,住宅大樓(11層含以上有電梯),辦公用,鋼筋混凝土造,1011112,64.72,1,1,1,有,有,18000000,278121,,0.0,0,親友、員工、共有人或其他特殊關係間之交易；,RPPNMLTLLHLGFCA08DA,40.1,0.0,1.38,有,104,台北市
北區,房地(土地+建物),臺中市北區山西路二段２２巷１０號,62.92,住,,,1150401,土地1建物1車位0,全,二層,透天厝,住家用,鋼筋混凝土造,0730120,99.54,4,2,2,有,無,14300000,143661,,0.0,0,,RPPRMLKKMHLGFBB57DA,78.2,16.58,4.76,無,,台中市
新興區,房地(土地+建物),高雄市新興區新興路７號,79.0,都市：其他:第三種特定商業專用區,,,1140511,土地2建物1車位0,全,四層,透天厝,見其他登記事項,鋼筋混凝土造,0710226,149.76,8,2,4,有,無,10700000,71448,,0.0,0,土地買賣價格為新台幣1000萬、建物買賣價格為70萬合計1070萬。親友、員工、共有人或其他特殊關係間之交易；未登記建物；,RPPNMLSLMHLGFBE48EA,149.76,0.0,0.0,無,,高雄市
松山區,房地(土地+建物)+車位,臺北市松山區八德路四段４５７號十四樓,25.26,都市：其他:第三種商業區。,,,1150401,土地1建物1車位2,十四層，夾層,十四層,住宅大樓(11層含以上有電梯),住家用,鋼骨鋼筋混凝土造,0910619,291.97,3,3,3,有,有,62100000,247082,坡道平面,64.92,6000000,陽台外推；夾層；其他增建；,RPOOMLRKMHLGFDA97DA,145.67,0.0,12.05,有,,台北市
新興區,房地(土地+建物)+車位,高雄市新興區中山一路１６號十九樓之８,4.47,其他,,,1100201,土地2建物1車位1,十九層,三十四層,住宅大樓(11層含以上有電梯),見其他登記事項,見其他登記事項,1150121,94.81,2,1,1,有,有,10260000,109814,坡道機械,10.03,950000,預售屋、或土地及建物分件登記案件；,RPRNMLTLLHLGFBE58DA,51.49,0.0,3.82,有,,高雄市
林口區,房地(土地+建物)+車位,新北市林口區南勢一街６８號二樓,22.88,住,,,1121016,土地1建物1車位1,二層,七層,華廈(10層含以下有電梯),住家用,鋼筋混凝土造,1150225,106.50999999999999,2,2,1,有,有,12020000,143307,坡道平面,36.59,2000000,有露臺預售屋、或土地及建物分件登記案件；,RPWUMLTLLHLGFBF27DA,42.5,0.0,3.43,有,,新北市
新莊區,房地(土地+建物)+車位,新北市新莊區天祥街３８號二樓之５,8.21,住,,,1141226,土地1建物1車位1,二層,二十四層,住宅大樓(11層含以上有電梯),住家用,鋼骨鋼筋混凝土造,1140711,102.37,2,2,1,有,有,14970000,194833,坡道平面,35.8,2000000,,RPTQMLQJNHLGFBF88DA,38.81,0.0,3.89,有,,新北市
永和區,房地(土地+建物)+車位,新北市永和區成功路一段１３２之１號三樓,35.27,住,,,1150316,土地1建物1車位1,三層,十一層,住宅大樓(11層含以上有電梯),住家用,鋼筋混凝土構造,1111005,186.44,3,2,2,有,有,29880000,160266,坡道平面,30.01,0,,RPSNMLTKNHLGFHF86DA,93.48,0.0,11.93,有,,新北市
大社區,土地,興農段1226地號,122.75,其他,,,1150421,土地1建物0車位0,,,其他,,,,0.0,0,0,0,無,無,1500000,12220,,0.0,0,親友、員工、共有人或其他特殊關係間之交易；,RPQNMLRJNHLGFIE98DA,0.0,0.0,0.0,無,0034,高雄市
小港區,房地(土地+建物)+車位,高雄市小港區康莊路３６號十樓,11.4,其他,,,1150406,土地2建物1車位1,十層,十六層,住宅大樓(11層含以上有電梯),住家用,鋼筋混凝土造,0820503,121.25,3,2,2,有,有,6560000,54103,坡道機械,0.0,0,陽台外推；,RPROMLOKMHLGFCE28DA,76.71,0.0,11.94,有,,高雄市
中壢區,房地(土地+建物)+車位,桃園市中壢區松勇路１３９號七樓,9.97,商,,,1150111,土地1建物1車位1,七層,十八層,住宅大樓(11層含以上有電梯),住家用,鋼筋混凝土造,1140429,120.49000000000001,3,2,2,有,有,13400000,125269,坡道平面,27.49,1750000,,RPRPMLOJNHLGFBH58DA,57.08,1.12,4.16,有,,桃園市
八德區,房地(土地+建物),桃園市八德區廣興路１１８巷２７弄２號,25.55,住,,,1150416,土地2建物1車位0,全,二層,透天厝,住商用,加強磚造,0721219,28.04,4,2,2,有,無,2800000,99857,,0.0,0,,RPTNMLQJNHLGFFH56DA,28.04,0.0,0.0,無,,桃園市
The villages and towns urban district,transaction sign,land sector position building sector house number plate,land shifting total area square meter,the use zoning or compiles and checks,the non-metropolis land use district,non-metropolis land use,transaction year month and day,transaction pen number,shifting level,total floor number,building state,main use,main building materials,construction to complete the years,building shifting total area,Building present situation pattern - room,building present situation pattern - hall,building present situation pattern - health,building present situation pattern - compartmented,Whether there is manages the organization,total price NTD,the unit price (NTD / square meter),the berth category,berth shifting total area square meter,the berth total price NTD,the note,serial number,main building area,auxiliary building area,balcony area,elevator,transaction number,新竹市
五峰鄉,土地,花園段94地號,422.2,,山坡地保育區,農牧用地,1150410,土地2建物0車位0,,,其他,,,,0.0,0,0,0,無,無,100000,237,,0.0,0,親友、員工、共有人或其他特殊關係間之交易；,RPQOMLRJNHLGFCJ98DA,0.0,0.0,0.0,無,,新竹縣
萬華區,房地(土地+建物),臺北市萬華區昆明街４６號五樓之２１,7.84,都市：其他:第四種商業區。,,,1140805,土地1建物1車位0,五層,八層,華廈(10層含以下有電梯),住家用,鋼筋混凝土造,0761221,51.42,1,1,1,有,有,10700000,208090,,0.0,0,其他增建；,RPPNMLRJNHLGFBA77DA,37.56,0.0,0.0,有,133,台北市
永和區,房地(土地+建物),新北市永和區環河西路一段７７號二十三樓之三,4.27,住,,,1150227,土地1建物1車位0,二十三層,二十七層,住宅大樓(11層含以上有電梯),住家用,鋼筋混凝土構造,0990722,89.98,2,2,1,有,有,17980000,199822,,0.0,0,陽台外推；其他增建；,RPUNMLOLMHLGFHF56DA,53.73,0.78,9.58,有,0323,新北市
瑞芳區,房地(土地+建物),新北市瑞芳區逢甲路７６號二樓,24.54,商,,,1150423,土地3建物1車位0,二層,五層,公寓(5樓含以下無電梯),住家用,鋼筋混凝土造,,93.58,3,2,1,有,無,3300000,35264,,0.0,0,其他增建；,RPPNMLLKNHLGFFF28EA,84.79,0.0,8.79,無,,新北市
中壢區,房地(土地+建物),桃園市中壢區元化路２７１巷２６弄９９號二樓,52.25,住,,,1150303,土地2建物1車位0,二層,四層,公寓(5樓含以下無電梯),住家用,鋼筋混凝土造,0690209,101.52,3,2,1,有,無,5100000,50236,,0.0,0,其他增建；,RPPNMLPJNHLGFBH38EA,101.52,0.0,0.0,無,,桃園市
林口區,土地,下福段1009-1地號,35.69,都市：其他:保護區,,,1150331,土地4建物0車位0,,,其他,,,,0.0,0,0,0,無,無,539800,15125,,0.0,0,親友、員工、共有人或其他特殊關係間之交易；,RPWNMLLLMHLGFBF48DA,0.0,0.0,0.0,無,,新北市
烏日區,房地(土地+建物)+車位,臺中市烏日區高鐵路二段１４２號十樓之１２,12.4,商,,,1140830,土地1建物1車位1,十層,二十層,住宅大樓(11層含以上有電梯),住家用,鋼筋混凝土造,1110805,101.28,2,1,1,有,有,9500000,93799,坡道平面,25.37,0,,RPTNMLNKIIKGFIB18DA,44.8,0.0,4.71,有,0193,台中市
新莊區,房地(土地+建物)+車位,新北市新莊區中榮街１２２巷３號七樓,36.05,住,,,1150411,土地1建物1車位1,七層,十二層,住宅大樓(11層含以上有電梯),住家用,鋼筋混凝土造,0971225,222.02,4,2,2,有,有,33500000,155873,坡道平面,23.14,2500000,,RPSRMLRJNHLGFBF98DA,134.61,3.23,15.37,有,,新北市
中正區,土地,公園段二小段134-2地號,10.0,都市：其他:道路用地(公共設施用地)。45/5/4,,,1150417,土地3建物0車位0,,,其他,,,,0.0,0,0,0,無,無,3722400,372240,,0.0,0,115年度臺北市政府以容積代金基金採購私有公共設施保留地包含公共設施保留地用地；協議價購；,RPOOMLMJMHLGFBA17DA,0.0,0.0,0.0,無,,台北市
中壢區,房地(土地+建物)+車位,桃園市中壢區領航南路一段３３６號四樓,17.79,住,,,1130613,土地1建物1車位1,四層,二十四層,住宅大樓(11層含以上有電梯),住家用,鋼筋混凝土造,1140722,119.3,2,2,2,有,有,16920000,183718,坡道平面,37.0,1800000,預售屋、或土地及建物分件登記案件；,RPXPMLMKNHLGFBH09DA,49.32,0.0,3.52,有,,桃園市
北區,房地(土地+建物),臺中市北區美德街３６２號,84.86,住,,,1150301,土地2建物1車位0,全,二層,透天厝,住家用,鋼筋混凝土加強磚造,0580814,120.9,4,3,4,有,無,24580000,203309,,0.0,0,頂樓加蓋；其他增建；,RPPQMLOJLHLGFBB67DA,120.9,0.0,0.0,無,,台中市
內湖區,房地(土地+建物),臺北市內湖區南京東路六段４５１巷５７號二樓之１１,8.0,都市：其他:辦公服務區(一)(不得作住宅使用)。,,,1150306,土地1建物1車位0,二層,十四層,住宅大樓(11層含以上有電梯),商業用,鋼筋混凝土造,0971205,44.44,1,0,1,有,有,10800000,243024,,0.0,0,,RPXOMLOLMHLGFCA58DA,26.18,0.66,2.88,有,,台北市
龍潭區,土地,五福段865地號,1027.56,住,,,1141231,土地3建物0車位0,,,其他,,,,0.0,0,0,0,無,無,70374000,68487,,0.0,0,包含公共設施保留地用地；,RPUNMLPJNHLGFCH88DA,0.0,0.0,0.0,無,,桃園市
前金區,房地(土地+建物)+車位,高雄市前金區河東路１４２號十四樓,3.55,其他,,,1150410,土地1建物1車位1,十四層,三十二層,住宅大樓(11層含以上有電梯),見其它登記事項,見其它登記事項,1130716,78.13,1,1,1,有,有,8000000,102393,坡道機械,6.94,0,,RPPOMLLKNHLGFAE67DA,37.17,0.93,8.23,有,0091,高雄市
仁武區,房地(土地+建物),高雄市仁武區慈惠三街１６８號,167.31,其他,,,1150223,土地1建物1車位0,全,五層,透天厝,見其他登記事項,鋼筋混凝土造,1101229,343.86,5,2,6,有,無,36000000,104694,,0.0,0,親友、員工、共有人或其他特殊關係間之交易；,RPRNMLLKLHLGFIE38DA,317.45,0.0,26.41,有,,高雄市
龍潭區,房地(土地+建物),桃園市龍潭區新龍路１８８巷４０之２號,80.73,住,,,1150423,土地3建物1車位0,全,五層,透天厝,住家用,鋼筋混凝土造,0940926,221.96,4,2,3,有,無,18000000,81096,,0.0,0,,RPVNMLSJNHLGFCH66DA,186.68,0.0,35.28,無,,桃園市
沙鹿區,房地(土地+建物),臺中市沙鹿區正英八街１８６號,140.98,住,,,1150413,土地2建物1車位0,全,四層,透天厝,住家用,鋼筋混凝土造,1140916,249.37,4,3,5,有,無,38800000,155592,,0.0,0,,RPRPMLMKNHLGFFB28DA,230.13,0.0,19.24,有,,台中市
蘆竹區,房地(土地+建物)+車位,桃園市蘆竹區山鼻二路１４３號五樓,25.85,住,,,1130604,土地1建物1車位1,五層,十一層,住宅大樓(11層含以上有電梯),住家用,鋼筋混凝土造,1150319,154.39,3,2,2,有,有,14970000,107195,坡道平面,31.53,1800000,預售屋、或土地及建物分件登記案件；,RPRQMLTLMHLGFEH96DA,72.27,0.0,9.46,有,,桃園市
新屋區,房地(土地+建物)+車位,桃園市新屋區保安路一段９０巷４３號五樓,31.97,,特定農業區,甲種建築用地,1130612,土地1建物1車位1,五層,五層,華廈(10層含以下有電梯),住家用,鋼筋混凝土造,1150116,106.38,3,2,2,有,有,7960000,73743,坡道平面,18.1,1450000,預售屋、或土地及建物分件登記案件；,RPWOMLRJNHLGFDH86DA,64.71,0.0,7.85,有,,桃園市
楊梅區,房地(土地+建物)+車位,桃園市楊梅區上湖三路２０６巷３０弄３５號,97.75,,特定農業區,甲種建築用地,1150308,土地3建物1車位1,全,四層,透天厝,住家用,鋼筋混凝土造,1140509,180.66,3,2,4,有,有,12570000,69578,一樓平面,0.0,0,,RPUNMLLKNHLGFDH68DA,180.31,0.0,0.0,無,,桃園市
后里區,房地(土地+建物),臺中市后里區文明路３１巷１弄９號二樓之１,37.97,住,,,1150318,土地1建物1車位0,二層,五層,華廈(10層含以下有電梯),住家用,鋼筋混凝土造,1131128,82.35,2,2,1,有,有,7980000,96903,,0.0,0,,RPXOMLNLMHLGFDB68DA,46.1,0.0,2.59,有,,台中市
三重區,房地(土地+建物)+車位,新北市三重區五谷王北街４５巷６０號二樓,18.9,住,,,1150417,土地1建物1車位1,二層,十四層,住宅大樓(11層含以上有電梯),住家用,鋼筋混凝土造,1111020,150.8,2,2,1,有,有,22380000,190226,坡道平面,47.87,2800000,,RPTOMLTLMHLGFGF96DA,56.92,6.74,3.37,有,,新北市
北屯區,房地(土地+建物)+車位,臺中市北屯區南興北一路１１６號六樓之５,19.76,住,,,1130526,土地1建物1車位2,六層,十七層,住宅大樓(11層含以上有電梯),住家用,鋼筋混凝土造,1150205,191.53,3,2,2,有,有,22180000,153459,坡道平面,68.5,3300000,預售屋、或土地及建物分件登記案件；,RPQOMLQKMHLGFBB97DA,73.02,0.0,7.57,有,,台中市
新竹市,房地(土地+建物),新竹市新竹市光華二街６９巷１１弄２號,53.0,住,,,1150313,土地1建物1車位0,全,二層,透天厝,住家用,加強磚造,0621127,49.55,6,2,3,有,無,8000000,161453,,0.0,0,親友、員工、共有人或其他特殊關係間之交易；頂樓加蓋；,RPQNMLKMMHLGFAO68DA,49.55,0.0,0.0,無,,新竹市
蘆洲區,房地(土地+建物),新北市蘆洲區永安南路二段３２８巷８號五樓之一,18.67,住,,,1150427,土地1建物1車位0,五層,十二層,住宅大樓(11層含以上有電梯),住家用,鋼筋混凝土造,1140605,73.73,2,1,2,有,無,16600000,225146,,0.0,0,本社區名稱「河悅花園」,RPPOMLSLMHLGFGF09DA,44.6,0.0,4.07,有,,新北市
鹽埕區,房地(土地+建物),高雄市鹽埕區公園二路１８５號二樓之３,6.84,商,,,1110710,土地1建物1車位0,二層,十五層,住宅大樓(11層含以上有電梯),見其它登記事項,鋼筋混凝土造,1141211,74.81,2,2,1,有,有,8820000,117899,,0.0,0,預售屋、或土地及建物分件登記案件；,RPUOMLOJNHLGFAE38DA,42.53,0.0,4.99,有,,高雄市
中和區,房地(土地+建物),新北市中和區景平路７１之７號四樓之五,3.21,住,,,1150403,土地1建物1車位0,四層,二十一層,住宅大樓(11層含以上有電梯),住家用,鋼筋混凝土造,0861104,43.89,1,1,1,有,有,7800000,177717,,0.0,0,其他增建；,RPQOMLLLMHLGFHF58DA,29.26,0.0,3.64,有,,新北市
岡山區,土地,文化段106地號,627.0,都市：其他:道路用地,,,1150505,土地1建物0車位0,,,其他,,,,0.0,0,0,0,無,無,8863272,14136,,0.0,0,包含公共設施保留地用地；,RPSOMLPJNHLGFFE78DA,0.0,0.0,0.0,無,,高雄市
板橋區,房地(土地+建物),新北市板橋區民族路２１９巷１號,47.5,住,,,1150118,土地1建物1車位0,一層,四層,公寓(5樓含以下無電梯),住家用,加強磚造,0630121,119.73,5,2,2,有,無,10200000,85192,,0.0,0,親友、員工、共有人或其他特殊關係間之交易；,RPOPMLQKMHLGFAF18DA,119.73,0.0,0.0,無,,新北市
南屯區,土地,楓樹段775-11地號,249.0,住,,,1150416,土地1建物0車位0,,,其他,,,,0.0,0,0,0,無,無,11000000,44177,,0.0,0,因無法單獨申請建築執照，故出售予鄰地。,RPPNMLLKNHLGFCB47DA,0.0,0.0,0.0,無,0040,台中市
三民區,土地,大豐段二小段579地號,15.0,都市：其他:道路用地,,,1141230,土地1建物0車位0,,,其他,,,,0.0,0,0,0,無,無,204000,13600,,0.0,0,包含公共設施保留地用地；,RPSOMLKMKIKGFDE08DA,0.0,0.0,0.0,無,,高雄市
鳳山區,房地(土地+建物),高雄市鳳山區瑞興路４２２巷４５號,81.0,住,,,1150304,土地1建物1車位0,全,二層,透天厝,見其他登記事項,加強磚造,0630306,117.53,7,2,3,有,無,10500000,89339,,0.0,0,其他增建；,RPTOMLNLMHLGFGE88DA,117.53,0.0,0.0,無,,高雄市
三民區,房地(土地+建物)+車位,高雄市三民區大豐二路２２５號二十六樓之１０,5.37,商,,,1130104,土地1建物1車位1,二十六層,二十九層,住宅大樓(11層含以上有電梯),見其它登記事項,鋼筋混凝土造,1141218,92.83,2,1,2,有,有,9920000,117872,坡道機械,19.7,1300000,預售屋、或土地及建物分件登記案件；,RPUUMLKLJHLGFDE68DA,43.38,0.0,3.87,有,,高雄市
中山區,房地(土地+建物),臺北市中山區南京東路三段２５號五樓,46.88,都市：其他:第參種商業區(依都市計畫說明書圖規定辦理，始得作第參種商業區使用)(原屬第參種住宅區及第貳種商業區)。,,,1150317,土地1建物1車位0,五層,八層,華廈(10層含以下有電梯),商業用,鋼筋混凝土造,0601013,280.9,5,1,2,有,有,70000000,249199,,0.0,0,,RPPNMLTKMHLGFCA08DA,280.9,0.0,0.0,有,,台北市
橋頭區,房地(土地+建物)+車位,高雄市橋頭區新南一街１５９號五樓,11.58,住,,,1130611,土地1建物1車位1,五層,十五層,住宅大樓(11層含以上有電梯),見其他登記事項,鋼筋混凝土造,1150106,91.59,1,2,1,有,有,9890000,103526,坡道機械,7.65,1200000,預售屋、或土地及建物分件登記案件；,RPOOMLRJPHKGFFE68DA,39.86,0.0,13.86,有,,高雄市
汐止區,車位,新北市汐止區大同路二段２６５號１４樓之５等公共設施,0.0,住,,,1150430,土地1建物1車位1,十四層,二十四層,其他,住家用,鋼筋混凝土造,0840126,2.73,0,0,0,無,有,450000,,其他,2.72,450000,本案為獨立權狀機車位買賣.僅車位交易；,RPSNMLOKNHLGFDF58DA,0.0,0.0,0.0,有,0117,新北市
汐止區,車位,新北市汐止區大同路二段２７３、２７５、２７７、２７９、２８１、２８３、２８５、２７３之１、２７３之２、２７９之１、２７９之２、２８１之１、２８１之２、２８１之３、２８３之１、２８３之２號建築物地下二層。,0.09,住,,,1150413,土地1建物1車位1,地下二層,二十四層,其他,見使用執照,鋼筋混凝土造,0840126,35.83,0,0,0,無,有,2450000,,坡道平面,35.83,2450000,僅車位交易；,RPTNMLOKNHLGFDF68DA,0.0,0.0,0.0,有,0094,新北市
永和區,房地(土地+建物),新北市永和區民治街９０號四樓,26.25,住,,,1150424,土地1建物1車位0,四層,四層,公寓(5樓含以下無電梯),住家用,鋼筋混凝土,0591030,77.3,2,2,1,有,無,10000000,129366,,0.0,0,陽台外推；頂樓加蓋；其他增建；,RPXNMLOJNHLGFHF76DA,67.4,0.0,9.9,無,,新北市
新莊區,房地(土地+建物)+車位,新北市新莊區中央路８２號五樓,13.22,商,,,1090913,土地1建物1車位1,五層,十七層,住宅大樓(11層含以上有電梯),住家用,鋼筋混凝土造,1140306,133.54,2,2,1,有,有,15950000,150144,坡道平面,39.63,1850000,本案於113年8月27日簽立讓渡同意書，讓渡金額不變。預售屋、或土地及建物分件登記案件；,RPUOMLLLMHLGFBF38DA,52.85,2.1,6.17,有,,新北市
八德區,房地(土地+建物),桃園市八德區興豐路１９０６巷９８號,73.7,,一般農業區,甲種建築用地,1141224,土地1建物1車位0,全,四層,透天厝,住家用,鋼筋混凝土造,0830117,188.2,4,2,3,有,無,12600000,66950,,0.0,0,,RPQNMLSLKHLGFFH98DA,166.14,7.97,14.09,無,,桃園市
南屯區,房地(土地+建物)+車位,臺中市南屯區建功路６９號十九樓之８,14.6,住,,,1130218,土地1建物1車位1,十九層,二十三層,住宅大樓(11層含以上有電梯),住家用,鋼筋混凝土造,1141226,158.16000000000003,3,2,2,有,有,17800000,120815,坡道平面,26.14,1850000,預售屋、或土地及建物分件登記案件；,RPPOMLQJNHLGFCB97DA,72.91,0.0,13.74,有,,台中市
楊梅區,土地,高上段940地號,212.07,,特定農業區,甲種建築用地,1150321,土地1建物0車位0,,,其他,,,,0.0,0,0,0,無,無,2887200,13614,,0.0,0,親友、員工、共有人或其他特殊關係間之交易；,RPROMLQJNHLGFDH88DA,0.0,0.0,0.0,無,0149,桃園市
北屯區,房地(土地+建物)+車位,臺中市北屯區南興一路２０號九樓之３,43.29,住,,,1150315,土地1建物1車位2,九層,十四層,住宅大樓(11層含以上有電梯),住家用,鋼筋混凝土造,1110513,195.17000000000002,4,2,2,有,有,24000000,122970,坡道平面,47.68,0,,RPVPMLRJNHLGFBB68DA,89.95,0.0,10.77,有,0134,台中市
龍潭區,房地(土地+建物)+車位,桃園市龍潭區民治路１２２號十樓之１６,8.42,商,,,1150313,土地1建物1車位1,十層,十三層,住宅大樓(11層含以上有電梯),住家用,鋼筋混凝土造,1140423,81.05,0,0,0,無,有,6340000,93984,坡道平面,23.7,950000,,RPVNMLNKNHLGFCH88DA,32.59,0.0,3.13,有,,桃園市
西屯區,房地(土地+建物)+車位,臺中市西屯區臺灣大道三段７６３號二十三樓之３,5.35,商,,,1090705,土地1建物1車位1,二十三層,三十六層,住宅大樓(11層含以上有電梯),住家用,鋼骨造,1141028,87.82,2,2,1,有,有,9150000,108351,坡道機械,12.14,950000,預售屋、或土地及建物分件登記案件；,RPVNNLPJNHLGFCB48DA,43.32,1.93,4.34,有,,台中市
萬華區,房地(土地+建物)+車位,臺北市萬華區環河南路二段１９號二十四樓,8.64,都市：其他:第肆種商業區(依都市計畫說明書圖規定辦理，始得作第肆種商業區使用)(原屬第參種商業區)。,,,1150321,土地2建物1車位1,二十四層,二十四層,住宅大樓(11層含以上有電梯),住家用,鋼筋混凝土造,1090807,130.21,2,2,2,有,有,26000000,254594,坡道平面,39.88,3000000,,RPPNMLSJMHLGFBA77DA,53.71,3.16,3.92,有,085,台北市
三重區,房地(土地+建物),新北市三重區三和路二段７５號六樓之六,4.98,商,,,1150328,土地1建物1車位0,六層,十層,華廈(10層含以下有電梯),住家用,鋼筋混凝土造,0830304,38.17,1,1,1,有,有,6580000,172432,,0.0,0,,RPTNMLSLMHLGFGF76DA,26.04,0.0,0.0,有,,新北市
楠梓區,房地(土地+建物)+車位,高雄市楠梓區大學十八街２２號九樓,20.6,住,,,1130107,土地1建物1車位1,九層,十九層,住宅大樓(11層含以上有電梯),見其它登記事項,見其它登記事項,1150226,167.55,2,2,2,有,有,14700000,89048,坡道平面,24.93,2000000,預售屋、或土地及建物分件登記案件；,RPXNMLNKNHLGFEE98DA,72.1,0.0,19.32,有,,高雄市
鼓山區,房地(土地+建物)+車位,高雄市鼓山區南屏路８６３號十一樓之２,13.7,其他,,,1150331,土地1建物1車位1,十一層,十九層,住宅大樓(11層含以上有電梯),住家用,鋼筋混凝土造,0951205,165.13,3,2,2,有,有,21380000,129474,坡道平面,20.93,0,,RPOOMLMKNHLGFAE67DA,90.66,1.52,9.64,有,,高雄市
新屋區,房地(土地+建物)+車位,桃園市新屋區民族路六段５１５巷３６號十樓之５,19.29,住,,,1131114,土地1建物1車位1,十層,十四層,住宅大樓(11層含以上有電梯),住家用,鋼筋混凝土造,1141208,119.38,2,2,2,有,有,12000000,111429,坡道平面,25.15,1500000,預售屋、或土地及建物分件登記案件；,RPWQMLPJLHLGFDH66DA,59.27,0.0,4.3,有,,桃園市
三芝區,房地(土地+建物),新北市三芝區芝柏一街３之１號,176.08,農,,,1150404,土地2建物1車位0,全,二層,透天厝,住家用,加強磚造,0710810,104.28,4,2,3,有,無,6700000,64250,,0.0,0,陽台外推；,RPPNMLKMMHLGFEF08DA,88.54,8.99,6.75,無,0095,新北市
湖內區,房地(土地+建物),高雄市湖內區民權路１４０巷７０號,80.75,住,,,1150322,土地1建物1車位0,全,四層,透天厝,見其他登記事項,鋼筋混凝土造,1140901,184.79,4,2,4,有,無,17200000,93079,,0.0,0,,RPSNMLOJNHLGFJE98DA,175.22,0.0,9.57,無,,高雄市
內湖區,房地(土地+建物)+車位,臺北市內湖區民權東路六段２８０巷２５弄２２號三樓,58.94,都市：其他:第三種住宅區。,,,1150311,土地1建物1車位1,三層,五層,公寓(5樓含以下無電梯),住家用,鋼筋混凝土造,0780509,194.3,4,2,2,有,無,29180000,171520,坡道平面,38.74,2500000,陽台外推；其他增建；,RPQNMLSJNHLGFCA08DA,174.93,0.0,15.32,無,,台北市
苓雅區,房地(土地+建物),高雄市苓雅區三多一路１５１巷５０弄１號,70.0,住,,,1150420,土地1建物1車位0,全,二層,透天厝,見其他登記事項,加強磚造,0580620,78.75,4,2,2,有,無,6000000,76190,,0.0,0,頂樓加蓋；,RPPNMLSJNHLGFBE38EA,78.75,0.0,0.0,無,0049,高雄市
永和區,房地(土地+建物)+車位,新北市永和區中山路一段１００號四樓之１,13.25,商,,,1100910,土地4建物1車位1,四層,十五層,住宅大樓(11層含以上有電梯),住家用,鋼筋混凝土構造,1141202,171.82999999999998,3,2,2,有,有,28220000,188736,坡道平面,36.35,2650000,權利人於民國114.07.09原價讓渡取得預售屋、或土地及建物分件登記案件；,RPXOMLQJNHLGFHF07DA,83.23,0.0,6.14,有,,新北市
鶯歌區,房地(土地+建物)+車位,新北市鶯歌區鳳五路２３號十樓,18.71,住,,,1150314,土地1建物1車位1,十層,十一層,住宅大樓(11層含以上有電梯),住家用,鋼筋混凝土造,1141230,116.53,2,2,1,有,有,12000000,133659,坡道平面,38.72,1600000,,RPSNMLKMLHLGFIF68DA,45.62,0.0,4.31,有,0201,新北市
龍潭區,土地,龍祥段897地號,42.77,,鄉村區,乙種建築用地,1150412,土地1建物0車位0,,,其他,,,,0.0,0,0,0,無,無,2350000,54945,,0.0,0,未登記建物；,RPOOMLQJNHLGFCH48DA,0.0,0.0,0.0,無,0017,桃園市
潭子區,房地(土地+建物),臺中市潭子區豐興路一段４００巷２９號,95.94,,特定農業區,甲種建築用地,1130221,土地2建物1車位0,全,五層,透天厝,住家用,鋼筋混凝土造,1141226,244.91,4,3,6,有,有,29500000,120452,,0.0,0,另有一樓平面專有部分停車位1個預售屋、或土地及建物分件登記案件；,RPOPMLMKNHLGFHB18DA,237.81,0.0,5.96,有,,台中市
楊梅區,房地(土地+建物)+車位,桃園市楊梅區金溪路３４３號三樓,29.8,住,,,1121113,土地1建物1車位1,三層,七層,華廈(10層含以下有電梯),住家用,鋼筋混凝土造,1150129,141.45999999999998,3,2,2,有,有,10020000,74325,坡道平面,24.81,1350000,預售屋、或土地及建物分件登記案件；,RPVWMLTJKHLGFDH47DA,69.99,0.0,8.97,有,,桃園市
北區,房地(土地+建物),臺中市北區梅川東路三段７６號二樓之５,15.77,住,,,1150123,土地1建物1車位0,二層,八層,華廈(10層含以下有電梯),住家用,鋼筋混凝土造,1141105,78.25999999999999,2,2,2,有,有,11500000,146946,,0.0,0,,RPUQMLLJMHLGFBB97DA,33.3,0.0,4.38,有,,台中市
龜山區,房地(土地+建物)+車位,桃園市龜山區文化一路３８８號八樓之２,10.02,商,,,1150311,土地1建物1車位1,八層,二十八層,住宅大樓(11層含以上有電梯),住家用,鋼筋混凝土造,1091221,153.28,3,2,2,有,有,16500000,115213,坡道平面,25.69,1800000,,RPPNMLOKMHLGFHH78DA,77.75,0.0,9.12,有,0203,桃園市
泰山區,房地(土地+建物)+車位,新北市泰山區明志路二段２９８巷６之８號六樓,12.89,住,,,1120812,土地2建物1車位1,六層,十四層,住宅大樓(11層含以上有電梯),住家用,鋼筋混凝土造,1141210,89.89,2,2,1,有,有,13070000,161964,坡道平面,24.32,2450000,預售屋、或土地及建物分件登記案件；,RPUQMLMKJIKGFBF28DA,39.41,0.0,3.54,有,,新北市
大園區,房地(土地+建物)+車位,桃園市大園區園科路１０５號十四樓,15.3,商,,,1121010,土地1建物1車位1,十四層,十八層,住宅大樓(11層含以上有電梯),住家用,鋼筋混凝土造,1141223,108.67,2,2,2,有,有,9690000,94257,坡道平面,21.78,1500000,預售屋、或土地及建物分件登記案件；,RPVNMLLJMHLGFEH68DA,49.59,0.0,7.79,有,,桃園市
太平區,房地(土地+建物),臺中市太平區正誠街４６巷４號,76.0,工,,,1150407,土地2建物1車位0,全,三層,透天厝,住家用,鋼筋混凝土造,0801031,132.19,4,3,3,有,無,6300000,47659,,0.0,0,親友、員工、共有人或其他特殊關係間之交易；,RPVVMLMJMHLGFJB86DA,115.17,7.83,9.19,無,,台中市
龜山區,房地(土地+建物)+車位,桃園市龜山區樂學路１７８號二十七樓,11.92,工,,,1091031,土地2建物1車位1,二十七層,二十九層,住宅大樓(11層含以上有電梯),住家用,鋼筋混凝土造,1150204,117.39,3,2,2,有,有,8800000,86344,坡道平面,35.74,1750000,預售屋、或土地及建物分件登記案件；,RPTPMLOJNHLGFHH76DA,50.95,0.0,3.35,有,,桃園市
汐止區,房地(土地+建物),新北市汐止區大同路二段４５６號５樓,35.58,住,,,1150322,土地2建物1車位0,五層,五層,公寓(5樓含以下無電梯),住家用,鋼筋混凝土造,0730312,88.47,3,2,2,有,無,12300000,139030,,0.0,0,,RPQNMLSJNHLGFDF68DA,81.43,0.0,7.04,無,0226,新北市
彌陀區,土地,港段483-8地號,45.98,都市：其他:道路用地,,,1150424,土地3建物0車位0,,,其他,,,,0.0,0,0,0,無,無,2500000,54371,,0.0,0,親友、員工、共有人或其他特殊關係間之交易；,RPWNMLNLMHLGFFE98DA,0.0,0.0,0.0,無,0022,高雄市
新興區,房地(土地+建物),高雄市新興區中山一路１６號十一樓之９,4.44,都市：其他:第五種商業區,,,1100201,土地2建物1車位0,十一層,三十四層,住宅大樓(11層含以上有電梯),見其他登記事項,見其他登記事項,1150121,84.22,2,1,1,有,有,8910000,105794,,0.0,0,另有讓渡預售屋、或土地及建物分件登記案件；,RPPQMLLJMHLGFBE77DA,47.51,0.0,7.24,有,,高雄市
中正區,房地(土地+建物),臺北市中正區忠孝西路一段５０號十二樓之３０,2.53,都市：其他:第四種商業區。,,,1150407,土地1建物1車位0,十二層,二十七層,住宅大樓(11層含以上有電梯),商業用,鋼骨混凝土造,0790815,45.83,0,1,1,有,有,12120000,264456,,0.0,0,,RPTOMLKMMHLGFBA77DA,29.12,0.0,3.34,有,,台北市
林口區,房地(土地+建物),新北市林口區文林一街９９巷２號,6.44,住,,,1150414,土地1建物1車位0,全,四層,透天厝,住家用,鋼筋混凝土造,0981001,10.42,5,2,6,有,無,700000,67179,,0.0,0,親友、員工、共有人或其他特殊關係間之交易；,RPQNMLPKMHLGFBF18DA,10.09,0.0,0.34,無,0074,新北市
楊梅區,房地(土地+建物)+車位,桃園市楊梅區和平路８７巷１３０號,75.77,,特定農業區,甲種建築用地,1150324,土地1建物1車位1,全,三層,透天厝,住家用,鋼筋混凝土造,0840421,163.57999999999998,4,2,3,有,無,8000000,48906,坡道平面,0.0,0,其他增建；,RPTNMLMKNHLGFDH68DA,119.64,9.82,7.45,無,,桃園市
太平區,房地(土地+建物)+車位,臺中市太平區育才路１７７號三樓之２,19.14,住,,,1121128,土地1建物1車位1,三層,十五層,住宅大樓(11層含以上有電梯),住家用,鋼筋混凝土造,1150113,125.62,2,2,2,有,有,11930000,104015,坡道平面,28.23,1800000,預售屋、或土地及建物分件登記案件；,RPPTNLLMLHLGFJB88DA,56.59,0.0,7.06,有,,台中市
大園區,房地(土地+建物)+車位,桃園市大園區領航南路二段３１號十五樓之１０,13.82,商,,,1120617,土地1建物1車位1,十五層,二十三層,住宅大樓(11層含以上有電梯),住家用,鋼筋混凝土造,1141203,101.74,2,2,1,有,有,12680000,142029,坡道平面,24.08,1650000,預售屋、或土地及建物分件登記案件；,RPVPMLLKNHLGFEH09DA,46.35,0.0,4.59,有,,桃園市
新莊區,房地(土地+建物)+車位,新北市新莊區福營路３８５之６號,32.0,農,,,1150401,土地1建物1車位2,一層,四層,華廈(10層含以下有電梯),商業用,鋼筋混凝土造,1070129,160.9,0,0,0,無,有,20300000,126165,坡道平面,72.44,0,,RPPNMLPKNHLGFBF28EA,61.67,0.0,0.0,有,,新北市
深坑區,房地(土地+建物)+車位,新北市深坑區文山路二段１６號六樓,36.65,住,,,1150302,土地1建物1車位2,六層,十層,華廈(10層含以下有電梯),住家用,鋼筋混凝土構造,1040409,160.94,3,2,2,有,有,16500000,111955,坡道平面,35.89,2500000,陽台外推；,RPRNMLOLMHLGFCF38DA,75.62,5.82,8.4,有,0243,新北市
北屯區,房地(土地+建物),臺中市北屯區北屯路４４１之３９號,74.61,住,,,1150420,土地2建物1車位0,全,五層,透天厝,住家用,鋼筋混凝土造,0951102,232.67,4,2,3,有,有,29500000,126789,,0.0,0,其他增建：三樓閣樓前方廚房其他增建；,RPPOMLOLMHLGFBB77DA,202.14,2.42,25.08,無,0015,台中市
泰山區,房地(土地+建物)+車位,新北市泰山區仁德路３０號三樓,27.0,住,,,1110818,土地1建物1車位1,三層,十三層,住宅大樓(11層含以上有電梯),住家用,鋼筋混凝土造,1150126,186.91000000000003,3,2,2,有,有,26850000,151487,坡道平面,22.87,2000000,預售屋、或土地及建物分件登記案件；,RPRNMLMJMHLGFBF87DA,93.48,0.0,14.45,有,,新北市
樹林區,房地(土地+建物),新北市樹林區中興街４號二樓,26.25,住,,,1150422,土地1建物1車位0,二層,四層,公寓(5樓含以下無電梯),住家用,加強磚造,0650109,82.43,2,1,1,有,無,6000000,72789,,0.0,0,親友、員工、共有人或其他特殊關係間之交易；,RPTNMLPJNHLGFIF56DA,72.63,0.0,9.8,無,,新北市
竹北市,房地(土地+建物),新竹縣竹北市復興六路１１巷１６號,98.85,住,,,1150419,土地2建物1車位0,全,四層,透天厝,住家用,鋼筋混凝土造,0950817,304.48,5,2,4,有,有,42720000,140305,,0.0,0,陽台外推；,RPQNMLMLMHLGFBJ38DA,245.66,4.1,33.4,無,013,新竹縣
太平區,土地,長億段310-32地號,1181.47,,,,1150430,土地1建物0車位0,,,其他,,,,0.0,0,0,0,無,無,30222003,25580,,0.0,0,政府機關標讓售；,RPXNMLMKNHLGFJB09DA,0.0,0.0,0.0,無,,台中市
中壢區,土地,內壢段635地號,1380.0,農,,,1150325,土地1建物0車位0,,,其他,,,,0.0,0,0,0,無,無,30060000,21783,,0.0,0,,RPVPMLMKNHLGFBH88DA,0.0,0.0,0.0,無,,桃園市
西屯區,車位,臺中市西屯區市政北一路１９號等公共設施,0.0,,,,1150427,土地0建物1車位1,,,其他,,,,33.47,0,0,0,無,有,2400000,,坡道平面,33.47,2400000,建物坐落地號：惠國段68地號；僅車位交易；,RPSTMLPJNHLGFCB68DA,0.0,0.0,0.0,有,0011,台中市
三重區,房地(土地+建物),新北市三重區環河北路二段３０２號十二樓,10.59,住,,,1141124,土地2建物1車位0,十二層,十三層,住宅大樓(11層含以上有電梯),住家用,鋼筋混凝土造,0871212,65.38,2,1,1,有,有,11900000,182013,,0.0,0,其他增建；,RPVTNLPKMHLGFGF27DA,52.21,0.0,1.74,有,,新北市
蘆竹區,房地(土地+建物)+車位,桃園市蘆竹區大新一街３３９號六樓,12.11,商,,,1130408,土地1建物1車位1,六層,十五層,住宅大樓(11層含以上有電梯),住家用,鋼筋混凝土造,1150327,128.92,2,2,1,有,有,12650000,108472,坡道平面,27.05,1600000,預售屋、或土地及建物分件登記案件；,RPRQMLNLMHLGFEH98DA,60.92,0.0,6.79,有,,桃園市
龜山區,房地(土地+建物),桃園市龜山區牛角坡路４９號五樓,12.78,住,,,1150318,土地1建物1車位0,五層,十五層,住宅大樓(11層含以上有電梯),住家用,鋼筋混凝土造,1140307,94.79,2,2,1,有,有,12500000,131870,,0.0,0,,RPXRMLOKNHLGFHH47DA,55.44,0.0,7.62,有,0255,桃園市
鶯歌區,房地(土地+建物)+車位,新北市鶯歌區國中街８２號四樓之５,27.6,住,,,1120106,土地1建物1車位1,四層,十三層,住宅大樓(11層含以上有電梯),住家用,鋼筋混凝土造,1141222,156.57,3,2,2,有,有,13590000,93921,坡道平面,26.78,1400000,預售屋、或土地及建物分件登記案件；,RPQSMLQKMHLGFIF86DA,75.9,0.0,8.49,有,,新北市
林口區,房地(土地+建物)+車位,新北市林口區文化三路二段７０號六樓,8.05,商,,,1131110,土地1建物1車位1,六層,二十九層,住宅大樓(11層含以上有電梯),辦公用,鋼骨構造,1150317,123.03,0,0,0,無,有,18860000,173780,坡道平面,24.86,1800000,預售屋、或土地及建物分件登記案件；,RPRRMLQJNHLGFBF78DA,53.84,0.0,5.12,有,,新北市
汐止區,房地(土地+建物)+車位,新北市汐止區福德路７號三樓,17.94,住,,,1150204,土地1建物1車位1,三層,十二層,住宅大樓(11層含以上有電梯),住家用,鋼筋混凝土造,1000808,129.57999999999998,3,2,2,有,有,21220000,177144,坡道平面,22.21,2200000,陽台外推；,RPPOMLKMMHLGFDF08DA,61.78,5.11,7.5,有,0320,新北市
土城區,房地(土地+建物)+車位,新北市土城區青雲路２７３號七樓之２,12.92,住,,,1150301,土地1建物1車位1,七層,十三層,住宅大樓(11層含以上有電梯),住家用,鋼筋混凝土造,0970519,94.77,2,2,1,有,有,11800000,124512,升降平面,33.07,0,,RPQNMLKMLHLGFAF67DA,35.82,3.31,4.92,有,,新北市
楠梓區,房地(土地+建物)+車位,高雄市楠梓區右昌街３５８號八樓之３,12.72,商,,,1130713,土地1建物1車位1,八層,十五層,住宅大樓(11層含以上有電梯),見其它登記事項,見其它登記事項,1140904,164.71,2,1,2,有,有,14260000,102270,坡道平面,36.52,1150000,預售屋、或土地及建物分件登記案件；,RPQNMLNKMHLGFEE18DA,71.19,0.0,10.82,有,,高雄市
北屯區,房地(土地+建物)+車位,臺中市北屯區南興北一路１１６號十五樓之５,19.76,住,,,1120916,土地1建物1車位1,十五層,十七層,住宅大樓(11層含以上有電梯),住家用,鋼筋混凝土造,1150205,157.28,3,2,2,有,有,19530000,146550,坡道平面,34.25,1500000,預售屋、或土地及建物分件登記案件；,RPSUMLMJMHLGFBB28DA,73.02,0.0,7.57,有,,台中市
三重區,房地(土地+建物)+車位,新北市三重區三民街６８號四樓之一,12.82,住,,,1150313,土地1建物1車位1,四層,十五層,住宅大樓(11層含以上有電梯),住家用,鋼筋混凝土造,1050629,131.97,2,2,1,有,有,18000000,136395,坡道平面,35.68,0,,RPTNMLKKMHLGFGF48DA,53.71,4.0,7.25,有,,新北市
西屯區,房地(土地+建物)+車位,臺中市西屯區臺灣大道三段６３０之１號二十二樓之５,8.25,商,,,1150402,土地4建物1車位1,二十二層,二十三層,住宅大樓(11層含以上有電梯),住家用,鋼筋混凝土造,1140826,94.11000000000001,2,2,2,有,有,10900000,115822,坡道機械,19.99,0,,RPUQMLQJNHLGFCB68DA,47.52,0.0,0.0,有,0012,台中市
龜山區,土地,南上段1-1地號,13.94,,,,1141214,土地1建物0車位0,,,其他,,,,0.0,0,0,0,無,無,241206,17303,,0.0,0,協議價購；,RPURMLOKMHLGFHH07DA,0.0,0.0,0.0,無,0313,桃園市
竹北市,房地(土地+建物)+車位,新竹縣竹北市福興路７５５巷２７弄１２號三樓之三,25.07,住,,,1150130,土地1建物1車位1,三層,五層,華廈(10層含以下有電梯),住家用,鋼筋混凝土造,1140807,71.42,2,2,1,有,有,17200000,240829,一樓平面,0.0,2000000,,RPUOMLRJNHLGFBJ66DA,42.33,0.0,5.87,有,,新竹縣
五股區,房地(土地+建物)+車位,新北市五股區新城八路３３９號十三樓,23.45,住,,,1130721,土地1建物1車位1,十三層,十五層,住宅大樓(11層含以上有電梯),住家用,鋼筋混凝土造,1141223,131.22,2,2,2,有,有,18880000,173517,坡道平面,36.82,2500000,預售屋、或土地及建物分件登記案件；,RPSQMLTLMHLGFBF56DA,53.21,3.0,7.17,有,,新北市
蘆竹區,土地,新福段35地號,10.83,,特定農業區,甲種建築用地,1150425,土地2建物0車位0,,,其他,,,,0.0,0,0,0,無,無,167752,15490,,0.0,0,含土地增值稅或其他稅費69042元；受民情風俗因素影響；,UPUNMLPJNHLGFEH76DA,0.0,0.0,0.0,無,0020,桃園市
左營區,房地(土地+建物),高雄市左營區文康路５２號二樓之６,10.76,住,,,1110124,土地1建物1車位0,二層,十二層,住宅大樓(11層含以上有電梯),見其它登記事項,見其它登記事項,1150113,73.57,2,1,2,有,有,8270000,112410,,0.0,0,預售屋、或土地及建物分件登記案件；,RPWPMLPJNHLGFEE56DA,41.26,0.0,4.59,有,,高雄市
西屯區,房地(土地+建物)+車位,臺中市西屯區市政北一路３３５號二十樓之６,9.41,都市：其他:第六種新市政中心專用區,,,1120429,土地1建物1車位1,二十層,三十七層,住宅大樓(11層含以上有電梯),住家用,鋼骨鋼筋混凝土造、鋼筋混凝土造,1150313,173.22,3,2,2,有,有,30700000,181267,坡道平面,14.89,2000000,預售屋、或土地及建物分件登記案件；,RPXNMLKKNHLGFCB18DA,85.65,10.96,9.05,有,,台中市
龜山區,房地(土地+建物)+車位,桃園市龜山區樂學路１８８號十四樓,10.88,工,,,1090823,土地2建物1車位1,十四層,二十九層,住宅大樓(11層含以上有電梯),住家用,鋼筋混凝土造,1150204,110.15,3,2,1,有,有,7400000,78618,坡道平面,35.74,1550000,轉讓日期115.03.24轉讓金額不變，二等親讓渡預售屋、或土地及建物分件登記案件；,RPVPMLOJNHLGFHH96DA,45.71,0.0,3.77,有,,桃園市
太平區,房地(土地+建物)+車位,臺中市太平區育才路１７１號二樓之５,26.58,住,,,1130707,土地1建物1車位1,二層,十五層,住宅大樓(11層含以上有電梯),住家用,鋼筋混凝土造,1150113,156.23000000000002,3,2,2,有,有,16550000,114594,坡道平面,29.26,2000000,預售屋、或土地及建物分件登記案件；,RPWNMLMJMHLGFJB78DA,76.02,0.0,9.29,有,,台中市
三重區,房地(土地+建物),新北市三重區忠孝路二段５２號三樓,22.4,住,,,1150305,土地1建物1車位0,三層,七層,華廈(10層含以下有電梯),住家用,鋼筋混凝土造,0891122,124.55999999999999,4,2,2,有,無,22600000,181439,,0.0,0,,RPSNMLRJNHLGFGF56EA,85.89,0.0,22.18,有,,新北市
林口區,房地(土地+建物)+車位,新北市林口區吉祥路３６號十一樓,12.34,商,,,1120225,土地1建物1車位1,十一層,十五層,住宅大樓(11層含以上有電梯),住家用,鋼筋混凝土造,1150213,134.9,3,2,2,有,有,18280000,146956,坡道平面,26.5,2350000,預售屋、或土地及建物分件登記案件；,RPOOMLMLJHLGFBF57DA,63.68,0.0,7.0,有,,新北市
橋頭區,房地(土地+建物)+車位,高雄市橋頭區新南一街１４９號四樓,11.58,住,,,1120605,土地1建物1車位1,四層,十五層,住宅大樓(11層含以上有電梯),見其他登記事項,鋼筋混凝土造,1150106,103.44,2,2,2,有,有,9580000,91963,坡道平面,17.21,1650000,預售屋、或土地及建物分件登記案件；,RPTNMLSKPHKGFFE66DA,51.28,0.0,3.96,有,,高雄市
梓官區,土地,赤東段571地號,37.62,,鄉村區,乙種建築用地,1150508,土地1建物0車位0,,,其他,,,,0.0,0,0,0,無,無,330000,8772,,0.0,0,共有地未臨路親友、員工、共有人或其他特殊關係間之交易；未登記建物；,RPPNMLSKNHLGFFE78DA,0.0,0.0,0.0,無,,高雄市
萬華區,房地(土地+建物),臺北市萬華區西昌街９８號四樓之１,34.22,都市：其他:第肆種商業區(依都市計畫說明書圖規定辦理，始得作第肆種商業區使用)(原屬第肆種住宅區及第參種商業區應依建築線或俟地籍測量分割後，再確定)。,,,1150328,土地1建物1車位0,四層,七層,華廈(10層含以下有電梯),住家用,鋼筋混凝土造,0790913,155.46,4,2,2,有,有,23000000,147948,,0.0,0,陽台外推；其他增建；,RPQOMLSJMHLGFBA97DA,104.72,2.91,17.76,有,,台北市
新屋區,房地(土地+建物),桃園市新屋區福隆路一段９９０巷２０號,113.78,,特定農業區,甲種建築用地,1150311,土地2建物1車位0,全,三層,透天厝,住家用,鋼筋混凝土造,1121025,151.25,4,2,3,有,無,10400000,68760,,0.0,0,,RPWNMLSJNHLGFDH86DA,142.44,0.0,8.4,無,0196,桃園市
新屋區,房地(土地+建物)+車位,桃園市新屋區民族路六段５１５巷３０號十二樓之１,17.54,住,,,1130119,土地1建物1車位1,十二層,十四層,住宅大樓(11層含以上有電梯),住家用,鋼筋混凝土造,1141208,110.98,2,2,1,有,有,8750000,86217,坡道平面,25.15,1350000,114.7.25轉讓，交易金額不變。預售屋、或土地及建物分件登記案件；,RPROMLPJNHLGFDH78DA,53.27,0.0,4.57,有,,桃園市
蘆竹區,土地,南竹段336-1地號,752.87,農,,,1150130,土地1建物0車位0,,,其他,,,,0.0,0,0,0,無,無,46914500,62314,,0.0,0,,RPRSMLSJMHLGFEH86DA,0.0,0.0,0.0,無,,桃園市
楠梓區,房地(土地+建物)+車位,高雄市楠梓區興楠路７３巷６號五樓,19.83,其他,,,1130919,土地1建物1車位1,五層,十五層,住宅大樓(11層含以上有電梯),見其它登記事項,見其它登記事項,1150203,148.56,4,2,2,有,有,15650000,109566,坡道平面,21.24,1700000,預售屋、或土地及建物分件登記案件；,RPVPMLNKNHLGFEE98DA,68.87,0.0,12.79,有,,高雄市
龜山區,土地,南上段1-1地號,125.42,,,,1141215,土地1建物0車位0,,,其他,,,,0.0,0,0,0,無,無,2169691,17299,,0.0,0,協議價購；,RPVSMLOKMHLGFHH27DA,0.0,0.0,0.0,無,,桃園市
八德區,房地(土地+建物),桃園市八德區興豐路１８０１巷１０６號二樓,33.72,,一般農業區,甲種建築用地,1130513,土地1建物1車位0,二層,五層,華廈(10層含以下有電梯),住家用,鋼筋混凝土造,1150115,93.88,2,2,2,有,有,8880000,94589,,0.0,0,預售屋、或土地及建物分件登記案件；,RPUNMLPJNHLGFFH56DA,70.6,0.0,4.7,有,,桃園市
西屯區,房地(土地+建物)+車位,臺中市西屯區市政北一路３３５號三十六樓之３,12.88,都市：其他:第六種新市政中心專用區,,,1110922,土地1建物1車位2,三十六層,三十七層,住宅大樓(11層含以上有電梯),住家用,鋼骨鋼筋混凝土造、鋼筋混凝土造,1150313,249.93,4,2,2,有,有,51020000,212809,坡道平面,33.68,5000000,預售屋、或土地及建物分件登記案件；,RPTNMLKKNHLGFCB77DA,122.19,7.17,14.8,有,,台中市
楊梅區,房地(土地+建物)+車位,桃園市楊梅區金溪路３３９號六樓,29.8,住,,,1121031,土地1建物1車位1,六層,七層,華廈(10層含以下有電梯),住家用,鋼筋混凝土造,1150129,141.48,3,2,2,有,有,9900000,73284,坡道平面,24.81,1350000,預售屋、或土地及建物分件登記案件；,RPPQMLTJKHLGFDH88DA,69.99,0.0,8.97,有,,桃園市
新店區,房地(土地+建物),新北市新店區中山路３１巷５０號,16.11,住,,,1150302,土地1建物1車位0,一層,十五層,住宅大樓(11層含以上有電梯),商業用,鋼筋混凝土構造,1120627,116.25,0,0,0,無,有,28140000,242065,,0.0,0,,RPSNMLSJNHLGFCF78DA,73.67,0.0,4.23,有,,新北市
中壢區,房地(土地+建物),桃園市中壢區力行北街５３號六樓之３,3.85,住,,,1150210,土地1建物1車位0,六層,六層,華廈(10層含以下有電梯),住家用,鋼筋混凝土造,0781220,21.22,1,1,1,有,有,1800000,84826,,0.0,0,,RPXOMLNKNHLGFBH09DA,13.82,0.75,0.0,有,,桃園市
楊梅區,房地(土地+建物)+車位,桃園市楊梅區中華南路二段４８０巷８號四樓,41.31,,特定農業區,甲種建築用地,1130608,土地3建物1車位1,四層,五層,華廈(10層含以下有電梯),住家用,鋼筋混凝土造,1150122,122.83,3,2,2,有,有,8560000,69690,一樓平面,0.0,1150000,114年10月27日原價轉讓預售屋、或土地及建物分件登記案件；,RPTPMLRJNHLGFDH66DA,74.33,0.0,6.17,有,,桃園市
西屯區,房地(土地+建物)+車位,臺中市西屯區青海路二段５號五樓之１１,6.56,商,,,1120202,土地1建物1車位1,五層,二十四層,住宅大樓(11層含以上有電梯),住家用,鋼骨鋼筋混凝土造,1141103,84.1,2,2,1,有,有,14350000,175805,坡道機械,9.87,1300000,預售屋、或土地及建物分件登記案件；,RPPONLOJNHLGFCB87DA,43.57,0.0,5.11,有,,台中市
桃園區,房地(土地+建物)+車位,桃園市桃園區新埔五街１３２號八樓,52.32,住,,,1150313,土地1建物1車位3,八層，九層,九層,華廈(10層含以下有電梯),住家用,鋼筋混凝土造,0990406,405.8,4,3,3,有,有,35880000,88418,坡道平面,133.92,0,夾層增建、鐵鋁窗增建、遮雨棚增建、本戶連通非約定專用露台,RPVNMLRJMHLGFAH88DA,153.22,24.52,13.88,有,,桃園市
楊梅區,房地(土地+建物)+車位,桃園市楊梅區瑞坪路２７６巷６８號四樓,35.05,住,,,1141228,土地1建物1車位1,四層,七層,華廈(10層含以下有電梯),住家用,鋼筋混凝土造,1071130,162.07,3,2,2,有,有,11270000,69538,坡道平面,0.0,0,,RPQNMLRJNHLGFDH78DA,77.6,0.0,8.89,有,0312,桃園市
三重區,房地(土地+建物),新北市三重區仁義街１６１之２號六樓,15.55,都市：其他:住宅區,,,1150403,土地5建物1車位0,六層,七層,華廈(10層含以下有電梯),住家用,鋼筋混凝土造,0860730,101.17,3,2,2,有,有,16880000,166848,,0.0,0,,RPRNMLSKNHLGFGF56DA,80.92,0.0,5.64,有,,新北市
三民區,房地(土地+建物)+車位,高雄市三民區大豐二路２２５號十四樓之２,9.03,商,,,1130510,土地1建物1車位1,十四層,二十九層,住宅大樓(11層含以上有電梯),見其它登記事項,鋼筋混凝土造,1141218,154.82,3,2,2,有,有,16880000,118970,坡道平面,31.68,2230000,預售屋、或土地及建物分件登記案件；,RPRRMLTKJHLGFDE88DA,72.68,0.0,6.81,有,,高雄市
新莊區,房地(土地+建物),新北市新莊區中原路２５１號二樓,28.44,住,,,1150324,土地1建物1車位0,二層,五層,公寓(5樓含以下無電梯),住家用,鋼筋混凝土造,0760227,98.15,3,2,2,有,無,6700000,68263,,0.0,0,親友、員工、共有人或其他特殊關係間之交易；,RPQNMLOKNHLGFBF28EA,94.18,0.0,3.97,無,,新北市
泰山區,房地(土地+建物)+車位,新北市泰山區明志路二段２９８巷６之９號三樓,16.47,住,,,1130126,土地2建物1車位1,三層,十四層,住宅大樓(11層含以上有電梯),住家用,鋼筋混凝土造,1141210,108.85,3,2,1,有,有,16150000,159115,坡道平面,24.32,2700000,114/09/28母子讓渡114/11/29父子讓渡含傢俱設備費；預售屋、或土地及建物分件登記案件；,RPUOMLKKKIKGFBF97DA,50.03,0.0,5.34,有,,新北市
松山區,房地(土地+建物)+車位,臺北市松山區三民路８０巷１１號二十一樓,16.73,都市：其他:第三種住宅區。,,,1140308,土地1建物1車位1,二十一層,二十四層,住宅大樓(11層含以上有電梯),住家用,鋼骨鋼筋混凝土造,1140625,162.12,3,2,2,有,有,54840000,402293,坡道平面,34.75,3600000,預售屋、或土地及建物分件登記案件；,RPVNMLNLLHLGFDA18DA,79.61,4.61,4.81,有,,台北市
鳳山區,房地(土地+建物)+車位,高雄市鳳山區瑞興路４８６號十四樓,42.46,住,,,1150214,土地1建物1車位1,十四層,十四層,住宅大樓(11層含以上有電梯),見其他登記事項,鋼筋混凝土造,1010502,174.82999999999998,3,2,2,有,有,10000000,57198,坡道平面,0.0,0,,RPOPMLPJNHLGFGE58DA,95.16,0.0,10.7,有,0258,高雄市
太平區,房地(土地+建物)+車位,臺中市太平區育才路１７９號八樓之１,19.14,住,,,1121130,土地1建物1車位2,八層,十五層,住宅大樓(11層含以上有電梯),住家用,鋼筋混凝土造,1150113,153.25,2,2,2,有,有,12790000,103213,坡道平面,56.46,2800000,預售屋、或土地及建物分件登記案件；,RPVOMLLJMHLGFJB68DA,56.68,0.0,7.06,有,,台中市
中壢區,土地,三民段421-1地號,276.0,農,,,1150322,土地4建物0車位0,,,其他,,,,0.0,0,0,0,無,無,7700000,27899,,0.0,0,,RPWNMLPKMHLGFBH98DA,0.0,0.0,0.0,無,,桃園市
橋頭區,房地(土地+建物)+車位,高雄市橋頭區新南一街１５９號十二樓,11.58,住,,,1130410,土地1建物1車位1,十二層,十五層,住宅大樓(11層含以上有電梯),見其他登記事項,鋼筋混凝土造,1150106,91.59,1,2,1,有,有,9880000,103407,坡道機械,7.65,1200000,預售屋、或土地及建物分件登記案件；,RPTNMLTKPHKGFFE76DA,39.86,0.0,13.86,有,,高雄市
小港區,土地,坪北段605-15地號,33.86,都市：其他:道路用地,,,1150206,土地3建物0車位0,,,其他,,,,0.0,0,0,0,無,無,538342,15899,,0.0,0,協議價購；,RPSOMLLLMHLGFCE18DA,0.0,0.0,0.0,無,0278,高雄市
中壢區,房地(土地+建物)+車位,桃園市中壢區中園路１９２號一樓之５,69.48,,工業區,丁種建築用地,1130919,土地1建物1車位2,一層,十二層,住宅大樓(11層含以上有電梯),工業用,鋼筋混凝土造,1141127,415.8,0,0,0,無,有,38600000,106204,坡道平面,82.48,3200000,預售屋、或土地及建物分件登記案件；,RPWOMLSKLHLGFBH66DA,214.06,0.0,0.0,有,,桃園市
新豐鄉,房地(土地+建物)+車位,新竹縣新豐鄉明新十街１１２號九樓,26.79,住,,,1120621,土地1建物1車位1,九層,九層,華廈(10層含以下有電梯),住家用,鋼筋混凝土造,1141223,150.97,3,2,2,有,有,16470000,119285,坡道平面,31.76,2250000,預售屋、或土地及建物分件登記案件；,RPPNMLOLLHLGFDJ58DA,70.18,0.0,7.9,有,,新竹縣
中正區,房地(土地+建物),臺北市中正區林森南路１０３號四樓之１,10.18,都市：其他:第三種住宅區。,,,1150331,土地1建物1車位0,四層，電梯樓梯間,五層,華廈(10層含以下有電梯),住家用,鋼筋混凝土造,0850918,31.5,1,1,1,有,無,8880000,281905,,0.0,0,其他增建：陽台加窗。夾層；其他增建；,RPPOMLMJMHLGFBA27DA,24.02,0.23,2.96,有,,台北市
小港區,土地,坪北段605-8地號,130.34,,,,1150205,土地1建物0車位0,,,其他,,,,0.0,0,0,0,無,無,1968091,15100,,0.0,0,協議價購；,RPRPMLLLMHLGFCE18DA,0.0,0.0,0.0,無,0281,高雄市
萬華區,房地(土地+建物),臺北市萬華區萬大路４８６巷３７弄６４號,19.0,都市：其他:第三種住宅區。,,,1150409,土地1建物1車位0,一層,四層,公寓(5樓含以下無電梯),住家用,加強磚造,0580613,55.94,2,1,1,有,無,3500000,62567,,0.0,0,親友、員工、共有人或其他特殊關係間之交易；,RPPNMLMKNHLGFBA47EA,55.94,0.0,0.0,無,,台北市
土城區,房地(土地+建物),新北市土城區大暖路２０巷８號,60.48,住,,,1150204,土地1建物1車位0,全,二層,透天厝,住家用,加強磚造,0641231,94.5,3,2,3,有,無,16000000,169312,,0.0,0,陽台外推；頂樓加蓋；其他增建；,RPXPMLSKLHLGFAF56DA,94.5,0.0,0.0,無,0326,新北市
桃園區,房地(土地+建物)+車位,桃園市桃園區大興西路三段６之１號九樓,15.66,住,,,1130126,土地1建物1車位1,九層,二十二層,住宅大樓(11層含以上有電梯),住家用,鋼筋混凝土造,1150120,140.74,3,2,2,有,有,18220000,142648,坡道平面,24.58,1650000,預售屋、或土地及建物分件登記案件；,RPUPMLRJNHLGFAH09DA,68.0,2.88,5.16,有,,桃園市
板橋區,房地(土地+建物),新北市板橋區中正路３７５巷３８號,36.5,住,,,1150310,土地1建物1車位0,一層,四層,公寓(5樓含以下無電梯),住家用,鋼筋混凝土造,0660407,67.6,2,1,1,有,無,13500000,199704,,0.0,0,陽台外推；,RPWNMLRJMHLGFAF78DA,67.6,0.0,0.0,無,,新北市
西屯區,房地(土地+建物)+車位,臺中市西屯區市政北一路３３５號二十五樓之８,9.65,都市：其他:第六種新市政中心專用區,,,1110508,土地1建物1車位1,二十五層,三十七層,住宅大樓(11層含以上有電梯),住家用,鋼骨鋼筋混凝土造、鋼筋混凝土造,1150313,179.39,3,2,2,有,有,31060000,177545,坡道平面,16.84,2200000,轉售價格新台幣2835萬元整含車位，轉售日期民國114年4月25日。預售屋、或土地及建物分件登記案件；,RPTOMLMKNHLGFCB08DA,88.06,6.53,13.78,有,,台中市
橋頭區,房地(土地+建物)+車位,高雄市橋頭區成功南路４７３號十五樓之５,15.71,住,,,1130102,土地1建物1車位1,十五層,十五層,住宅大樓(11層含以上有電梯),見其他登記事項,鋼筋混凝土造,1150302,111.91,2,1,2,有,有,11350000,100833,坡道平面,14.72,1550000,權利人於114年8月13日向第三人繼受預售屋買賣契約預售屋、或土地及建物分件登記案件；,RPOPMLOLMHLGFFE48DA,47.53,0.0,14.33,有,,高雄市
大園區,房地(土地+建物)+車位,桃園市大園區園學路２３９號七樓之３,26.94,住,,,1130706,土地1建物1車位1,七層,十四層,住宅大樓(11層含以上有電梯),住家用,鋼筋混凝土造,1141022,123.65,2,2,2,有,無,10250000,97311,坡道平面,34.76,1600000,預售屋、或土地及建物分件登記案件；,RPXNMLQLKIKGFEH76DA,55.74,0.0,2.93,有,,桃園市
關西鎮,土地,關農段454-4地號,293.72,住,,,1141129,土地3建物0車位0,,,其他,,,,0.0,0,0,0,無,無,20246116,68930,,0.0,0,,TPRNMLLLMHLGFBJ58DA,0.0,0.0,0.0,無,,新竹縣
橋頭區,房地(土地+建物)+車位,高雄市橋頭區新南一街１３７號九樓,11.58,住,,,1120515,土地1建物1車位1,九層,十五層,住宅大樓(11層含以上有電梯),見其他登記事項,鋼筋混凝土造,1150106,89.38,1,2,2,有,有,8660000,92500,坡道機械,7.65,1100000,本案為轉讓案件轉讓日期113年2月16日.預售屋、或土地及建物分件登記案件；,RPPNMLKMPHKGFFE28DA,48.22,0.0,4.05,有,,高雄市
桃園區,車位,桃園市桃園區幸福路２３７號三樓等,0.0,,,,1150414,土地0建物1車位1,,,其他,,,,24.84,0,0,0,無,有,1900000,,坡道平面,24.84,1900000,建物坐落地號：水汴頭段253地號；僅車位交易；,RPSNMLTLMHLGFAH98DA,0.0,0.0,0.0,有,0062,桃園市
三重區,房地(土地+建物)+車位,新北市三重區進安街３６號十一樓,19.37,住,,,1150316,土地1建物1車位1,十一層,十二層,住宅大樓(11層含以上有電梯),住家用,鋼筋混凝土造,0951228,132.68,2,2,1,有,有,19500000,146970,坡道平面,35.27,0,,RPVRMLLKNHLGFGF66DA,64.74,0.0,3.65,有,0233,新北市
永和區,房地(土地+建物)+車位,新北市永和區保順路５１巷３號三樓,26.27,住,,,1150317,土地1建物1車位1,三層,十二層,住宅大樓(11層含以上有電梯),住家用,鋼筋混凝土造,0800905,188.60999999999999,3,2,2,有,有,25680000,158409,坡道平面,42.28,2500000,其他增建；,RPVNMLKMMHLGFHF98DA,116.99,0.0,13.74,有,,新北市
沙鹿區,房地(土地+建物)+車位,臺中市沙鹿區錦華街８１巷８號七樓之６,29.41,住,,,1150412,土地1建物1車位1,七層,十層,華廈(10層含以下有電梯),住家用,鋼筋混凝土造,1130530,128.17000000000002,2,2,1,有,有,8380000,65382,坡道平面,39.85,0,,RPROMLPJNHLGFFB38DA,56.29,0.0,3.27,有,0020,台中市
橋頭區,房地(土地+建物)+車位,高雄市橋頭區新南一街２１７號十五樓,11.58,住,,,1130628,土地1建物1車位1,十五層,十五層,住宅大樓(11層含以上有電梯),見其他登記事項,鋼筋混凝土造,1150106,91.59,1,2,1,有,有,10210000,107339,坡道機械,7.65,1200000,預售屋、或土地及建物分件登記案件；,RPROMLMKPHKGFFE58DA,39.86,0.0,13.86,有,,高雄市
中壢區,土地,五權段642-1地號,8.35,農,,,1150413,土地1建物0車位0,,,其他,,,,0.0,0,0,0,無,無,379500,45449,,0.0,0,親友、員工、共有人或其他特殊關係間之交易；,RPWNMLMKNHLGFBH78DA,0.0,0.0,0.0,無,0080,桃園市
三重區,房地(土地+建物),新北市三重區元信一街２１９號十六樓,5.96,住,,,1091124,土地1建物1車位0,十六層,二十層,住宅大樓(11層含以上有電梯),住家用,鋼筋混凝土造,1150206,32.870000000000005,1,0,1,有,有,4720000,143596,,0.0,0,原為2共有人權利範圍各1/2.本案權利人於115年3月20日取得全部.預售屋、或土地及建物分件登記案件；,RPSNMLNLMHLGFGF78DA,19.53,0.0,1.84,有,,新北市
萬華區,房地(土地+建物),臺北市萬華區長沙街二段５４號三樓,14.38,都市：其他:第四種商業區。,,,1150213,土地2建物1車位0,三層,十一層,住宅大樓(11層含以上有電梯),商業用,鋼筋混凝土造,0820415,135.93,4,2,2,有,有,21500000,158170,,0.0,0,陽台外推；,RPVNMLMKNHLGFBA97DA,89.74,2.47,21.16,有,,台北市
北屯區,房地(土地+建物),臺中市北屯區柳陽西街９３巷３３號８樓,2.82,住,,,1150402,土地1建物1車位0,八層,十六層,住宅大樓(11層含以上有電梯),住家用,鋼筋混凝土造,0840814,22.22,1,1,1,有,有,1960000,88209,,0.0,0,,RPQPMLOKMHLGFBB87DA,15.15,0.75,0.0,有,,台中市
中山區,房地(土地+建物),臺北市中山區吉林路４３３巷１６號四樓,42.5,都市：其他:道路用地(公共設施用地)。56/10/5,,,1150305,土地2建物1車位0,四層，露台,四層,公寓(5樓含以下無電梯),住家用,鋼筋混凝土造,0610302,107.67,6,3,2,有,無,18850000,175072,,0.0,0,頂樓加蓋；其他增建；,RPVNMLLJMHLGFCA77DA,107.67,0.0,0.0,無,,台北市
永和區,車位,新北市永和區自強街２６號,0.03,住,,,1150429,土地1建物1車位1,一層,七層,其他,住家用,鋼筋混凝土造,0941130,8.809999999999999,0,0,0,無,有,1100000,,升降機械,8.81,1100000,含租約；僅車位交易；,RPRPMLTLMHLGFHF96DA,0.0,0.0,0.0,有,0063,新北市
淡水區,房地(土地+建物)+車位,新北市淡水區義山路一段４０１巷３０號二樓,13.26,住,,,1130720,土地1建物1車位1,二層,十五層,住宅大樓(11層含以上有電梯),住家用,鋼筋混凝土造,1150407,113.57,2,2,2,有,有,10950000,103522,坡道平面,24.7,1750000,預售屋、或土地及建物分件登記案件；,RPRQMLTLMHLGFEF76DA,54.57,0.0,4.49,有,,新北市
三民區,房地(土地+建物)+車位,高雄市三民區中和街１８７號九樓,16.9,住,,,1150314,土地1建物1車位1,九層,十四層,住宅大樓(11層含以上有電梯),住家用,鋼筋混凝土造,0931111,143.17,3,2,2,有,有,10600000,74038,坡道機械,8.56,0,,RPOOMLOKLHLGFDE97DA,78.14,2.59,10.57,有,0166,高雄市
北屯區,房地(土地+建物)+車位,臺中市北屯區豐樂北二路５０９號十三樓之１,37.86,住,,,1130421,土地2建物1車位1,十三層,二十二層,住宅大樓(11層含以上有電梯),住家用,鋼筋混凝土造,1150126,168.75,3,2,2,有,有,27500000,184994,坡道平面,33.07,2400000,預售屋、或土地及建物分件登記案件；,RPUNMLRJNHLGFBB38DA,79.14,0.0,10.3,有,,台中市
北屯區,房地(土地+建物)+車位,臺中市北屯區南興北一路１１８號十五樓之６,14.66,住,,,1120616,土地1建物1車位1,十五層,十七層,住宅大樓(11層含以上有電梯),住家用,鋼筋混凝土造,1150205,125.43,2,2,1,有,有,13930000,136324,坡道平面,34.25,1500000,預售屋、或土地及建物分件登記案件；,RPQRNLMJMHLGFBB87DA,55.06,0.0,4.67,有,,台中市
平鎮區,房地(土地+建物),桃園市平鎮區太平西路２１３巷２６號,66.31,,鄉村區,乙種建築用地,1150307,土地2建物1車位0,全,三層,透天厝,住家用,鋼筋混凝土造,0830426,180.55,4,3,3,有,無,8600000,47632,,0.0,0,頂樓、防火巷其他增建；,RPPNMLRJNHLGFGH98DA,166.42,6.45,7.68,無,0172,桃園市
南屯區,房地(土地+建物)+車位,臺中市南屯區建功路６５號十七樓之６,11.52,住,,,1121104,土地1建物1車位1,十七層,二十三層,住宅大樓(11層含以上有電梯),住家用,鋼筋混凝土造,1141226,126.9,2,2,1,有,有,12810000,111751,坡道平面,26.14,1550000,預售屋、或土地及建物分件登記案件；,RPPSMLTLMHLGFCB78DA,60.67,0.0,5.49,有,,台中市
新店區,土地,五峰段165地號,108.71,都市：其他:風景區,,,1150416,土地1建物0車位0,,,其他,,,,0.0,0,0,0,無,無,6248107,57475,,0.0,0,,RPTNMLRJNHLGFCF78DA,0.0,0.0,0.0,無,0056,新北市
龜山區,房地(土地+建物)+車位,桃園市龜山區萬壽路二段６０１巷４５號九樓,28.7,住,,,1130203,土地1建物1車位1,九層,十五層,住宅大樓(11層含以上有電梯),住家用,鋼筋混凝土造,1150224,161.10000000000002,3,2,2,有,無,14980000,105195,坡道平面,37.71,2000000,預售屋、或土地及建物分件登記案件；,RPUQMLOKNHLGFHH07DA,73.94,0.0,8.24,有,,桃園市
八里區,房地(土地+建物),新北市八里區龍形三街６巷１２號四樓,16.9,住,,,1150420,土地1建物1車位0,四層,十五層,住宅大樓(11層含以上有電梯),住家用,鋼筋混凝土造,1110916,78.96000000000001,2,1,1,有,有,9000000,113982,,0.0,0,陽台安裝隱形鐵窗,RPTOMLQJNHLGFEF09EA,45.46,2.67,5.47,有,0050,新北市
汐止區,房地(土地+建物),新北市汐止區大同路二段２８１號１９樓,12.55,住,,,1150429,土地1建物1車位0,十九層,二十四層,住宅大樓(11層含以上有電梯),住家用,鋼筋混凝土造,0840126,144.03,4,2,2,有,有,18000000,124974,,0.0,0,,RPVNMLLKNHLGFDF58DA,117.86,1.1,13.77,有,0077,新北市
仁武區,土地,灣勢段1286-29地號,547.62,農,,,1150331,土地3建物0車位0,,,其他,,,,0.0,0,0,0,無,無,22000000,40174,,0.0,0,,RPSOMLTLMHLGFIE96DA,0.0,0.0,0.0,無,0157,高雄市
新竹市,房地(土地+建物)+車位,新竹市新竹市高翠路２２１巷４弄４８號,99.0,住,,,1150329,土地1建物1車位1,全,三層,透天厝,住家用,鋼筋混凝土造,0940505,219.36,4,2,3,有,無,29000000,132203,一樓平面,0.0,0,頂樓加蓋；,RPSOMLNKMHLGFAO09DA,168.55,17.44,33.37,無,,新竹市
橋頭區,房地(土地+建物)+車位,高雄市橋頭區橋新五路３５號十三樓之５,15.9,住,,,1130216,土地1建物1車位1,十三層,十五層,住宅大樓(11層含以上有電梯),見其他登記事項,鋼筋混凝土造,1150302,113.14,2,1,2,有,有,12870000,111461,坡道平面,14.72,1900000,預售屋、或土地及建物分件登記案件；,RPPOMLSLMHLGFFE88DA,46.52,0.0,15.98,有,,高雄市
蘆竹區,房地(土地+建物)+車位,桃園市蘆竹區山鼻路１１２之５號九樓,13.95,住,,,1130315,土地1建物1車位1,九層,九層,華廈(10層含以下有電梯),住家用,鋼筋混凝土造,1150128,97.95,2,1,1,有,有,10800000,124501,坡道平面,25.26,1750000,預售屋、或土地及建物分件登記案件；,RPUOMLMLMHLGFEH98DA,44.85,0.0,4.42,有,,桃園市
大寮區,土地,內厝段647地號,112.29,其他,,,1150427,土地7建物0車位0,,,其他,,,,0.0,0,0,0,無,無,5196951,46282,,0.0,0,親友、員工、共有人或其他特殊關係間之交易；未登記建物；包含公共設施保留地用地；,RPQOMLOKNHLGFLE56DA,0.0,0.0,0.0,無,0132,高雄市
桃園區,房地(土地+建物)+車位,桃園市桃園區文中一路２５巷２１號二樓,20.27,住,,,1150115,土地1建物1車位1,二層,十一層,住宅大樓(11層含以上有電梯),住家用,鋼筋混凝土造,1130325,130.14,3,2,2,有,有,14900000,120437,坡道平面,23.03,2000000,,RPQOMLMJMHLGFAH97DA,66.82,0.0,4.18,有,0292,桃園市
龜山區,房地(土地+建物)+車位,桃園市龜山區樂學路１８６號二十樓,10.88,工,,,1100710,土地2建物1車位1,二十層,二十九層,住宅大樓(11層含以上有電梯),住家用,鋼筋混凝土造,1150204,110.12,3,2,1,有,有,8150000,85338,坡道平面,35.71,1800000,預售屋、或土地及建物分件登記案件；,RPPOMLQJNHLGFHH09DA,45.71,0.0,3.77,有,,桃園市
鶯歌區,房地(土地+建物)+車位,新北市鶯歌區國中街８２號十一樓之３,27.72,住,,,1130224,土地1建物1車位1,十一層,十三層,住宅大樓(11層含以上有電梯),住家用,鋼筋混凝土造,1141222,157.13,3,2,2,有,有,16900000,116226,坡道平面,26.78,1750000,114.05.16改名。預售屋、或土地及建物分件登記案件；,RPTOMLQKMHLGFIF76DA,75.84,0.0,8.91,有,,新北市
信義區,房地(土地+建物),臺北市信義區松仁路３０８巷１１３號,27.0,都市：其他:第三種住宅區。,,,1150328,土地1建物1車位0,一層,五層,公寓(5樓含以下無電梯),住家用,鋼筋混凝土造,0731210,100.94000000000001,3,1,2,有,無,21000000,208044,,0.0,0,,RPXNMLOLMHLGFDA58DA,82.58,9.6,0.0,無,069,台北市
桃園區,房地(土地+建物)+車位,桃園市桃園區龍泉一街２１號十樓,14.85,住,,,1150416,土地1建物1車位1,十層,十四層,住宅大樓(11層含以上有電梯),住家用,鋼筋混凝土造,1020610,134.56,2,2,1,有,有,12700000,94382,坡道平面,34.24,0,,RPRNMLNKNHLGFAH28DA,62.42,0.0,5.55,有,0072,桃園市
土城區,房地(土地+建物),新北市土城區自強街１號,214.8,工,,,1150324,土地1建物1車位0,一層，平台,五層,華廈(10層含以下有電梯),工業用,鋼筋混凝土造,0691209,526.14,0,0,0,無,無,70000000,133044,,0.0,0,,RPRPMLMKNHLGFAF18DA,526.14,0.0,0.0,有,0216,新北市
新豐鄉,土地,文昌段195-13地號,72.21,住,,,1150117,土地8建物0車位0,,,其他,,,,0.0,0,0,0,無,無,3276720,45378,,0.0,0,,RPXNMLPKMHLGFDJ86DA,0.0,0.0,0.0,無,074,新竹縣
左營區,房地(土地+建物)+車位,高雄市左營區文康路５２號四樓之２,13.42,住,,,1110209,土地1建物1車位1,四層,十二層,住宅大樓(11層含以上有電梯),見其它登記事項,見其它登記事項,1150113,134.09,2,1,2,有,有,13280000,118764,坡道平面,42.48,2400000,1.讓渡日期：113年01月19日預售屋、或土地及建物分件登記案件；,RPSOMLPJNHLGFEE68DA,52.99,0.0,4.05,有,,高雄市
太平區,房地(土地+建物),臺中市太平區立文街３０２巷８號,116.85,住,,,1150328,土地2建物1車位0,全,四層,透天厝,住家用,鋼筋混凝土造,1071213,293.47,5,3,5,有,無,31370000,106893,,0.0,0,其他增建；,RPTOMLMLMHLGFJB78DA,276.31,0.0,17.16,有,0122,台中市
左營區,房地(土地+建物),高雄市左營區新莊一路１５０號五樓之５,9.41,其他,,,1150417,土地1建物1車位0,五層,十二層,住宅大樓(11層含以上有電梯),見其它登記事項,見其它登記事項,1070213,85.53999999999999,2,1,1,有,有,9100000,106383,,0.0,0,含傢俱設備費；,RPQNMLSJNHLGFEE68DA,39.42,1.46,11.62,有,0123,高雄市
路竹區,土地,金平段1219地號,88.87,住,,,1150401,土地1建物0車位0,,,其他,,,,0.0,0,0,0,無,無,1500000,16879,,0.0,0,親友、員工、共有人或其他特殊關係間之交易；,RPVNMLOJNHLGFJE66DA,0.0,0.0,0.0,無,,高雄市
小港區,土地,水庫段327-1地號,271.6,都市：其他:保護區,,,1141203,土地2建物0車位0,,,其他,,,,0.0,0,0,0,無,無,5540558,20400,,0.0,0,協議價購；,RPWUMLLLMHLGFCE56DA,0.0,0.0,0.0,無,0323,高雄市
三重區,房地(土地+建物),新北市三重區正義北路２４４巷７４號五樓,24.24,住,,,1141206,土地1建物1車位0,五層,五層,公寓(5樓含以下無電梯),住家用,鋼筋混凝土造,0811116,81.64,3,2,2,有,無,10000000,122489,,0.0,0,依土地法34-1辦理移轉頂樓加蓋；,RPPNMLQKJHLGFGF38DA,71.8,0.0,7.96,無,,新北市
燕巢區,房地(土地+建物),高雄市燕巢區安林三街６號,220.53,工,,,1150415,土地1建物1車位0,全,四層,透天厝,工業用,見其他登記事項,0850416,332.09,4,2,4,有,無,4000000,12045,,0.0,0,土地買賣價款:338萬元正建物買賣價款:62萬元正親友、員工、共有人或其他特殊關係間之交易；,RPQNMLRJNHLGFFE78EA,304.36,0.0,27.73,無,,高雄市
竹東鎮,房地(土地+建物),新竹縣竹東鎮中央路２２巷８號,15.46,商,,,1150314,土地1建物1車位0,一層,六層,華廈(10層含以下有電梯),商業用,鋼筋混凝土造,0860604,85.71000000000001,2,2,1,有,有,4280000,49936,,0.0,0,,RPUNMLNKNHLGFCJ09EA,51.11,2.74,0.0,有,,新竹縣
橋頭區,房地(土地+建物)+車位,高雄市橋頭區新南一街１３９號十五樓,18.96,住,,,1121222,土地1建物1車位1,十五層,十五層,住宅大樓(11層含以上有電梯),見其他登記事項,鋼筋混凝土造,1150106,153.16000000000003,2,2,2,有,有,15300000,98198,坡道平面,17.21,1950000,預售屋、或土地及建物分件登記案件；,RPXNMLMJIIKGFFE38DA,67.13,0.0,19.85,有,,高雄市
橋頭區,房地(土地+建物)+車位,高雄市橋頭區新南一街１７５號十一樓,17.9,住,,,1130226,土地1建物1車位1,十一層,十五層,住宅大樓(11層含以上有電梯),見其他登記事項,鋼筋混凝土造,1150106,149.28,2,2,2,有,有,15430000,102067,坡道平面,17.21,1950000,預售屋、或土地及建物分件登記案件；,RPUOMLRJPHKGFFE66DA,67.33,0.0,17.3,有,,高雄市
北投區,土地,秀山段一小段539地號,5.5,都市：其他:排水溝用地(公共設施用地)。66/12/27,,,1150424,土地1建物0車位0,,,其他,,,,0.0,0,0,0,無,無,227700,41400,,0.0,0,115年度臺北市政府以容積代金基金採購私有公共設施保留地之交易包含公共設施保留地用地；協議價購；,RPXNMLTLMHLGFEA56DA,0.0,0.0,0.0,無,015,台北市
西屯區,房地(土地+建物)+車位,臺中市西屯區市政北一路３３５號三十四樓之７,9.41,都市：其他:第六種新市政中心專用區,,,1120626,土地1建物1車位1,三十四層,三十七層,住宅大樓(11層含以上有電梯),住家用,鋼骨鋼筋混凝土造、鋼筋混凝土造,1150313,175.17000000000002,3,2,2,有,有,31090000,182783,坡道平面,16.84,2150000,預售屋、或土地及建物分件登記案件；,RPQPMLKKNHLGFCB67DA,85.65,10.96,9.05,有,,台中市
西屯區,房地(土地+建物)+車位,臺中市西屯區青海路二段４６１號四樓之２,29.1,住,,,1141114,土地1建物1車位1,四層,十五層,住宅大樓(11層含以上有電梯),住家用,鋼筋混凝土造,1141216,201.57999999999998,3,2,2,有,有,29900000,161948,坡道平面,29.92,2100000,預售屋、或土地及建物分件登記案件；,RPXOMLSLMHLGFCB09DA,101.7,0.0,12.4,有,,台中市
土城區,房地(土地+建物)+車位,新北市土城區青和街６９號十五樓,15.61,住,,,1100102,土地1建物1車位1,十五層,十五層,住宅大樓(11層含以上有電梯),住家用,鋼筋混凝土造,1150123,116.85,3,2,2,有,有,10880000,105585,坡道平面,31.8,1900000,預售屋、或土地及建物分件登記案件；,RPWOMLMLLHLGFAF48DA,52.41,0.0,4.5,有,,新北市
沙鹿區,房地(土地+建物),臺中市沙鹿區中園街１９３號,133.69,住,,,1150304,土地2建物1車位0,全,二層,透天厝,住商用,加強磚造,0681201,169.32,2,0,2,有,無,10500000,62013,,0.0,0,親友、員工、共有人或其他特殊關係間之交易；,RPSOMLMKNHLGFFB28DA,169.32,0.0,0.0,無,0131,台中市
三民區,房地(土地+建物),高雄市三民區建興路３７０號八樓之４,4.72,商,,,1150402,土地1建物1車位0,八層,十層,華廈(10層含以下有電梯),見其它登記事項,鋼筋混凝土造,0690605,31.839999999999996,1,0,1,有,有,1100000,34548,,0.0,0,親友、員工、共有人或其他特殊關係間之交易；,RPPOMLMKNHLGFDE08DA,24.08,0.0,0.0,有,0097,高雄市
大安區,建物,臺北市大安區杭州南路二段６１巷３８號五樓之７,0.0,,,,1150227,土地0建物1車位0,五層,八層,華廈(10層含以下有電梯),住家用,鋼筋混凝土造,1130301,53.33,1,1,1,有,有,19480000,365273,,0.0,0,建物坐落地號：金華段四小段133地號；地上權房屋；,RPWNMLLKNHLGFFA38DA,31.78,0.0,2.1,有,119,台北市
桃園區,房地(土地+建物),桃園市桃園區泰山街５號三樓,12.62,住,,,1150320,土地1建物1車位0,三層,十六層,住宅大樓(11層含以上有電梯),住家用,鋼筋混凝土造,0851113,119.78999999999999,4,2,1,有,有,8880000,74130,,0.0,0,其他增建；,RPVQMLSJNHLGFAH76DA,87.18,1.26,10.97,有,,桃園市
橋頭區,房地(土地+建物)+車位,高雄市橋頭區新東三街１８６號六樓,14.27,住,,,1150219,土地1建物1車位1,六層,十三層,住宅大樓(11層含以上有電梯),見其他登記事項,鋼筋混凝土造,1130916,107.3,0,0,1,有,有,9060000,84436,坡道平面,28.21,0,,RPSNMLOKMHLGFFE58DA,39.71,0.0,11.16,有,0272,高雄市
三芝區,房地(土地+建物),新北市三芝區海尾１３之５３號十三樓,20.01,,一般農業區,甲種建築用地,1100521,土地1建物1車位0,十三層,十三層,住宅大樓(11層含以上有電梯),住家用,鋼筋混凝土造,1150108,61.67,1,0,1,有,有,4760000,77185,,0.0,0,本案為樂齡銀髮養生宅，銷售物件統一包含室內規劃設置。預售屋、或土地及建物分件登記案件；,RPQOMLNJNHLGFEF38DA,39.25,0.0,2.57,有,,新北市
鳳山區,房地(土地+建物)+車位,高雄市鳳山區華北街１５２號三樓之６,22.23,其他,,,1130514,土地1建物1車位1,三層,十五層,住宅大樓(11層含以上有電梯),見其他登記事項,見其他登記事項,1150106,169.94,3,2,2,有,有,18150000,111817,坡道平面,25.06,1950000,預售屋、或土地及建物分件登記案件；,RPSNMLNKNHLGFGE68DA,77.68,0.0,15.05,有,,高雄市
橋頭區,房地(土地+建物)+車位,高雄市橋頭區橋新五路３７號十二樓之６,15.62,住,,,1121231,土地1建物1車位1,十二層,十五層,住宅大樓(11層含以上有電梯),見其他登記事項,鋼筋混凝土造,1150302,111.14,2,1,2,有,有,11370000,102365,坡道平面,14.72,1500000,預售屋、或土地及建物分件登記案件；,RPOQMLRLMHLGFFE88DA,46.82,0.0,14.57,有,,高雄市
蘆竹區,房地(土地+建物)+車位,桃園市蘆竹區山鼻二路１７１號九樓,31.83,住,,,1130609,土地1建物1車位2,九層,十一層,住宅大樓(11層含以上有電梯),住家用,鋼筋混凝土造,1150319,214.24,4,2,2,有,有,19380000,104379,坡道平面,63.06,3600000,預售屋、或土地及建物分件登記案件；,RPRQMLSLMHLGFEH86DA,89.69,0.0,10.94,有,,桃園市
龍潭區,土地,龍吟段1-9地號,2672.0,,一般農業區,農牧用地,1150410,土地2建物0車位0,,,其他,,,,0.0,0,0,0,無,無,88910800,33275,,0.0,0,,RPPNMLOJNHLGFCH38EA,0.0,0.0,0.0,無,0043,桃園市
后里區,土地,金社庄段364-3地號,72.36,,特定農業區,水利用地,1150410,土地1建物0車位0,,,其他,,,,0.0,0,0,0,無,無,564408,7800,,0.0,0,政府機關標讓售；,RPROMLSJNHLGFDB48DA,0.0,0.0,0.0,無,,台中市
西屯區,房地(土地+建物)+車位,臺中市西屯區臺灣大道三段７６３號二十二樓之２,5.51,商,,,1100710,土地1建物1車位1,二十二層,三十六層,住宅大樓(11層含以上有電梯),住家用,鋼骨造,1141028,90.53,2,2,1,有,有,9200000,107157,坡道機械,12.14,800000,1.讓渡日期:114/3/222.此申報總價為1100萬元預售屋、或土地及建物分件登記案件；,RPUNNLPJNHLGFCB38DA,45.26,1.96,4.1,有,,台中市
泰山區,房地(土地+建物)+車位,新北市泰山區仁德路２８號十樓,13.96,住,,,1111125,土地1建物1車位1,十層,十三層,住宅大樓(11層含以上有電梯),住家用,鋼筋混凝土造,1150126,108.19999999999999,2,2,2,有,有,15370000,157858,坡道平面,22.87,1900000,預售屋、或土地及建物分件登記案件；,RPWOMLLJMHLGFBF38DA,51.92,0.0,4.31,有,,新北市
大安區,房地(土地+建物)+車位,臺北市大安區和平東路二段２９７號十三樓,20.15,都市：其他:第參種商業區(依都市計畫說明書圖規定辦理，始得作第參種商業區使用)(原屬第貳種商業區)。,,,1150305,土地1建物1車位1,十三層,十三層,住宅大樓(11層含以上有電梯),商業用,鋼筋混凝土造,0801228,188.66,0,0,0,無,有,46660000,268251,升降機械,20.31,1500000,陽台外推；其他增建；,RPSOMLOJNHLGFFA28DA,98.56,5.18,9.24,有,,台北市
小港區,房地(土地+建物),高雄市小港區店中路４８巷２之４號,11.2,其他,,,1150507,土地2建物1車位0,五層,五層,公寓(5樓含以下無電梯),見其它登記事項,鋼筋混凝土造,0701021,37.3,3,1,1,有,無,1200000,32172,,0.0,0,親友、員工、共有人或其他特殊關係間之交易；,RPPNMLTJNHLGFCE48DA,37.3,0.0,0.0,無,0002,高雄市
沙鹿區,房地(土地+建物)+車位,臺中市沙鹿區三民路１０９號十二樓之５,25.31,住,,,1121114,土地1建物1車位1,十二層,十五層,住宅大樓(11層含以上有電梯),住家用,鋼筋混凝土造,1150212,144.95999999999998,3,2,2,有,有,14660000,109766,坡道平面,25.98,1600000,預售屋、或土地及建物分件登記案件；,RPUOMLOLLHLGFFB58DA,72.57,0.0,6.95,有,,台中市
新莊區,房地(土地+建物)+車位,新北市新莊區榮華路二段７７號十九樓,12.78,住,,,1150301,土地1建物1車位1,十九層,二十一層,住宅大樓(11層含以上有電梯),住家用,鋼筋混凝土造,1040601,99.63,2,2,1,有,有,19380000,214251,坡道機械,17.11,1700000,,RPQOMLLLMHLGFBF97DA,44.49,7.45,2.83,有,0283,新北市
南屯區,房地(土地+建物),臺中市南屯區永春路３之６號,102.15,住,,,1150207,土地2建物1車位0,全,四層,透天厝,住家用,鋼筋混凝土造,1121123,265.72,5,3,5,有,無,53880000,202770,,0.0,0,,RPVOMLNLKHLGFCB18DA,244.36,0.0,21.36,有,,台中市
北屯區,房地(土地+建物)+車位,臺中市北屯區詔安街８８號九樓之１６,21.73,住,,,1150329,土地1建物1車位1,九層,十五層,住宅大樓(11層含以上有電梯),住家用,鋼筋混凝土造,1131228,135.14,2,2,2,有,有,17550000,129865,坡道平面,31.89,0,,RPPOMLLKNHLGFBB47DA,62.92,0.0,3.26,有,0110,台中市
新埔鎮,房地(土地+建物)+車位,新竹縣新埔鎮福德街４１號七樓,16.62,商,,,1150422,土地1建物1車位1,七層,十五層,住宅大樓(11層含以上有電梯),住家用,鋼筋混凝土造,1121027,161.13,3,2,2,有,有,17590000,109167,坡道平面,27.66,0,,RPOOMLSLMHLGFBJ88DA,81.26,0.0,7.11,有,010,新竹縣
松山區,房地(土地+建物),臺北市松山區寶清街２１號六樓之２,4.86,都市：其他:第三種商業區。,,,1150224,土地1建物1車位0,六層,十一層,住宅大樓(11層含以上有電梯),商業用,鋼筋混凝土造,0781120,45.83,1,1,1,有,有,10880000,237399,,0.0,0,其他增建；,RPOOMLLKNHLGFDA47DA,34.22,0.0,2.41,有,,台北市
新莊區,房地(土地+建物),新北市新莊區新泰路２７７巷５３號四樓,22.89,住,,,1150308,土地1建物1車位0,四層,五層,公寓(5樓含以下無電梯),住家用,鋼筋混凝土造,0700403,89.28,3,2,2,有,無,11800000,132168,,0.0,0,陽台增建、一樓向上增建延樓下向上增建其他增建；,RPQOMLSJNHLGFBF58DA,77.58,0.0,11.7,無,0193,新北市
沙鹿區,房地(土地+建物)+車位,臺中市沙鹿區三民路１０７號九樓之１,25.31,住,,,1120809,土地1建物1車位1,九層,十五層,住宅大樓(11層含以上有電梯),住家用,鋼筋混凝土造,1150212,144.98000000000002,3,2,2,有,有,14350000,105882,坡道平面,25.98,1750000,預售屋、或土地及建物分件登記案件；,RPSQMLOLLHLGFFB58DA,72.45,0.0,7.09,有,,台中市
蘆竹區,土地,文中段336-2地號,124.1,都市：其他:道路用地,,,1150320,土地4建物0車位0,,,其他,,,,0.0,0,0,0,無,無,6849346,55192,,0.0,0,併同桃園區皮寮段373地號持分面積17.32平方公尺、384地號持分面積4.21平方公尺、378-1地號持分面積3.96平方公尺。桃園區桃圳段176地號持分面積35.76平方公尺、320地號持分面積28.00平方公尺，5筆土地移轉。包含公共設施保留地用地；,RPQRMLMKNHLGFEH88DA,0.0,0.0,0.0,無,0215,桃園市
新竹市,房地(土地+建物)+車位,新竹市新竹市東大路二段６２２之１０號八樓之１,32.35,,鄉村區,乙種建築用地,1150112,土地1建物1車位1,八層,十四層,住宅大樓(11層含以上有電梯),住家用,鋼筋混凝土造,1130625,148.6,3,2,2,有,有,19800000,133244,坡道平面,19.68,0,親友、員工、共有人或其他特殊關係間之交易；,RPQOMLNLLHLGFAO88DA,78.03,0.0,8.24,有,33,新竹市
大寮區,房地(土地+建物),高雄市大寮區中庄路７９巷３號,108.27,住,,,1150401,土地2建物1車位0,全,三層,透天厝,見其他登記事項,鋼筋混凝土造,1010925,175.43,4,2,4,有,無,16000000,91204,,0.0,0,鐵鋁窗增建其他增建；,RPQNMLQJNHLGFLE56DA,167.16,0.0,8.27,無,0039,高雄市
西屯區,房地(土地+建物)+車位,臺中市西屯區青海路二段５１６號十二樓之５,20.18,住,,,1130131,土地2建物1車位1,十二層,十九層,住宅大樓(11層含以上有電梯),住家用,鋼筋混凝土造,1150108,168.3,3,2,2,有,有,26880000,182319,坡道平面,34.03,2400000,預售屋、或土地及建物分件登記案件；,RPVOMLSJNHLGFCB78DA,77.31,0.0,9.37,有,,台中市
大安區,土地,安田段839地號,100.04,,特定農業區,農牧用地,1150225,土地1建物0車位0,,,其他,,,,0.0,0,0,0,無,無,145000,1449,,0.0,0,地清或未辦繼承標售；,RPPNMLSJNHLGFEB38EA,0.0,0.0,0.0,無,,台中市
新屋區,房地(土地+建物),桃園市新屋區德義路２３３巷３８弄１６號,257.25,,特定農業區,甲種建築用地,1150403,土地3建物1車位0,全,三層,透天厝,住家用,鋼筋混凝土造,1131120,163.01,4,2,3,有,有,13000000,79750,,0.0,0,,RPPNMLNKNHLGFDH48EA,152.04,0.0,10.63,無,,桃園市
新莊區,房地(土地+建物),新北市新莊區新泰路２２５巷２３弄２號二樓,34.08,住,,,1150401,土地1建物1車位0,二層，陽台,四層,公寓(5樓含以下無電梯),住家用,鋼筋混凝土造,0650918,85.92,3,1,1,有,無,8700000,101257,,0.0,0,,RPPOMLNKNHLGFBF08DA,85.92,0.0,0.0,無,,新北市
苓雅區,房地(土地+建物)+車位,高雄市苓雅區復興二路２０號９樓之７,3.41,商,,,1150424,土地1建物1車位1,九層,十六層,住宅大樓(11層含以上有電梯),住家用,鋼筋混凝土造,0850920,48.879999999999995,1,1,1,有,有,3480000,71195,升降機械,0.0,0,,RPOOMLKMMHLGFBE67DA,21.49,0.0,4.25,有,0042,高雄市
文山區,房地(土地+建物)+車位,臺北市文山區木柵路三段１６９巷１０號十九樓,16.35,都市：其他:第三種商業區。,,,1150329,土地1建物1車位1,十九層,二十九層,住宅大樓(11層含以上有電梯),住家用,鋼骨鋼筋混凝土造,1131213,217.91,4,2,2,有,有,48500000,246372,坡道平面,33.23,3000000,,RPUNMLRJNHLGFAA18DA,102.91,6.57,13.23,有,,台北市
西屯區,房地(土地+建物)+車位,臺中市西屯區青海路二段４６３號七樓之２,23.78,住,,,1110818,土地1建物1車位2,七層,十五層,住宅大樓(11層含以上有電梯),住家用,鋼筋混凝土造,1141216,200.04,2,2,2,有,有,27600000,169044,坡道平面,59.84,3900000,預售屋、或土地及建物分件登記案件；,RPUNMLSLMHLGFCB68DA,84.87,0.0,8.32,有,,台中市
太平區,建物,臺中市太平區育才路１７５號十樓之１,0.0,,,,1121217,土地0建物1車位2,十層,十五層,住宅大樓(11層含以上有電梯),住家用,鋼筋混凝土造,1150113,183.76999999999998,3,2,2,有,有,16800000,109575,坡道平面,56.46,2850000,建物坐落地號：育賢段181地號；預售屋、或土地及建物分件登記案件；,RPVOMLMLMHLGFJB98DA,76.02,0.0,9.29,有,,台中市
平鎮區,土地,金鍊段506-2地號,14.02,都市：其他:道路用地,,,1150317,土地1建物0車位0,,,其他,,,,0.0,0,0,0,無,無,420000,29957,,0.0,0,包含公共設施保留地用地；,RPWNMLQJNHLGFGH96DA,0.0,0.0,0.0,無,,桃園市
南屯區,房地(土地+建物),臺中市南屯區干城街２８５之２號五樓,24.14,住,,,1150301,土地1建物1車位0,五層,十四層,住宅大樓(11層含以上有電梯),住家用,鋼筋混凝土造,0830924,155.84,3,2,2,有,無,10600000,68018,,0.0,0,其他增建；,RPROMLTJMHLGFCB38DA,103.68,0.0,10.6,有,,台中市
中壢區,土地,雙嶺段1168地號,411.18,都市：其他:道路用地,,,1150423,土地3建物0車位0,,,其他,,,,0.0,0,0,0,無,無,29075020,70711,,0.0,0,買賣單價以當年度土地公告現值155%計算包含公共設施保留地用地；,RPSNMLTLMHLGFBH09DA,0.0,0.0,0.0,無,0046,桃園市
林口區,房地(土地+建物)+車位,新北市林口區文化三路二段７２號九樓,14.21,商,,,1130624,土地1建物1車位1,九層,二十九層,住宅大樓(11層含以上有電梯),辦公用,鋼骨構造,1150317,198.20999999999998,0,0,0,無,有,29720000,158466,坡道平面,24.86,2250000,預售屋、或土地及建物分件登記案件；,RPVQMLRJNHLGFBF56DA,98.75,0.0,5.36,有,,新北市
新社區,房地(土地+建物),臺中市新社區興中街２３１之３號,1202.5,,一般農業區,農牧用地,1150410,土地3建物1車位0,全,二層,透天厝,農業用,鋼筋混凝土造,0980907,98.96,6,2,2,有,無,16500000,166734,,0.0,0,農作物；,RPQNMLKLMHLGFGB87DA,91.06,0.0,7.9,無,0065,台中市
小港區,房地(土地+建物),高雄市小港區崇文路５５巷１之２號,24.03,都市：其他:第三種特定商業專用區,,,1150418,土地1建物1車位0,三層,五層,公寓(5樓含以下無電梯),見其它登記事項,鋼筋混凝土造,0730711,73.01,3,2,2,有,無,3250000,44514,,0.0,0,,RPQNMLRJNHLGFCE38DA,67.56,0.0,5.45,無,,高雄市
湖內區,土地,圍子內段4214-12地號,78.4,,一般農業區,甲種建築用地,1150421,土地2建物0車位0,,,其他,,,,0.0,0,0,0,無,無,1200000,15306,,0.0,0,未登記建物；,RPUNMLLKNHLGFJE98DA,0.0,0.0,0.0,無,,高雄市
楊梅區,房地(土地+建物)+車位,桃園市楊梅區金龍一路１０號十二樓,27.92,住,,,1150331,土地1建物1車位1,十二層,十五層,住宅大樓(11層含以上有電梯),住家用,鋼筋混凝土造,1110318,167.82999999999998,3,2,2,有,有,12500000,74480,坡道平面,27.19,0,,RPPPMLPJNHLGFDH68DA,84.41,7.08,5.57,有,0148,桃園市
南屯區,房地(土地+建物),臺中市南屯區五權西路二段５１５號,89.0,住,,,1150306,土地1建物1車位0,全,三層,透天厝,其他,鋼筋混凝土造,0681117,191.45,6,3,3,有,無,28180000,147192,,0.0,0,頂樓加蓋；其他增建；,RPXNMLQKMHLGFCB68DA,191.45,0.0,0.0,無,,台中市
士林區,房地(土地+建物),臺北市士林區德行東路２３３號六樓之２,11.54,都市：其他:第三種住宅區。,,,1150322,土地1建物1車位0,六層,七層,華廈(10層含以下有電梯),住家用,鋼筋混凝土造,0670707,59.95,2,2,1,有,有,14250000,237698,,0.0,0,,RPOPMLOJNHLGFEA87DA,50.17,0.0,0.0,有,074,台北市
觀音區,房地(土地+建物),桃園市觀音區中山路一段１１７５之１號,79.68,,一般農業區,甲種建築用地,1150227,土地1建物1車位0,全,四層,透天厝,住商用,鋼筋混凝土造,0950224,209.65,5,3,4,有,無,11500000,54853,,0.0,0,,RPROMLMJMHLGFBH18DA,182.75,4.39,22.51,無,,桃園市
汐止區,房地(土地+建物)+車位,新北市汐止區東勢街２１６巷２２弄６之６號２１樓,49.14,,山坡地保育區,丙種建築用地,1150329,土地2建物1車位1,二十一層,二十六層,住宅大樓(11層含以上有電梯),住家用,鋼筋混凝土造,0880407,189.70999999999998,3,2,2,有,有,14380000,75800,坡道平面,0.0,0,陽台外推；,RPTOMLLKNHLGFDF48DA,100.46,0.0,13.75,有,0227,新北市
三重區,房地(土地+建物),新北市三重區三和路四段２３１巷５９號,62.0,住,,,1150414,土地1建物2車位0,一層,二層,公寓(5樓含以下無電梯),住家用,加強磚造,0570516,97.76,0,0,0,無,無,15500000,158552,,0.0,0,建號1707總價為775萬、建號1708總價為775萬頂樓加蓋；,RPVNMLRKMHLGFGF76DA,97.76,0.0,0.0,無,,新北市
觀音區,土地,三座屋段新興小段637地號,151.33,,特定農業區,農牧用地,1140908,土地2建物0車位0,,,其他,,,,0.0,0,0,0,無,無,1050000,6938,,0.0,0,含未登記建物親友、員工、共有人或其他特殊關係間之交易；,RPURMLOJKIKGFBH78DA,0.0,0.0,0.0,無,,桃園市
松山區,房地(土地+建物)+車位,臺北市松山區三民路８０巷２３號十一樓,16.73,都市：其他:第三種住宅區。,,,1150212,土地1建物1車位1,十一層,二十四層,住宅大樓(11層含以上有電梯),住家用,鋼骨鋼筋混凝土造,1140625,162.0,3,2,2,有,有,56000000,408644,坡道平面,34.75,4000000,,RPWNMLTJMHLGFDA78DA,79.53,4.12,5.26,有,,台北市
鼓山區,房地(土地+建物),高雄市鼓山區文忠路１０６號五樓,4.69,商,,,1150418,土地1建物1車位0,五層,十六層,住宅大樓(11層含以上有電梯),住家用,鋼筋混凝土造,0800810,58.699999999999996,1,1,1,有,有,4000000,68143,,0.0,0,,RPQNMLMKNHLGFAE87EA,33.6,0.0,8.77,有,0088,高雄市
竹北市,房地(土地+建物)+車位,新竹縣竹北市莊敬五街３６號四樓,14.01,商,,,1150310,土地1建物1車位1,四層,十五層,住宅大樓(11層含以上有電梯),住家用,鋼筋混凝土造,0950519,157.75,3,2,2,有,有,21680000,137433,坡道平面,0.0,0,,RPVNMLNKLHLGFBJ78DA,89.14,4.86,4.81,有,061,新竹縣
沙鹿區,房地(土地+建物)+車位,臺中市沙鹿區三民路１０９號十三樓之１,24.24,住,,,1120725,土地1建物1車位1,十三層,十五層,住宅大樓(11層含以上有電梯),住家用,鋼筋混凝土造,1150212,140.88,3,2,2,有,有,13980000,106876,坡道平面,25.98,1700000,預售屋、或土地及建物分件登記案件；,RPSVMLOLLHLGFFB09DA,69.51,0.0,7.15,有,,台中市
中壢區,土地,山嶺段222-3地號,11484.7,,特定農業區,農牧用地,1150307,土地5建物0車位0,,,其他,,,,0.0,0,0,0,無,無,146062760,12718,,0.0,0,,RPUNMLRKMHLGFBH98DA,0.0,0.0,0.0,無,0180,桃園市
北屯區,房地(土地+建物),臺中市北屯區崇德二路一段１５７巷７號六樓之１０,4.9,住,,,1150506,土地1建物1車位0,六層,九層,華廈(10層含以下有電梯),住家用,鋼筋混凝土造,0830825,29.759999999999998,1,0,1,有,有,2350000,78965,,0.0,0,,RPTQMLQJNHLGFBB48DA,18.02,0.01,2.63,有,0003,台中市
中正區,房地(土地+建物),臺北市中正區和平西路二段９８巷３之１號,36.5,都市：其他:第三之一種住宅區。,,,1150203,土地3建物1車位0,一層,四層,公寓(5樓含以下無電梯),住家用,鋼筋混凝土造,,82.6,3,2,1,有,無,13000000,157385,,0.0,0,親友、員工、共有人或其他特殊關係間之交易；其他增建；,RPQNMLMJLHLGFAA07DA,76.52,6.08,0.0,無,,台北市
南屯區,房地(土地+建物)+車位,臺中市南屯區建功路６９號九樓之８,14.6,住,,,1130407,土地1建物1車位1,九層,二十三層,住宅大樓(11層含以上有電梯),住家用,鋼筋混凝土造,1141226,158.16000000000003,3,2,2,有,有,18250000,124224,坡道平面,26.14,1850000,預售屋、或土地及建物分件登記案件；,RPXNMLQJNHLGFCB68DA,72.91,0.0,13.74,有,,台中市
梧棲區,房地(土地+建物)+車位,臺中市梧棲區八德路一段７０號九樓之１２,13.0,商,,,1150420,土地1建物1車位1,九層,二十八層,住宅大樓(11層含以上有電梯),住家用,鋼筋混凝土造,1140606,171.84,4,2,2,有,有,8680000,50512,坡道平面,24.74,0,,RPQNMLPJNHLGFFB18DA,88.14,0.0,9.94,有,0051,台中市
蘆竹區,房地(土地+建物)+車位,桃園市蘆竹區豪登一街１５０號九樓,15.36,商,,,1130626,土地1建物1車位1,九層,十五層,住宅大樓(11層含以上有電梯),住家用,鋼筋混凝土造,1150327,156.21,3,2,2,有,有,15200000,105296,坡道平面,27.05,1600000,預售屋、或土地及建物分件登記案件；,RPPRMLNLMHLGFEH88DA,76.98,0.0,8.89,有,,桃園市
東勢區,房地(土地+建物),臺中市東勢區東坑路５８巷１之１１號,124.62,住,,,1130708,土地1建物1車位0,全,五層,透天厝,住家用,鋼筋混凝土造,1140416,401.95,5,3,6,有,無,35980000,89514,,0.0,0,預售屋、或土地及建物分件登記案件；,RPRNMLMLMHLGFGB18DA,338.31,0.0,63.64,有,,台中市
北屯區,房地(土地+建物)+車位,臺中市北屯區南興北一路１１８號十五樓之３,19.76,住,,,1120816,土地1建物1車位1,十五層,十七層,住宅大樓(11層含以上有電梯),住家用,鋼筋混凝土造,1150205,157.28,3,2,2,有,有,19180000,142079,坡道平面,34.25,1700000,預售屋、或土地及建物分件登記案件；,RPORNLMJMHLGFBB67DA,73.02,0.0,7.57,有,,台中市
士林區,房地(土地+建物),臺北市士林區中正路６０１號九樓之１０,4.98,都市：其他:第三種住宅區。,,,1150316,土地2建物1車位0,九層,十二層,住宅大樓(11層含以上有電梯),商業用,鋼筋混凝土造,0690111,37.39,1,1,1,有,有,7600000,203263,,0.0,0,陽台外推；,RPPNMLSJNHLGFEA28EA,27.81,0.0,3.43,有,,台北市
新莊區,房地(土地+建物)+車位,新北市新莊區天祥街３６號二樓之２,15.2,住,,,1150113,土地1建物1車位1,二層,二十四層,住宅大樓(11層含以上有電梯),住家用,鋼骨鋼筋混凝土造,1140711,160.07999999999998,3,2,2,有,有,25530000,191841,坡道平面,38.99,2300000,,RPOOMLRJNHLGFBF28DA,72.47,0.0,7.25,有,,新北市
竹東鎮,土地,頭重埔段124-3地號,339.03,,,,1141226,土地1建物0車位0,,,其他,,,,0.0,0,0,0,無,無,15350000,45276,,0.0,0,,RPRNMLRJNHLGFCJ98DA,0.0,0.0,0.0,無,087,新竹縣
大溪區,房地(土地+建物),桃園市大溪區仁善一街１０６巷２１號四樓,14.82,商,,,1150412,土地1建物1車位0,四層,十五層,住宅大樓(11層含以上有電梯),住家用,鋼筋混凝土造,1061017,100.12,2,2,2,有,有,7880000,78706,,0.0,0,,RPSNMLLLMHLGFCH38DA,58.59,0.0,9.5,有,0081,桃園市
土城區,房地(土地+建物)+車位,新北市土城區青和街５５號八樓,19.21,住,,,1101226,土地1建物1車位1,八層,十五層,住宅大樓(11層含以上有電梯),住家用,鋼筋混凝土造,1150123,137.04000000000002,3,2,2,有,有,16060000,132193,坡道平面,30.68,2000000,預售屋、或土地及建物分件登記案件；,RPSOMLRLMHLGFAF68DA,64.45,0.0,6.66,有,,新北市
南屯區,房地(土地+建物)+車位,臺中市南屯區東興西街９號二樓之１７,8.31,住,,,1150316,土地1建物1車位1,二層,十二層,住宅大樓(11層含以上有電梯),住家用,鋼筋混凝土造,0801206,71.97999999999999,1,1,1,有,有,4650000,64610,坡道平面,0.0,0,其他增建；,RPRQMLKLMHLGFCB87DA,26.96,0.0,5.69,有,0113,台中市
林口區,房地(土地+建物)+車位,新北市林口區文化二路二段１１０巷２號七樓,15.14,住,,,1120719,土地1建物1車位1,七層,十三層,住宅大樓(11層含以上有電梯),住家用,鋼筋混凝土造,1150320,102.93,2,2,2,有,有,13960000,151940,坡道平面,25.86,2250000,預售屋、或土地及建物分件登記案件；,RPOSMLQKJHLGFBF28DA,45.2,0.0,5.02,有,,新北市
中山區,房地(土地+建物),臺北市中山區松江路８號八樓之２,1.72,都市：其他:第參種商業區(依都市計畫說明書圖規定辦理，始得作第參種商業區使用)(原屬第貳種商業區) 但是否在第三之二種住宅區(應依建築線或俟地籍測量分割後，再確定)。,,,1150303,土地1建物1車位0,八層,十二層,住宅大樓(11層含以上有電梯),住商用,鋼筋混凝土造,0661102,21.09,1,0,1,有,有,6500000,308203,,0.0,0,陽台外推；其他增建；,RPXNMLRKMHLGFCA68DA,13.95,0.0,3.1,有,,台北市
楠梓區,房地(土地+建物),高雄市楠梓區大學二十六街４２７號二樓之２,13.81,商,,,1141027,土地1建物1車位0,二層,十五層,住宅大樓(11層含以上有電梯),見其它登記事項,見其它登記事項,1041002,124.69,3,2,2,有,有,8700000,69773,,0.0,0,,RPPNMLQJNHLGFEE38DA,74.85,0.0,8.63,有,0334,高雄市
竹東鎮,房地(土地+建物)+車位,新竹縣竹東鎮明星路２２７巷１７號二樓,26.93,都市：其他:住一,,,1150423,土地2建物1車位1,二層,五層,華廈(10層含以下有電梯),住家用,鋼筋混凝土造,0820320,149.76,3,2,2,有,有,7950000,53085,坡道平面,0.0,0,其他增建；,RPRNMLMKNHLGFCJ68EA,76.72,0.0,9.27,有,,新竹縣
橋頭區,房地(土地+建物)+車位,高雄市橋頭區新南一街１５９號六樓,11.58,住,,,1130320,土地1建物1車位1,六層,十五層,住宅大樓(11層含以上有電梯),見其他登記事項,鋼筋混凝土造,1150106,91.59,1,2,1,有,有,9360000,97212,坡道機械,7.65,1200000,預售屋、或土地及建物分件登記案件；,RPSNMLRJMHLGFFE78DA,39.86,0.0,13.86,有,,高雄市
橋頭區,房地(土地+建物)+車位,高雄市橋頭區成功南路４７３號十三樓之５,15.71,住,,,1121222,土地1建物1車位1,十三層,十五層,住宅大樓(11層含以上有電梯),見其他登記事項,鋼筋混凝土造,1150302,111.91,2,1,2,有,有,11150000,100319,坡道平面,14.72,1400000,預售屋、或土地及建物分件登記案件；,RPXOMLOLMHLGFFE66DA,47.53,0.0,14.33,有,,高雄市
板橋區,房地(土地+建物),新北市板橋區五權街３０巷１２弄２０號,23.0,住,,,1150505,土地1建物1車位0,一層，平台,五層,公寓(5樓含以下無電梯),住家用,鋼筋混凝土造,0680209,91.63,1,1,1,有,無,10000000,109135,,0.0,0,雙方協議增值稅1154008元由買方繳納親友、員工、共有人或其他特殊關係間之交易；,RPPNMLPKNHLGFAF18EA,91.63,0.0,0.0,無,,新北市
小港區,房地(土地+建物),高雄市小港區山田路１２８號,84.0,住,,,1150317,土地1建物1車位0,全,四層,透天厝,見其它登記事項,見其它登記事項,1111026,192.34,4,2,3,有,無,18380000,95560,,0.0,0,其他增建；,RPVRMLRKLHLGFCE56DA,169.34,0.0,23.0,無,0148,高雄市
中壢區,土地,三座屋段三座屋小段1467地號,5.91,住,,,1150330,土地1建物0車位0,,,其他,,,,0.0,0,0,0,無,無,500000,84602,,0.0,0,,RPPNMLQJNHLGFBH38DA,0.0,0.0,0.0,無,0181,桃園市
北投區,房地(土地+建物),臺北市北投區振華街１４號三樓,12.08,都市：其他:第三種住宅區。,,,1150430,土地1建物1車位0,三層,四層,公寓(5樓含以下無電梯),住家用,鋼筋混凝土造,0620207,42.21,3,2,2,有,無,7600000,180052,,0.0,0,親友、員工、共有人或其他特殊關係間之交易；,RPTNMLMKNHLGFEA18EA,42.21,0.0,0.0,無,051,台北市
西屯區,房地(土地+建物)+車位,臺中市西屯區青海路二段４６１號三樓之１,25.14,住,,,1120920,土地1建物1車位1,三層,十五層,住宅大樓(11層含以上有電梯),住家用,鋼筋混凝土造,1141216,175.79000000000002,2,2,2,有,有,26770000,166712,坡道平面,27.51,2050000,預售屋、或土地及建物分件登記案件；,RPROMLSLMHLGFCB48DA,88.89,0.0,9.65,有,,台中市
沙鹿區,房地(土地+建物)+車位,臺中市沙鹿區福田北街１２０號三樓之５,29.68,住,,,1101128,土地1建物1車位1,三層,八層,華廈(10層含以下有電梯),住家用,鋼筋混凝土造,1141219,134.85,2,2,2,有,有,8400000,62291,坡道平面,36.48,0,於民國113年07月30日讓渡 價金不變,RPUOMLNKNHLGFFB58DA,61.87,0.0,4.59,有,,台中市
新屋區,房地(土地+建物),桃園市新屋區保安路一段９０巷４９號二樓,28.16,,特定農業區,甲種建築用地,1140323,土地1建物1車位0,二層,五層,華廈(10層含以下有電梯),住家用,鋼筋混凝土造,1150116,77.77,2,2,1,有,有,6600000,84866,,0.0,0,預售屋、或土地及建物分件登記案件；,RPXOMLRJNHLGFDH96DA,55.29,0.0,8.64,有,,桃園市
中山區,房地(土地+建物),臺北市中山區林森北路８５巷９５號三樓之２,6.3,都市：其他:第肆種商業區(依都市計畫說明書圖規定辦理，始得作第肆種商業區使用)(原屬第參種住宅區及第參之貳種住宅區)。,,,1150324,土地1建物1車位0,三層,七層,華廈(10層含以下有電梯),住家用,鋼筋混凝土造,0730330,30.95,1,0,1,有,無,6800000,219709,,0.0,0,其他增建；,RPOOMLSLMHLGFCA08DA,24.53,0.0,2.13,有,088,台北市
五股區,房地(土地+建物)+車位,新北市五股區成泰路三段５３８號十樓,13.08,住,,,1121218,土地1建物1車位1,十層,十五層,住宅大樓(11層含以上有電梯),住家用,鋼筋混凝土造,1141218,91.66,3,1,1,有,有,13070000,159077,坡道平面,24.9,2450000,預售屋、或土地及建物分件登記案件；,RPXSMLLLJIKGFBF78DA,40.42,0.0,3.31,有,,新北市
南屯區,房地(土地+建物),臺中市南屯區東興西街９號十一樓之２８,5.41,住,,,1150314,土地1建物1車位0,十一層,十二層,住宅大樓(11層含以上有電梯),住家用,鋼筋混凝土造,0801206,42.18,1,1,1,有,有,3200000,75865,,0.0,0,,RPVPMLLLMHLGFCB28DA,18.96,1.0,2.78,有,,台中市
新莊區,房地(土地+建物),新北市新莊區天祥街３８號十二樓,8.59,住,,,1150304,土地1建物1車位0,十二層,二十四層,住宅大樓(11層含以上有電梯),住家用,鋼筋混凝土造,1140711,69.85,2,2,1,有,有,14410000,206299,,0.0,0,,RPXPMLOJNHLGFBF98DA,39.46,1.11,4.35,有,,新北市
新莊區,土地,光明段450地號,42.83,住,,,1150424,土地1建物0車位0,,,其他,,,,0.0,0,0,0,無,無,18700000,436610,,0.0,0,,RPURNLTLMHLGFBF96DA,0.0,0.0,0.0,無,0090,新北市
文山區,房地(土地+建物),臺北市文山區景興路１８８號十八樓之１７,3.71,都市：其他:第三種商業區。,,,1150404,土地1建物1車位0,十八層,二十四層,住宅大樓(11層含以上有電梯),住家用,見使用執照,0850104,45.5,1,1,1,有,有,8400000,184575,,0.0,0,其他增建；,RPPNMLOJMHLGFAA27DA,21.46,1.01,2.42,有,038,台北市
石碇區,土地,小格頭段塗潭小段68-1地號,6931.0,都市：其他:保安保護區,,,1150331,土地3建物0車位0,,,其他,,,,0.0,0,0,0,無,無,28000000,4040,,0.0,0,未登記建物；,RPSNMLNLMHLGFCF38DA,0.0,0.0,0.0,無,,新北市
北屯區,房地(土地+建物),臺中市北屯區文昌東七街５２號五樓,23.4,住,,,1150327,土地1建物1車位0,五層,五層,華廈(10層含以下有電梯),住家用,鋼骨造,1140508,80.04,2,1,3,有,有,13100000,163668,,0.0,0,建物成交價格為9825000元；土地成交價格為3275000元。其他增建；,RPQQMLOKMHLGFBB97DA,48.78,0.0,6.89,有,,台中市
左營區,房地(土地+建物)+車位,高雄市左營區大中二路７１１巷８號十二樓之８,8.7,其他,,,1110507,土地1建物1車位1,十二層,十五層,住宅大樓(11層含以上有電梯),見其它登記事項,見其它登記事項,1140623,94.35,2,1,1,有,有,9800000,96346,坡道平面,14.43,2100000,本案有轉售，依讓與人和受讓人送交開遠建設有限公司之同意書第二條，讓與人收取轉讓手續費新台幣0元整。預售屋、或土地及建物分件登記案件；,RPOOMLSKNHLGFEE68DA,43.21,0.0,8.69,有,,高雄市
霧峰區,房地(土地+建物)+車位,臺中市霧峰區振興街２３號十一樓之３,17.86,商,,,1150410,土地2建物1車位1,十一層,十二層,住宅大樓(11層含以上有電梯),住家用,鋼筋混凝土造,0811215,119.31,3,2,2,有,有,7300000,61185,坡道機械,0.0,0,,RPUNMLPJNHLGFIB88DA,81.02,0.0,10.89,有,,台中市
湖口鄉,房地(土地+建物),新竹縣湖口鄉蘭州街１４８號一樓,25.65,,工業區,丁種建築用地,1150416,土地2建物1車位0,一層,五層,華廈(10層含以下有電梯),住家用,鋼筋混凝土造,0840911,98.75,3,2,1,有,無,6500000,65823,,0.0,0,,RPQNMLQJNHLGFDJ88DA,71.25,10.08,0.0,有,,新竹縣
北屯區,房地(土地+建物),臺中市北屯區崇德三路１２０號,32.62,住,,,1150403,土地1建物1車位0,一層，二層,七層,華廈(10層含以下有電梯),住商用,鋼筋混凝土造,0820120,174.64,2,2,1,有,有,12000000,68713,,0.0,0,,RPSQMLLKNHLGFBB97DA,117.71,4.62,12.23,有,,台中市
楠梓區,房地(土地+建物)+車位,高雄市楠梓區德民路３７２號十樓之１,21.62,住,,,1150318,土地1建物1車位1,十層,十四層,住宅大樓(11層含以上有電梯),住家用,鋼筋混凝土造,0790423,178.08,3,2,2,有,有,9200000,51662,坡道平面,0.0,0,,RPQNMLNLMHLGFEE28DA,106.33,0.0,18.98,有,,高雄市
五股區,房地(土地+建物)+車位,新北市五股區芳洲八路１５２號十一樓,23.03,住,,,1150504,土地1建物1車位1,十一層,十五層,住宅大樓(11層含以上有電梯),住家用,鋼筋混凝土造,1040114,142.88,3,2,2,有,有,18300000,128080,坡道平面,18.74,0,,RPSNMLOJNHLGFBF28DA,74.19,5.39,4.21,有,0009,新北市
板橋區,房地(土地+建物),新北市板橋區國慶路１１號三樓之三,16.86,工,,,1150313,土地1建物1車位0,三層,十三層,住宅大樓(11層含以上有電梯),工業用,鋼筋混凝土造,0841208,117.91,3,1,2,有,有,4400000,37317,,0.0,0,稅費由買方全出。親友、員工、共有人或其他特殊關係間之交易；,RPSOMLRJNHLGFAF58DA,81.96,2.68,7.38,有,,新北市
松山區,房地(土地+建物),臺北市松山區敦化北路２３８巷１０號六樓,30.34,都市：其他:第三種住宅區。,,,1150310,土地3建物1車位0,六層,七層,華廈(10層含以下有電梯),住家用,鋼筋混凝土造,0720422,157.11,3,2,2,有,無,41000000,260964,,0.0,0,陽台外推；其他增建；,RPUNMLTLMHLGFDA78DA,133.33,0.0,17.29,有,,台北市
板橋區,房地(土地+建物),新北市板橋區新生街４８巷８號,38.0,住,,,1150331,土地1建物1車位0,一層,四層,公寓(5樓含以下無電梯),住家用,鋼筋混凝土造,0660723,63.76,5,3,3,有,無,16670000,261449,,0.0,0,側面、後方其他增建；,RPUOMLTLMHLGFAF09DA,63.76,0.0,0.0,無,,新北市
橋頭區,房地(土地+建物)+車位,高雄市橋頭區新南一街１７５號九樓,17.9,住,,,1121211,土地1建物1車位1,九層,十五層,住宅大樓(11層含以上有電梯),見其他登記事項,鋼筋混凝土造,1150106,149.28,2,2,2,有,有,14950000,98433,坡道平面,17.21,1950000,預售屋、或土地及建物分件登記案件；,RPSTMLNLPHKGFFE76DA,67.33,0.0,17.3,有,,高雄市
文山區,房地(土地+建物)+車位,臺北市文山區福興路９５之６號三樓,130.17,都市：其他:第三種住宅區。,,,1100619,土地2建物1車位1,三層,五層,華廈(10層含以下有電梯),住家用,鋼筋混凝土造,1141001,145.57,3,2,2,有,有,22000000,188698,坡道平面,42.76,2600000,原所有權人為二人，110年11月30日簽訂讓渡書，依原預定買賣契約書總價2200萬元讓渡為一人預售屋、或土地及建物分件登記案件；,RPTNMLSLMHLGFAA28DA,59.1,0.0,7.1,有,,台北市
土城區,房地(土地+建物)+車位,新北市土城區青和街６５號九樓,21.85,住,,,1110403,土地1建物1車位1,九層,十五層,住宅大樓(11層含以上有電梯),住家用,鋼筋混凝土造,1150123,147.43,3,2,2,有,有,18300000,140102,坡道平面,31.8,2100000,於民國113年4月9日讓與，房地交易總價為2120萬元整。預售屋、或土地及建物分件登記案件；,RPQQMLRLMHLGFAF68DA,73.22,0.0,4.11,有,,新北市
八德區,房地(土地+建物)+車位,桃園市八德區興豐路１８０１巷１２８號四樓,47.87,,一般農業區,甲種建築用地,1130803,土地1建物1車位1,四層,五層,華廈(10層含以下有電梯),住家用,鋼筋混凝土造,1150115,153.55,3,2,2,有,有,15250000,101298,一樓平面,20.28,1750000,預售屋、或土地及建物分件登記案件；,RPPSMLSJMHLGFFH76DA,92.85,0.0,14.02,有,,桃園市
關西鎮,土地,新城段153-6地號,1089.12,,山坡地保育區,農牧用地,1150417,土地5建物0車位0,,,其他,,,,0.0,0,0,0,無,無,1036189,951,,0.0,0,,RPWNNLRLMHLGFBJ96DA,0.0,0.0,0.0,無,,新竹縣
樹林區,房地(土地+建物),新北市樹林區復興路２６４號五樓,18.6,住,,,1150323,土地1建物1車位0,五層,五層,公寓(5樓含以下無電梯),住家用,鋼筋混凝土造,0720208,90.03,3,2,1,有,無,8500000,94413,,0.0,0,陽台外推；其他增建；,RPPNMLSKNHLGFIF56DA,85.04,0.0,4.99,無,,新北市
左營區,房地(土地+建物)+車位,高雄市左營區文自路８０３號八樓,12.88,住,,,1140410,土地1建物1車位1,八層,十四層,住宅大樓(11層含以上有電梯),住家用,鋼筋混凝土造,0890705,116.61000000000001,3,2,2,有,有,11400000,97762,升降機械,13.27,0,親友、員工、共有人或其他特殊關係間之交易；,RPWOMLMJRHKGFEE09DA,68.36,1.07,8.11,有,,高雄市
蘆竹區,房地(土地+建物)+車位,桃園市蘆竹區山鼻路１０６之５號六樓,15.42,住,,,1130321,土地1建物1車位1,六層,十層,華廈(10層含以下有電梯),住家用,鋼筋混凝土造,1150128,105.28999999999999,2,2,1,有,有,10870000,113957,坡道平面,25.26,1750000,預售屋、或土地及建物分件登記案件；,RPWNMLMLMHLGFEH09DA,48.97,0.0,5.32,有,,桃園市
北區,房地(土地+建物),臺中市北區大德街１８８巷１０號,29.02,住,,,1150327,土地1建物1車位0,全,二層,透天厝,其他,加強磚造,0621127,24.57,2,1,1,有,無,3800000,154660,,0.0,0,其他增建；,RPQPMLPJNHLGFBB97DA,24.57,0.0,0.0,無,,台中市
大園區,房地(土地+建物)+車位,桃園市大園區致成路３２之１號十二樓之１,27.9,住,,,1150324,土地1建物1車位1,十二層,十五層,住宅大樓(11層含以上有電梯),住家用,鋼筋混凝土造,1140422,157.97,3,2,2,有,有,25800000,163322,坡道平面,26.99,0,,RPPOMLPLLHLGFEH68DA,78.02,0.0,8.35,有,0245,桃園市
西屯區,房地(土地+建物)+車位,臺中市西屯區臺灣大道三段８１８號五樓之８,13.16,商,,,1150331,土地1建物1車位1,五層,二十一層,住宅大樓(11層含以上有電梯),住家用,鋼筋混凝土造,1070223,195.18,2,2,2,有,有,18800000,96321,坡道平面,34.97,0,,RPUPMLSJNHLGFCB78DA,85.82,7.39,7.41,有,0115,台中市
新莊區,房地(土地+建物),新北市新莊區西盛街１５３巷１４號十二樓,9.01,住,,,1150315,土地1建物1車位0,十二層,十六層,住宅大樓(11層含以上有電梯),住家用,鋼筋混凝土造,0811022,63.43,2,2,1,有,有,9900000,156078,,0.0,0,其他增建；,RPPUMLOKMHLGFBF68DA,48.23,1.32,4.67,有,0281,新北市
桃園區,房地(土地+建物)+車位,桃園市桃園區大興西路三段１８之１號六樓,11.84,住,,,1130128,土地1建物1車位1,六層,二十二層,住宅大樓(11層含以上有電梯),住家用,鋼筋混凝土造,1150120,100.02,2,2,2,有,有,13080000,138835,坡道機械,12.29,900000,預售屋、或土地及建物分件登記案件；,RPPPMLRJNHLGFAH58DA,49.27,3.73,4.44,有,,桃園市
蘆竹區,房地(土地+建物)+車位,桃園市蘆竹區山鼻二路１４１號五樓,22.76,住,,,1130519,土地1建物1車位1,五層,十一層,住宅大樓(11層含以上有電梯),住家用,鋼筋混凝土造,1150319,139.8,3,2,2,有,有,13570000,109633,坡道平面,31.53,1700000,預售屋、或土地及建物分件登記案件；,RPRRMLTLMHLGFEH07DA,66.83,0.0,5.2,有,,桃園市
平鎮區,房地(土地+建物)+車位,桃園市平鎮區金陵路三段１９７巷４８之２號七樓,28.97,,特定農業區,甲種建築用地,1130610,土地1建物1車位1,七層,十二層,住宅大樓(11層含以上有電梯),住家用,鋼筋混凝土造,1141124,145.45,3,2,2,有,有,13960000,107064,坡道平面,32.34,1850000,車位所在樓層原為地下二樓，改為地下一樓預售屋、或土地及建物分件登記案件；,RPPNMLSLMHLGFGH56DA,68.29,0.0,7.0,有,,桃園市
楠梓區,房地(土地+建物)+車位,高雄市楠梓區興楠路７３巷１６號十樓,12.92,其他,,,1131207,土地1建物1車位1,十層,十五層,住宅大樓(11層含以上有電梯),見其它登記事項,見其它登記事項,1150203,106.83,2,2,2,有,有,11750000,123180,坡道平面,24.43,1600000,預售屋、或土地及建物分件登記案件；,RPQQMLNKNHLGFEE58DA,48.54,0.0,4.13,有,,高雄市
西屯區,房地(土地+建物)+車位,臺中市西屯區臺灣大道三段７６３號十五樓之１０,5.92,商,,,1090710,土地1建物1車位1,十五層,三十六層,住宅大樓(11層含以上有電梯),住家用,鋼骨造,1141028,115.17,2,2,1,有,有,10360000,107080,坡道平面,30.56,1300000,1.讓渡日期:111/5/232.此申報總價為原始買賣合約價格預售屋、或土地及建物分件登記案件；,RPXWMLPJNHLGFCB86DA,46.98,3.71,4.76,有,,台中市
北屯區,房地(土地+建物)+車位,臺中市北屯區南興北一路１１８號九樓之３,19.76,住,,,1120630,土地1建物1車位1,九層,十七層,住宅大樓(11層含以上有電梯),住家用,鋼筋混凝土造,1150205,157.28,3,2,2,有,有,18180000,132325,坡道平面,34.25,1900000,預售屋、或土地及建物分件登記案件；,RPPONLMJMHLGFBB47DA,73.02,0.0,7.57,有,,台中市
中和區,房地(土地+建物),新北市中和區秀朗路三段１０巷１４弄９６號三樓,34.59,住,,,1150422,土地1建物1車位0,三層,四層,公寓(5樓含以下無電梯),住家用,Ｒ．Ｃ造,0631216,86.19,3,2,1,有,無,13800000,160111,,0.0,0,,RPQOMLMKNHLGFHF68DA,86.19,0.0,0.0,無,,新北市
新店區,房地(土地+建物)+車位,新北市新店區寶慶街１０號二十二樓之二,10.19,住,,,1150412,土地1建物1車位1,二十二層,二十九層,住宅大樓(11層含以上有電梯),住家用,鋼筋混凝土造,0890203,150.07,3,2,2,有,有,25000000,166589,坡道平面,36.92,0,陽台外推；,RPQOMLLKNHLGFCF08DA,77.71,0.0,9.2,有,,新北市
松山區,房地(土地+建物),臺北市松山區富錦街４０７之１號七樓,16.68,都市：其他:住宅用地(民生社區特定專用區)。,,,1150207,土地2建物1車位0,七層,七層,華廈(10層含以下有電梯),住家用,鋼筋混凝土造,0671005,91.58999999999999,3,2,2,有,有,26100000,284966,,0.0,0,陽台外推；,RPPPMLKLMHLGFDA57DA,60.7,0.0,12.65,有,,台北市
竹北市,房地(土地+建物)+車位,新竹縣竹北市嘉興二街５３號二樓,25.96,住,,,1150330,土地1建物1車位1,二層,十四層,住宅大樓(11層含以上有電梯),住家用,鋼筋混凝土造,1020802,175.34,3,2,2,有,有,26800000,152846,坡道平面,33.43,0,,RPSOMLRJNHLGFBJ09DA,85.65,6.61,6.52,有,046,新竹縣
蘆竹區,房地(土地+建物)+車位,桃園市蘆竹區吉林路１５４之２號八樓,11.7,商,,,1150124,土地1建物1車位1,八層,十三層,住宅大樓(11層含以上有電梯),住家用,鋼筋混凝土造,0920619,134.39,3,2,2,有,有,14000000,104174,坡道平面,0.0,1400000,陽台外推；其他增建；,RPXRMLNLMHLGFEH07DA,75.25,1.53,9.61,有,,桃園市
西屯區,房地(土地+建物)+車位,臺中市西屯區臺灣大道三段７６３號二十四樓之１０,5.92,商,,,1090714,土地1建物1車位1,二十四層,三十六層,住宅大樓(11層含以上有電梯),住家用,鋼骨造,1141028,115.17,2,2,1,有,有,10750000,110507,坡道平面,30.56,1400000,預售屋、或土地及建物分件登記案件；,RPXNNLPJNHLGFCB68DA,46.98,3.71,4.76,有,,台中市
八德區,房地(土地+建物)+車位,桃園市八德區中華路２０１巷３２號二樓,18.91,住,,,1150311,土地1建物1車位1,二層,十三層,住宅大樓(11層含以上有電梯),住家用,鋼筋混凝土造,1070911,188.22,2,1,1,有,有,12200000,64818,坡道平面,44.02,0,,RPSNMLNKLHLGFFH68DA,54.45,2.56,9.77,有,0216,桃園市
蘆竹區,房地(土地+建物)+車位,桃園市蘆竹區五福一路２２２之３號七樓,23.15,住,,,1110606,土地1建物1車位1,七層,十五層,住宅大樓(11層含以上有電梯),住家用,鋼筋混凝土造,1150123,144.95999999999998,3,2,2,有,有,16000000,125737,坡道平面,29.64,1500000,114年12月9日轉讓，轉讓金額1600萬元整。預售屋、或土地及建物分件登記案件；,RPWSMLKMJHLGFEH56DA,69.71,0.0,6.73,有,,桃園市
大安區,房地(土地+建物),臺北市大安區復興南路二段１５１巷３０弄２３號十一樓,19.39,都市：其他:第三種住宅區。,,,1150418,土地1建物1車位0,十一層,十九層,住宅大樓(11層含以上有電梯),住家用,鋼筋混凝土造,0740522,100.97,2,2,1,有,有,26600000,263445,,0.0,0,,RPQNMLMKNHLGFFA97EA,73.75,1.56,4.72,有,,台北市
潭子區,房地(土地+建物)+車位,臺中市潭子區興華一路１１３號八樓之３,25.85,住,,,1140517,土地1建物1車位1,八層,十五層,住宅大樓(11層含以上有電梯),住家用,鋼筋混凝土造,1141216,165.32,3,2,2,有,有,18880000,124182,坡道平面,29.39,2000000,預售屋、或土地及建物分件登記案件；,RPTNMLRJNHLGFHB88DA,77.9,0.0,11.29,有,,台中市
蘆竹區,房地(土地+建物)+車位,桃園市蘆竹區五福一路２１８之２號五樓,31.53,住,,,1130311,土地1建物1車位1,五層,十五層,住宅大樓(11層含以上有電梯),住家用,鋼筋混凝土造,1150123,188.12,4,2,2,有,有,22200000,130155,坡道平面,31.0,1750000,預售屋、或土地及建物分件登記案件；,RPQPNLRLJHLGFEH98DA,94.9,0.0,9.21,有,,桃園市
蘆竹區,房地(土地+建物)+車位,桃園市蘆竹區山鼻二路１４３號九樓,25.85,住,,,1140307,土地1建物1車位1,九層,十一層,住宅大樓(11層含以上有電梯),住家用,鋼筋混凝土造,1150319,154.39,3,2,2,有,有,17350000,127381,坡道平面,31.53,1700000,預售屋、或土地及建物分件登記案件；,RPTQMLTLMHLGFEH17DA,72.27,0.0,9.46,有,,桃園市
南屯區,房地(土地+建物)+車位,臺中市南屯區建功路６９號八樓之３,11.52,住,,,1121119,土地1建物1車位1,八層,二十三層,住宅大樓(11層含以上有電梯),住家用,鋼筋混凝土造,1141226,126.9,2,2,1,有,有,12770000,111354,坡道平面,26.14,1550000,預售屋、或土地及建物分件登記案件；,RPXWMLRLMHLGFCB17DA,60.67,0.0,5.49,有,,台中市
大園區,房地(土地+建物)+車位,桃園市大園區高鐵南路一段８７號十四樓,27.55,住,,,1150331,土地1建物1車位2,十四層,十四層,住宅大樓(11層含以上有電梯),住家用,鋼筋混凝土造,1040706,213.35000000000002,3,2,2,有,有,28500000,133583,坡道平面,51.6,0,,RPSQMLSJNHLGFEH86DA,89.94,8.79,9.19,有,0200,桃園市
新竹市,房地(土地+建物)+車位,新竹市新竹市中華路三段５１號二樓之２,14.31,商,,,1120420,土地1建物1車位1,二層,十五層,住宅大樓(11層含以上有電梯),住家用,鋼筋混凝土造,1140813,165.03,3,2,2,有,有,22150000,146811,坡道平面,28.8,2150000,預售屋、或土地及建物分件登記案件；,RPSOMLRLLHLGFAO86DA,81.85,0.0,10.05,有,,新竹市
竹北市,房地(土地+建物)+車位,新竹縣竹北市台科路８８號五樓,29.29,住,,,1150403,土地1建物1車位1,五層,十四層,住宅大樓(11層含以上有電梯),住家用,鋼筋混凝土造,1000805,200.01999999999998,3,2,2,有,有,25250000,126244,坡道平面,0.0,0,,RPWNMLNLMHLGFBJ09DA,84.33,7.48,9.29,有,,新竹縣
平鎮區,土地,六和段955地號,46.42,,特定農業區,農牧用地,1150507,土地1建物0車位0,,,其他,,,,0.0,0,0,0,無,無,250667,5400,,0.0,0,,RPQNMLLJNHLGFGH48DA,0.0,0.0,0.0,無,0002,桃園市
新屋區,房地(土地+建物),桃園市新屋區保安路一段９０巷４１號,22.34,,特定農業區,甲種建築用地,1130423,土地1建物1車位0,一層,五層,華廈(10層含以下有電梯),住家用,鋼筋混凝土造,1150116,61.739999999999995,2,2,2,有,有,4700000,76126,,0.0,0,預售屋、或土地及建物分件登記案件；,RPVOMLRJNHLGFDH76DA,44.01,0.0,6.75,有,,桃園市
新豐鄉,房地(土地+建物)+車位,新竹縣新豐鄉中崙２２６之２５號五樓,23.31,,特定農業區,甲種建築用地,1130528,土地2建物1車位1,五層,十一層,住宅大樓(11層含以上有電梯),住家用,鋼筋混凝土造,1141215,111.22,2,2,2,有,無,8860000,92369,坡道平面,31.54,1500000,預售屋、或土地及建物分件登記案件；,RPRPMLKMLHLGFDJ68DA,48.5,0.0,3.76,有,,新竹縣
龜山區,房地(土地+建物)+車位,桃園市龜山區興華一街３０１號十樓,23.4,住,,,1120709,土地1建物1車位1,十層,十三層,住宅大樓(11層含以上有電梯),住家用,鋼筋混凝土造,1150114,122.82,2,1,2,有,有,15120000,146803,坡道平面,34.13,2100000,預售屋、或土地及建物分件登記案件；,RPVOMLNJNHLGFHH76DA,55.04,0.0,3.89,有,,桃園市
竹東鎮,房地(土地+建物),新竹縣竹東鎮三重路４１號,114.96,都市：其他:住一,,,1150402,土地1建物1車位0,全,二層,透天厝,住家用,鋼筋混凝土造,,109.4,6,3,3,有,無,6095000,55713,,0.0,0,頂樓加蓋；,RPVNMLPJNHLGFCJ56DA,109.4,0.0,0.0,無,026,新竹縣
林口區,房地(土地+建物)+車位,新北市林口區民族路９８號十八樓,11.08,住,,,1150302,土地1建物1車位1,十八層,二十三層,住宅大樓(11層含以上有電梯),住家用,鋼筋混凝土造,1100413,102.46000000000001,1,2,1,有,有,14000000,180614,坡道平面,36.02,2000000,,RPSOMLNKMHLGFBF28DA,37.24,2.43,4.2,有,0280,新北市
楠梓區,房地(土地+建物)+車位,高雄市楠梓區右昌街３５６號十三樓之６,10.44,其他,,,1130722,土地1建物1車位1,十三層,十五層,住宅大樓(11層含以上有電梯),見其它登記事項,見其它登記事項,1140904,121.31,1,1,2,有,有,11650000,103039,坡道機械,15.04,700000,預售屋、或土地及建物分件登記案件；,RPPNMLNKMHLGFEE08DA,63.02,0.0,4.59,有,,高雄市
三民區,房地(土地+建物)+車位,高雄市三民區陽明路３１７號三樓,26.04,住,,,1150407,土地1建物1車位1,三層,十五層,住宅大樓(11層含以上有電梯),見其它登記事項,見其它登記事項,1131213,195.28,4,2,2,有,有,22050000,117508,坡道平面,25.93,2150000,,RPPOMLNLMHLGFDE18DA,99.19,0.0,10.05,有,,高雄市
新興區,房地(土地+建物)+車位,高雄市新興區中山一路１６號二十九樓之１０,3.91,其他,,,1091207,土地2建物1車位1,二十九層,三十四層,住宅大樓(11層含以上有電梯),見其他登記事項,見其他登記事項,1150121,100.21000000000001,2,1,1,有,有,9880000,114471,坡道平面,26.13,1400000,另有讓渡預售屋、或土地及建物分件登記案件；,RPQOMLLJMHLGFBE67DA,44.79,0.0,3.46,有,,高雄市
深坑區,房地(土地+建物),新北市深坑區北深路三段１９６號二樓,23.48,住,,,1150315,土地1建物1車位0,二層,四層,公寓(5樓含以下無電梯),住家用,鋼筋混凝土造,0670817,83.83,3,2,2,有,無,9000000,107360,,0.0,0,陽台外推；,RPPNMLRLLHLGFCF38DA,78.66,0.0,5.17,無,0286,新北市
橋頭區,房地(土地+建物)+車位,高雄市橋頭區成功南路４７３號十五樓之９,15.9,住,,,1130216,土地1建物1車位1,十五層,十五層,住宅大樓(11層含以上有電梯),見其他登記事項,鋼筋混凝土造,1150302,113.14,2,1,2,有,有,13710000,119996,坡道平面,14.72,1900000,預售屋、或土地及建物分件登記案件；,RPTPMLOLMHLGFFE98DA,46.52,0.0,15.98,有,,高雄市
新竹市,房地(土地+建物)+車位,新竹市新竹市光華東一街４２號五樓之２,33.81,住,,,1150305,土地1建物1車位1,五層,十層,華廈(10層含以下有電梯),住家用,鋼筋混凝土造,1080904,183.86,3,2,2,有,有,25200000,137061,坡道平面,0.0,0,後陽台加窗其他增建；,RPSNMLPKMHLGFAO56DA,88.16,0.0,6.02,有,18,新竹市
桃園區,房地(土地+建物)+車位,桃園市桃園區慈文路６３５巷５號七樓,29.9,住,,,1150208,土地1建物1車位2,七層,二十層,住宅大樓(11層含以上有電梯),住家用,鋼筋混凝土造,1140407,243.17000000000002,3,2,2,有,有,33970000,177480,坡道平面,79.94,5000000,含裝潢費2330000元；,RPROMLLKNHLGFAH18DA,97.21,0.0,10.88,有,,桃園市
內湖區,房地(土地+建物)+車位,臺北市內湖區港墘路８２巷１６號七樓,39.93,都市：其他:第壹種商業區(依都市計畫說明書圖規定辦理，始得作第壹種商業區使用)(原屬第參種住宅區)。,,,1150121,土地1建物1車位1,七層,十三層,住宅大樓(11層含以上有電梯),住家用,鋼筋混凝土造,0960802,248.84,4,2,2,有,有,69600000,317113,坡道平面,38.82,3000000,陽台外推；其他增建；,RPTOMLKLMHLGFCA77DA,119.99,3.09,16.57,有,,台北市
大甲區,土地,平安段606-1地號,2.0,住,,,1150421,土地1建物0車位0,,,其他,,,,0.0,0,0,0,無,無,302500,151250,,0.0,0,,RPTNMLTJNHLGFEB78DA,0.0,0.0,0.0,無,,台中市
新屋區,房地(土地+建物)+車位,桃園市新屋區東興路一段９７６巷１８號,111.69,,特定農業區,甲種建築用地,1141211,土地2建物1車位1,全,三層,透天厝,住家用,鋼筋混凝土造,1150123,176.7,4,2,4,有,無,13480000,76287,一樓平面,0.0,0,預售屋、或土地及建物分件登記案件；,RPRNMLQJNHLGFDH78DA,150.86,0.0,25.56,無,,桃園市
楊梅區,土地,四湖段1712-1地號,115.0,,特定農業區,甲種建築用地,1150421,土地1建物0車位0,,,其他,,,,0.0,0,0,0,無,無,3478750,30250,,0.0,0,約定原價買回部分土地親友、員工、共有人或其他特殊關係間之交易；,RPSOMLQJNHLGFDH98DA,0.0,0.0,0.0,無,,桃園市
林口區,房地(土地+建物)+車位,新北市林口區吉祥路２６號九樓,9.22,商,,,1120304,土地1建物1車位1,九層,十五層,住宅大樓(11層含以上有電梯),住家用,鋼筋混凝土造,1150213,107.50999999999999,2,2,2,有,有,13920000,145291,坡道平面,26.5,2150000,預售屋、或土地及建物分件登記案件；,RPQTMLRLJHLGFBF78DA,49.86,0.0,2.96,有,,新北市
桃園區,房地(土地+建物)+車位,桃園市桃園區大興西路三段１６號七樓,11.47,住,,,1130125,土地1建物1車位1,七層,二十二層,住宅大樓(11層含以上有電梯),住家用,鋼筋混凝土造,1150120,109.80000000000001,2,2,1,有,有,13370000,137526,坡道平面,24.58,1650000,預售屋、或土地及建物分件登記案件；,RPOPMLRJNHLGFAH48DA,49.94,0.61,5.23,有,,桃園市
中壢區,房地(土地+建物)+車位,桃園市中壢區啟文路二段３５０巷１６之１號六樓,18.53,,特定農業區,甲種建築用地,1150324,土地1建物1車位1,六層,九層,華廈(10層含以下有電梯),住家用,鋼筋混凝土造,1121208,112.42,2,2,1,有,有,7550000,67159,坡道平面,37.92,0,,RPUQMLKLMHLGFBH68DA,46.06,0.0,4.19,有,0242,桃園市
觀音區,房地(土地+建物)+車位,桃園市觀音區莊敬三街２６２號五樓,20.48,住,,,1130923,土地1建物1車位1,五層,十四層,住宅大樓(11層含以上有電梯),住家用,鋼筋混凝土造,1150204,110.58,2,2,1,有,有,8950000,90931,坡道平面,26.45,1300000,預售屋、或土地及建物分件登記案件；,RPROMLQKMHLGFBH68DA,50.02,0.0,5.94,有,,桃園市
左營區,房地(土地+建物)+車位,高雄市左營區新南街９６號六樓,11.58,其他,,,1150420,土地1建物1車位1,六層,十五層,住宅大樓(11層含以上有電梯),住家用,鋼筋混凝土造,1000927,114.81,2,1,2,有,有,12250000,106698,坡道平面,25.41,0,,RPOOMLNLMHLGFEE18DA,51.15,2.48,3.58,有,,高雄市
前鎮區,房地(土地+建物)+車位,高雄市前鎮區廣東三街３２８號十四樓,8.79,其他,,,1150118,土地1建物1車位1,十四層,十四層,住宅大樓(11層含以上有電梯),住家用,鋼筋混凝土造,0930611,89.72999999999999,2,2,1,有,有,8200000,91385,坡道機械,7.27,0,,RPUNMLLKNHLGFCE28DA,51.84,3.64,5.32,有,0315,高雄市
沙鹿區,房地(土地+建物)+車位,臺中市沙鹿區三民路１０７號十一樓之５,19.55,住,,,1120331,土地1建物1車位1,十一層,十五層,住宅大樓(11層含以上有電梯),住家用,鋼筋混凝土造,1150212,118.63,2,2,2,有,有,12280000,114733,坡道平面,25.98,1650000,本案於115.01.31轉讓1/2予配偶。預售屋、或土地及建物分件登記案件；,RPXONLOLLHLGFFB98DA,54.54,0.0,7.39,有,,台中市
八德區,房地(土地+建物),桃園市八德區力霸街５５巷４弄２８號,77.73,,鄉村區,乙種建築用地,1150326,土地1建物1車位0,全,一層,透天厝,住家用,磚造,0671004,65.64,3,1,1,有,無,5860000,89275,,0.0,0,,RPPNMLSLMHLGFFH09DA,65.64,0.0,0.0,無,0171,桃園市
新莊區,房地(土地+建物),新北市新莊區八德街９５巷４弄７號,52.03,住,,,1141228,土地2建物1車位0,一層，平台,四層,公寓(5樓含以下無電梯),住家用,鋼筋混凝土造,0690902,137.15,5,1,6,有,無,9000000,65622,,0.0,0,親友、員工、共有人或其他特殊關係間之交易；其他增建；,RPQNMLMKNHLGFBF08EA,137.15,0.0,0.0,無,,新北市
桃園區,房地(土地+建物)+車位,桃園市桃園區青溪一路８３號九樓,14.31,住,,,1141220,土地1建物1車位1,九層,二十一層,住宅大樓(11層含以上有電梯),住家用,鋼筋混凝土造,1131204,109.88,2,1,1,有,有,13660000,124317,坡道平面,22.15,0,,RPPOMLSJNHLGFAH58DA,52.76,0.0,5.3,有,0329,桃園市
新店區,房地(土地+建物)+車位,新北市新店區安祥路１０４巷６弄１４號,182.68,,山坡地保育區,丙種建築用地,1150310,土地6建物1車位1,全,三層,透天厝,住家用,鋼筋混凝土造,0851226,229.29,4,2,3,有,有,22500000,98129,坡道平面,0.0,0,陽台外推；其他增建；,RPWNMLQKMHLGFCF98DA,180.43,33.36,15.5,無,0288,新北市
鳳山區,房地(土地+建物)+車位,高雄市鳳山區鳳甲路２８７號二樓,17.73,其他,,,1130411,土地1建物1車位1,二層,十四層,住宅大樓(11層含以上有電梯),見其他登記事項,見其他登記事項,1150205,138.95,3,2,2,有,有,13320000,93792,坡道平面,20.39,2200000,預售屋、或土地及建物分件登記案件；,RPUNMLLKMHLGFGE58DA,56.98,0.0,18.35,有,,高雄市
大同區,房地(土地+建物),臺北市大同區敦煌路２４巷２弄９號四樓,32.75,都市：其他:第三種住宅區。,,,1141212,土地2建物1車位0,四層,四層,公寓(5樓含以下無電梯),住家用,鋼筋混凝土造,0620120,63.85,3,2,1,有,無,10000000,156617,,0.0,0,親友、員工、共有人或其他特殊關係間之交易；,RPPNMLQJNHLGFBA77EA,63.85,0.0,0.0,無,,台北市
小港區,土地,坪北段549-8地號,143.14,都市：其他:住宅區,,,1150203,土地2建物0車位0,,,其他,,,,0.0,0,0,0,無,無,2147050,15000,,0.0,0,協議價購；,RPWTMLLLMHLGFCE09DA,0.0,0.0,0.0,無,0261,高雄市
橋頭區,房地(土地+建物)+車位,高雄市橋頭區新南一街１４３號十五樓,11.58,住,,,1130712,土地1建物1車位1,十五層,十五層,住宅大樓(11層含以上有電梯),見其他登記事項,鋼筋混凝土造,1150106,100.09,1,2,1,有,有,11160000,111125,坡道平面,17.21,1950000,預售屋、或土地及建物分件登記案件；,RPPOMLMJKIKGFFE87DA,39.86,0.0,13.18,有,,高雄市
新店區,房地(土地+建物),新北市新店區復興路２９巷１０號,40.59,工,,,1150418,土地1建物1車位0,一層,四層,公寓(5樓含以下無電梯),住家用,加強磚造,0571005,85.68,3,1,2,有,無,10000000,116713,,0.0,0,,RPQNMLRJNHLGFCF48DA,85.68,0.0,0.0,無,,新北市
太平區,房地(土地+建物)+車位,臺中市太平區環中東路三段６２０號二樓之２,21.48,住,,,1150317,土地1建物1車位1,二層,十三層,住宅大樓(11層含以上有電梯),住家用,鋼筋混凝土造,1140911,137.14,2,2,2,有,有,12650000,92242,坡道平面,31.67,0,,RPPNMLNKNHLGFJB48EA,63.17,0.0,6.48,有,0148,台中市
苓雅區,房地(土地+建物)+車位,高雄市苓雅區和平一路９８號五樓之２,25.5,其他,,,1150409,土地2建物1車位1,五層,十四層,住宅大樓(11層含以上有電梯),住家用,鋼筋混凝土造,0941206,163.53,3,2,2,有,有,13000000,79496,坡道平面,35.28,0,親友、員工、共有人或其他特殊關係間之交易；,RPRNMLSKNHLGFBE58DA,86.46,0.0,8.68,有,0076,高雄市
板橋區,房地(土地+建物),新北市板橋區中山路一段１號七樓之３,3.18,商,,,1150425,土地1建物1車位0,七層,二十三層,住宅大樓(11層含以上有電梯),辦公用,鋼骨鋼筋混凝土造,0900216,37.76,1,0,1,有,有,8500000,225106,,0.0,0,其他增建；,RPTPMLQJNHLGFAF68DA,22.08,0.0,4.98,有,,新北市
三民區,房地(土地+建物)+車位,高雄市三民區裕誠路１１０號九樓,33.53,住,,,1150331,土地1建物1車位2,九層,十四層,住宅大樓(11層含以上有電梯),住家用,鋼筋混凝土造,0870122,344.01,5,2,3,有,有,26100000,75870,坡道平面,34.71,0,,RPUNMLLMLHLGFDE38DA,216.95,0.0,17.47,有,,高雄市
蘆竹區,房地(土地+建物)+車位,桃園市蘆竹區五福一路２１２之５號四樓,17.68,住,,,1110718,土地1建物1車位1,四層,十五層,住宅大樓(11層含以上有電梯),住家用,鋼筋混凝土造,1150123,118.95,2,2,2,有,有,12480000,123707,坡道平面,31.0,1600000,112年5月26日轉讓，轉讓金額1248萬元整。預售屋、或土地及建物分件登記案件；,RPWOMLKMJHLGFEH78DA,52.59,0.0,5.73,有,,桃園市
文山區,房地(土地+建物)+車位,臺北市文山區政大一街１１５號二樓,55.39,都市：其他:第二種住宅區。,,,1150111,土地1建物1車位1,二層,五層,華廈(10層含以下有電梯),住家用,鋼筋混凝土造,1020131,147.16,3,2,2,有,有,29000000,220081,坡道平面,26.75,2500000,其他增建；,RPTNMLMJLHLGFAA37DA,72.5,10.2,7.13,有,121,台北市
東勢區,房地(土地+建物),臺中市東勢區福盛街２巷２６號,77.75,住,,,1150225,土地1建物1車位0,全,三層,透天厝,住家用,鋼筋混凝土造,0970213,163.25,4,3,3,有,無,10500000,64319,,0.0,0,其他增建；,RPRNMLOLMHLGFGB38DA,153.36,0.0,9.89,無,,台中市
內湖區,房地(土地+建物),臺北市內湖區內湖路三段３２９巷１４號四樓,30.68,都市：其他:第二種住宅區。,,,1150304,土地1建物1車位0,四層,五層,公寓(5樓含以下無電梯),住家用,鋼筋混凝土造,0691111,106.11,3,2,2,有,無,19200000,180944,,0.0,0,,RPSNMLRJNHLGFCA18DA,91.17,0.0,14.94,無,,台北市
蘆竹區,房地(土地+建物)+車位,桃園市蘆竹區五福一路２１８之３號十三樓,23.67,住,,,1130103,土地1建物1車位1,十三層,十五層,住宅大樓(11層含以上有電梯),住家用,鋼筋混凝土造,1150123,149.11,3,2,2,有,有,17600000,133350,坡道平面,31.0,1850000,114年1月5日轉讓，轉讓金額1760萬元整。預售屋、或土地及建物分件登記案件；,RPORMLKMJHLGFEH28DA,70.37,0.0,7.78,有,,桃園市
新興區,房地(土地+建物)+車位,高雄市新興區中山一路１６號四樓之２０,5.25,都市：其他:第五種商業區,,,1101124,土地2建物1車位1,四層,三十四層,住宅大樓(11層含以上有電梯),見其他登記事項,見其他登記事項,1150121,109.34,2,1,1,有,有,10980000,103414,坡道機械,10.03,710000,預售屋、或土地及建物分件登記案件；,RPXNMLKLMHLGFBE38DA,43.9,0.0,20.77,有,,高雄市
鳳山區,土地,新庄子段244-267地號,29.0,住,,,1150123,土地1建物0車位0,,,其他,,,,0.0,0,0,0,無,無,6700000,231034,,0.0,0,親友、員工、共有人或其他特殊關係間之交易；未登記建物；,RPWPMLLKNHLGFGE09DA,0.0,0.0,0.0,無,0320,高雄市
三重區,房地(土地+建物)+車位,新北市三重區元信一街２２３號十四樓,12.75,住,,,1091007,土地1建物1車位1,十四層,二十層,住宅大樓(11層含以上有電梯),住家用,鋼筋混凝土造,1150206,110.11,2,1,1,有,有,11900000,138359,坡道平面,39.28,2100000,預售屋、或土地及建物分件登記案件；,RPRQMLMLMHLGFGF88DA,42.49,0.84,3.15,有,,新北市
龜山區,房地(土地+建物)+車位,桃園市龜山區文化七路１１１號八樓之１５,15.64,商,,,1150313,土地1建物1車位1,八層,九層,華廈(10層含以下有電梯),住家用,鋼筋混凝土造,0851231,116.02,3,2,2,有,有,7400000,63782,坡道平面,0.0,0,陽台外推；夾層；,RPUNMLNKMHLGFHH56DA,47.33,2.62,7.06,有,,桃園市
蘆竹區,房地(土地+建物)+車位,桃園市蘆竹區豪登一街１６２號十一樓,10.71,商,,,1121127,土地1建物1車位1,十一層,十五層,住宅大樓(11層含以上有電梯),住家用,鋼筋混凝土造,1150327,116.22999999999999,2,2,1,有,有,10200000,96463,坡道平面,26.04,1500000,預售屋、或土地及建物分件登記案件；,RPVSMLNLMHLGFEH96DA,52.61,0.0,7.32,有,,桃園市
士林區,房地(土地+建物)+車位,臺北市士林區中山北路六段４４１巷３０號八樓之１,44.29,都市：其他:第三種住宅區。,,,1150427,土地1建物1車位2,八層,十七層,住宅大樓(11層含以上有電梯),住家用,鋼骨造,1130306,309.91999999999996,0,0,0,無,有,98000000,379641,坡道平面,70.22,7000000,,RPVPMLRJNHLGFEA88DA,131.49,8.27,16.15,有,,台北市
北投區,房地(土地+建物),臺北市北投區中和街２１５號五樓,7.53,都市：其他:第三種商業區。,,,1081108,土地1建物1車位0,五層,十三層,住宅大樓(11層含以上有電梯),住家用,鋼筋混凝土造,1150302,79.73,2,2,1,有,有,13000000,163050,,0.0,0,預售屋、或土地及建物分件登記案件；,RPRPMLLKNHLGFEA97DA,46.92,0.0,5.67,有,,台北市
前金區,房地(土地+建物)+車位,高雄市前金區河東路２號１１樓之２,16.54,商,,,1150211,土地2建物1車位1,十一層,十二層,住宅大樓(11層含以上有電梯),見其它登記事項,鋼筋混凝土造,0701203,150.94,3,2,2,有,有,11600000,76852,坡道平面,50.73,0,含傢俱設備費；,RPUNMLNLLHLGFAE18DA,96.45,0.0,3.75,有,0260,高雄市
淡水區,房地(土地+建物)+車位,新北市淡水區義山路一段４０１巷２６號九樓,18.43,住,,,1130520,土地1建物1車位1,九層,十五層,住宅大樓(11層含以上有電梯),住家用,鋼筋混凝土造,1150407,149.36,3,2,2,有,有,14190000,101084,坡道平面,25.8,1700000,預售屋、或土地及建物分件登記案件；,RPTNMLOJNHLGFEF68DA,72.49,0.0,9.66,有,,新北市
林口區,房地(土地+建物)+車位,新北市林口區吉祥路３０號五樓,7.22,商,,,1120305,土地1建物1車位1,五層,十五層,住宅大樓(11層含以上有電梯),辦公用,鋼筋混凝土造,1150213,89.86,0,0,0,無,有,10910000,139836,坡道平面,26.5,2050000,113.5.2 以1110萬轉讓114.12.30 以原價轉讓預售屋、或土地及建物分件登記案件；,RPQUMLQLJHLGFBF78DA,37.21,0.0,4.1,有,,新北市
內湖區,土地,石潭段三小段1地號,231.92,都市：其他:公園用地(公共設施用地)。63/1/5,,,1150424,土地1建物0車位0,,,其他,,,,0.0,0,0,0,無,無,4972769,21442,,0.0,0,115年度臺北市政府以容積代金基金採購私有公共設施保留地之交易包含公共設施保留地用地；協議價購；,RPOOMLTLMHLGFCA18DA,0.0,0.0,0.0,無,040,台北市
大園區,房地(土地+建物)+車位,桃園市大園區文城路１４７號四樓之１,23.36,商,,,1120905,土地1建物1車位1,四層,十八層,住宅大樓(11層含以上有電梯),住家用,鋼筋混凝土造,1141223,153.98000000000002,3,2,2,有,有,13620000,91679,坡道平面,21.78,1500000,預售屋、或土地及建物分件登記案件；,RPWQMLLJMHLGFEH09DA,79.91,0.0,7.56,有,,桃園市
新興區,房地(土地+建物),高雄市新興區南臺路１２９號１０樓之２,3.95,商,,,1150416,土地1建物1車位0,十層,十二層,住宅大樓(11層含以上有電梯),見其他登記事項,鋼筋混凝土造,0731201,48.42,1,1,1,有,有,3000000,61958,,0.0,0,,RPWOMLLKNHLGFBE48DA,38.78,0.0,2.56,有,0074,高雄市
桃園區,房地(土地+建物)+車位,桃園市桃園區日光路３９號二樓,19.43,住,,,1150321,土地1建物1車位1,二層,二十層,住宅大樓(11層含以上有電梯),住家用,鋼筋混凝土造,1140102,158.07999999999998,3,2,2,有,有,20500000,152328,坡道平面,36.96,2050000,,RPOSMLTLMHLGFAH09DA,74.22,0.0,4.1,有,,桃園市
龜山區,房地(土地+建物)+車位,桃園市龜山區光路千禧新城１８號六樓,26.85,,,,1150305,土地4建物1車位1,六層,十三層,住宅大樓(11層含以上有電梯),住家用,鋼筋混凝土造,0910117,153.66,3,2,2,有,有,10500000,68333,坡道平面,0.0,0,本件車位停放位置需要定期抽籤,RPRNMLTLMHLGFHH96DA,87.06,0.0,10.3,有,,桃園市
蘆竹區,房地(土地+建物),桃園市蘆竹區中山路１２８巷７之１號,10.81,住,,,1150318,土地1建物1車位0,二層,十三層,住宅大樓(11層含以上有電梯),住家用,鋼筋混凝土造,0811224,92.57,3,2,2,有,有,7300000,78859,,0.0,0,,RPPOMLPJNHLGFEH68DA,76.49,2.95,5.17,有,,桃園市
板橋區,房地(土地+建物),新北市板橋區貴興路２９號二樓,21.53,住,,,1141003,土地1建物1車位0,二層,七層,華廈(10層含以下有電梯),住家用,鋼筋混凝土造,0771029,126.57000000000001,3,2,2,有,有,10000000,79008,,0.0,0,親友、員工、共有人或其他特殊關係間之交易；,RPRNMLMKNHLGFAF08EA,95.81,0.6,7.82,有,,新北市
桃園區,房地(土地+建物)+車位,桃園市桃園區大興西路三段８之１號十五樓,11.84,住,,,1130123,土地1建物1車位1,十五層,二十二層,住宅大樓(11層含以上有電梯),住家用,鋼筋混凝土造,1150120,112.32,2,2,2,有,有,14220000,142124,坡道平面,24.58,1750000,預售屋、或土地及建物分件登記案件；,RPWQMLRJNHLGFAH76DA,49.27,3.73,4.44,有,,桃園市
三民區,房地(土地+建物)+車位,高雄市三民區大和街２５號六樓之５,19.81,住,,,1130618,土地1建物1車位1,六層,十五層,住宅大樓(11層含以上有電梯),見其它登記事項,見其它登記事項,1150205,154.16,1,2,2,有,有,16550000,115943,坡道平面,29.53,2100000,預售屋、或土地及建物分件登記案件；,RPXNMLPJNHLGFDE98DA,64.71,0.0,15.28,有,,高雄市
左營區,房地(土地+建物),高雄市左營區文康路５２號五樓之３,11.82,住,,,1110103,土地1建物1車位0,五層,十二層,住宅大樓(11層含以上有電梯),見其它登記事項,見其它登記事項,1150113,80.92,2,1,2,有,有,9350000,115546,,0.0,0,預售屋、或土地及建物分件登記案件；,RPQPMLPJNHLGFEE58DA,46.74,0.0,3.58,有,,高雄市
豐原區,房地(土地+建物),臺中市豐原區瑞興路１１９號八樓之３,3.42,住,,,1150422,土地3建物1車位0,八層,九層,華廈(10層含以下有電梯),住家用,鋼筋混凝土造,0830729,37.5,1,0,1,有,有,2400000,64000,,0.0,0,,RPPOMLRLMHLGFDB28DA,16.76,0.0,4.44,有,0029,台中市
西屯區,房地(土地+建物)+車位,臺中市西屯區青海路二段７號十六樓之７,7.34,商,,,1110324,土地1建物1車位1,十六層,二十四層,住宅大樓(11層含以上有電梯),住家用,鋼骨鋼筋混凝土造,1141103,110.58,2,2,1,有,有,16770000,174931,坡道平面,27.29,2200000,預售屋、或土地及建物分件登記案件；,RPOUMLOJNHLGFCB28DA,48.72,0.0,5.83,有,,台中市
土城區,房地(土地+建物)+車位,新北市土城區青和街５５號六樓,19.21,住,,,1100313,土地1建物1車位1,六層,十五層,住宅大樓(11層含以上有電梯),住家用,鋼筋混凝土造,1150123,138.16,3,2,2,有,有,13600000,109064,坡道平面,31.8,2000000,預售屋、或土地及建物分件登記案件；,RPQOMLRLMHLGFAF48DA,64.45,0.0,6.66,有,,新北市
林口區,房地(土地+建物)+車位,新北市林口區文化三路二段４１巷５９號九樓,15.39,住,,,1150415,土地1建物1車位1,九層,十五層,住宅大樓(11層含以上有電梯),住家用,鋼筋混凝土造,1130126,109.73,2,2,2,有,有,14660000,133601,坡道平面,31.26,0,,RPTOMLQKMHLGFBF68DA,48.97,0.0,4.02,有,0037,新北市
大園區,土地,華興段697-1地號,4.19,,特定農業區,交通用地,1150427,土地2建物0車位0,,,其他,,,,0.0,0,0,0,無,無,60745,14498,,0.0,0,協議價購；,RPSPMLMKNHLGFEH88DA,0.0,0.0,0.0,無,0087,桃園市
沙鹿區,房地(土地+建物)+車位,臺中市沙鹿區三民路１０９號十二樓之７,25.77,住,,,1121015,土地1建物1車位1,十二層,十五層,住宅大樓(11層含以上有電梯),住家用,鋼筋混凝土造,1150212,147.94,3,2,2,有,有,14980000,109298,坡道平面,25.98,1650000,預售屋、或土地及建物分件登記案件；,RPOUMLOLLHLGFFB58DA,74.45,0.0,6.95,有,,台中市
旗山區,房地(土地+建物),高雄市旗山區頭林巷１８號,201.26,農,,,1150328,土地3建物1車位0,全,二層,透天厝,住家用,加強磚造,0740725,67.87,6,2,2,有,無,570000,8398,,0.0,0,親友、員工、共有人或其他特殊關係間之交易；未登記建物；,RPTNMLLKNHLGFHE68DA,67.87,0.0,0.0,無,,高雄市
沙鹿區,房地(土地+建物)+車位,臺中市沙鹿區三民路１０７號九樓之６,19.26,住,,,1120420,土地1建物1車位1,九層,十五層,住宅大樓(11層含以上有電梯),住家用,鋼筋混凝土造,1150212,117.19,2,2,2,有,有,11880000,112159,坡道平面,25.98,1650000,預售屋、或土地及建物分件登記案件；,RPPRNLOLLHLGFFB48DA,53.74,0.0,7.19,有,,台中市
橋頭區,房地(土地+建物)+車位,高雄市橋頭區新南一街１９１號五樓,12.64,住,,,1130628,土地1建物1車位1,五層,十五層,住宅大樓(11層含以上有電梯),見其他登記事項,鋼筋混凝土造,1150106,96.11,1,2,1,有,有,10250000,103437,坡道機械,7.65,1100000,預售屋、或土地及建物分件登記案件；,RPQPMLSLOHKGFFE56DA,43.62,0.0,13.09,有,,高雄市
土城區,房地(土地+建物)+車位,新北市土城區青和街６５號三樓,21.85,住,,,1100307,土地1建物1車位1,三層,十五層,住宅大樓(11層含以上有電梯),住家用,鋼筋混凝土造,1150123,147.43,3,2,2,有,有,14440000,108449,坡道平面,31.8,1900000,預售屋、或土地及建物分件登記案件；,RPVPMLRLMHLGFAF09DA,73.22,0.0,4.11,有,,新北市
新豐鄉,房地(土地+建物)+車位,新竹縣新豐鄉中崙２２６之２５號三樓,23.31,,特定農業區,甲種建築用地,1130530,土地2建物1車位1,三層,十一層,住宅大樓(11層含以上有電梯),住家用,鋼筋混凝土造,1141215,111.22,2,2,2,有,無,8810000,91742,坡道平面,31.54,1500000,預售屋、或土地及建物分件登記案件；,RPQPMLKMLHLGFDJ58DA,48.5,0.0,3.76,有,,新竹縣
桃園區,房地(土地+建物)+車位,桃園市桃園區永安路４２３巷１５號五樓,14.41,住,,,1110709,土地1建物1車位1,五層,十四層,住宅大樓(11層含以上有電梯),住家用,鋼筋混凝土造,1141117,112.61,2,2,1,有,有,11420000,114538,坡道平面,29.93,1950000,預售屋、或土地及建物分件登記案件；,RPWOMLSJNHLGFAH66DA,51.21,0.0,3.82,有,,桃園市
北區,房地(土地+建物),臺中市北區臺灣大道一段６１０之７號,6.17,商,,,1150331,土地1建物1車位0,二層,(空白),公寓(5樓含以下無電梯),住家用,鐵筋加強磚造,,32.63,1,1,1,有,無,1000000,30647,,0.0,0,台中市北區臺灣大道一段610之7號買賣價金新台幣100萬元整。土地:文正段27-394地號權利範圍1/6。建物:文正段1385建號權利範圍全部其他增建；,SPUOMLPKMHLGFBB38DA,32.63,0.0,0.0,無,,台中市
關西鎮,土地,仁安段536地號,3459.0,,特定農業區,農牧用地,1150113,土地5建物0車位0,,,其他,,,,0.0,0,0,0,無,無,32435610,9377,,0.0,0,,RPPNMLMKNHLGFBJ28DA,0.0,0.0,0.0,無,081,新竹縣
新興區,房地(土地+建物),高雄市新興區中山一路１６號十樓之１７,4.76,都市：其他:第五種商業區,,,1101014,土地2建物1車位0,十層,三十四層,住宅大樓(11層含以上有電梯),見其他登記事項,見其他登記事項,1150121,86.15,2,1,1,有,有,9230000,107139,,0.0,0,預售屋、或土地及建物分件登記案件；,RPWPMLKKMHLGFBE38DA,43.41,0.0,12.66,有,,高雄市
士林區,房地(土地+建物)+車位,臺北市士林區幸福街５巷３２號五樓之１,13.74,都市：其他:第三種住宅區。,,,1150402,土地1建物1車位1,五層,八層,華廈(10層含以下有電梯),住家用,鋼筋混凝土造,0991014,77.25,1,1,1,有,有,15300000,236444,升降機械,21.0,2000000,夾層；,RPSOMLTLMHLGFEA78DA,30.81,4.72,0.0,有,,台北市
鳳山區,房地(土地+建物),高雄市鳳山區林森路９６巷２３之２號,28.7,住,,,1150326,土地1建物1車位0,三層,五層,公寓(5樓含以下無電梯),住家用,鋼筋混凝土造,0700930,74.82,3,2,2,有,無,3500000,46779,,0.0,0,親友、員工、共有人或其他特殊關係間之交易；,RPVNMLSJNHLGFGE76DA,74.82,0.0,0.0,無,0176,高雄市
新莊區,房地(土地+建物),新北市新莊區復興路二段１８７號二樓,23.81,住,,,1150330,土地1建物1車位0,二層，陽台,四層,公寓(5樓含以下無電梯),住家用,鋼筋混凝土造,0670604,85.71,3,2,1,有,無,10000000,116673,,0.0,0,,RPQNMLOJNHLGFBF08DA,85.71,0.0,0.0,無,0178,新北市
梓官區,房地(土地+建物)+車位,高雄市梓官區中正路３３０號五樓之１,27.55,,鄉村區,乙種建築用地,1150126,土地1建物1車位1,五層,十一層,住宅大樓(11層含以上有電梯),見其他登記事項,鋼筋混凝土造,1140618,103.19999999999999,3,2,2,有,有,9380000,82473,一樓平面,8.26,1550000,,RPVNMLPJLHLGFFE78DA,64.87,0.0,6.95,有,,高雄市
湖口鄉,土地,長威段1159地號,27.57,,特定農業區,農牧用地,1150501,土地1建物0車位0,,,其他,,,,0.0,0,0,0,無,無,350000,12695,,0.0,0,親友、員工、共有人或其他特殊關係間之交易；,RPRNMLSJNHLGFDJ56DA,0.0,0.0,0.0,無,,新竹縣
新店區,房地(土地+建物),新北市新店區廣興路７之３號地下一層,17.21,住,,,1150509,土地1建物1車位0,地下一層,七層,華廈(10層含以下有電梯),住家用,鋼筋混凝土造,0991231,92.82,0,0,1,有,有,7500000,80802,,0.0,0,陽台外推；,RPQNMLTKNHLGFCF88EA,55.63,1.05,6.18,有,,新北市
苓雅區,房地(土地+建物)+車位,高雄市苓雅區民權一路１２號二十五樓之３,13.17,商,,,1150322,土地1建物1車位1,二十五層,二十八層,住宅大樓(11層含以上有電梯),見其他登記事項,見其他登記事項,1121114,266.12,2,2,3,有,有,37100000,141021,坡道平面,18.64,2200000,,RPQOMLTJMHLGFBE48DA,127.32,0.0,28.57,有,,高雄市
湖口鄉,房地(土地+建物)+車位,新竹縣湖口鄉德和路１０巷８７號七樓之３,22.5,,一般農業區,甲種建築用地,1150124,土地1建物1車位1,七層,十一層,住宅大樓(11層含以上有電梯),住家用,鋼筋混凝土造,1140401,109.98,2,2,2,有,有,7800000,70922,坡道平面,22.43,0,,RPQNMLNLMHLGFDJ68DA,55.0,0.0,3.39,有,075,新竹縣
蘆竹區,房地(土地+建物),桃園市蘆竹區南山路一段３１號十九樓之１０,3.39,住,,,1150428,土地1建物1車位0,十九層,二十層,住宅大樓(11層含以上有電梯),住家用,鋼筋混凝土造,0840925,44.72,1,1,1,有,有,3780000,84526,,0.0,0,,RPPNMLMKNHLGFEH38DA,28.88,4.03,0.0,有,,桃園市
西屯區,房地(土地+建物),臺中市西屯區漢口路二段２９４號,32.34,住,,,1150225,土地1建物1車位0,一層，騎樓，地下層,七層,華廈(10層含以下有電梯),商業用,鋼筋混凝土造,0740810,146.06,0,2,1,有,有,21500000,147200,,0.0,0,,RPQNMLLKNHLGFCB57DA,146.06,0.0,0.0,有,0171,台中市
新店區,房地(土地+建物)+車位,新北市新店區寶橋路７８巷４８號六樓,12.68,住,,,1150321,土地1建物1車位1,六層,二十三層,住宅大樓(11層含以上有電梯),住家用,鋼筋混凝土造,1020829,156.77,3,2,2,有,有,30000000,214806,坡道平面,26.42,2000000,其他增建；,RPSNMLPKNHLGFCF58DA,78.48,8.01,5.69,有,,新北市
大里區,房地(土地+建物)+車位,臺中市大里區成功二路１２０巷７號七樓之６,29.66,,一般農業區,甲種建築用地,1130325,土地2建物1車位2,七層,十層,華廈(10層含以下有電梯),住家用,鋼筋混凝土造,1141226,187.49,3,2,2,有,有,17650000,116053,坡道平面,69.44,3950000,115.01.07增購車位壹位195萬115.01.20轉讓給父親預售屋、或土地及建物分件登記案件；,RPVOMLRLMHLGFIB76DA,69.69,0.0,7.03,有,,台中市
平鎮區,房地(土地+建物)+車位,桃園市平鎮區環南路二段２６９號十樓之２,12.09,住,,,1150402,土地1建物1車位1,十層,十八層,住宅大樓(11層含以上有電梯),住家用,鋼筋混凝土造,0880726,127.77000000000001,3,2,2,有,有,9500000,74352,坡道平面,13.99,0,,RPQNMLKKMHLGFGH38DA,73.48,0.0,10.25,有,,桃園市
淡水區,房地(土地+建物)+車位,新北市淡水區義山路一段４０１巷３８號六樓,13.26,住,,,1130114,土地1建物1車位1,六層,十四層,住宅大樓(11層含以上有電梯),住家用,鋼筋混凝土造,1150407,114.67,2,2,2,有,有,10300000,96771,坡道平面,25.8,1700000,預售屋、或土地及建物分件登記案件；,RPOOMLTLMHLGFEF88DA,54.57,0.0,4.49,有,,新北市
中山區,房地(土地+建物),臺北市中山區遼寧街６０號三樓、三樓之１,22.47,都市：其他:第三種住宅區。,,,1141207,土地1建物1車位0,三層,五層,華廈(10層含以下有電梯),住家用,鋼筋混凝土造,0970806,75.41,2,1,1,有,有,25000000,331521,,0.0,0,陽台外推；,RPTOMLLKNHLGFCA87DA,32.62,0.0,13.1,有,,台北市
沙鹿區,房地(土地+建物)+車位,臺中市沙鹿區三民路１０９號十五樓之５,25.31,住,,,1121012,土地1建物1車位1,十五層,十五層,住宅大樓(11層含以上有電梯),住家用,鋼筋混凝土造,1150212,144.95999999999998,3,2,2,有,有,14500000,108001,坡道平面,25.98,1650000,預售屋、或土地及建物分件登記案件；,RPXOMLOLLHLGFFB88DA,72.57,0.0,6.95,有,,台中市
板橋區,房地(土地+建物)+車位,新北市板橋區中山路一段２４０號三十四樓,24.57,商,,,1081117,土地4建物1車位3,三十四層,四十六層,住宅大樓(11層含以上有電梯),住家用,鋼骨構造,1141023,317.45,3,2,2,有,有,62300000,234746,坡道平面,81.45,6900000,於民國114年9月9日簽訂房屋及土地權利轉讓書。預售屋、或土地及建物分件登記案件；,RPXSMLLKJHLGFAF58DA,139.73,5.49,10.94,有,,新北市
龜山區,房地(土地+建物)+車位,桃園市龜山區中興路１６８之６號,42.78,住,,,1141022,土地1建物1車位1,一層,七層,華廈(10層含以下有電梯),住家用,鋼筋混凝土造,1101213,192.52,3,2,2,有,有,19680000,102223,坡道平面,35.24,0,遮雨棚增建陽台外推；,RPOQMLRKMHLGFHH66DA,94.86,0.0,8.23,有,0359,桃園市
鼓山區,房地(土地+建物),高雄市鼓山區文忠路１４３號三樓,6.83,商,,,1150327,土地1建物1車位0,三層,十五層,住宅大樓(11層含以上有電梯),住家用,鋼筋混凝土造,1020527,80.60000000000001,2,1,1,有,有,7680000,95285,,0.0,0,含傢俱設備費；其他增建；,RPPOMLKMLHLGFAE57DA,41.81,4.14,3.39,有,0147,高雄市
鳳山區,房地(土地+建物)+車位,高雄市鳳山區公園二街６號四樓,25.72,住,,,1150320,土地1建物1車位1,四層,十五層,住宅大樓(11層含以上有電梯),見其他登記事項,見其他登記事項,1150119,149.62,3,2,2,有,有,13630000,91469,一樓平面,19.74,1750000,,RPTOMLPJNHLGFGE98DA,66.33,0.0,17.05,有,,高雄市
鼓山區,房地(土地+建物)+車位,高雄市鼓山區美術北三路２４０號六樓,23.91,住,,,1150307,土地1建物1車位1,六層,二十五層,住宅大樓(11層含以上有電梯),住家用,鋼骨鋼筋混凝土造,1040611,281.3,3,2,2,有,有,26880000,95556,坡道平面,29.14,0,含傢俱設備費；,RPTNMLLKLHLGFAE77DA,143.97,6.11,16.91,有,0211,高雄市
淡水區,房地(土地+建物)+車位,新北市淡水區新民街２２２巷１９號十七樓,15.13,住,,,1150318,土地1建物1車位1,十七層,十七層,住宅大樓(11層含以上有電梯),住家用,鋼筋混凝土造,0821104,109.46000000000001,4,2,2,有,有,5700000,52079,坡道平面,20.35,0,親友、員工、共有人或其他特殊關係間之交易；,RPWNMLRJNHLGFEF66DA,77.08,2.06,9.74,有,,新北市
龜山區,房地(土地+建物)+車位,桃園市龜山區樂學路１３２號二十六樓,15.17,工,,,1110208,土地2建物1車位1,二十六層,二十八層,住宅大樓(11層含以上有電梯),住家用,鋼筋混凝土造,1150204,139.51999999999998,3,2,2,有,有,13050000,111775,坡道平面,35.74,1450000,預售屋、或土地及建物分件登記案件；,RPRNMLRJNHLGFHH66DA,64.37,0.0,4.65,有,,桃園市
蘆竹區,房地(土地+建物)+車位,桃園市蘆竹區山鼻路１１６號六樓,27.17,住,,,1130715,土地1建物1車位1,六層,九層,華廈(10層含以下有電梯),住家用,鋼筋混凝土造,1150128,168.24,4,2,2,有,有,18550000,116100,坡道平面,25.26,1950000,預售屋、或土地及建物分件登記案件；,RPWOMLMLMHLGFEH56DA,86.7,0.0,10.24,有,,桃園市
南屯區,房地(土地+建物),臺中市南屯區大英街３１１之３號六樓,17.64,住,,,1150407,土地1建物1車位0,六層,八層,華廈(10層含以下有電梯),住家用,鋼筋混凝土造,0821020,104.64,3,1,1,有,有,7900000,75497,,0.0,0,陽台外推；,RPXQMLTLMHLGFCB76DA,70.32,3.64,3.4,有,,台中市
蘆竹區,車位,桃園市蘆竹區中山路１７１號等戶,0.0,,,,1150325,土地0建物1車位1,,,其他,,,,34.7,0,0,0,無,無,1000000,,坡道平面,34.7,1000000,建物坐落地號：五福段305地號；僅車位交易；,RPSQMLRJNHLGFEH76DA,0.0,0.0,0.0,無,0169,桃園市
中和區,房地(土地+建物),新北市中和區中正路７５３號十九樓之七,2.93,住,,,1150227,土地1建物1車位0,十九層,二十三層,住宅大樓(11層含以上有電梯),住家用,鋼筋混凝土造,0850919,41.82,1,1,1,有,有,7600000,181731,,0.0,0,其他增建；,RPOPMLKKMHLGFHF28DA,26.12,0.0,3.93,有,0335,新北市
鳳山區,房地(土地+建物),高雄市鳳山區文鳳路４０巷１２號,196.22,住,,,1150122,土地2建物1車位0,全,四層,透天厝,見其他登記事項,鋼筋混凝土造,0911117,265.17,4,3,3,有,無,18820000,70973,,0.0,0,親友、員工、共有人或其他特殊關係間之交易；,RPUNMLQJNHLGFGE09DA,237.36,2.31,25.5,無,,高雄市
苓雅區,房地(土地+建物),高雄市苓雅區三多四路６２號十二樓之６,6.9,商,,,1100209,土地1建物1車位0,十二層,二十八層,住宅大樓(11層含以上有電梯),見其他登記事項,見其他登記事項,1140829,99.35,2,2,2,有,有,8600000,86563,,0.0,0,讓渡日期114/04/24預售屋、或土地及建物分件登記案件；,RPPNMLRKMHLGFBE18DA,57.19,0.0,7.03,有,,高雄市
仁武區,房地(土地+建物)+車位,高雄市仁武區京吉二路１４７號五樓,17.38,商,,,1150401,土地1建物1車位1,五層,十四層,住宅大樓(11層含以上有電梯),見其他登記事項,見其他登記事項,1131016,145.93,3,2,2,有,有,15000000,102789,坡道平面,16.36,0,,RPRPMLKMMHLGFIE78DA,65.64,0.0,19.15,有,0107,高雄市
中壢區,房地(土地+建物),桃園市中壢區環中東路９２５巷２４號,86.55,都市：其他:道路用地,,,1150424,土地3建物1車位0,全,四層,透天厝,住家用,鋼筋混凝土造,0880922,237.98000000000002,4,3,3,有,有,18700000,78575,,0.0,0,頂樓加蓋；其他增建；,RPQNMLLKNHLGFBH08DA,171.59,10.58,9.92,有,,桃園市
中壢區,房地(土地+建物),桃園市中壢區新中北路二段１２６巷７１弄１２號,56.0,住,,,1150127,土地1建物1車位0,全,二層,透天厝,住家用,加強磚造,0621031,78.64,4,2,4,有,無,5380000,68413,,0.0,0,其他增建；,RPXOMLSLJHLGFBH66DA,78.64,0.0,0.0,無,,桃園市
大園區,土地,華興段697-1地號,14.66,,特定農業區,交通用地,1150427,土地2建物0車位0,,,其他,,,,0.0,0,0,0,無,無,212607,14503,,0.0,0,協議價購；,RPUQMLMKNHLGFEH56DA,0.0,0.0,0.0,無,0087,桃園市
文山區,房地(土地+建物),臺北市文山區興隆路二段１３０巷３１號,41.5,都市：其他:第三種住宅區。,,,1150127,土地1建物1車位0,一層,四層,公寓(5樓含以下無電梯),住家用,加強磚造,0580322,92.64,3,2,1,有,無,20000000,215889,,0.0,0,其他增建；,RPTNMLKKMHLGFAA37DA,92.64,0.0,0.0,無,,台北市
永和區,房地(土地+建物),新北市永和區中正路２８３巷７號二樓,30.16,住,,,1150410,土地1建物1車位0,二層，陽台,四層,公寓(5樓含以下無電梯),住家用,加強磚造,0650518,91.55,3,2,2,有,無,13500000,147460,,0.0,0,陽台外推；其他增建；,RPSNMLSLMHLGFHF76DA,91.55,0.0,0.0,無,,新北市
新莊區,房地(土地+建物)+車位,新北市新莊區中央路７３０號三樓,20.26,商,,,1150416,土地1建物1車位2,三層,二十七層,住宅大樓(11層含以上有電梯),商業用,鋼骨鋼筋混凝土造,1070524,242.60999999999999,0,0,0,無,有,28000000,156282,坡道平面,94.16,4800000,,RPWRMLPKNHLGFBF66DA,80.75,0.0,11.82,有,,新北市
路竹區,房地(土地+建物),高雄市路竹區延平路１０８巷２之１號,77.13,其他,,,1150415,土地1建物1車位0,全,二層,透天厝,住家用,加強磚造,0650525,67.82,3,2,2,有,無,3050000,44972,,0.0,0,,RPPNMLMJNHLGFJE48DA,67.82,0.0,0.0,無,,高雄市
淡水區,房地(土地+建物)+車位,新北市淡水區義山路一段４０１巷８７號六樓,30.07,住,,,1150329,土地1建物1車位1,六層,十五層,住宅大樓(11層含以上有電梯),住家用,鋼筋混凝土造,1140828,187.44,3,2,2,有,有,17850000,101356,坡道平面,27.41,1630000,預售屋、或土地及建物分件登記案件；,RPTOMLNKNHLGFEF88EA,96.08,0.0,6.55,有,,新北市
中壢區,房地(土地+建物),桃園市中壢區榮安十五街３５巷１８號八樓,12.48,住,,,1150201,土地1建物1車位0,八層,十一層,住宅大樓(11層含以上有電梯),住家用,鋼筋混凝土造,0850206,86.25999999999999,3,1,2,有,有,5800000,67239,,0.0,0,親友、員工、共有人或其他特殊關係間之交易；,RPSQMLSJMHLGFBH09DA,55.24,0.77,7.35,有,0276,桃園市
西屯區,房地(土地+建物)+車位,臺中市西屯區青海路二段５１６號五樓之２,12.61,住,,,1120417,土地2建物1車位1,五層,十九層,住宅大樓(11層含以上有電梯),住家用,鋼筋混凝土造,1150108,112.2,2,2,2,有,有,16150000,169249,坡道平面,28.3,1950000,預售屋、或土地及建物分件登記案件；,RPXPMLSJNHLGFCB09DA,49.41,0.0,4.76,有,,台中市
蘆竹區,房地(土地+建物)+車位,桃園市蘆竹區錦秀街１３巷５號五樓,28.02,工,,,1150310,土地1建物1車位1,五層,五層,華廈(10層含以下有電梯),工業用,鋼筋混凝土造,0830312,132.81,3,2,2,有,有,11000000,82825,坡道平面,0.0,0,頂樓加蓋；其他增建；,RPPNMLQJNHLGFEH78EA,88.2,0.0,10.51,有,0173,桃園市
鼓山區,土地,龍華段二小段855-2地號,2.01,住,,,1150504,土地1建物0車位0,,,其他,,,,0.0,0,0,0,無,無,720000,358209,,0.0,0,親友、員工、共有人或其他特殊關係間之交易；,RPVNMLQJNHLGFAE58DA,0.0,0.0,0.0,無,0011,高雄市
三重區,房地(土地+建物)+車位,新北市三重區元信一街２１１號十樓,23.26,住,,,1100816,土地1建物1車位1,十層,二十層,住宅大樓(11層含以上有電梯),住家用,鋼筋混凝土造,1150206,169.6,3,2,2,有,有,18760000,128607,坡道平面,39.28,2000000,預售屋、或土地及建物分件登記案件；,RPVQMLMLMHLGFGF66DA,78.56,2.57,4.67,有,,新北市
南屯區,房地(土地+建物)+車位,臺中市南屯區建功路６５號十二樓之２,10.75,住,,,1121119,土地1建物1車位1,十二層,二十三層,住宅大樓(11層含以上有電梯),住家用,鋼筋混凝土造,1141226,123.55000000000001,2,2,1,有,有,12290000,110256,坡道平面,26.14,1550000,預售屋、或土地及建物分件登記案件；,RPWRMLTLMHLGFCB76DA,57.83,0.0,6.13,有,,台中市
小港區,房地(土地+建物)+車位,高雄市小港區光盛街３２號二樓之２,41.94,其他,,,1150420,土地1建物1車位1,二層,十層,華廈(10層含以下有電梯),住家用,鋼筋混凝土造,0920709,196.33999999999997,3,2,2,有,有,8530000,43445,坡道平面,0.0,0,含傢俱設備費；,RPTOMLQJNHLGFCE68DA,101.59,0.0,10.62,有,0044,高雄市
中和區,房地(土地+建物),新北市中和區明義街７號,28.03,住,,,1150308,土地1建物1車位0,一層，平台,四層,公寓(5樓含以下無電梯),住家用,鋼筋混凝土造,0670810,95.16,3,2,3,有,無,20500000,215427,,0.0,0,其他增建；,RPOPMLMKLHLGFHF38DA,95.16,0.0,0.0,無,,新北市
平鎮區,房地(土地+建物),桃園市平鎮區莊敬街２１巷１弄１號,43.34,住,,,1150430,土地1建物1車位0,全,二層,透天厝,住家用,加強磚造,0650331,60.9,5,0,5,有,無,5400000,88670,,0.0,0,頂樓加蓋；,RPXNMLNKNHLGFGH86DA,60.9,0.0,0.0,無,,桃園市
新豐鄉,房地(土地+建物),新竹縣新豐鄉信義街１８巷２９號,76.93,住,,,1150322,土地1建物1車位0,全,三層,透天厝,住家用,鋼筋混凝土造,0830704,174.26,4,2,3,有,無,7700000,44187,,0.0,0,,RPTNMLTLMHLGFDJ96DA,148.29,16.14,9.83,無,,新竹縣
竹北市,房地(土地+建物)+車位,新竹縣竹北市隘口六街３１之１號,10.02,住,,,1150211,土地1建物1車位1,一層,九層,華廈(10層含以下有電梯),商業用,鋼筋混凝土造,0970609,59.349999999999994,2,2,1,有,有,11000000,185341,坡道機械,0.0,0,夾層；,RPSNMLQJNHLGFBJ88DA,30.36,0.0,4.44,有,,新竹縣
新店區,房地(土地+建物),新北市新店區北新路三段１０號三樓,40.88,住,,,1150315,土地1建物1車位0,三層,四層,公寓(5樓含以下無電梯),住家用,加強磚造,,88.78,2,2,1,有,無,13650000,153751,,0.0,0,鐵窗、樓地板陽台外推；其他增建；,RPQPMLRJNHLGFCF68DA,88.78,0.0,0.0,無,0179,新北市
桃園區,房地(土地+建物),桃園市桃園區水汴一路１３７號十四樓,8.0,商,,,1150412,土地1建物1車位0,十四層,十五層,住宅大樓(11層含以上有電梯),住家用,鋼筋混凝土造,1140529,66.85,2,2,1,有,有,10870000,162603,,0.0,0,,RPQNMLKMMHLGFAH97DA,39.73,0.0,4.52,有,,桃園市
永和區,房地(土地+建物),新北市永和區永和路一段４３巷８之１號三樓,21.7,住,,,1150322,土地2建物1車位0,三層,五層,公寓(5樓含以下無電梯),住家用,鋼筋混凝土造,0700814,73.24,3,2,2,有,無,12500000,170672,,0.0,0,其他增建；,RPUOMLOKMHLGFHF56DA,66.72,0.0,6.52,無,,新北市
新竹市,土地,前溪段233地號,1500.0,,特定農業區,特定目的事業用地,1150119,土地1建物0車位0,,,其他,,,,0.0,0,0,0,無,無,122520000,81680,,0.0,0,含租約；,RPQNMLTKLHLGFAO66DA,0.0,0.0,0.0,無,,新竹市
西屯區,房地(土地+建物)+車位,臺中市西屯區青海路二段４６１號十四樓之２,29.1,住,,,1150404,土地1建物1車位2,十四層,十五層,住宅大樓(11層含以上有電梯),住家用,鋼筋混凝土造,1141216,231.49,3,2,2,有,有,36700000,184096,坡道平面,59.84,5100000,,RPWOMLTLMHLGFCB09DA,101.7,0.0,12.4,有,,台中市
汐止區,車位,新北市汐止區福德一路１０９之２號,0.08,住,,,1150426,土地1建物1車位1,一層,十四層,其他,管理員室,鋼筋混凝土造,0970722,31.09,0,0,0,無,有,2650000,,坡道平面,31.09,2650000,僅車位交易；,RPQNMLQLMHLGFDF58DA,0.0,0.0,0.0,有,0076,新北市
竹北市,房地(土地+建物)+車位,新竹縣竹北市六家一路一段２５９號七樓,35.49,住,,,1150321,土地1建物1車位1,七層,十七層,住宅大樓(11層含以上有電梯),住家用,鋼筋混凝土造,1140819,182.48000000000002,3,2,2,有,有,36570000,200406,坡道平面,39.72,0,,RPQNMLPLLHLGFBJ58DA,84.96,0.0,7.96,有,057,新竹縣
中和區,車位,新北市中和區連勝街１１９號等,0.0,,,,1150427,土地0建物1車位1,,,其他,,,,16.02,0,0,0,無,有,1500000,,坡道機械,16.02,1500000,建物坐落地號：安邦段891地號；僅車位交易；,RPTOMLKMMHLGFHF88DA,0.0,0.0,0.0,有,0064,新北市
西屯區,房地(土地+建物)+車位,臺中市西屯區臺灣大道三段７６３號十樓之１３,6.08,商,,,1090919,土地1建物1車位1,十層,三十六層,住宅大樓(11層含以上有電梯),住家用,鋼骨造,1141028,115.95,2,2,1,有,有,10530000,106921,坡道平面,30.56,1400000,1.讓渡日期:113年10月17日2.讓渡金額為原始合約價格預售屋、或土地及建物分件登記案件；,RPVPMLOLMHLGFCB58DA,49.04,3.0,3.92,有,,台中市
豐原區,房地(土地+建物),臺中市豐原區向陽路１７３巷９８弄４號二樓,8.25,商,,,1150424,土地1建物1車位0,二層,四層,公寓(5樓含以下無電梯),住家用,鋼筋混凝土造,0720715,22.590000000000003,3,2,1,有,無,1000000,44267,,0.0,0,親友、員工、共有人或其他特殊關係間之交易；,RPQNMLQJNHLGFDB08DA,18.41,0.0,2.01,無,,台中市
八德區,房地(土地+建物),桃園市八德區興豐路１８０１巷１２０號二樓,35.39,,一般農業區,甲種建築用地,1130523,土地1建物1車位0,二層,五層,華廈(10層含以下有電梯),住家用,鋼筋混凝土造,1150115,98.53,2,2,2,有,有,9300000,94387,,0.0,0,預售屋、或土地及建物分件登記案件；,RPXNMLOJNHLGFFH76DA,70.74,0.0,8.28,有,,桃園市
左營區,房地(土地+建物)+車位,高雄市左營區海景街５０９巷１８號,12.15,住,,,1141101,土地1建物1車位1,一層,十五層,住宅大樓(11層含以上有電梯),見其它登記事項,鋼筋混凝土造,1110901,84.4,0,0,0,無,有,10660000,136119,坡道平面,19.31,1800000,,RPQPMLNLJHLGFEE18DA,47.53,0.0,0.0,有,,高雄市
楊梅區,房地(土地+建物)+車位,桃園市楊梅區金溪路３５１號,32.98,住,,,1130412,土地1建物1車位1,一層,七層,華廈(10層含以下有電梯),商業用,鋼筋混凝土造,1150129,161.41,0,0,0,無,有,12450000,82789,坡道平面,29.75,1550000,預售屋、或土地及建物分件登記案件；,RPRPMLTJKHLGFDH98DA,71.02,0.0,16.34,有,,桃園市
中和區,房地(土地+建物),新北市中和區台新街９號三樓,10.29,住,,,1150314,土地3建物1車位0,三層,十三層,住宅大樓(11層含以上有電梯),住家用,鋼筋混凝土造,0880717,54.81,3,2,1,有,有,10800000,197044,,0.0,0,夾層；其他增建；,RPUOMLOLMHLGFHF66DA,36.99,0.0,4.87,有,0199,新北市
五股區,房地(土地+建物)+車位,新北市五股區新城八路３４１號三樓,27.07,住,,,1130321,土地1建物1車位1,三層,十五層,住宅大樓(11層含以上有電梯),住家用,鋼筋混凝土造,1141223,145.79,3,2,2,有,有,18450000,147747,坡道平面,36.82,2350000,預售屋、或土地及建物分件登記案件；,RPRRMLTLMHLGFBF56DA,61.48,6.61,5.1,有,,新北市
中山區,房地(土地+建物),臺北市中山區新生北路二段１３３巷１２號六樓之１１,7.13,都市：其他:第貳種商業區(依都市計畫說明書圖規定辦理，始得作第貳種商業區使用)(原屬第參種住宅區及第參之貳種住宅區)。,,,1150508,土地1建物1車位0,六層,六層,華廈(10層含以下有電梯),住家用,鋼筋混凝土造,0690110,33.53,1,1,1,有,有,8000000,238592,,0.0,0,,RPVNMLOKNHLGFCA28DA,19.14,0.0,5.08,有,009,台北市
蘆竹區,房地(土地+建物)+車位,桃園市蘆竹區山鼻二路１８５號九樓,18.57,住,,,1140927,土地1建物1車位1,九層,十一層,住宅大樓(11層含以上有電梯),住家用,鋼筋混凝土造,1150319,119.80000000000001,2,2,1,有,有,14180000,140252,坡道平面,31.53,1800000,預售屋、或土地及建物分件登記案件；,RPPQMLSLMHLGFEH66DA,53.85,0.0,4.89,有,,桃園市
板橋區,房地(土地+建物),新北市板橋區雙十路二段４７巷２弄１號二樓,42.0,住,,,1150129,土地1建物1車位0,二層,三層,公寓(5樓含以下無電梯),住家用,加強磚造,,73.87,4,2,2,有,無,13150000,178015,,0.0,0,陽台增建、防火巷增建其他增建；,RPPQMLSJNHLGFAF58DA,73.87,0.0,0.0,無,,新北市
大雅區,土地,上楓段223地號,1450.0,農,,,1141023,土地3建物0車位0,,,其他,,,,0.0,0,0,0,無,無,89900000,62000,,0.0,0,未登記建物；,RPVNMLQJKHLGFHB68DA,0.0,0.0,0.0,無,,台中市
竹東鎮,房地(土地+建物),新竹縣竹東鎮博愛街２８號,77.0,住,,,1150314,土地1建物1車位0,全,二層,透天厝,住家用,加強磚造,0540718,147.61,4,3,3,有,無,9300000,63004,,0.0,0,其他增建部分為一樓空地、一樓空地增建至二樓其他增建；,RPUNMLRJMHLGFCJ56DA,147.61,0.0,0.0,無,,新竹縣
鼓山區,房地(土地+建物)+車位,高雄市鼓山區美術東四路３７號九樓,8.55,住,,,1150207,土地2建物1車位1,九層,十五層,住宅大樓(11層含以上有電梯),見其它登記事項,見其它登記事項,1130514,95.85,2,1,1,有,有,13600000,141888,坡道機械,18.48,0,,RPOOMLLKNHLGFAE57DA,46.72,0.0,3.25,有,0276,高雄市
大安區,房地(土地+建物),臺北市大安區大安路一段２０２號八樓之１０,4.42,都市：其他:第四種住宅區。,,,1150323,土地1建物1車位0,八層,十二層,住宅大樓(11層含以上有電梯),住家用,鋼筋混凝土造,0971028,43.64,1,1,1,有,有,23500000,538497,,0.0,0,夾層；其他增建；,RPTNMLPKMHLGFFA38DA,20.86,5.14,2.08,有,,台北市
竹北市,房地(土地+建物)+車位,新竹縣竹北市六家五路一段３１０號六樓,24.09,住,,,1150330,土地1建物1車位1,六層,十五層,住宅大樓(11層含以上有電梯),住家用,鋼筋混凝土造,1050923,139.31,2,2,1,有,有,23380000,167827,坡道平面,41.29,0,,RPPNMLRJNHLGFBJ68DA,57.96,0.0,7.72,有,040,新竹縣
大安區,房地(土地+建物),臺北市大安區信義路四段３０巷６２號三樓,29.0,都市：其他:第三種住宅區。,,,1141109,土地1建物1車位0,三層,四層,公寓(5樓含以下無電梯),住家用,鋼筋混凝土造,,64.8,3,2,1,有,無,14000000,216049,,0.0,0,陽台增建親友、員工、共有人或其他特殊關係間之交易；其他增建；,RPROMLQJNHLGFFA38DA,64.8,0.0,0.0,無,,台北市
湖口鄉,土地,永安段203地號,253.62,,一般農業區,農牧用地,1150116,土地2建物0車位0,,,其他,,,,0.0,0,0,0,無,無,383600,1512,,0.0,0,依土地法第34-1條辦理，如有不實願負法律責任。,RPQNMLSJMHLGFDJ98DA,0.0,0.0,0.0,無,082,新竹縣
淡水區,房地(土地+建物),新北市淡水區民生路５２巷１２弄２號二樓,42.87,住,,,1150407,土地1建物1車位0,二層，走廊,二層,公寓(5樓含以下無電梯),住家用,加強磚造,0651102,76.9,3,0,3,有,無,5500000,71521,,0.0,0,親友、員工、共有人或其他特殊關係間之交易；,RPUOMLQJNHLGFEF56EA,76.9,0.0,0.0,無,,新北市
中壢區,房地(土地+建物)+車位,桃園市中壢區領航北路二段３０２號九樓之５,22.87,住,,,1100508,土地1建物1車位1,九層,十九層,住宅大樓(11層含以上有電梯),住家用,鋼筋混凝土造,1150306,139.08,2,2,2,有,有,12360000,107056,坡道平面,40.44,1800000,113年8月31日讓渡，讓渡金額1249.8萬元整。預售屋、或土地及建物分件登記案件；,RPSNMLLKNHLGFBH28DA,57.83,0.0,5.21,有,,桃園市
鳳山區,房地(土地+建物)+車位,高雄市鳳山區埤北路３巷５０號二樓,27.78,其他,,,1150410,土地1建物1車位1,二層,五層,華廈(10層含以下有電梯),見其他登記事項,見其他登記事項,1140603,101.82,2,2,2,有,有,9400000,81750,一樓平面,11.3,2000000,,RPWNNLKKMHLGFGE78DA,56.43,0.0,8.92,有,,高雄市
中壢區,土地,山下段1989地號,888.0,,特定農業區,甲種建築用地,1150327,土地2建物0車位0,,,其他,,,,0.0,0,0,0,無,無,12500000,14077,,0.0,0,親友、員工、共有人或其他特殊關係間之交易；未登記建物；,RPWPMLMLMHLGFBH98DA,0.0,0.0,0.0,無,,桃園市
大園區,土地,華興段697-1地號,2.09,,特定農業區,交通用地,1150427,土地2建物0車位0,,,其他,,,,0.0,0,0,0,無,無,30373,14533,,0.0,0,協議價購；,RPRPMLMKNHLGFEH78DA,0.0,0.0,0.0,無,0087,桃園市
三重區,房地(土地+建物),新北市三重區三和路二段５之３號三樓,22.3,住,,,1150408,土地3建物1車位0,三層,五層,公寓(5樓含以下無電梯),住家用,鋼筋混凝土造,0700423,56.0,2,2,1,有,無,6720000,120000,,0.0,0,親友、員工、共有人或其他特殊關係間之交易；,RPQNMLNKNHLGFGF68EA,56.0,0.0,0.0,無,,新北市
鳳山區,房地(土地+建物),高雄市鳳山區中崙路６６０巷２５號,62.96,住,,,1150313,土地3建物1車位0,全,五層,透天厝,見使用執照,鋼筋混凝土造,0870502,178.4,5,2,4,有,無,11680000,65471,,0.0,0,防火巷增建其他增建；,RPOOMLLKNHLGFGE18DA,171.23,0.0,7.17,無,,高雄市
新莊區,房地(土地+建物)+車位,新北市新莊區中央路８８號十三樓,15.79,商,,,1090627,土地1建物1車位2,十三層,十七層,住宅大樓(11層含以上有電梯),住家用,鋼筋混凝土造,1140306,196.52,3,2,2,有,有,23050000,164526,坡道平面,84.38,4600000,預售屋、或土地及建物分件登記案件；,RPRSNLLKMHKGFBF38DA,62.44,1.01,9.53,有,,新北市
淡水區,房地(土地+建物),新北市淡水區英專路１０１巷７號二樓,33.35,住,,,1150402,土地1建物1車位0,二層,二層,公寓(5樓含以下無電梯),住家用,加強磚造,0570420,92.23,4,2,2,有,無,3940000,42719,,0.0,0,親友、員工、共有人或其他特殊關係間之交易；,RPQNMLQJNHLGFEF68EA,92.23,0.0,0.0,無,,新北市
左營區,房地(土地+建物)+車位,高雄市左營區華夏路８９５號十四樓,21.17,住,,,1150427,土地1建物1車位1,十四層,十四層,住宅大樓(11層含以上有電梯),住家用,見使用執照,0871221,178.11,3,2,2,有,有,6200000,29905,坡道平面,24.29,1600000,,RPOPMLOJNHLGFEE28DA,103.32,0.0,13.85,有,0063,高雄市
左營區,房地(土地+建物)+車位,高雄市左營區南屏路４０６號十四樓,80.16,其他,,,1150401,土地1建物1車位4,十四層，夾層,十四層,住宅大樓(11層含以上有電梯),住家用,見使用執照,0881227,546.7,3,2,2,有,有,37800000,69142,坡道平面,106.59,0,,RPSRMLRJMHLGFEE09DA,311.86,0.0,38.39,有,,高雄市
土城區,房地(土地+建物)+車位,新北市土城區青和街５７號十四樓,15.13,住,,,1100412,土地1建物1車位1,十四層,十五層,住宅大樓(11層含以上有電梯),住家用,鋼筋混凝土造,1150123,114.50999999999999,2,2,2,有,有,11290000,112320,坡道平面,31.8,2000000,預售屋、或土地及建物分件登記案件；,RPPOMLRLMHLGFAF38DA,50.78,0.0,4.5,有,,新北市
楊梅區,房地(土地+建物)+車位,桃園市楊梅區新農街二段２０６號十四樓,25.28,住,,,1150312,土地1建物1車位1,十四層,十五層,住宅大樓(11層含以上有電梯),住家用,鋼筋混凝土造,1080307,150.19,3,2,2,有,有,12500000,83228,坡道平面,23.38,0,其他增建；,RPPOMLSJNHLGFDH88DA,76.57,2.21,8.67,有,0197,桃園市
蘆竹區,房地(土地+建物)+車位,桃園市蘆竹區山鼻二路１９５號五樓,22.83,住,,,1130518,土地1建物1車位1,五層,十一層,住宅大樓(11層含以上有電梯),住家用,鋼筋混凝土造,1150319,139.95,3,2,2,有,有,13830000,111880,坡道平面,31.53,1700000,預售屋、或土地及建物分件登記案件；,RPQPMLSLMHLGFEH66DA,66.98,0.0,5.2,有,,桃園市
新豐鄉,房地(土地+建物)+車位,新竹縣新豐鄉中崙２２６之１３號,30.36,,特定農業區,甲種建築用地,1130810,土地2建物1車位1,一層,十一層,住宅大樓(11層含以上有電梯),住家用,鋼筋混凝土造,1141215,138.76,3,2,2,有,無,13470000,112572,坡道平面,31.54,1400000,預售屋、或土地及建物分件登記案件；,RPTPMLRLLHLGFDJ86DA,63.51,0.0,6.72,有,,新竹縣
龜山區,房地(土地+建物)+車位,桃園市龜山區樂學路２１０號五樓,16.0,工,,,1090704,土地2建物1車位1,五層,二十九層,住宅大樓(11層含以上有電梯),住家用,鋼筋混凝土造,1150204,145.23000000000002,3,2,2,有,有,8450000,66198,坡道平面,35.71,1200000,讓渡日期115.04.02讓渡金額不變，夫妻關係讓渡預售屋、或土地及建物分件登記案件；,RPWNMLLKNHLGFHH66DA,67.92,0.0,4.91,有,,桃園市
大園區,房地(土地+建物)+車位,桃園市大園區領航南路二段３１號十八樓之６,13.6,商,,,1120630,土地1建物1車位1,十八層,二十三層,住宅大樓(11層含以上有電梯),住家用,鋼筋混凝土造,1141203,100.69,2,2,1,有,有,13220000,149719,坡道平面,24.08,1750000,讓渡日期115.02.25讓渡金額1388萬元整，無關係讓渡預售屋、或土地及建物分件登記案件；,RPOQMLMKNHLGFEH58DA,45.86,0.0,4.27,有,,桃園市
新屋區,土地,崁頭厝段崁頭厝小段418地號,4056.0,,一般農業區,農牧用地,1140917,土地2建物0車位0,,,其他,,,,0.0,0,0,0,無,無,34320000,8462,,0.0,0,,RPSNMLTLMHLGFDH66DA,0.0,0.0,0.0,無,,桃園市
北屯區,房地(土地+建物),臺中市北屯區敦化路一段５９９號八樓之９,9.64,住,,,1150422,土地1建物1車位0,八層,十六層,住宅大樓(11層含以上有電梯),住家用,鋼筋混凝土造,0830415,87.4,3,1,1,有,有,8000000,91533,,0.0,0,,RPSNMLKMMHLGFBB67DA,60.71,1.49,3.5,有,,台中市
大園區,土地,聖德段397-1地號,25.36,,特定農業區,交通用地,1150427,土地1建物0車位0,,,其他,,,,0.0,0,0,0,無,無,365243,14402,,0.0,0,協議價購；,RPRQMLMKNHLGFEH88DA,0.0,0.0,0.0,無,0089,桃園市
北屯區,房地(土地+建物),臺中市北屯區松竹路二段８６巷７５號,74.0,住,,,1150227,土地1建物1車位0,全,五層,透天厝,住家用,鋼筋混凝土造,0830401,210.58,6,3,4,有,無,19800000,94026,,0.0,0,,RPROMLNLMHLGFBB87DA,198.44,0.0,12.14,無,,台中市
南屯區,房地(土地+建物)+車位,臺中市南屯區建功路７１號九樓之２,11.52,住,,,1130615,土地1建物1車位1,九層,二十三層,住宅大樓(11層含以上有電梯),住家用,鋼筋混凝土造,1141226,128.05,2,2,1,有,有,15960000,138455,坡道平面,26.14,1850000,預售屋、或土地及建物分件登記案件；,RPPRMLTLMHLGFCB68DA,60.67,0.0,5.49,有,,台中市
大園區,房地(土地+建物)+車位,桃園市大園區園航路３９１之１號,29.38,住,,,1150503,土地1建物1車位1,一層,十層,華廈(10層含以下有電梯),住家用,鋼筋混凝土造,0961030,145.59,3,2,2,有,有,9100000,64978,坡道平面,24.0,1200000,其他增建；,RPWQMLSJNHLGFEH27DA,85.66,0.0,4.46,有,,桃園市
沙鹿區,房地(土地+建物)+車位,臺中市沙鹿區福田北街１２０號二樓之５,30.96,住,,,1110125,土地1建物1車位1,二層,八層,華廈(10層含以下有電梯),住家用,鋼筋混凝土造,1141219,140.31,2,2,2,有,有,9600000,68420,坡道平面,36.48,0,民國111年09月30日讓渡價金不變民國113年7月11日讓渡價金不變,RPSOMLNKNHLGFFB38DA,61.87,0.0,8.17,有,,台中市
橋頭區,房地(土地+建物)+車位,高雄市橋頭區新南一街１６１號十樓,11.58,住,,,1121215,土地1建物1車位1,十層,十五層,住宅大樓(11層含以上有電梯),見其他登記事項,鋼筋混凝土造,1150106,100.09,1,2,1,有,有,9720000,93750,坡道平面,17.21,1950000,預售屋、或土地及建物分件登記案件；,RPQOMLMJIIKGFFE77DA,39.86,0.0,13.18,有,,高雄市
五股區,房地(土地+建物)+車位,新北市五股區新城八路３４３號八樓,22.22,住,,,1130323,土地1建物1車位1,八層,十五層,住宅大樓(11層含以上有電梯),住家用,鋼筋混凝土造,1141223,126.33,2,2,1,有,有,15290000,144565,坡道平面,36.82,2350000,預售屋、或土地及建物分件登記案件；,RPTNMLSLMHLGFBF88DA,49.26,5.66,5.17,有,,新北市
淡水區,房地(土地+建物)+車位,新北市淡水區新市五路三段３２２號七樓,7.71,商,,,1150316,土地1建物1車位1,七層,二十七層,住宅大樓(11層含以上有電梯),住家用,鋼筋混凝土造,1061229,102.05000000000001,2,2,1,有,有,8120000,79569,坡道機械,15.42,0,,RPRNMLQJNHLGFEF78EA,50.88,3.01,5.32,有,0167,新北市
芎林鄉,房地(土地+建物),新竹縣芎林鄉文山路１３１巷２６號十樓,12.96,住,,,1141228,土地4建物1車位0,十層,十層,華廈(10層含以下有電梯),住家用,鋼筋混凝土造,0940505,41.879999999999995,1,1,1,有,有,2800000,66858,,0.0,0,,RPTNMLTJMHLGFCJ66DA,22.78,0.0,2.06,有,088,新竹縣
西屯區,房地(土地+建物)+車位,臺中市西屯區青海路二段７號十六樓之６,7.04,商,,,1110408,土地1建物1車位1,十六層,二十四層,住宅大樓(11層含以上有電梯),住家用,鋼骨鋼筋混凝土造,1141103,107.16,2,2,1,有,有,15170000,168649,坡道平面,27.29,1700000,轉讓日期民國114年2月13日。預售屋、或土地及建物分件登記案件；,RPXTMLOJNHLGFCB09DA,47.09,0.0,5.2,有,,台中市
大園區,房地(土地+建物)+車位,桃園市大園區埔航路７８號九樓之３,53.9,住,,,1150504,土地1建物1車位1,九層,九層,華廈(10層含以下有電梯),住家用,鋼筋混凝土造,1140528,217.16000000000003,4,2,2,有,有,13700000,69028,坡道平面,35.35,1150000,,RPRQMLSJNHLGFEH76DA,113.02,0.0,11.74,有,0009,桃園市
新社區,土地,復盛段786地號,1524.83,,一般農業區,農牧用地,1150410,土地3建物0車位0,,,其他,,,,0.0,0,0,0,無,無,4800000,3148,,0.0,0,,RPRNMLLKNHLGFGB18EA,0.0,0.0,0.0,無,,台中市
西屯區,房地(土地+建物)+車位,臺中市西屯區臺灣大道三段７６１號五樓之１,8.03,商,,,1090823,土地1建物1車位1,五層,三十六層,住宅大樓(11層含以上有電梯),住家用,鋼骨造,1141028,144.46,3,2,2,有,有,13150000,104039,坡道平面,30.56,1300000,預售屋、或土地及建物分件登記案件；,RPTOMLOLMHLGFCB28DA,65.52,4.21,4.83,有,,台中市
汐止區,房地(土地+建物),新北市汐止區樟樹二路４２６號五樓,19.11,住,,,1150321,土地1建物1車位0,五層,十五層,住宅大樓(11層含以上有電梯),住家用,鋼筋混凝土構造,1070222,117.63999999999999,3,2,2,有,有,14950000,127083,,0.0,0,,RPXNMLPKNHLGFDF56DA,69.96,2.15,6.66,有,0289,新北市
中山區,房地(土地+建物)+車位,臺北市中山區北安路４５８巷４７弄５號八樓之２,16.57,都市：其他:第三之二種住宅區。,,,1150401,土地2建物1車位1,八層,十四層,住宅大樓(11層含以上有電梯),住家用,鋼筋混凝土造,0921209,149.21,2,1,2,有,有,33500000,282357,坡道平面,39.42,2500000,陽台外推；其他增建；,RPRNMLQJNHLGFCA97DA,69.97,1.03,6.63,有,,台北市
楠梓區,房地(土地+建物)+車位,高雄市楠梓區監理南街１５號五樓,15.11,住,,,1150208,土地1建物1車位1,五層,二十六層,住宅大樓(11層含以上有電梯),見其它登記事項,見其它登記事項,1140501,175.98000000000002,3,2,2,有,有,19290000,109178,坡道平面,18.53,2100000,,RPVNMLMLMHLGFEE68DA,90.55,0.0,11.79,有,,高雄市
新竹市,土地,高峰段123地號,1903.53,住,,,1150408,土地8建物0車位0,,,其他,,,,0.0,0,0,0,無,無,115163200,60500,,0.0,0,,RPUNMLSLMHLGFAO17DA,0.0,0.0,0.0,無,,新竹市
北屯區,房地(土地+建物)+車位,臺中市北屯區南興北一路１１６號九樓之５,19.76,住,,,1120618,土地1建物1車位1,九層,十七層,住宅大樓(11層含以上有電梯),住家用,鋼筋混凝土造,1150205,157.28,3,2,2,有,有,18600000,136552,坡道平面,34.25,1800000,預售屋、或土地及建物分件登記案件；,RPRSNLMJMHLGFBB08DA,73.02,0.0,7.57,有,,台中市
八德區,車位,桃園市八德區銀和街１號等戶,3.57,住,,,1150325,土地1建物1車位1,,,其他,,,,53.22,0,0,0,無,有,2580000,,坡道平面,0.0,2580000,僅車位交易；,RPWOMLSJNHLGFFH17DA,0.0,0.0,0.0,有,0252,桃園市
南屯區,房地(土地+建物)+車位,臺中市南屯區建功路６５號十七樓之３,13.83,住,,,1121125,土地1建物1車位1,十七層,二十三層,住宅大樓(11層含以上有電梯),住家用,鋼筋混凝土造,1141226,148.74,3,2,2,有,有,15400000,111746,坡道平面,26.14,1700000,預售屋、或土地及建物分件登記案件；,RPWWMLRLMHLGFCB07DA,72.05,0.0,8.26,有,,台中市
淡水區,土地,仁愛段82地號,4.52,商,,,1150511,土地1建物0車位0,,,其他,,,,0.0,0,0,0,無,無,300000,66372,,0.0,0,持分土地無分管協議親友、員工、共有人或其他特殊關係間之交易；,RPUNMLNKNHLGFEF88EA,0.0,0.0,0.0,無,,新北市
鳳山區,房地(土地+建物)+車位,高雄市鳳山區武松街１５３號五樓,20.8,住,,,1150412,土地1建物1車位1,五層,八層,華廈(10層含以下有電梯),住家用,鋼筋混凝土造,0820318,135.88,3,2,2,有,有,7200000,52988,一樓平面,0.0,0,陽台外推；,RPUNMLKMMHLGFGE68DA,77.58,0.0,13.84,有,,高雄市
大園區,土地,圳股頭段後館小段438地號,1216.0,,一般農業區,農牧用地,1140612,土地1建物0車位0,,,其他,,,,0.0,0,0,0,無,無,6380000,5247,,0.0,0,,RPOOMLLLMHLGFEH28DA,0.0,0.0,0.0,無,,桃園市
大園區,土地,華興段697-1地號,4.19,,特定農業區,交通用地,1150427,土地2建物0車位0,,,其他,,,,0.0,0,0,0,無,無,60745,14498,,0.0,0,協議價購；,RPTPMLMKNHLGFEH98DA,0.0,0.0,0.0,無,0087,桃園市
鼓山區,房地(土地+建物),高雄市鼓山區裕國街１４１號五樓,9.69,其他,,,1150329,土地1建物1車位0,五層,十四層,住宅大樓(11層含以上有電梯),住家用,鋼筋混凝土造,0940909,81.72999999999999,2,2,1,有,有,8880000,108650,,0.0,0,,RPPNMLPKMHLGFAE87DA,54.05,0.0,3.78,有,,高雄市
土城區,房地(土地+建物)+車位,新北市土城區青和街７１號八樓,21.77,住,,,1100415,土地1建物1車位1,八層,十五層,住宅大樓(11層含以上有電梯),住家用,鋼筋混凝土造,1150123,147.18,3,2,2,有,有,15400000,115271,坡道平面,31.8,2100000,預售屋、或土地及建物分件登記案件；,RPURMLRLMHLGFAF56DA,73.07,0.0,4.11,有,,新北市
龜山區,房地(土地+建物)+車位,桃園市龜山區文學路１１號十樓,6.9,商,,,1090911,土地1建物1車位1,十層,二十七層,住宅大樓(11層含以上有電梯),住家用,鋼筋混凝土造,1140828,114.07,2,2,2,有,有,8820000,84762,坡道平面,30.07,1700000,轉讓日期:114.06.16 原價轉讓預售屋、或土地及建物分件登記案件；,RPXNMLLJMHLGFHH56DA,52.36,0.0,4.57,有,,桃園市
蘆竹區,房地(土地+建物)+車位,桃園市蘆竹區五福一路２１６之１號四樓,13.33,住,,,1110419,土地1建物1車位1,四層,十五層,住宅大樓(11層含以上有電梯),住家用,鋼筋混凝土造,1150123,96.47,2,2,1,有,有,10120000,128984,坡道平面,29.64,1500000,113年7月4日轉讓，轉讓金額1168萬元整。預售屋、或土地及建物分件登記案件；,RPQPMLKMJHLGFEH28DA,40.03,0.0,4.24,有,,桃園市
西屯區,房地(土地+建物),臺中市西屯區黎明路三段３２２號三樓之６,3.22,商,,,1150501,土地1建物1車位0,三層,十三層,住宅大樓(11層含以上有電梯),住家用,鋼筋混凝土造,0840220,24.24,1,1,1,有,有,3080000,127063,,0.0,0,,RPTQNLPJNHLGFCB58DA,14.06,0.0,3.55,有,0004,台中市
新興區,房地(土地+建物),高雄市新興區中山一路１６號二十二樓之１７,4.76,都市：其他:第五種商業區,,,1100909,土地2建物1車位0,二十二層,三十四層,住宅大樓(11層含以上有電梯),見其他登記事項,見其他登記事項,1150121,86.15,2,1,1,有,有,9550000,110853,,0.0,0,另有讓渡預售屋、或土地及建物分件登記案件；,RPUPMLRLLHLGFBE88DA,43.41,0.0,12.66,有,,高雄市
蘆竹區,土地,新福段35地號,10.83,,特定農業區,甲種建築用地,1150425,土地2建物0車位0,,,其他,,,,0.0,0,0,0,無,無,167752,15490,,0.0,0,含土地增值稅或其他稅費69042元；受民情風俗因素影響；,SPUNMLPJNHLGFEH56DA,0.0,0.0,0.0,無,0020,桃園市
橋頭區,房地(土地+建物)+車位,高雄市橋頭區橋新五路３７號六樓之２,19.43,住,,,1121023,土地1建物1車位1,六層,十五層,住宅大樓(11層含以上有電梯),見其他登記事項,鋼筋混凝土造,1150302,134.95,3,2,2,有,有,13650000,100225,坡道平面,14.72,1600000,預售屋、或土地及建物分件登記案件；,RPSPMLRLMHLGFFE56DA,63.46,0.0,12.9,有,,高雄市
五股區,房地(土地+建物)+車位,新北市五股區成洲六路３３號四樓,15.75,住,,,1130212,土地1建物1車位1,四層,十五層,住宅大樓(11層含以上有電梯),住家用,鋼筋混凝土造,1141218,105.28999999999999,3,1,2,有,有,13280000,132230,坡道平面,24.9,2650000,含傢俱設備費；預售屋、或土地及建物分件登記案件；,RPPVMLLLJIKGFBF28DA,44.71,0.0,7.95,有,,新北市
八德區,房地(土地+建物)+車位,桃園市八德區公園路６９號八樓,50.61,住,,,1150212,土地1建物1車位2,八層,二十一層,住宅大樓(11層含以上有電梯),住家用,鋼筋混凝土造,1041105,320.4,4,2,2,有,有,35000000,109238,坡道平面,0.0,0,,RPSNMLSJNHLGFFH66DA,165.75,0.0,18.76,有,0269,桃園市
三重區,房地(土地+建物)+車位,新北市三重區元信一街２３３號十二樓,20.05,住,,,1090811,土地1建物1車位1,十二層,二十層,住宅大樓(11層含以上有電梯),住家用,鋼筋混凝土造,1150206,156.61,3,2,2,有,有,16940000,127333,坡道平面,39.28,2000000,預售屋、或土地及建物分件登記案件；,RPVOMLMLMHLGFGF09DA,68.55,7.23,3.16,有,,新北市
三重區,房地(土地+建物),新北市三重區自由街５３號五樓,23.24,住,,,1150214,土地1建物1車位0,五層,五層,公寓(5樓含以下無電梯),住家用,鋼筋混凝土造,0750204,107.22,5,3,3,有,無,11600000,108189,,0.0,0,陽台外推；頂樓加蓋；其他增建；,RPPNMLPKNHLGFGF78EA,97.01,0.0,10.21,無,,新北市
新莊區,車位,新北市新莊區中環路二段２３０號二樓,0.94,住,,,1150416,土地1建物1車位1,二層,二十五層,其他,集合住宅,鋼骨構造,1071018,39.239999999999995,0,0,0,無,有,2600000,,坡道平面,39.24,2600000,僅車位交易；,RPOPMLNKNHLGFBF08DA,0.0,0.0,0.0,有,0112,新北市
三重區,房地(土地+建物)+車位,新北市三重區元信一街２２７號二十樓,21.49,住,,,1090812,土地1建物1車位1,二十層，見其他登記事項,二十層,住宅大樓(11層含以上有電梯),住家用,鋼筋混凝土造,1150206,158.61,2,2,2,有,有,19750000,148747,坡道平面,39.28,2000000,預售屋、或土地及建物分件登記案件；,RPWPMLMLMHLGFGF66DA,74.02,1.36,2.87,有,,新北市
新屋區,土地,頭洲段315地號,137.27,農,,,1150423,土地1建物0車位0,,,其他,,,,0.0,0,0,0,無,無,800000,5828,,0.0,0,,RPUNMLRLMHLGFDH66DA,0.0,0.0,0.0,無,0050,桃園市
三民區,房地(土地+建物)+車位,高雄市三民區德旺街１６８號十九樓,28.04,住,,,1150203,土地1建物1車位2,十九層,二十三層,住宅大樓(11層含以上有電梯),見其它登記事項,見其它登記事項,1120704,266.92,4,2,2,有,有,29550000,114619,坡道平面,51.86,4900000,,RPUNMLKMMHLGFDE38DA,109.73,10.32,18.07,有,,高雄市
林口區,房地(土地+建物)+車位,新北市林口區忠孝路１２０號,25.2,住,,,1130822,土地1建物1車位1,一層，見其他登記事項,十八層,住宅大樓(11層含以上有電梯),商業用,鋼筋混凝土造,1141009,206.52,0,0,1,有,有,52930000,282959,坡道平面,28.65,2600000,預售屋、或土地及建物分件登記案件；,RPPNMLMLMHLGFBF87DA,114.32,0.0,5.16,有,,新北市
太平區,房地(土地+建物)+車位,臺中市太平區育才路１７５號十四樓之２,26.58,住,,,1121205,土地1建物1車位2,十四層,十五層,住宅大樓(11層含以上有電梯),住家用,鋼筋混凝土造,1150113,183.76999999999998,3,2,2,有,有,17410000,114759,坡道平面,56.46,2800000,預售屋、或土地及建物分件登記案件；,RPWPMLKKMHLGFJB88DA,76.02,0.0,9.29,有,,台中市
三民區,房地(土地+建物)+車位,高雄市三民區大豐二路３７號十五樓之５,10.46,商,,,1150215,土地1建物1車位1,十五層,二十九層,住宅大樓(11層含以上有電梯),見其它登記事項,見其它登記事項,1140703,185.74,4,2,3,有,有,17600000,94756,坡道平面,34.14,0,,RPXNMLOLMHLGFDE98DA,90.68,0.0,9.58,有,0270,高雄市
北投區,房地(土地+建物)+車位,臺北市北投區中和街２１１號五樓,8.02,都市：其他:第三種商業區。,,,1091015,土地1建物1車位1,五層,十三層,住宅大樓(11層含以上有電梯),住家用,鋼筋混凝土造,1150302,95.88,2,2,1,有,有,15100000,160681,塔式車位,11.24,1500000,預售屋、或土地及建物分件登記案件；,RPVPMLLKNHLGFEA38DA,50.21,0.0,5.5,有,,台北市
永和區,房地(土地+建物),新北市永和區中山路一段１００號七樓之６,13.54,商,,,1100804,土地4建物1車位0,七層,十五層,住宅大樓(11層含以上有電梯),住家用,鋼筋混凝土構造,1141202,137.64,3,2,2,有,有,26060000,189334,,0.0,0,權利人於民國113.10.24讓渡取得，讓渡總價新台幣3268萬元整。預售屋、或土地及建物分件登記案件；,RPVNMLQJNHLGFHF76DA,84.67,0.0,6.14,有,,新北市
楊梅區,房地(土地+建物),桃園市楊梅區梅獅路二段７８９巷１０號,136.96,,山坡地保育區,丙種建築用地,1150316,土地1建物1車位0,全,四層,透天厝,住家用,鋼筋混凝土造,0860417,184.95,5,2,3,有,無,8200000,44336,,0.0,0,,RPWNMLQJNHLGFDH66DA,160.28,6.28,18.39,無,,桃園市
文山區,房地(土地+建物),臺北市文山區木新路三段２３２巷７弄２３號,19.93,都市：其他:第壹種商業區(依都市計畫說明書圖規定辦理，始得作第壹種商業區使用)(原屬第參種住宅區)。,,,1150301,土地1建物1車位0,一層,五層,公寓(5樓含以下無電梯),住家用,鋼筋混凝土造,0750304,55.89,2,1,1,有,無,8440000,151011,,0.0,0,親友、員工、共有人或其他特殊關係間之交易；,RPQNMLNLKHLGFAA37EA,46.5,9.39,0.0,無,,台北市
淡水區,房地(土地+建物)+車位,新北市淡水區義山路一段４０１巷４８號四樓,13.23,住,,,1121102,土地1建物1車位1,四層,十四層,住宅大樓(11層含以上有電梯),住家用,鋼筋混凝土造,1150407,113.53,2,2,1,有,有,9900000,95688,坡道平面,24.7,1400000,預售屋、或土地及建物分件登記案件；,RPWQMLRLMHLGFEF07DA,54.46,0.0,4.56,有,,新北市
中山區,房地(土地+建物),臺北市中山區新生北路二段３６號十六樓之１,6.07,都市：其他:第肆種商業區(依都市計畫說明書圖規定辦理，始得作第肆種商業區使用)(原屬第參種商業區)。,,,1150318,土地1建物1車位0,十六層,十七層,住宅大樓(11層含以上有電梯),住家用,鋼筋混凝土造,0850718,61.71,2,2,1,有,有,17680000,286501,,0.0,0,,RPSNMLLLMHLGFCA67DA,37.58,1.31,7.06,有,079,台北市
北屯區,房地(土地+建物)+車位,臺中市北屯區太順路８９號十五樓之２,18.86,住,,,1150315,土地1建物1車位1,十五層,十五層,住宅大樓(11層含以上有電梯),住家用,鋼筋混凝土造,1080424,154.29,3,2,2,有,有,13000000,84257,坡道平面,27.55,0,,RPQQMLLMLHLGFBB77DA,74.22,1.95,9.79,有,0077,台中市
北區,房地(土地+建物)+車位,臺中市北區中清路一段６５２號十八樓之２,15.73,住,,,1150321,土地1建物1車位1,十八層,二十層,住宅大樓(11層含以上有電梯),住家用,鋼筋混凝土造,0880616,191.34,4,2,2,有,有,15450000,80746,坡道平面,0.0,0,,RPXSMLTJMHLGFBB66DA,103.73,0.0,11.83,有,,台中市
林口區,房地(土地+建物)+車位,新北市林口區文化二路二段１１５號三樓,7.55,商,,,1110801,土地1建物1車位1,三層,二十四層,住宅大樓(11層含以上有電梯),辦公用,鋼筋混凝土造,1141205,123.02,0,0,1,有,有,13210000,113285,坡道平面,25.39,2150000,預售屋、或土地及建物分件登記案件；,RPUPMLPKKIKGFBF58DA,59.7,0.0,4.93,有,,新北市
蘆洲區,房地(土地+建物),新北市蘆洲區民族路３６１號四樓之一,29.27,住,,,1150406,土地1建物1車位0,四層,五層,公寓(5樓含以下無電梯),住家用,鋼筋混凝土造,0741205,85.78,3,2,2,有,無,10920000,127302,,0.0,0,其他增建；,RPQOMLSLMHLGFGF56DA,83.32,0.0,2.46,無,,新北市
北屯區,房地(土地+建物)+車位,臺中市北屯區南興北一路１１８號三樓之５,14.66,住,,,1130109,土地1建物1車位1,三層,十七層,住宅大樓(11層含以上有電梯),住家用,鋼筋混凝土造,1150205,125.43,2,2,1,有,有,14920000,144988,坡道平面,34.25,1700000,預售屋、或土地及建物分件登記案件；,RPPNMLRKMHLGFBB87DA,55.06,0.0,4.67,有,,台中市
中壢區,房地(土地+建物),桃園市中壢區永裕路１０８號十一樓,15.9,住,,,1130710,土地1建物1車位0,十一層,十三層,住宅大樓(11層含以上有電梯),住家用,鋼筋混凝土造,1150318,59.44,1,1,1,有,有,11370000,191285,,0.0,0,預售屋、或土地及建物分件登記案件；,RPTPMLRLMHLGFBH56DA,35.08,0.0,3.93,有,,桃園市
竹東鎮,房地(土地+建物),新竹縣竹東鎮大明路１２號,110.0,住,,,1150424,土地1建物1車位0,全,四層,透天厝,住家用,鋼筋混凝土造,0930720,247.61,4,2,4,有,無,26800000,108235,,0.0,0,其他增建；,RPPOMLRJNHLGFCJ88DA,247.61,0.0,0.0,無,033,新竹縣
平鎮區,土地,德育段1292地號,63.2,住,,,1150427,土地1建物0車位0,,,其他,,,,0.0,0,0,0,無,無,4890000,77373,,0.0,0,親友、員工、共有人或其他特殊關係間之交易；,RPVNMLNKNHLGFGH66DA,0.0,0.0,0.0,無,,桃園市
汐止區,房地(土地+建物)+車位,新北市汐止區福德一路９６號十三樓,19.23,住,,,1150314,土地1建物1車位1,十三層,十三層,住宅大樓(11層含以上有電梯),住家用,鋼筋混凝土造,0960307,160.71,3,2,2,有,有,22000000,157627,坡道平面,37.0,2500000,陽台外推；,RPRNMLRJMHLGFDF58DA,78.63,1.04,11.31,有,,新北市
The villages and towns urban district,transaction sign,land sector position building sector house number plate,land shifting total area square meter,the use zoning or compiles and checks,the non-metropolis land use district,non-metropolis land use,transaction year month and day,transaction pen number,shifting level,total floor number,building state,main use,main building materials,construction to complete the years,building shifting total area,Building present situation pattern - room,building present situation pattern - hall,building present situation pattern - health,building present situation pattern - compartmented,Whether there is manages the organization,total price NTD,the unit price (NTD / square meter),the berth category,berth shifting total area square meter,the berth total price NTD,the note,serial number,main building area,auxiliary building area,balcony area,elevator,transaction number,新竹縣
龜山區,土地,南上段1-1地號,125.42,,,,1141215,土地1建物0車位0,,,其他,,,,0.0,0,0,0,無,無,2169691,17299,,0.0,0,協議價購；,RPWSMLOKMHLGFHH37DA,0.0,0.0,0.0,無,,桃園市
信義區,房地(土地+建物),臺北市信義區紫雲街２７號,56.0,都市：其他:第二種住宅區。,,,1150115,土地1建物2車位0,一層,四層,公寓(5樓含以下無電梯),住家用,鋼筋混凝土造,0690520,188.35,4,2,2,有,無,24600000,130608,,0.0,0,陽台外推；其他增建；,RPWNMLNLMHLGFDA38DA,159.0,0.0,14.4,無,,台北市
鼓山區,房地(土地+建物),高雄市鼓山區文信路３３３號九樓,23.12,商,,,1150212,土地1建物1車位0,九層,十四層,住宅大樓(11層含以上有電梯),商業用,鋼筋混凝土造,0790122,279.02,3,2,2,有,有,16000000,57344,,0.0,0,,RPRNMLNLLHLGFAE87DA,200.34,0.0,23.1,有,0273,高雄市
汐止區,房地(土地+建物),新北市汐止區大同路二段２６９號７樓之６,6.06,住,,,1150328,土地1建物1車位0,七層,二十四層,住宅大樓(11層含以上有電梯),住家用,鋼筋混凝土造,0840126,77.03,2,1,1,有,有,12500000,162274,,0.0,0,陽台外推；其他增建；,RPOOMLNKMHLGFDF08DA,61.11,0.0,10.6,有,0264,新北市
新屋區,房地(土地+建物)+車位,桃園市新屋區民族路六段５１５巷３２號六樓之２,19.29,住,,,1130615,土地1建物1車位1,六層,十四層,住宅大樓(11層含以上有電梯),住家用,鋼筋混凝土造,1141208,119.38,2,2,2,有,有,10850000,100817,坡道平面,25.15,1350000,預售屋、或土地及建物分件登記案件；,RPSRMLPJLHLGFDH98DA,59.27,0.0,4.3,有,,桃園市
北屯區,土地,建安段1436地號,18.0,住,,,1150320,土地1建物0車位0,,,其他,,,,0.0,0,0,0,無,無,1627560,90420,,0.0,0,包含公共設施保留地用地；,RPWOMLPJNHLGFBB48DA,0.0,0.0,0.0,無,,台中市
大寮區,房地(土地+建物),高雄市大寮區信隆街３６８號,98.0,住,,,1150110,土地2建物1車位0,全,三層,透天厝,住家用,鋼筋混凝土造,1131118,187.17,4,2,5,有,無,17500000,93498,,0.0,0,,RPPNMLMKNHLGFLE78DA,173.29,0.0,13.88,無,,高雄市
三民區,房地(土地+建物),高雄市三民區立志街１５４巷１９號,88.77,住,,,1150415,土地2建物1車位0,全,二層,透天厝,見其它登記事項,加強磚造,0631002,77.06,3,2,2,有,無,9000000,116792,,0.0,0,其他增建；,RPSNMLPJNHLGFDE48DA,77.06,0.0,0.0,無,0095,高雄市
新店區,房地(土地+建物),新北市新店區北新路一段１３３－１號四樓,13.42,住,,,1150409,土地1建物1車位0,四層,十五層,住宅大樓(11層含以上有電梯),住家用,鋼筋混凝土造,0790123,136.24,3,1,1,有,有,17000000,124780,,0.0,0,,RPRNMLOKNHLGFCF48EA,111.33,4.91,12.45,有,,新北市
潭子區,房地(土地+建物)+車位,臺中市潭子區大新路１５２號六樓,23.84,住,,,1150408,土地1建物1車位1,六層,十三層,住宅大樓(11層含以上有電梯),住家用,鋼筋混凝土造,1070801,161.88,3,2,2,有,有,8000000,49419,坡道平面,40.02,0,親友、員工、共有人或其他特殊關係間之交易；,RPQNMLSJNHLGFHB68DA,69.82,0.13,11.83,有,0022,台中市
泰山區,房地(土地+建物)+車位,新北市泰山區明志路三段１４２巷３７號,24.31,住,,,1131127,土地1建物1車位1,一層,十二層,住宅大樓(11層含以上有電梯),住家用,鋼筋混凝土造,1141205,140.26,3,2,2,有,無,21900000,186197,坡道平面,32.31,1800000,預售屋、或土地及建物分件登記案件；,RPWNMLMKMHLGFBF48DA,71.78,0.0,0.0,有,,新北市
橋頭區,房地(土地+建物)+車位,高雄市橋頭區新南一街２０１號十二樓,11.58,住,,,1121014,土地1建物1車位1,十二層,十五層,住宅大樓(11層含以上有電梯),見其他登記事項,鋼筋混凝土造,1150106,103.44,2,2,2,有,有,10590000,103676,坡道平面,17.21,1650000,預售屋、或土地及建物分件登記案件；,RPPPMLKMPHKGFFE48DA,51.28,0.0,3.96,有,,高雄市
汐止區,房地(土地+建物),新北市汐止區福德一路１１８號六樓之１１,5.87,住,,,1150110,土地1建物1車位0,六層,十二層,住宅大樓(11層含以上有電梯),住家用,鋼筋混凝土造,0960130,40.57,1,0,1,有,有,7750000,191028,,0.0,0,陽台外推；,RPSNMLRJNHLGFDF78DA,22.03,0.0,4.57,有,,新北市
蘆竹區,房地(土地+建物)+車位,桃園市蘆竹區五福一路２２２之１號十四樓,13.33,住,,,1130719,土地1建物1車位1,十四層,十五層,住宅大樓(11層含以上有電梯),住家用,鋼筋混凝土造,1150123,97.83000000000001,2,2,1,有,有,12700000,163849,坡道平面,31.0,1750000,預售屋、或土地及建物分件登記案件；,RPPWNLRLJHLGFEH96DA,40.03,0.0,4.24,有,,桃園市
淡水區,房地(土地+建物),新北市淡水區長興街２６巷１２號,90.02,住,,,1150126,土地2建物1車位0,全,一層,透天厝,住家用,加強磚造,0560701,71.86,2,1,1,有,無,10000000,139159,,0.0,0,,RPVNMLQJNHLGFEF09DA,65.78,6.08,0.0,無,0354,新北市
泰山區,房地(土地+建物)+車位,新北市泰山區明志路三段１４２巷３３號十一樓,19.91,住,,,1120202,土地1建物1車位1,十一層,十二層,住宅大樓(11層含以上有電梯),住家用,鋼筋混凝土造,1141205,118.1,2,2,2,有,無,14480000,144603,坡道平面,29.72,1700000,預售屋、或土地及建物分件登記案件；,RPRNMLMKMHLGFBF97DA,52.22,0.0,6.56,有,,新北市
蘆竹區,房地(土地+建物)+車位,桃園市蘆竹區山鼻二路１５３號十一樓,26.03,住,,,1130623,土地1建物1車位1,十一層,十一層,住宅大樓(11層含以上有電梯),住家用,鋼筋混凝土造,1150319,156.38,3,2,2,有,有,16130000,115553,坡道平面,32.8,1850000,預售屋、或土地及建物分件登記案件；,RPXNMLTLMHLGFEH27DA,72.37,0.0,9.9,有,,桃園市
霧峰區,土地,萬斗六段942地號,1615.0,,山坡地保育區,農牧用地,1150322,土地1建物0車位0,,,其他,,,,0.0,0,0,0,無,無,1200000,743,,0.0,0,農作物；,RPTNMLLKNHLGFIB48DA,0.0,0.0,0.0,無,,台中市
豐原區,房地(土地+建物),臺中市豐原區忠孝街７９巷２４號三樓之１３,7.36,商,,,1150420,土地1建物1車位0,三層,五層,華廈(10層含以下有電梯),住家用,鋼筋混凝土造,0810908,41.24,1,0,1,有,有,2605000,63167,,0.0,0,,RPXNMLQJNHLGFDB78DA,24.61,0.0,3.25,有,0041,台中市
觀音區,房地(土地+建物),桃園市觀音區武威路４５８巷３號,78.42,,鄉村區,乙種建築用地,1150307,土地1建物1車位0,全,三層,透天厝,住家用,鋼筋混凝土造,1120912,180.05,4,2,3,有,無,11880000,65982,,0.0,0,,RPPOMLOKNHLGFBH38DA,169.44,0.0,10.61,無,,桃園市
北投區,車位,臺北市北投區振興街１號等共同使用,1.15,都市：其他:第參種商業區(依都市計畫說明書圖規定辦理，始得作第參種商業區使用)(原屬第參種住宅區)及第三種住宅區。,,,1150424,土地1建物1車位1,,,其他,,,,46.55,0,0,0,無,無,2650000,,坡道平面,46.55,2650000,僅車位交易；,RPQNMLRJNHLGFEA18DA,0.0,0.0,0.0,無,016,台北市
三重區,房地(土地+建物)+車位,新北市三重區元信一街２０７號七樓,20.05,住,,,1090816,土地1建物1車位1,七層,二十層,住宅大樓(11層含以上有電梯),住家用,鋼筋混凝土造,1150206,156.61,3,2,2,有,有,16040000,118810,坡道平面,39.28,2100000,預售屋、或土地及建物分件登記案件；,RPXQMLMLMHLGFGF86DA,68.55,7.23,3.16,有,,新北市
蘆竹區,房地(土地+建物),桃園市蘆竹區忠孝西路１７５巷３８號,5.96,商,,,1150309,土地1建物1車位0,一層，夾層,十二層,住宅大樓(11層含以上有電梯),商業用,鋼筋混凝土造,0850528,34.97,0,0,0,無,有,6680000,191021,,0.0,0,,RPOPMLRKMHLGFEH88DA,28.26,0.0,4.07,有,0212,桃園市
新莊區,房地(土地+建物)+車位,新北市新莊區福壽街３４５號八樓,21.89,住,,,1150308,土地1建物1車位1,八層,十四層,住宅大樓(11層含以上有電梯),住家用,鋼筋混凝土造,1080828,174.05,3,2,2,有,有,24080000,138351,升降平面,20.64,0,,RPVQMLTLMHLGFBF86DA,77.02,5.4,7.69,有,0177,新北市
板橋區,土地,幸福段211-1地號,6.25,都市：其他:道路用地,,,1150322,土地1建物0車位0,,,其他,,,,0.0,0,0,0,無,無,2800000,448000,,0.0,0,道路用地,RPPNMLSJNHLGFAF28DA,0.0,0.0,0.0,無,0213,新北市
北屯區,房地(土地+建物)+車位,臺中市北屯區南興北一路１１８號四樓之３,19.76,住,,,1121001,土地1建物1車位1,四層,十七層,住宅大樓(11層含以上有電梯),住家用,鋼筋混凝土造,1150205,157.28,3,2,2,有,有,18280000,134764,坡道平面,34.25,1700000,114年11月13日權利讓渡預售屋、或土地及建物分件登記案件；,RPWVMLMJMHLGFBB78DA,73.02,0.0,7.57,有,,台中市
梓官區,土地,蚵寮段731地號,73.57,,鄉村區,乙種建築用地,1150508,土地1建物0車位0,,,其他,,,,0.0,0,0,0,無,無,1001250,13609,,0.0,0,畸零地或有合併使用效益；,RPQNMLSJNHLGFFE78DA,0.0,0.0,0.0,無,0008,高雄市
林園區,土地,汕尾段1391地號,2002.0,農,,,1150210,土地2建物0車位0,,,其他,,,,0.0,0,0,0,無,無,10200000,5095,,0.0,0,,RPPOMLPJNHLGFLE09DA,0.0,0.0,0.0,無,,高雄市
豐原區,土地,上南坑段569-2地號,93.0,,山坡地保育區,丙種建築用地,1150316,土地1建物0車位0,,,其他,,,,0.0,0,0,0,無,無,700000,7527,,0.0,0,,RPXNMLLKNHLGFDB38DA,0.0,0.0,0.0,無,,台中市
龜山區,房地(土地+建物)+車位,桃園市龜山區興華一街３０１號八樓,23.4,住,,,1120528,土地1建物1車位1,八層,十三層,住宅大樓(11層含以上有電梯),住家用,鋼筋混凝土造,1150114,120.13,2,1,2,有,有,14330000,139587,坡道平面,31.44,1950000,預售屋、或土地及建物分件登記案件；,RPUOMLNJNHLGFHH66DA,55.04,0.0,3.89,有,,桃園市
松山區,房地(土地+建物),臺北市松山區民生東路五段６９巷４弄３８號三樓,79.5,都市：其他:住宅用地(民生社區特定專用區)。,,,1150322,土地1建物1車位0,三層,四層,公寓(5樓含以下無電梯),住家用,鋼筋混凝土造,0551029,119.55,2,2,2,有,無,36500000,305312,,0.0,0,,RPSNMLTLMHLGFDA58DA,119.55,0.0,0.0,無,,台北市
新豐鄉,房地(土地+建物),新竹縣新豐鄉瑞興村１０鄰崁頭１９９之３２號,31.27,,特定農業區,甲種建築用地,1140318,土地1建物1車位0,一層,五層,公寓(5樓含以下無電梯),住家用,鋼筋混凝土造,0840830,90.16999999999999,3,2,2,有,無,5320000,59000,,0.0,0,一樓增建沿著加蓋,RPTNMLNLMHLGFDJ98DA,77.13,6.86,0.0,無,096,新竹縣
小港區,土地,港墘段30地號,97.33,住,,,1150427,土地1建物0車位0,,,其他,,,,0.0,0,0,0,無,無,4270000,43871,,0.0,0,親友、員工、共有人或其他特殊關係間之交易；,RPPNMLOKNHLGFCE18EA,0.0,0.0,0.0,無,,高雄市
新店區,房地(土地+建物),新北市新店區中正路６８０巷３１弄３號四樓,32.0,住,,,1150320,土地1建物1車位0,四層,五層,公寓(5樓含以下無電梯),住家用,鋼筋混凝土造,0711020,96.1,3,2,2,有,無,11380000,118418,,0.0,0,,RPVNMLMJMHLGFCF38DA,85.27,0.0,10.83,無,,新北市
蘆竹區,房地(土地+建物)+車位,桃園市蘆竹區五福六路３８號二樓,28.33,住,,,1150307,土地1建物1車位1,二層,十五層,住宅大樓(11層含以上有電梯),住家用,鋼筋混凝土造,1110901,169.68,3,2,2,有,有,17400000,102546,坡道平面,32.72,0,,RPWPMLMJMHLGFEH09DA,83.99,0.0,11.11,有,,桃園市
鳳山區,房地(土地+建物),高雄市鳳山區文澄街９３之１號六樓之一,14.23,住,,,1150328,土地1建物1車位0,六層,七層,華廈(10層含以下有電梯),住家用,鋼筋混凝土造,0840812,76.5,2,1,1,有,有,5200000,67974,,0.0,0,,RPTNMLOLMHLGFGE88DA,53.98,2.64,2.98,有,,高雄市
龜山區,房地(土地+建物)+車位,桃園市龜山區文桃路２２０號六樓,14.77,住,,,1150328,土地1建物1車位1,六層,十五層,住宅大樓(11層含以上有電梯),住家用,鋼筋混凝土造,1121026,125.03,2,2,1,有,有,16550000,154413,坡道平面,31.45,2100000,,RPRNMLPKNHLGFHH66EA,56.92,0.0,4.04,有,,桃園市
新興區,房地(土地+建物)+車位,高雄市新興區中山一路１６號二樓之９,4.44,都市：其他:第五種商業區,,,1100426,土地2建物1車位1,二層,三十四層,住宅大樓(11層含以上有電梯),見其他登記事項,見其他登記事項,1150121,108.22999999999999,2,1,1,有,有,9900000,104476,坡道平面,24.0,1100000,另有讓渡預售屋、或土地及建物分件登記案件；,RPXOMLLJMHLGFBE38DA,47.51,0.0,7.24,有,,高雄市
士林區,房地(土地+建物),臺北市士林區天玉街１０４號二樓之１,11.08,都市：其他:第三種住宅區。,,,1150410,土地1建物1車位0,二層,八層,華廈(10層含以下有電梯),住家用,鋼筋混凝土造,0840619,42.81,2,2,1,有,有,11680000,272833,,0.0,0,陽台外推；夾層；,RPWNMLLKNHLGFEA28DA,26.69,1.72,3.08,有,045,台北市
板橋區,房地(土地+建物)+車位,新北市板橋區南雅西路一段１３８之２號十四樓,10.44,住,,,1150327,土地1建物1車位1,十四層,二十四層,住宅大樓(11層含以上有電梯),住家用,鋼筋混凝土造,1140910,119.59,3,2,2,有,有,25000000,240747,坡道平面,25.3,2300000,,RPRSMLMKNHLGFAF48DA,57.43,0.0,3.78,有,0238,新北市
新埔鎮,土地,燒炭窩段737地號,2819.38,,山坡地保育區,農牧用地,1141107,土地2建物0車位0,,,其他,,,,0.0,0,0,0,無,無,16204000,5747,,0.0,0,,RPSNMLPKNHLGFBJ88DA,0.0,0.0,0.0,無,,新竹縣
潭子區,房地(土地+建物)+車位,臺中市潭子區僑興一街１６０號四樓之７,25.11,住,,,1150329,土地1建物1車位1,四層,十五層,住宅大樓(11層含以上有電梯),住家用,鋼筋混凝土造,1131022,152.29000000000002,3,2,2,有,有,14000000,91930,坡道平面,26.16,0,,RPPNMLRJNHLGFHB48DA,75.96,0.0,8.38,有,0146,台中市
楠梓區,房地(土地+建物),高雄市楠梓區學專路５７５號十五樓,10.01,其他,,,1130416,土地1建物1車位0,十五層,十五層,住宅大樓(11層含以上有電梯),見其它登記事項,見其它登記事項,1141229,69.52,2,1,1,有,有,8310000,119534,,0.0,0,預售屋、或土地及建物分件登記案件；,RPPPMLOJNHLGFEE38DA,40.17,0.0,3.9,有,,高雄市
三重區,房地(土地+建物),新北市三重區仁愛街５５巷１１１號,33.18,住,,,1150315,土地1建物1車位0,一層,四層,公寓(5樓含以下無電梯),住家用,鋼筋混凝土造,0660208,67.0,3,2,1,有,無,12600000,188060,,0.0,0,其他增建；,RPUPMLRKMHLGFGF86DA,67.0,0.0,0.0,無,,新北市
龍潭區,房地(土地+建物),桃園市龍潭區紅橋路６２號,92.87,住,,,1150309,土地1建物1車位0,全,四層,透天厝,住家用,鋼筋混凝土造,0950901,218.41,5,2,3,有,無,10800000,49448,,0.0,0,,RPQNMLKKLHLGFCH87DA,200.84,0.0,17.57,無,,桃園市
新竹市,房地(土地+建物)+車位,新竹市新竹市立鵬路１０８號十八樓,17.5,商,,,1150210,土地1建物1車位2,十八層,二十五層,住宅大樓(11層含以上有電梯),住家用,鋼筋混凝土造,1031117,237.06,3,2,2,有,有,39000000,164515,坡道平面,0.0,0,其他增建為後陽台加窗。其他增建；,RPTOMLKKMHLGFAO88DA,124.59,0.0,10.44,有,,新竹市
大安區,土地,辛亥段四小段284地號,262.81,都市：其他:第三種住宅區。,,,1150330,土地2建物0車位0,,,其他,,,,0.0,0,0,0,無,無,135150000,514250,,0.0,0,具重建或重劃、都更等效益；,RPPNMLOJNHLGFFA87DA,0.0,0.0,0.0,無,093,台北市
潭子區,房地(土地+建物),臺中市潭子區人和路３７巷６號七樓之２,14.16,,,,1150214,土地1建物1車位0,七層,十四層,住宅大樓(11層含以上有電梯),住家用,鋼筋混凝土造,1091205,91.93,2,2,2,有,有,8680000,94420,,0.0,0,,RPPNMLNLMHLGFHB18DA,56.32,0.0,5.78,有,0166,台中市
西屯區,房地(土地+建物)+車位,臺中市西屯區青海路二段５１６號十五樓之２,12.61,住,,,1120624,土地2建物1車位1,十五層,十九層,住宅大樓(11層含以上有電梯),住家用,鋼筋混凝土造,1150108,112.2,2,2,2,有,有,16620000,174851,坡道平面,28.3,1950000,預售屋、或土地及建物分件登記案件；,RPQPMLSJNHLGFCB38DA,49.41,0.0,4.76,有,,台中市
西屯區,房地(土地+建物)+車位,臺中市西屯區福科路７７７號七樓之３,16.92,住,,,1100828,土地1建物1車位1,七層,七層,華廈(10層含以下有電梯),住家用,鋼筋混凝土造,1140926,91.02000000000001,1,2,1,有,有,8350000,103010,坡道機械,16.27,650000,預售屋、或土地及建物分件登記案件；,RPXNMLLLMHLGFCB28DA,44.19,0.0,5.87,有,,台中市
板橋區,房地(土地+建物)+車位,新北市板橋區中山路一段２３２號十九樓,26.71,商,,,1080625,土地4建物1車位2,十九層,四十六層,住宅大樓(11層含以上有電梯),住家用,鋼骨構造,1141023,325.36,3,2,3,有,有,54100000,183347,坡道平面,54.3,4400000,預售屋、或土地及建物分件登記案件；,RPSWMLKKJHLGFAF38DA,158.94,13.69,6.68,有,,新北市
北投區,房地(土地+建物)+車位,臺北市北投區承德路七段６０號十二樓,13.69,都市：其他:第三之二種住宅區。,,,1100102,土地1建物1車位1,十二層,十五層,住宅大樓(11層含以上有電梯),住家用,鋼筋混凝土造,1141002,153.19,3,2,2,有,有,28150000,218058,坡道平面,32.58,1850000,預售屋、或土地及建物分件登記案件；,RPSNMLRJNHLGFEA38DA,69.49,0.0,11.35,有,,台北市
內湖區,房地(土地+建物)+車位,臺北市內湖區堤頂大道二段２８５號七樓,74.07,都市：其他:科技工業區(A區)(不得作住宅使用)。,,,1150313,土地1建物1車位4,七層,十二層,住宅大樓(11層含以上有電梯),工業用,鋼筋混凝土造,0890216,583.64,0,2,2,有,有,60000000,102803,升降平面,177.12,0,,RPVNMLRJNHLGFCA48DA,408.34,0.0,0.0,有,,台北市
神岡區,土地,溪洲段245地號,439.34,,特定農業區,農牧用地,1150424,土地1建物0車位0,,,其他,,,,0.0,0,0,0,無,無,4500000,10243,,0.0,0,,RPPNMLOKNHLGFDB97EA,0.0,0.0,0.0,無,,台中市
前鎮區,土地,新生段1140-4地號,37.0,住,,,1150427,土地1建物0車位0,,,其他,,,,0.0,0,0,0,無,無,3800000,102703,,0.0,0,地上物門牌為鎮州路292號，面積192平方公尺，3房1廳4衛之透天四樓一棟親友、員工、共有人或其他特殊關係間之交易；未登記建物；,RPPNMLSJNHLGFCE48EA,0.0,0.0,0.0,無,,高雄市
蘆竹區,土地,福德段1609-1地號,32.1,,,,1141120,土地11建物0車位0,,,其他,,,,0.0,0,0,0,無,無,571395,17800,,0.0,0,協議價購；,RPXNNLQKLHLGFEH86DA,0.0,0.0,0.0,無,0339,桃園市
蘆洲區,土地,保新段285地號,59.94,農,,,1150427,土地2建物0車位0,,,其他,,,,0.0,0,0,0,無,無,6980050,116451,,0.0,0,,RPVNMLNKNHLGFGF56EA,0.0,0.0,0.0,無,0111,新北市
楠梓區,房地(土地+建物),高雄市楠梓區德賢路３８０巷２６號九樓之９,12.16,,,,1150313,土地1建物1車位0,九層,二十一層,住宅大樓(11層含以上有電梯),見其它登記事項,鋼筋混凝土造,0860107,147.65,4,2,2,有,有,4000000,27091,,0.0,0,親友、員工、共有人或其他特殊關係間之交易；,RPOPMLNKLHLGFEE08DA,82.41,3.49,24.13,有,,高雄市
新竹市,房地(土地+建物)+車位,新竹市新竹市延平路二段４５５號二樓之１,36.41,,鄉村區,乙種建築用地,1140219,土地1建物1車位1,二層,五層,華廈(10層含以下有電梯),住家用,鋼筋混凝土造,1150126,94.53,2,2,1,有,有,11340000,132196,其他,14.8,800000,預售屋、或土地及建物分件登記案件；,RPQNMLRKMHLGFAO56DA,52.51,0.0,8.09,有,,新竹市
北屯區,房地(土地+建物)+車位,臺中市北屯區四平路２３８巷２３號八樓之１,16.67,住,,,1150322,土地2建物1車位1,八層,十五層,住宅大樓(11層含以上有電梯),住家用,鋼筋混凝土造,0800424,124.48,3,2,2,有,有,10100000,81131,坡道平面,0.0,0,其他增建；,RPSNMLPLLHLGFBB97DA,77.36,3.22,5.06,有,0075,台中市
龍潭區,土地,金龍段2850-36地號,1517.35,,一般農業區,農牧用地,1150428,土地2建物0車位0,,,其他,,,,0.0,0,0,0,無,無,21500000,14169,,0.0,0,親友、員工、共有人或其他特殊關係間之交易；,RPPNMLSLMHLGFCH78DA,0.0,0.0,0.0,無,,桃園市
新興區,房地(土地+建物),高雄市新興區中山一路１６號十七樓之１５,4.6,都市：其他:第五種商業區,,,1100915,土地2建物1車位0,十七層,三十四層,住宅大樓(11層含以上有電梯),見其他登記事項,見其他登記事項,1150121,87.18,2,1,1,有,有,9530000,109314,,0.0,0,另有讓渡預售屋、或土地及建物分件登記案件；,RPQQMLKMLHLGFBE97DA,46.37,0.0,10.42,有,,高雄市
平鎮區,土地,北商段268地號,794.59,,特定農業區,農牧用地,1141114,土地1建物0車位0,,,其他,,,,0.0,0,0,0,無,無,6440000,8105,,0.0,0,親友、員工、共有人或其他特殊關係間之交易；,RPQPMLPKMHLGFGH09DA,0.0,0.0,0.0,無,,桃園市
南屯區,土地,鎮福段91地號,346.5,住,,,1150310,土地1建物0車位0,,,其他,,,,0.0,0,0,0,無,無,61660000,177951,,0.0,0,,RPPOMLTKLHLGFCB18DA,0.0,0.0,0.0,無,,台中市
西屯區,房地(土地+建物)+車位,臺中市西屯區市政北一路３３５號七樓之２,11.49,都市：其他:第六種新市政中心專用區,,,1121001,土地1建物1車位1,七層,三十七層,住宅大樓(11層含以上有電梯),住家用,鋼骨鋼筋混凝土造、鋼筋混凝土造,1150313,210.7,4,2,2,有,有,37650000,182606,坡道平面,16.84,2250000,預售屋、或土地及建物分件登記案件；,RPWNMLOJNHLGFCB38DA,108.42,11.47,9.43,有,,台中市
龍潭區,房地(土地+建物),桃園市龍潭區中興路１８７巷１弄３７號二樓,9.37,,鄉村區,乙種建築用地,1150331,土地1建物1車位0,二層,五層,華廈(10層含以下有電梯),住家用,鋼筋混凝土造,1140603,31.299999999999997,1,0,1,有,無,3150000,100639,,0.0,0,,RPQNMLQJNHLGFCH58DA,16.66,0.0,2.54,有,,桃園市
八德區,房地(土地+建物)+車位,桃園市八德區永豐路５１９巷２弄９號七樓,26.14,住,,,1130308,土地2建物1車位1,七層,七層,華廈(10層含以下有電梯),住家用,鋼筋混凝土造,1150106,116.35,2,2,1,有,有,12050000,110599,塔式車位,20.96,1500000,預售屋、或土地及建物分件登記案件；,RPPOMLSJNHLGFFH09DA,57.1,0.0,6.04,有,,桃園市
三民區,房地(土地+建物)+車位,高雄市三民區德興街５號四樓,30.36,住,,,1150309,土地1建物1車位1,四層,十五層,住宅大樓(11層含以上有電梯),見其它登記事項,見其它登記事項,1100630,200.54000000000002,3,2,2,有,有,22800000,113693,坡道平面,19.79,0,,RPROMLKKLHLGFDE87DA,88.04,5.51,23.71,有,0165,高雄市
新埔鎮,房地(土地+建物)+車位,新竹縣新埔鎮福祿一街９２號,94.52,,鄉村區,乙種建築用地,1140318,土地2建物1車位1,全,四層,透天厝,住家用,鋼筋混凝土造,1141231,265.8,4,2,5,有,無,39800000,149737,一樓平面,0.0,0,預售屋、或土地及建物分件登記案件；,RPPVMLRLMHLGFBJ96DA,241.42,0.0,24.38,有,,新竹縣
梓官區,房地(土地+建物),高雄市梓官區通港路９３號,84.0,住,,,1150302,土地1建物1車位0,全,二層,透天厝,住商用,鋼筋混凝土造,0811025,149.47,5,2,3,有,無,9300000,62220,,0.0,0,,RPUPMLQJNHLGFFE56DA,130.93,5.1,13.44,無,,高雄市
